ISO-10303-21;
HEADER;
FILE_DESCRIPTION((''),'1');
FILE_NAME('outfile.stp','2026-10-01T17:26:56',(''),(''),'','','');
FILE_SCHEMA(('CONFIG_CONTROL_DESIGN'));
ENDSEC;
DATA;
#1=CALENDAR_DATE(2000,1,1);
#2=COORDINATED_UNIVERSAL_TIME_OFFSET(0,0,.BEHIND.);
#3=LOCAL_TIME(12,0,0.,#2);
#4=DATE_AND_TIME(#1,#3);
#5=DIMENSIONAL_EXPONENTS(0.,0.,0.,0.,0.,0.,0.);
#6=(
LENGTH_UNIT()
NAMED_UNIT(*)
SI_UNIT(.UNSET.,.METRE.)
);
#7=UNCERTAINTY_MEASURE_WITH_UNIT(LENGTH_MEASURE(0.),#6,'closure','Threshold below which geometry imperfections (such as overlaps) are not considered errors.');
#8=(
NAMED_UNIT(*)
PLANE_ANGLE_UNIT()
SI_UNIT($,.RADIAN.)
);
#9=PLANE_ANGLE_MEASURE_WITH_UNIT(PLANE_ANGLE_MEASURE(0.0174532925199433),#8);
#10=(
CONVERSION_BASED_UNIT('DEGREES',#9)
NAMED_UNIT(#5)
PLANE_ANGLE_UNIT()
);
#11=(
NAMED_UNIT(*)
SI_UNIT($,.STERADIAN.)
SOLID_ANGLE_UNIT()
);
#12=(
GEOMETRIC_REPRESENTATION_CONTEXT(3)
GLOBAL_UNCERTAINTY_ASSIGNED_CONTEXT((#7))
GLOBAL_UNIT_ASSIGNED_CONTEXT((#6,#10,#11))
REPRESENTATION_CONTEXT('STANDARD','3D')
);
#13=CARTESIAN_POINT('',(0.,0.,0.));
#14=DIRECTION('',(0.,0.,1.));
#15=DIRECTION('',(1.,0.,0.));
#16=AXIS2_PLACEMENT_3D('',#13,#14,#15);
#17=APPLICATION_CONTEXT('configuration controlled 3d designs of mechanical parts and assemblies');
#18=MECHANICAL_CONTEXT('',#17,'mechanical');
#19=APPLICATION_PROTOCOL_DEFINITION('international standard','config_control_design',1994,#17);
#20=DESIGN_CONTEXT('',#17,'design');
#21=PRODUCT('','prodname','',(#18));
#22=PRODUCT_RELATED_PRODUCT_CATEGORY('assembly','',(#21));
#23=PRODUCT_DEFINITION_FORMATION_WITH_SPECIFIED_SOURCE('','',#21,.MADE.);
#24=PRODUCT_DEFINITION('','',#23,#20);
#25=PRODUCT_DEFINITION_SHAPE('','ProductShapeDescription',#24);
#26=SHAPE_REPRESENTATION('',(#16),#12);
#27=SHAPE_DEFINITION_REPRESENTATION(#25,#26);
#28=PERSON('','Doe','John',$,$,$);
#29=ORGANIZATION('','','');
#30=PERSON_AND_ORGANIZATION(#28,#29);
#31=PERSON_AND_ORGANIZATION_ROLE('creator');
#32=PERSON_AND_ORGANIZATION_ROLE('design_owner');
#33=PERSON_AND_ORGANIZATION_ROLE('design_supplier');
#34=APPROVAL_STATUS('approved');
#35=APPROVAL(#34,'');
#36=APPROVAL_DATE_TIME(#4,#35);
#37=APPROVAL_ROLE('approver');
#38=APPROVAL_PERSON_ORGANIZATION(#30,#35,#37);
#39=SECURITY_CLASSIFICATION_LEVEL('unclassified');
#40=SECURITY_CLASSIFICATION('','',#39);
#41=CC_DESIGN_SECURITY_CLASSIFICATION(#40,(#23));
#42=PERSON_AND_ORGANIZATION_ROLE('classification_officer');
#43=CC_DESIGN_PERSON_AND_ORGANIZATION_ASSIGNMENT(#30,#42,(#40));
#44=DATE_TIME_ROLE('classification_date');
#45=CC_DESIGN_DATE_AND_TIME_ASSIGNMENT(#4,#44,(#40));
#46=CC_DESIGN_APPROVAL(#35,(#24,#23,#40));
#47=CC_DESIGN_PERSON_AND_ORGANIZATION_ASSIGNMENT(#30,#31,(#24,#23));
#48=CC_DESIGN_PERSON_AND_ORGANIZATION_ASSIGNMENT(#30,#33,(#23));
#49=DATE_TIME_ROLE('creation_date');
#50=CC_DESIGN_DATE_AND_TIME_ASSIGNMENT(#4,#49,(#24));
#51=CC_DESIGN_PERSON_AND_ORGANIZATION_ASSIGNMENT(#30,#32,(#21));
#52=B_SPLINE_SURFACE_WITH_KNOTS('Surf_WUQJBCSHNO, MainWing, 0, 0',1,3,((#53, #53, #53, #53, #54, #55, #56, #57, #58, #59, #60, #61, #62, #63, #64, #65, #66, #67, #68, #69, #70, #71, #72, #73, #74, #75, #76, #77, #78, #79, #80, #81, #82, #83, #84, #85, #86, #87, #88, #89, #90, #91, #92, #93, #94, #95, #96, #97, #98, #99, #100, #101, #102, #103, #104, #105, #106, #107, #108, #109, #110, #111, #112, #113, #114, #115, #116, #117, #118, #119, #120, #121, #122, #123, #124, #125, #126, #127, #128, #129, #130, #131, #132, #133, #134, #135, #136, #137, #138, #139, #140, #141, #142, #143, #144, #145, #146, #147, #148, #149, #150, #151, #152, #153, #154, #155, #156, #157, #158, #159, #160, #161, #162, #163, #164, #165, #166, #167, #168, #169, #170, #171, #172, #173, #174, #175, #176, #177, #178, #179, #180, #181, #182, #183, #184, #185, #186, #187, #188, #189, #190, #191, #192, #193, #194, #195, #196, #197, #198, #199, #200, #201, #202, #203, #204, #205, #206, #207, #208, #209, #210, #211, #212, #213, #214, #215, #216, #217, #218, #219, #220, #221, #222, #223, #224, #225, #226, #227, #228, #229, #230, #231, #232, #233, #234, #235, #236, #237, #238, #239, #239, #239, #239, #239, #239, #239, #240, #241, #242, #243, #244, #245, #246, #247, #248, #249, #250, #251, #252, #253, #254, #255, #256, #257, #258, #259, #260, #261, #262, #263, #264, #265, #266, #267, #268, #269, #270, #271, #272, #273, #274, #275, #276, #277, #278, #279, #280, #281, #282, #283, #284, #285, #286, #287, #288, #289, #290, #291, #292, #293, #294, #295, #296, #297, #298, #299, #300, #301, #302, #303, #304, #305, #306, #307, #308, #309, #310, #311, #312, #313, #314, #315, #316, #317, #318, #319, #320, #321, #322, #323, #324, #325, #326, #327, #328, #329, #330, #331, #332, #333, #334, #335, #336, #337, #338, #339, #340, #341, #342, #343, #344, #345, #346, #347, #348, #349, #350, #351, #352, #353, #354, #355, #356, #357, #358, #359, #360, #361, #362, #363, #364, #365, #366, #367, #368, #369, #370, #371, #372, #373, #374, #375, #376, #377, #378, #379, #380, #381, #382, #383, #384, #385, #386, #387, #388, #389, #390, #391, #392, #393, #394, #395, #396, #397, #398, #399, #400, #401, #402, #403, #404, #405, #406, #407, #408, #409, #410, #411, #412, #413, #414, #415, #416, #417, #418, #419, #420, #421, #422, #423, #424, #53, #53, #53, #53),(#425, #425, #425, #425, #426, #427, #430, #431, #432, #436, #437, #438, #442, #443, #444, #448, #449, #450, #454, #455, #456, #460, #461, #462, #466, #467, #468, #472, #473, #474, #478, #479, #480, #484, #485, #486, #490, #491, #492, #496, #497, #498, #502, #503, #504, #508, #509, #510, #514, #515, #516, #520, #521, #522, #526, #527, #528, #532, #533, #534, #538, #539, #540, #544, #545, #546, #550, #551, #552, #556, #557, #558, #562, #563, #564, #568, #569, #570, #574, #575, #576, #580, #581, #582, #586, #587, #588, #592, #593, #594, #598, #599, #600, #604, #605, #606, #610, #611, #612, #616, #617, #618, #622, #623, #624, #628, #629, #630, #634, #635, #636, #640, #641, #642, #646, #647, #648, #652, #653, #654, #658, #659, #660, #664, #665, #666, #670, #671, #672, #676, #677, #678, #682, #683, #684, #688, #689, #690, #694, #695, #696, #700, #701, #702, #706, #707, #708, #712, #713, #714, #718, #719, #720, #724, #725, #726, #730, #731, #732, #736, #737, #738, #742, #743, #744, #748, #749, #750, #754, #755, #756, #760, #761, #762, #766, #767, #768, #772, #773, #774, #778, #779, #780, #784, #785, #786, #790, #791, #792, #795, #795, #795, #795, #795, #795, #795, #796, #797, #798, #799, #800, #801, #802, #803, #804, #805, #806, #807, #808, #809, #810, #811, #812, #813, #814, #815, #816, #817, #818, #819, #820, #821, #822, #823, #824, #825, #826, #827, #828, #829, #830, #831, #832, #833, #834, #835, #836, #837, #838, #839, #840, #841, #842, #843, #844, #845, #846, #847, #848, #849, #850, #851, #852, #853, #854, #855, #856, #857, #858, #859, #860, #861, #862, #863, #864, #865, #866, #867, #868, #869, #870, #871, #872, #873, #874, #875, #876, #877, #878, #879, #880, #881, #882, #883, #884, #885, #886, #887, #888, #889, #890, #891, #892, #893, #894, #895, #896, #897, #898, #899, #900, #901, #902, #903, #904, #905, #906, #907, #908, #909, #910, #911, #912, #913, #914, #915, #916, #917, #918, #919, #920, #921, #922, #923, #924, #925, #926, #927, #928, #929, #930, #931, #932, #933, #934, #935, #936, #937, #938, #939, #940, #941, #942, #943, #944, #945, #946, #947, #948, #949, #950, #951, #952, #953, #954, #955, #956, #957, #958, #959, #960, #961, #962, #963, #964, #965, #966, #967, #968, #969, #970, #971, #972, #973, #974, #975, #976, #977, #978, #979, #980, #425, #425, #425, #425),(#425, #425, #425, #425, #428, #429, #433, #434, #435, #439, #440, #441, #445, #446, #447, #451, #452, #453, #457, #458, #459, #463, #464, #465, #469, #470, #471, #475, #476, #477, #481, #482, #483, #487, #488, #489, #493, #494, #495, #499, #500, #501, #505, #506, #507, #511, #512, #513, #517, #518, #519, #523, #524, #525, #529, #530, #531, #535, #536, #537, #541, #542, #543, #547, #548, #549, #553, #554, #555, #559, #560, #561, #565, #566, #567, #571, #572, #573, #577, #578, #579, #583, #584, #585, #589, #590, #591, #595, #596, #597, #601, #602, #603, #607, #608, #609, #613, #614, #615, #619, #620, #621, #625, #626, #627, #631, #632, #633, #637, #638, #639, #643, #644, #645, #649, #650, #651, #655, #656, #657, #661, #662, #663, #667, #668, #669, #673, #674, #675, #679, #680, #681, #685, #686, #687, #691, #692, #693, #697, #698, #699, #703, #704, #705, #709, #710, #711, #715, #716, #717, #721, #722, #723, #727, #728, #729, #733, #734, #735, #739, #740, #741, #745, #746, #747, #751, #752, #753, #757, #758, #759, #763, #764, #765, #769, #770, #771, #775, #776, #777, #781, #782, #783, #787, #788, #789, #793, #794, #795, #795, #795, #795, #795, #795, #795, #795, #795, #794, #793, #789, #788, #787, #783, #782, #781, #777, #776, #775, #771, #770, #769, #765, #764, #763, #759, #758, #757, #753, #752, #751, #747, #746, #745, #741, #740, #739, #735, #734, #733, #729, #728, #727, #723, #722, #721, #717, #716, #715, #711, #710, #709, #705, #704, #703, #699, #698, #697, #693, #692, #691, #687, #686, #685, #681, #680, #679, #675, #674, #673, #669, #668, #667, #663, #662, #661, #657, #656, #655, #651, #650, #649, #645, #644, #643, #639, #638, #637, #633, #632, #631, #627, #626, #625, #621, #620, #619, #615, #614, #613, #609, #608, #607, #603, #602, #601, #597, #596, #595, #591, #590, #589, #585, #584, #583, #579, #578, #577, #573, #572, #571, #567, #566, #565, #561, #560, #559, #555, #554, #553, #549, #548, #547, #543, #542, #541, #537, #536, #535, #531, #530, #529, #525, #524, #523, #519, #518, #517, #513, #512, #511, #507, #506, #505, #501, #500, #499, #495, #494, #493, #489, #488, #487, #483, #482, #481, #477, #476, #475, #471, #470, #469, #465, #464, #463, #459, #458, #457, #453, #452, #451, #447, #446, #445, #441, #440, #439, #435, #434, #433, #429, #428, #425, #425, #425, #425)),.UNSPECIFIED.,.F.,.T.,.F.,(2,1,2),(4,3,3,3,3,3,3,3,3,3,3,3,3,3,3,3,3,3,3,3,3,3,3,3,3,3,3,3,3,3,3,3,3,3,3,3,3,3,3,3,3,3,3,3,3,3,3,3,3,3,3,3,3,3,3,3,3,3,3,3,3,3,3,3,3,3,3,3,3,3,3,3,3,3,3,3,3,3,3,3,3,3,3,3,3,3,3,3,3,3,3,3,3,3,3,3,3,3,3,3,3,3,3,3,3,3,3,3,3,3,3,3,3,3,3,3,3,3,3,3,3,3,3,3,3,3,3,3,4),(0.,1.,2.),(0.,1.,2.,3.,4.,5.,6.,7.,8.,9.,10.,11.,12.,13.,14.,15.,16.,17.,18.,19.,20.,21.,22.,23.,24.,25.,26.,27.,28.,29.,30.,31.,32.,33.,34.,35.,36.,37.,38.,39.,40.,41.,42.,43.,44.,45.,46.,47.,48.,49.,50.,51.,52.,53.,54.,55.,56.,57.,58.,59.,60.,61.,62.,63.,64.,65.,66.,67.,68.,69.,70.,71.,72.,73.,74.,75.,76.,77.,78.,79.,80.,81.,82.,83.,84.,85.,86.,87.,88.,89.,90.,91.,92.,93.,94.,95.,96.,97.,98.,99.,100.,101.,102.,103.,104.,105.,106.,107.,108.,109.,110.,111.,112.,113.,114.,115.,116.,117.,118.,119.,120.,121.,122.,123.,124.,125.,126.,127.,128.),.PIECEWISE_BEZIER_KNOTS.);
#53=CARTESIAN_POINT('',(5.04979566924119,0.,0.712911904226461));
#54=CARTESIAN_POINT('',(5.00588616920159,0.,0.707021332566181));
#55=CARTESIAN_POINT('',(4.96193923457944,0.,0.70141136107987));
#56=CARTESIAN_POINT('',(4.91796074151472,0.,0.696062180631627));
#57=CARTESIAN_POINT('',(4.87398224844999,0.,0.690713000183384));
#58=CARTESIAN_POINT('',(4.82997224713224,0.,0.685624363938159));
#59=CARTESIAN_POINT('',(4.78593478008808,0.,0.680786487529115));
#60=CARTESIAN_POINT('',(4.74189731304392,0.,0.67594861112007));
#61=CARTESIAN_POINT('',(4.69783247343544,0.,0.671361380181941));
#62=CARTESIAN_POINT('',(4.65374294845152,0.,0.667025491510971));
#63=CARTESIAN_POINT('',(4.6096534234676,0.,0.662689602840001));
#64=CARTESIAN_POINT('',(4.56553926627944,0.,0.658605597773268));
#65=CARTESIAN_POINT('',(4.52140225509677,0.,0.65478507015078));
#66=CARTESIAN_POINT('',(4.4772652439141,0.,0.650964542528291));
#67=CARTESIAN_POINT('',(4.4331053708975,0.,0.647407672400483));
#68=CARTESIAN_POINT('',(4.38892411792368,0.,0.644142181145501));
#69=CARTESIAN_POINT('',(4.34474286494987,0.,0.64087668989052));
#70=CARTESIAN_POINT('',(4.30054010058875,0.,0.637900214185504));
#71=CARTESIAN_POINT('',(4.25631748072994,0.,0.635254487839008));
#72=CARTESIAN_POINT('',(4.21209486087112,0.,0.632608761492511));
#73=CARTESIAN_POINT('',(4.16785245865328,0.,0.630295600293351));
#74=CARTESIAN_POINT('',(4.12359269644344,0.,0.628366782608516));
#75=CARTESIAN_POINT('',(4.10146281533852,0.,0.627402373766099));
#76=CARTESIAN_POINT('',(4.07932876004361,0.,0.626536863861303));
#77=CARTESIAN_POINT('',(4.05719108097283,0.,0.625778210453481));
#78=CARTESIAN_POINT('',(4.03505340190206,0.,0.62501955704566));
#79=CARTESIAN_POINT('',(4.01291209905542,0.,0.624367760134814));
#80=CARTESIAN_POINT('',(3.99076772284707,0.,0.623830777280298));
#81=CARTESIAN_POINT('',(3.96862334663872,0.,0.623293794425781));
#82=CARTESIAN_POINT('',(3.94647619464123,0.,0.622875761272807));
#83=CARTESIAN_POINT('',(3.92432743600299,0.,0.622587895648753));
#84=CARTESIAN_POINT('',(3.91325305668387,0.,0.622443962836727));
#85=CARTESIAN_POINT('',(3.90217827570456,0.,0.62233257190693));
#86=CARTESIAN_POINT('',(3.89110323920862,0.,0.622255125087786));
#87=CARTESIAN_POINT('',(3.88002820271268,0.,0.622177678268643));
#88=CARTESIAN_POINT('',(3.8689529107001,0.,0.622134175560151));
#89=CARTESIAN_POINT('',(3.85787750931443,0.,0.622126019190735));
#90=CARTESIAN_POINT('',(3.84680210792877,0.,0.622117862821318));
#91=CARTESIAN_POINT('',(3.83572712967504,0.,0.62214925677994));
#92=CARTESIAN_POINT('',(3.82465197707256,0.,0.622215727822657));
#93=CARTESIAN_POINT('',(3.81357682447008,0.,0.622282198865374));
#94=CARTESIAN_POINT('',(3.80250160868031,0.,0.622384474618578));
#95=CARTESIAN_POINT('',(3.79142722374839,0.,0.622529025149918));
#96=CARTESIAN_POINT('',(3.78035283881647,0.,0.622673575681258));
#97=CARTESIAN_POINT('',(3.76927944650551,0.,0.622861621631326));
#98=CARTESIAN_POINT('',(3.75820630385544,0.,0.623088080671727));
#99=CARTESIAN_POINT('',(3.74713316120538,0.,0.623314539712129));
#100=CARTESIAN_POINT('',(3.73606067630086,0.,0.623582038605617));
#101=CARTESIAN_POINT('',(3.72499003573032,0.,0.623898016625025));
#102=CARTESIAN_POINT('',(3.71391939515977,0.,0.624213994644433));
#103=CARTESIAN_POINT('',(3.70284971158342,0.,0.624573308282361));
#104=CARTESIAN_POINT('',(3.69178182573341,0.,0.624980553726019));
#105=CARTESIAN_POINT('',(3.6807139398834,0.,0.625387799169677));
#106=CARTESIAN_POINT('',(3.66964785175974,0.,0.625842976419066));
#107=CARTESIAN_POINT('',(3.65858440209459,0.,0.626350681661398));
#108=CARTESIAN_POINT('',(3.64752095242943,0.,0.626858386903729));
#109=CARTESIAN_POINT('',(3.63645887019991,0.,0.627412154341079));
#110=CARTESIAN_POINT('',(3.6254002047586,0.,0.62802191794377));
#111=CARTESIAN_POINT('',(3.6143415393173,0.,0.628631681546462));
#112=CARTESIAN_POINT('',(3.60328690378358,0.,0.62930037923959));
#113=CARTESIAN_POINT('',(3.59223487933189,0.,0.630021579781737));
#114=CARTESIAN_POINT('',(3.5811828548802,0.,0.630742780323884));
#115=CARTESIAN_POINT('',(3.57013479938852,0.,0.631522468193754));
#116=CARTESIAN_POINT('',(3.55909141666827,0.,0.632363587315467));
#117=CARTESIAN_POINT('',(3.54804803394801,0.,0.63320470643718));
#118=CARTESIAN_POINT('',(3.53700932399919,0.,0.634107256810735));
#119=CARTESIAN_POINT('',(3.52597599063321,0.,0.635074182360254));
#120=CARTESIAN_POINT('',(3.51494265726723,0.,0.636041107909772));
#121=CARTESIAN_POINT('',(3.50391661368264,0.,0.637079586103132));
#122=CARTESIAN_POINT('',(3.49289611440003,0.,0.638183321996946));
#123=CARTESIAN_POINT('',(3.48187561511743,0.,0.63928705789076));
#124=CARTESIAN_POINT('',(3.47086159836626,0.,0.640459249833774));
#125=CARTESIAN_POINT('',(3.4598580187802,0.,0.641713917033751));
#126=CARTESIAN_POINT('',(3.44885443919413,0.,0.642968584233728));
#127=CARTESIAN_POINT('',(3.43785699008564,0.,0.644291203217852));
#128=CARTESIAN_POINT('',(3.42687156404575,0.,0.645700850733758));
#129=CARTESIAN_POINT('',(3.41588613800587,0.,0.647110498249663));
#130=CARTESIAN_POINT('',(3.40491202658621,0.,0.648605043855775));
#131=CARTESIAN_POINT('',(3.3939493281428,0.,0.65018456213516));
#132=CARTESIAN_POINT('',(3.38846797892109,0.,0.650974321274853));
#133=CARTESIAN_POINT('',(3.38299028918733,0.,0.651788588144224));
#134=CARTESIAN_POINT('',(3.37751635570358,0.,0.652626981835533));
#135=CARTESIAN_POINT('',(3.37204242221984,0.,0.653465375526841));
#136=CARTESIAN_POINT('',(3.36657224498611,0.,0.654327896040088));
#137=CARTESIAN_POINT('',(3.36110592076449,0.,0.655214162467532));
#138=CARTESIAN_POINT('',(3.35563959654286,0.,0.656100428894975));
#139=CARTESIAN_POINT('',(3.35017712533334,0.,0.657010441236616));
#140=CARTESIAN_POINT('',(3.344718603898,0.,0.657943818584714));
#141=CARTESIAN_POINT('',(3.33926008246265,0.,0.658877195932811));
#142=CARTESIAN_POINT('',(3.33380551080149,0.,0.659833938287365));
#143=CARTESIAN_POINT('',(3.32835498567659,0.,0.660813664740635));
#144=CARTESIAN_POINT('',(3.32290446055169,0.,0.661793391193905));
#145=CARTESIAN_POINT('',(3.31745798298211,0.,0.662795380097715));
#146=CARTESIAN_POINT('',(3.31201564658017,0.,0.663819310081877));
#147=CARTESIAN_POINT('',(3.30657331017823,0.,0.664843240066039));
#148=CARTESIAN_POINT('',(3.30113511494392,0.,0.665889111130553));
#149=CARTESIAN_POINT('',(3.29570115448955,0.,0.666956601905231));
#150=CARTESIAN_POINT('',(3.29026719403519,0.,0.668024092679908));
#151=CARTESIAN_POINT('',(3.28483746836077,0.,0.669113203164749));
#152=CARTESIAN_POINT('',(3.2794120710786,0.,0.670223611989565));
#153=CARTESIAN_POINT('',(3.27398667379643,0.,0.671334020814381));
#154=CARTESIAN_POINT('',(3.26856560490651,0.,0.672465727979172));
#155=CARTESIAN_POINT('',(3.26314895802115,0.,0.67361841211375));
#156=CARTESIAN_POINT('',(3.25773231113579,0.,0.674771096248327));
#157=CARTESIAN_POINT('',(3.25232028217987,0.,0.675945156063578));
#158=CARTESIAN_POINT('',(3.24691304501229,0.,0.677140891596386));
#159=CARTESIAN_POINT('',(3.2415058078447,0.,0.678336627129194));
#160=CARTESIAN_POINT('',(3.23610336246545,0.,0.679554038379559));
#161=CARTESIAN_POINT('',(3.23070588273342,0.,0.680793425384366));
#162=CARTESIAN_POINT('',(3.22530840300139,0.,0.682032812389172));
#163=CARTESIAN_POINT('',(3.21991597424909,0.,0.683294213420969));
#164=CARTESIAN_POINT('',(3.2145291944566,0.,0.684579158222464));
#165=CARTESIAN_POINT('',(3.20914241466411,0.,0.685864103023958));
#166=CARTESIAN_POINT('',(3.20376128383143,0.,0.68717259159515));
#167=CARTESIAN_POINT('',(3.19838639993865,0.,0.688506153678748));
#168=CARTESIAN_POINT('',(3.19301151604586,0.,0.689839715762345));
#169=CARTESIAN_POINT('',(3.18764223656476,0.,0.691196693808097));
#170=CARTESIAN_POINT('',(3.18227983438922,0.,0.692580430518773));
#171=CARTESIAN_POINT('',(3.17691743221368,0.,0.69396416722945));
#172=CARTESIAN_POINT('',(3.17156190734372,0.,0.695374662605051));
#173=CARTESIAN_POINT('',(3.16621453267321,0.,0.696815259348348));
#174=CARTESIAN_POINT('',(3.1608671580027,0.,0.698255856091645));
#175=CARTESIAN_POINT('',(3.15552793353164,0.,0.699726554202637));
#176=CARTESIAN_POINT('',(3.15019813215394,0.,0.701230696384095));
#177=CARTESIAN_POINT('',(3.14753323146509,0.,0.701982767474824));
#178=CARTESIAN_POINT('',(3.14487068654957,0.,0.702743199583169));
#179=CARTESIAN_POINT('',(3.14221065651913,0.,0.703512410546977));
#180=CARTESIAN_POINT('',(3.13955062648869,0.,0.704281621510786));
#181=CARTESIAN_POINT('',(3.13689311134332,0.,0.705059611330056));
#182=CARTESIAN_POINT('',(3.13423827019476,0.,0.705846797842636));
#183=CARTESIAN_POINT('',(3.1315834290462,0.,0.706633984355216));
#184=CARTESIAN_POINT('',(3.12893137046925,0.,0.707430692802856));
#185=CARTESIAN_POINT('',(3.12628250803678,0.,0.708237880476927));
#186=CARTESIAN_POINT('',(3.12363364560431,0.,0.709045068150997));
#187=CARTESIAN_POINT('',(3.12098797931633,0.,0.709862735051499));
#188=CARTESIAN_POINT('',(3.11834592274573,0.,0.710691838469803));
#189=CARTESIAN_POINT('',(3.11570386617513,0.,0.711520941888107));
#190=CARTESIAN_POINT('',(3.11306541932191,0.,0.712361481824214));
#191=CARTESIAN_POINT('',(3.11043099575896,0.,0.713214415569493));
#192=CARTESIAN_POINT('',(3.10779657219601,0.,0.714067349314773));
#193=CARTESIAN_POINT('',(3.10516617192333,0.,0.714932676869226));
#194=CARTESIAN_POINT('',(3.1025402085138,0.,0.715811355524224));
#195=CARTESIAN_POINT('',(3.09728828169475,0.,0.717568712834219));
#196=CARTESIAN_POINT('',(3.09205315711015,0.,0.719377958368308));
#197=CARTESIAN_POINT('',(3.08684189424554,0.,0.721253189397332));
#198=CARTESIAN_POINT('',(3.08163063138092,0.,0.723128420426355));
#199=CARTESIAN_POINT('',(3.07644323023628,0.,0.725069636950314));
#200=CARTESIAN_POINT('',(3.07128675029717,0.,0.727090936240051));
#201=CARTESIAN_POINT('',(3.06870851032761,0.,0.728101585884919));
#202=CARTESIAN_POINT('',(3.06613839441009,0.,0.72913294843281));
#203=CARTESIAN_POINT('',(3.06357762702405,0.,0.73018709382226));
#204=CARTESIAN_POINT('',(3.06101685963801,0.,0.731241239211709));
#205=CARTESIAN_POINT('',(3.05846544078344,0.,0.732318167442718));
#206=CARTESIAN_POINT('',(3.05592459493976,0.,0.73341994845382));
#207=CARTESIAN_POINT('',(3.0508429032524,0.,0.735623510476024));
#208=CARTESIAN_POINT('',(3.04580713022339,0.,0.737932498953199));
#209=CARTESIAN_POINT('',(3.04083294987368,0.,0.740369700337534));
#210=CARTESIAN_POINT('',(3.03585876952397,0.,0.742806901721869));
#211=CARTESIAN_POINT('',(3.03094835358268,0.,0.745376201796949));
#212=CARTESIAN_POINT('',(3.02613537302914,0.,0.74811756258535));
#213=CARTESIAN_POINT('',(3.0213223924756,0.,0.750858923373751));
#214=CARTESIAN_POINT('',(3.0166017316893,0.,0.753767775508926));
#215=CARTESIAN_POINT('',(3.01203267953659,0.,0.756900360433846));
#216=CARTESIAN_POINT('',(3.00746362738387,0.,0.760032945358765));
#217=CARTESIAN_POINT('',(3.00304228049714,0.,0.763387059576258));
#218=CARTESIAN_POINT('',(2.9988613888229,0.,0.767022971829046));
#219=CARTESIAN_POINT('',(2.99677094298578,0.,0.768840927955439));
#220=CARTESIAN_POINT('',(2.99474030280818,0.,0.770729778098752));
#221=CARTESIAN_POINT('',(2.99278731414033,0.,0.772695083813025));
#222=CARTESIAN_POINT('',(2.99083432547248,0.,0.774660389527298));
#223=CARTESIAN_POINT('',(2.98895898831439,0.,0.77670215081253));
#224=CARTESIAN_POINT('',(2.98717914851628,0.,0.778825929222762));
#225=CARTESIAN_POINT('',(2.98539930871818,0.,0.780949707632994));
#226=CARTESIAN_POINT('',(2.98371601809902,0.,0.783156573699517));
#227=CARTESIAN_POINT('',(2.98215087484084,0.,0.785443540727901));
#228=CARTESIAN_POINT('',(2.98058573158265,0.,0.787730507756285));
#229=CARTESIAN_POINT('',(2.97913873568543,0.,0.790097575746529));
#230=CARTESIAN_POINT('',(2.97783148533119,0.,0.792541758004204));
#231=CARTESIAN_POINT('',(2.97652423497696,0.,0.794985940261878));
#232=CARTESIAN_POINT('',(2.97535719473442,0.,0.797505678836145));
#233=CARTESIAN_POINT('',(2.97434765658814,0.,0.800087143537409));
#234=CARTESIAN_POINT('',(2.973842887515,0.,0.801377875888042));
#235=CARTESIAN_POINT('',(2.97337701036259,0.,0.802686362693014));
#236=CARTESIAN_POINT('',(2.97295295623559,0.,0.803999698563305));
#237=CARTESIAN_POINT('',(2.9725289021086,0.,0.805313034433595));
#238=CARTESIAN_POINT('',(2.97214560880787,0.,0.806636632347515));
#239=CARTESIAN_POINT('',(2.9718,0.,0.808));
#240=CARTESIAN_POINT('',(2.97145439119213,0.,0.809363367652485));
#241=CARTESIAN_POINT('',(2.97114068281923,0.,0.810771698227255));
#242=CARTESIAN_POINT('',(2.97087542896794,0.,0.812182563674941));
#243=CARTESIAN_POINT('',(2.97061017511665,0.,0.813593429122627));
#244=CARTESIAN_POINT('',(2.9703946696059,0.,0.815003110188738));
#245=CARTESIAN_POINT('',(2.97022544345013,0.,0.816421860407176));
#246=CARTESIAN_POINT('',(2.96988699113861,0.,0.819259360844052));
#247=CARTESIAN_POINT('',(2.96973942151894,0.,0.822119542323959));
#248=CARTESIAN_POINT('',(2.96978329674246,0.,0.824977052878907));
#249=CARTESIAN_POINT('',(2.96982717196599,0.,0.827834563433855));
#250=CARTESIAN_POINT('',(2.97006238047076,0.,0.83068876988937));
#251=CARTESIAN_POINT('',(2.97047597650318,0.,0.833516032707971));
#252=CARTESIAN_POINT('',(2.97088957253561,0.,0.836343295526573));
#253=CARTESIAN_POINT('',(2.97148185015915,0.,0.839144240182705));
#254=CARTESIAN_POINT('',(2.97223275806509,0.,0.841901653064286));
#255=CARTESIAN_POINT('',(2.97298366597103,0.,0.844659065945869));
#256=CARTESIAN_POINT('',(2.97389249690436,0.,0.84737130618397));
#257=CARTESIAN_POINT('',(2.97493625494471,0.,0.850031266054428));
#258=CARTESIAN_POINT('',(2.97598001298507,0.,0.852691225924887));
#259=CARTESIAN_POINT('',(2.97715869813243,0.,0.855298905427702));
#260=CARTESIAN_POINT('',(2.97844931446644,0.,0.857847196838714));
#261=CARTESIAN_POINT('',(2.98103054713446,0.,0.862943779660737));
#262=CARTESIAN_POINT('',(2.98406744142607,0.,0.867806898709338));
#263=CARTESIAN_POINT('',(2.98740996775617,0.,0.872439497374293));
#264=CARTESIAN_POINT('',(2.99075249408627,0.,0.877072096039247));
#265=CARTESIAN_POINT('',(2.99441043977797,0.,0.881474877343137));
#266=CARTESIAN_POINT('',(2.99828664629832,0.,0.885670746609668));
#267=CARTESIAN_POINT('',(3.00216285281868,0.,0.889866615876199));
#268=CARTESIAN_POINT('',(3.0062615555806,0.,0.893854877264885));
#269=CARTESIAN_POINT('',(3.01051970429584,0.,0.897660457211011));
#270=CARTESIAN_POINT('',(3.01477785301108,0.,0.901466037157138));
#271=CARTESIAN_POINT('',(3.01920521151263,0.,0.905084663343404));
#272=CARTESIAN_POINT('',(3.02374681722001,0.,0.908544691245327));
#273=CARTESIAN_POINT('',(3.0260176200737,0.,0.910274705196288));
#274=CARTESIAN_POINT('',(3.02832370127949,0.,0.911961308205167));
#275=CARTESIAN_POINT('',(3.03065404292514,0.,0.913611115923763));
#276=CARTESIAN_POINT('',(3.03298438457079,0.,0.91526092364236));
#277=CARTESIAN_POINT('',(3.03534153536542,0.,0.916872258987188));
#278=CARTESIAN_POINT('',(3.03772428087337,0.,0.918446109634926));
#279=CARTESIAN_POINT('',(3.04248977188926,0.,0.921593810930402));
#280=CARTESIAN_POINT('',(3.04734812244719,0.,0.924597131799832));
#281=CARTESIAN_POINT('',(3.05228375464449,0.,0.927467782908953));
#282=CARTESIAN_POINT('',(3.0572193868418,0.,0.930338434018075));
#283=CARTESIAN_POINT('',(3.06223230067849,0.,0.933076415366888));
#284=CARTESIAN_POINT('',(3.0673069182519,0.,0.935693437621129));
#285=CARTESIAN_POINT('',(3.0698442270386,0.,0.937001948748249));
#286=CARTESIAN_POINT('',(3.07239856634195,0.,0.938279000928147));
#287=CARTESIAN_POINT('',(3.07496545726727,0.,0.939528415412713));
#288=CARTESIAN_POINT('',(3.07753234819259,0.,0.94077782989728));
#289=CARTESIAN_POINT('',(3.08011121886637,0.,0.942000071380183));
#290=CARTESIAN_POINT('',(3.0827052373134,0.,0.943192372919036));
#291=CARTESIAN_POINT('',(3.08529925576044,0.,0.944384674457888));
#292=CARTESIAN_POINT('',(3.08790688325052,0.,0.945548427930632));
#293=CARTESIAN_POINT('',(3.09052456343933,0.,0.946686929125878));
#294=CARTESIAN_POINT('',(3.09314224362815,0.,0.947825430321124));
#295=CARTESIAN_POINT('',(3.09576987326496,0.,0.9489387399708));
#296=CARTESIAN_POINT('',(3.09841020846782,0.,0.950024254638016));
#297=CARTESIAN_POINT('',(3.10105054367068,0.,0.951109769305232));
#298=CARTESIAN_POINT('',(3.10370219508615,0.,0.952168849721479));
#299=CARTESIAN_POINT('',(3.10636233962563,0.,0.953204346678113));
#300=CARTESIAN_POINT('',(3.1090224841651,0.,0.954239843634748));
#301=CARTESIAN_POINT('',(3.11169020141749,0.,0.955252696306511));
#302=CARTESIAN_POINT('',(3.114368623359,0.,0.9562396031262));
#303=CARTESIAN_POINT('',(3.119725467242,0.,0.958213416765578));
#304=CARTESIAN_POINT('',(3.12511926970569,0.,0.960089951684789));
#305=CARTESIAN_POINT('',(3.13053848880388,0.,0.961881677006105));
#306=CARTESIAN_POINT('',(3.13595770790206,0.,0.96367340232742));
#307=CARTESIAN_POINT('',(3.14141141273949,0.,0.96536991115105));
#308=CARTESIAN_POINT('',(3.14688538815425,0.,0.966988642739136));
#309=CARTESIAN_POINT('',(3.15235936356902,0.,0.968607374327223));
#310=CARTESIAN_POINT('',(3.1578569821765,0.,0.970143710469046));
#311=CARTESIAN_POINT('',(3.1633774234057,0.,0.97159944092363));
#312=CARTESIAN_POINT('',(3.1688978646349,0.,0.973055171378213));
#313=CARTESIAN_POINT('',(3.17443474825478,0.,0.974439019083364));
#314=CARTESIAN_POINT('',(3.17999174713442,0.,0.975745250979127));
#315=CARTESIAN_POINT('',(3.18554874601407,0.,0.97705148287489));
#316=CARTESIAN_POINT('',(3.1911249824056,0.,0.978281678148907));
#317=CARTESIAN_POINT('',(3.19671161373605,0.,0.979449809054679));
#318=CARTESIAN_POINT('',(3.20229824506651,0.,0.980617939960451));
#319=CARTESIAN_POINT('',(3.20790009393415,0.,0.9817159420728));
#320=CARTESIAN_POINT('',(3.21351383165643,0.,0.982749876117535));
#321=CARTESIAN_POINT('',(3.21912756937872,0.,0.983783810162269));
#322=CARTESIAN_POINT('',(3.22475319595566,0.,0.984753676139389));
#323=CARTESIAN_POINT('',(3.2303873827047,0.,0.985665534774705));
#324=CARTESIAN_POINT('',(3.23602156945375,0.,0.98657739341002));
#325=CARTESIAN_POINT('',(3.24166770154145,0.,0.987424503204918));
#326=CARTESIAN_POINT('',(3.24732051479766,0.,0.98821874448782));
#327=CARTESIAN_POINT('',(3.25297332805387,0.,0.989012985770722));
#328=CARTESIAN_POINT('',(3.25863104706093,0.,0.989758535557636));
#329=CARTESIAN_POINT('',(3.26429733577675,0.,0.99044589875071));
#330=CARTESIAN_POINT('',(3.26996362449258,0.,0.991133261943785));
#331=CARTESIAN_POINT('',(3.27563755351189,0.,0.991765158978578));
#332=CARTESIAN_POINT('',(3.28131520694963,0.,0.992352811265698));
#333=CARTESIAN_POINT('',(3.28699286038737,0.,0.992940463552818));
#334=CARTESIAN_POINT('',(3.29267322059759,0.,0.993486783248958));
#335=CARTESIAN_POINT('',(3.29835953203684,0.,0.993981244525201));
#336=CARTESIAN_POINT('',(3.30404584347609,0.,0.994475705801444));
#337=CARTESIAN_POINT('',(3.30973696277691,0.,0.994922447718457));
#338=CARTESIAN_POINT('',(3.31543010269678,0.,0.995332247065528));
#339=CARTESIAN_POINT('',(3.32112324261665,0.,0.995742046412599));
#340=CARTESIAN_POINT('',(3.32681751007775,0.,0.996118510441427));
#341=CARTESIAN_POINT('',(3.33251543270398,0.,0.996449948767388));
#342=CARTESIAN_POINT('',(3.33821335533022,0.,0.99678138709335));
#343=CARTESIAN_POINT('',(3.3439142126082,0.,0.997071634995211));
#344=CARTESIAN_POINT('',(3.3496161581831,0.,0.997331223817713));
#345=CARTESIAN_POINT('',(3.355318103758,0.,0.997590812640215));
#346=CARTESIAN_POINT('',(3.36102036453205,0.,0.997824579891286));
#347=CARTESIAN_POINT('',(3.36672422977092,0.,0.998023306159871));
#348=CARTESIAN_POINT('',(3.37813196024867,0.,0.99842075869704));
#349=CARTESIAN_POINT('',(3.38954593880151,0.,0.998681145330139));
#350=CARTESIAN_POINT('',(3.40095875032002,0.,0.998865241409516));
#351=CARTESIAN_POINT('',(3.41237156183853,0.,0.999049337488892));
#352=CARTESIAN_POINT('',(3.42378778137086,0.,0.999125275200379));
#353=CARTESIAN_POINT('',(3.43520252707919,0.,0.999116567065449));
#354=CARTESIAN_POINT('',(3.44661727278752,0.,0.99910785893052));
#355=CARTESIAN_POINT('',(3.45803186229807,0.,0.999007018207481));
#356=CARTESIAN_POINT('',(3.46944550790082,0.,0.998820056285914));
#357=CARTESIAN_POINT('',(3.48085915350358,0.,0.998633094364348));
#358=CARTESIAN_POINT('',(3.49227037551793,0.,0.998368186025298));
#359=CARTESIAN_POINT('',(3.50368017515183,0.,0.998019147949135));
#360=CARTESIAN_POINT('',(3.51508997478573,0.,0.997670109872972));
#361=CARTESIAN_POINT('',(3.52649710833943,0.,0.997245915115146));
#362=CARTESIAN_POINT('',(3.53790095636783,0.,0.996749988105398));
#363=CARTESIAN_POINT('',(3.54930480439624,0.,0.99625406109565));
#364=CARTESIAN_POINT('',(3.56070616376232,0.,0.995680671103413));
#365=CARTESIAN_POINT('',(3.57210326232525,0.,0.995044997906864));
#366=CARTESIAN_POINT('',(3.58350036088818,0.,0.994409324710315));
#367=CARTESIAN_POINT('',(3.59489367547905,0.,0.993706692262099));
#368=CARTESIAN_POINT('',(3.60628279343642,0.,0.992941690510063));
#369=CARTESIAN_POINT('',(3.6176719113938,0.,0.992176688758028));
#370=CARTESIAN_POINT('',(3.62905683271768,0.,0.991349317702173));
#371=CARTESIAN_POINT('',(3.64043714474663,0.,0.990464167290347));
#372=CARTESIAN_POINT('',(3.65181745677558,0.,0.989579016878521));
#373=CARTESIAN_POINT('',(3.66319353566404,0.,0.988631351238991));
#374=CARTESIAN_POINT('',(3.67456462829547,0.,0.987632249724999));
#375=CARTESIAN_POINT('',(3.6859357209269,0.,0.986633148211007));
#376=CARTESIAN_POINT('',(3.6973017513333,0.,0.985583326086062));
#377=CARTESIAN_POINT('',(3.70866306931418,0.,0.984477483865924));
#378=CARTESIAN_POINT('',(3.72002438729506,0.,0.983371641645787));
#379=CARTESIAN_POINT('',(3.7313806496441,0.,0.982215508277733));
#380=CARTESIAN_POINT('',(3.7427318077408,0.,0.981011556017935));
#381=CARTESIAN_POINT('',(3.7540829658375,0.,0.979807603758137));
#382=CARTESIAN_POINT('',(3.76542901968187,0.,0.978555832606594));
#383=CARTESIAN_POINT('',(3.77676992065342,0.,0.977258714819478));
#384=CARTESIAN_POINT('',(3.78811082162497,0.,0.975961597032361));
#385=CARTESIAN_POINT('',(3.7994465697237,0.,0.974619132609672));
#386=CARTESIAN_POINT('',(3.81077711632914,0.,0.973233793807581));
#387=CARTESIAN_POINT('',(3.82210766293457,0.,0.971848455005489));
#388=CARTESIAN_POINT('',(3.8334330080467,0.,0.970420241823996));
#389=CARTESIAN_POINT('',(3.84475310304505,0.,0.968951626519271));
#390=CARTESIAN_POINT('',(3.8560731980434,0.,0.967483011214547));
#391=CARTESIAN_POINT('',(3.86738808356445,0.,0.965977808277764));
#392=CARTESIAN_POINT('',(3.87869772762681,0.,0.964430881297365));
#393=CARTESIAN_POINT('',(3.89000737168917,0.,0.962883954316965));
#394=CARTESIAN_POINT('',(3.90131180469534,0.,0.961297402809042));
#395=CARTESIAN_POINT('',(3.91261113612782,0.,0.959677442166711));
#396=CARTESIAN_POINT('',(3.9352097989928,0.,0.956437520882049));
#397=CARTESIAN_POINT('',(3.95778760352208,0.,0.953049564942505));
#398=CARTESIAN_POINT('',(3.98034556461883,0.,0.9495385115454));
#399=CARTESIAN_POINT('',(4.00290352571557,0.,0.946027458148295));
#400=CARTESIAN_POINT('',(4.02544100327705,0.,0.942379999513899));
#401=CARTESIAN_POINT('',(4.04795933691844,0.,0.938622388102733));
#402=CARTESIAN_POINT('',(4.07047767055983,0.,0.934864776691568));
#403=CARTESIAN_POINT('',(4.09297625499565,0.,0.930985627735917));
#404=CARTESIAN_POINT('',(4.1154562600814,0.,0.927003845940848));
#405=CARTESIAN_POINT('',(4.16041627025289,0.,0.91904028235071));
#406=CARTESIAN_POINT('',(4.20530122219036,0.,0.910652667466609));
#407=CARTESIAN_POINT('',(4.25011665987862,0.,0.901909221104487));
#408=CARTESIAN_POINT('',(4.29493209756688,0.,0.893165774742365));
#409=CARTESIAN_POINT('',(4.33967851877666,0.,0.884070187052657));
#410=CARTESIAN_POINT('',(4.38436003116353,0.,0.87466558684765));
#411=CARTESIAN_POINT('',(4.4290415435504,0.,0.865260986642643));
#412=CARTESIAN_POINT('',(4.47365846334235,0.,0.855550168291852));
#413=CARTESIAN_POINT('',(4.51821317740035,0.,0.845560869479921));
#414=CARTESIAN_POINT('',(4.56276789145835,0.,0.83557157066799));
#415=CARTESIAN_POINT('',(4.60726053489315,0.,0.825305729601244));
#416=CARTESIAN_POINT('',(4.65169127832045,0.,0.814777699850533));
#417=CARTESIAN_POINT('',(4.69612202174775,0.,0.804249670099823));
#418=CARTESIAN_POINT('',(4.74049079581362,0.,0.793460009063347));
#419=CARTESIAN_POINT('',(4.78479505792536,0.,0.782410822233199));
#420=CARTESIAN_POINT('',(4.82909932003711,0.,0.771361635403051));
#421=CARTESIAN_POINT('',(4.87333896655195,0.,0.760052795828459));
#422=CARTESIAN_POINT('',(4.91750825772286,0.,0.748474747364275));
#423=CARTESIAN_POINT('',(4.96167754889376,0.,0.736896698900091));
#424=CARTESIAN_POINT('',(5.00577644832929,0.,0.725049262012194));
#425=CARTESIAN_POINT('',(4.62006209512156,7.87450667667706,1.21099088714318));
#426=CARTESIAN_POINT('',(4.59460499618922,7.8746493324489,1.20826885286131));
#427=CARTESIAN_POINT('',(4.56913584261277,7.87478606831569,1.20565977709706));
#428=CARTESIAN_POINT('',(4.59444216544519,7.8744607552248,1.21186712065057));
#429=CARTESIAN_POINT('',(4.56880607003953,7.87441493632581,1.21274139732512));
#430=CARTESIAN_POINT('',(4.5436561737343,7.87491722477945,1.20315716268452));
#431=CARTESIAN_POINT('',(4.51817650485583,7.87504838124321,1.20065454827199));
#432=CARTESIAN_POINT('',(4.49268632067533,7.87517395830395,1.19825839521117));
#433=CARTESIAN_POINT('',(4.54315561556775,7.87436921428728,1.213613825792));
#434=CARTESIAN_POINT('',(4.51750516109598,7.87432349224874,1.21448625425887));
#435=CARTESIAN_POINT('',(4.49184034755809,7.87427786707067,1.21535683451806));
#436=CARTESIAN_POINT('',(4.4671871605349,7.87529429646371,1.19596220633618));
#437=CARTESIAN_POINT('',(4.44168800039446,7.87541463462346,1.19366601746118));
#438=CARTESIAN_POINT('',(4.41617981467943,7.87552974104328,1.19146965613102));
#439=CARTESIAN_POINT('',(4.46616298161728,7.87423233306026,1.21622567519475));
#440=CARTESIAN_POINT('',(4.44048561567647,7.87418679904984,1.21709451587143));
#441=CARTESIAN_POINT('',(4.41479565150068,7.87414135635413,1.2179616141598));
#442=CARTESIAN_POINT('',(4.39066323489304,7.8756394979624,1.18937536935487));
#443=CARTESIAN_POINT('',(4.36514665510666,7.87574925488152,1.18728108257872));
#444=CARTESIAN_POINT('',(4.33962168124893,7.87585366229994,1.18528887035658));
#445=CARTESIAN_POINT('',(4.38909363946128,7.8740960172235,1.21882673630854));
#446=CARTESIAN_POINT('',(4.36339162742187,7.87405067809288,1.21969185845728));
#447=CARTESIAN_POINT('',(4.33767756751884,7.87400544252734,1.22055500446638));
#448=CARTESIAN_POINT('',(4.31408894482311,7.8759526024569,1.18340097969764));
#449=CARTESIAN_POINT('',(4.28855620839728,7.87605154261387,1.18151308903871));
#450=CARTESIAN_POINT('',(4.26301562056426,7.87614495617017,1.17973065220236));
#451=CARTESIAN_POINT('',(4.31195201012355,7.87396032277729,1.2214159405845));
#452=CARTESIAN_POINT('',(4.28622645272826,7.87391520302723,1.22227687670262));
#453=CARTESIAN_POINT('',(4.26048926609623,7.87387020847279,1.22313542394616));
#454=CARTESIAN_POINT('',(4.23746746444498,7.876232306515,1.17806390833299));
#455=CARTESIAN_POINT('',(4.21191930832569,7.87631965685983,1.17639716446362));
#456=CARTESIAN_POINT('',(4.18636356281363,7.87640098103482,1.17484540676456));
#457=CARTESIAN_POINT('',(4.23474035496428,7.87382537192866,1.22399095617329));
#458=CARTESIAN_POINT('',(4.20899144383232,7.87378053538453,1.22484648840043));
#459=CARTESIAN_POINT('',(4.18323080718014,7.87373585819402,1.22569897997941));
#460=CARTESIAN_POINT('',(4.16080048530567,7.87647541686783,1.17342508646046));
#461=CARTESIAN_POINT('',(4.13523740779771,7.87654985270084,1.17200476615636));
#462=CARTESIAN_POINT('',(4.10966685672999,7.87661751835083,1.17071362863984));
#463=CARTESIAN_POINT('',(4.15745816165975,7.87369134431549,1.22654835538019));
#464=CARTESIAN_POINT('',(4.13168551613937,7.87364683043696,1.22739773078096));
#465=CARTESIAN_POINT('',(4.10590071791987,7.87360260898749,1.22824152630277));
#466=CARTESIAN_POINT('',(4.08408953405275,7.87667708206717,1.16957708522669));
#467=CARTESIAN_POINT('',(4.07130087271413,7.87670686392534,1.16900881352012));
#468=CARTESIAN_POINT('',(4.05851051847313,7.8767346203001,1.16847919033939));
#469=CARTESIAN_POINT('',(4.08010366915308,7.87355856731875,1.22908189140398));
#470=CARTESIAN_POINT('',(4.06720514476968,7.87353654648438,1.22950207395459));
#471=CARTESIAN_POINT('',(4.05430353574361,7.87351458922475,1.22992104342674));
#472=CARTESIAN_POINT('',(4.04571855907353,7.87676018472261,1.16799139209899));
#473=CARTESIAN_POINT('',(4.03292659967393,7.87678574914513,1.16750359385858));
#474=CARTESIAN_POINT('',(4.02013303511572,7.87680912161541,1.1670576205585));
#475=CARTESIAN_POINT('',(4.04139883533016,7.87349271894463,1.2303383532312));
#476=CARTESIAN_POINT('',(4.0284941349167,7.87347084866451,1.23075566303566));
#477=CARTESIAN_POINT('',(4.01558634311584,7.87344906536388,1.23117131317242));
#478=CARTESIAN_POINT('',(4.0073379531427,7.87683013566462,1.16665664861322));
#479=CARTESIAN_POINT('',(3.99454287116968,7.87685114971382,1.16625567666793));
#480=CARTESIAN_POINT('',(3.98174636533519,7.87686971624143,1.16590140621694));
#481=CARTESIAN_POINT('',(4.00267545318286,7.8734273924475,1.23158485705222));
#482=CARTESIAN_POINT('',(3.98976456324989,7.87340571953112,1.23199840093203));
#483=CARTESIAN_POINT('',(3.97685061298266,7.87338409772231,1.23241096962148));
#484=CARTESIAN_POINT('',(3.96894866199214,7.87688562396709,1.16559786872922));
#485=CARTESIAN_POINT('',(3.96254981032061,7.87689357782992,1.16544609998536));
#486=CARTESIAN_POINT('',(3.95615065927193,7.87690086699226,1.16530701448232));
#487=CARTESIAN_POINT('',(3.96393369819619,7.87336261357706,1.23282091153354));
#488=CARTESIAN_POINT('',(3.95747524080296,7.87335187150444,1.23302588248957));
#489=CARTESIAN_POINT('',(3.95101603787412,7.87334113888806,1.23323067300979));
#490=CARTESIAN_POINT('',(3.94975123714023,7.87690746504408,1.16518111615371));
#491=CARTESIAN_POINT('',(3.94335181500852,7.8769140630959,1.16505521782511));
#492=CARTESIAN_POINT('',(3.93695212179379,7.87691997003719,1.16494250667094));
#493=CARTESIAN_POINT('',(3.9445561079676,7.87333044205786,1.23343478068886));
#494=CARTESIAN_POINT('',(3.93809617806108,7.87331974522767,1.23363888836793));
#495=CARTESIAN_POINT('',(3.93163552117688,7.87330908418366,1.23384231320585));
#496=CARTESIAN_POINT('',(3.93055218579013,7.87692515945791,1.16484348662483));
#497=CARTESIAN_POINT('',(3.92415224978647,7.87693034887863,1.16474446657872));
#498=CARTESIAN_POINT('',(3.91775209396684,7.876934797229,1.16465958699728));
#499=CARTESIAN_POINT('',(3.92517415587294,7.87329848525579,1.23404455279731));
#500=CARTESIAN_POINT('',(3.91871279056899,7.87328788632792,1.23424679238877));
#501=CARTESIAN_POINT('',(3.91225071859708,7.87327729221251,1.23444894015297));
#502=CARTESIAN_POINT('',(3.91135178491105,7.87693846444312,1.16458961238336));
#503=CARTESIAN_POINT('',(3.90495147585526,7.87694213165724,1.16451963776944));
#504=CARTESIAN_POINT('',(3.89855101356332,7.87694501773512,1.16446456812304));
#505=CARTESIAN_POINT('',(3.90578798562825,7.87326672740857,1.23465052862106));
#506=CARTESIAN_POINT('',(3.89932525265942,7.87325616260463,1.23485211708915));
#507=CARTESIAN_POINT('',(3.89286185869366,7.87324562711215,1.23505314626113));
#508=CARTESIAN_POINT('',(3.89215046461502,7.87694708261085,1.16442516794699));
#509=CARTESIAN_POINT('',(3.88574991566672,7.87694914748658,1.16438576777094));
#510=CARTESIAN_POINT('',(3.87934928006208,7.87695039116016,1.16436203706525));
#511=CARTESIAN_POINT('',(3.88639784940201,7.87323514543015,1.23525314866814));
#512=CARTESIAN_POINT('',(3.87993384011037,7.87322466374815,1.23545315107515));
#513=CARTESIAN_POINT('',(3.87346919137001,7.87321417974774,1.23565319771986));
#514=CARTESIAN_POINT('',(3.87294862438089,7.87695077356571,1.16435474033276));
#515=CARTESIAN_POINT('',(3.86654796869971,7.87695115597125,1.16434744360027));
#516=CARTESIAN_POINT('',(3.86014729294198,7.87695067710876,1.16435658084099));
#517=CARTESIAN_POINT('',(3.86700398414542,7.87320375409757,1.23585213097593));
#518=CARTESIAN_POINT('',(3.86053877692082,7.87319332844739,1.23605106423201));
#519=CARTESIAN_POINT('',(3.85407303047872,7.87318299054605,1.23624832314057));
#520=CARTESIAN_POINT('',(3.85374666368753,7.87694929691233,1.16438291655774));
#521=CARTESIAN_POINT('',(3.84734603443307,7.8769479167159,1.16440925227449));
#522=CARTESIAN_POINT('',(3.84094562602374,7.87694554426074,1.16445452141557));
#523=CARTESIAN_POINT('',(3.84760673104191,7.87317266061045,1.23644543005378));
#524=CARTESIAN_POINT('',(3.84114043160511,7.87316233067484,1.23664253696698));
#525=CARTESIAN_POINT('',(3.83467369146195,7.8731520034385,1.23683959237522));
#526=CARTESIAN_POINT('',(3.83454520764409,7.87694229682301,1.1645164862188));
#527=CARTESIAN_POINT('',(3.82814478926444,7.87693904938528,1.16457845102202));
#528=CARTESIAN_POINT('',(3.82174448129706,7.87693486940112,1.16465820987115));
#529=CARTESIAN_POINT('',(3.82820643650878,7.87314177265714,1.23703480731275));
#530=CARTESIAN_POINT('',(3.82173918155561,7.87313154187579,1.23723002225029));
#531=CARTESIAN_POINT('',(3.81527147198372,7.87312137876748,1.23742394590899));
#532=CARTESIAN_POINT('',(3.81534465584968,7.87692958272834,1.16475908559713));
#533=CARTESIAN_POINT('',(3.8089448304023,7.87692429605556,1.16485996132311));
#534=CARTESIAN_POINT('',(3.80254523160686,7.87691801474014,1.16497981596122));
#535=CARTESIAN_POINT('',(3.80880353515103,7.87311123137879,1.23761756961972));
#536=CARTESIAN_POINT('',(3.80233559831834,7.87310108399009,1.23781119333044));
#537=CARTESIAN_POINT('',(3.79586730629083,7.873091008344,1.23800344811082));
#538=CARTESIAN_POINT('',(3.79614609403922,7.87691064205319,1.16512049520865));
#539=CARTESIAN_POINT('',(3.78974695647158,7.87690326936624,1.16526117445609));
#540=CARTESIAN_POINT('',(3.78334828013174,7.87689480530776,1.16542267831285));
#541=CARTESIAN_POINT('',(3.78939881766048,7.8730809911937,1.23819458672481));
#542=CARTESIAN_POINT('',(3.78293032903013,7.87307097404341,1.2383857253388));
#543=CARTESIAN_POINT('',(3.77646164379694,7.87306101538891,1.2385757477864));
#544=CARTESIAN_POINT('',(3.77695029959557,7.87688515314886,1.16560685247612));
#545=CARTESIAN_POINT('',(3.77055231905939,7.87687550098996,1.16579102663939));
#546=CARTESIAN_POINT('',(3.76415487236979,7.87686471513517,1.16599683300895));
#547=CARTESIAN_POINT('',(3.76999292055291,7.87305110198342,1.23876490683158));
#548=CARTESIAN_POINT('',(3.76352419730888,7.87304118857794,1.23895406587675));
#549=CARTESIAN_POINT('',(3.75705535697238,7.87303135508835,1.23914170003573));
#550=CARTESIAN_POINT('',(3.75775825704135,7.87685269769539,1.1662261394201));
#551=CARTESIAN_POINT('',(3.75136164171292,7.8768406802556,1.16645544583125));
#552=CARTESIAN_POINT('',(3.74496585774566,7.87682743123083,1.166708252284));
#553=CARTESIAN_POINT('',(3.75058665023048,7.87302160330886,1.239327775073));
#554=CARTESIAN_POINT('',(3.74411794348858,7.87301185152938,1.23951385011026));
#555=CARTESIAN_POINT('',(3.73764937034129,7.87300218146,1.23969836602581));
#556=CARTESIAN_POINT('',(3.73857120265416,7.87681285273196,1.16698642661366));
#557=CARTESIAN_POINT('',(3.73217654756266,7.87679827423309,1.16726460094331));
#558=CARTESIAN_POINT('',(3.72578302134693,7.87678236626012,1.16756814314988));
#559=CARTESIAN_POINT('',(3.73118118147568,7.87299259489494,1.23988128858411));
#560=CARTESIAN_POINT('',(3.72471299261008,7.87298300832988,1.24006421114241));
#561=CARTESIAN_POINT('',(3.71824518802616,7.87297350526913,1.24024554034346));
#562=CARTESIAN_POINT('',(3.71939092152156,7.87676503092396,1.16789892106868));
#563=CARTESIAN_POINT('',(3.71299882169619,7.8767476955878,1.16822969898747));
#564=CARTESIAN_POINT('',(3.70660814826118,7.87672893288845,1.16858771261849));
#565=CARTESIAN_POINT('',(3.711778018411,7.87296408750691,1.24042524195174));
#566=CARTESIAN_POINT('',(3.70531084879585,7.87295466974469,1.24060494356003));
#567=CARTESIAN_POINT('',(3.69884431414945,7.87294533728099,1.24078301757554));
#568=CARTESIAN_POINT('',(3.70021919873113,7.8767086449368,1.16897482979705));
#569=CARTESIAN_POINT('',(3.69383024920107,7.87668835698515,1.16936194697561));
#570=CARTESIAN_POINT('',(3.68744311502965,7.87666652902709,1.16977844922682));
#571=CARTESIAN_POINT('',(3.69237866515891,7.87293609191002,1.24095942976275));
#572=CARTESIAN_POINT('',(3.68591301616836,7.87292684653905,1.24113584194996));
#573=CARTESIAN_POINT('',(3.67944841503557,7.87291772225305,1.24130994369826));
#574=CARTESIAN_POINT('',(3.68105822149966,7.87664303513493,1.17022673939446));
#575=CARTESIAN_POINT('',(3.67467332796967,7.87661954124277,1.17067502956211));
#576=CARTESIAN_POINT('',(3.66829067508111,7.8765943814165,1.1711551076462));
#577=CARTESIAN_POINT('',(3.67298524035664,7.87290872218918,1.24148167514709));
#578=CARTESIAN_POINT('',(3.66652206567772,7.87289972212532,1.24165340659592));
#579=CARTESIAN_POINT('',(3.66006031745266,7.87289084628358,1.2418227677453));
#580=CARTESIAN_POINT('',(3.66191068811677,7.87656742972842,1.17166937649053));
#581=CARTESIAN_POINT('',(3.65872069463461,7.87655395388437,1.1719265109127));
#582=CARTESIAN_POINT('',(3.65553132925486,7.87654005234239,1.17219176813541));
#583=CARTESIAN_POINT('',(3.65360037427757,7.87288209780113,1.24198969873466));
#584=CARTESIAN_POINT('',(3.65037040269002,7.87287772355991,1.24207316422934));
#585=CARTESIAN_POINT('',(3.64714080909857,7.87287336056535,1.24215641512483));
#586=CARTESIAN_POINT('',(3.65234275788364,7.87652568289171,1.17246595358793));
#587=CARTESIAN_POINT('',(3.64915418651242,7.87651131344104,1.17274013904044));
#588=CARTESIAN_POINT('',(3.64596640914973,7.87649647608166,1.17302325272277));
#589=CARTESIAN_POINT('',(3.64391186303849,7.87286910299451,1.24223765441608));
#590=CARTESIAN_POINT('',(3.6406829169784,7.87286484542367,1.24231889370733));
#591=CARTESIAN_POINT('',(3.63745461844968,7.87286069327653,1.24239812139435));
#592=CARTESIAN_POINT('',(3.64277959170168,7.87648112860283,1.17331610006416));
#593=CARTESIAN_POINT('',(3.63959277425362,7.876465781124,1.17360894740555));
#594=CARTESIAN_POINT('',(3.63640680519151,7.87644990408115,1.17391189943029));
#595=CARTESIAN_POINT('',(3.6342272369876,7.87285674073015,1.24247354047208));
#596=CARTESIAN_POINT('',(3.63099985552552,7.87285278818377,1.24254895954982));
#597=CARTESIAN_POINT('',(3.62777293323958,7.87284883641977,1.24262436369882));
#598=CARTESIAN_POINT('',(3.63322161590731,7.87643360260752,1.17422295007689));
#599=CARTESIAN_POINT('',(3.63003642662312,7.87641730113389,1.17453400072348));
#600=CARTESIAN_POINT('',(3.62685201711685,7.87640057522947,1.17485314999193));
#601=CARTESIAN_POINT('',(3.62454683366834,7.8728450912854,1.24269582511973));
#602=CARTESIAN_POINT('',(3.6213207340971,7.87284134615103,1.24276728654063));
#603=CARTESIAN_POINT('',(3.61809545724056,7.87283780764627,1.24283480523345));
#604=CARTESIAN_POINT('',(3.6236683187805,7.87638353002749,1.17517839182075));
#605=CARTESIAN_POINT('',(3.62048462044415,7.87636648482551,1.17550363364958));
#606=CARTESIAN_POINT('',(3.6173017806655,7.87634899327702,1.17583739227713));
#607=CARTESIAN_POINT('',(3.61487136663726,7.87283468161839,1.24289445339881));
#608=CARTESIAN_POINT('',(3.61164727603396,7.8728315555905,1.24295410156417));
#609=CARTESIAN_POINT('',(3.60842402744957,7.87282865531762,1.24300944206751));
#610=CARTESIAN_POINT('',(3.61411965220584,7.87633114995925,1.17617786306247));
#611=CARTESIAN_POINT('',(3.61093752374618,7.87631330664148,1.17651833384781));
#612=CARTESIAN_POINT('',(3.60775610660551,7.87629511155443,1.17686551679093));
#613=CARTESIAN_POINT('',(3.6052017085494,7.87282604782254,1.24305919603764));
#614=CARTESIAN_POINT('',(3.60197938964924,7.87282344032745,1.24310895000777));
#615=CARTESIAN_POINT('',(3.59875814082781,7.8728211681643,1.24315230546352));
#616=CARTESIAN_POINT('',(3.60457525354513,7.87627665927532,1.17721760725088));
#617=CARTESIAN_POINT('',(3.60139440048474,7.8762582069962,1.17756969771083));
#618=CARTESIAN_POINT('',(3.59821422525763,7.87623943733818,1.17792784412119));
#619=CARTESIAN_POINT('',(3.59553850127687,7.87281943527901,1.24318537088452));
#620=CARTESIAN_POINT('',(3.59231886172593,7.87281770239372,1.24321843630551));
#621=CARTESIAN_POINT('',(3.58910041610184,7.87281638232464,1.2432436247242));
#622=CARTESIAN_POINT('',(3.59503461847341,7.87622040746429,1.17829095574593));
#623=CARTESIAN_POINT('',(3.59185501168919,7.87620137759041,1.17865406737068));
#624=CARTESIAN_POINT('',(3.58867597334787,7.87618208750066,1.17902214420981));
#625=CARTESIAN_POINT('',(3.58588321563629,7.87281550350837,1.24326039353742));
#626=CARTESIAN_POINT('',(3.58266601517074,7.87281462469211,1.24327716235064));
#627=CARTESIAN_POINT('',(3.57945029296531,7.87281423643686,1.24328457070227));
#628=CARTESIAN_POINT('',(3.58549739405909,7.87616259435811,1.17939409552731));
#629=CARTESIAN_POINT('',(3.58231881477031,7.87614310121556,1.1797660468448));
#630=CARTESIAN_POINT('',(3.57914073452394,7.87612338683213,1.18014221968978));
#631=CARTESIAN_POINT('',(3.57623686831387,7.87281452976278,1.24327897371012));
#632=CARTESIAN_POINT('',(3.57302344366244,7.87281482308871,1.24327337671798));
#633=CARTESIAN_POINT('',(3.56981130372238,7.87281562272946,1.24325811866368));
#634=CARTESIAN_POINT('',(3.57596310686881,7.87610347428579,1.18052217370824));
#635=CARTESIAN_POINT('',(3.57278547921368,7.87608356173946,1.1809021277267));
#636=CARTESIAN_POINT('',(3.5696083041498,7.87606345103021,1.18128586291863));
#637=CARTESIAN_POINT('',(3.5666012737695,7.87281705659272,1.24323075892272));
#638=CARTESIAN_POINT('',(3.56339124381662,7.87281849045599,1.24320339918175));
#639=CARTESIAN_POINT('',(3.56018384813845,7.87282063110472,1.24316255317066));
#640=CARTESIAN_POINT('',(3.56643153522602,7.87604316523604,1.18167293893003));
#641=CARTESIAN_POINT('',(3.56325476630224,7.87602287944187,1.18206001494144));
#642=CARTESIAN_POINT('',(3.56007840351855,7.87600241856277,1.18245043177231));
#643=CARTESIAN_POINT('',(3.55697882881773,7.87282347342246,1.2431083185173));
#644=CARTESIAN_POINT('',(3.553773809497,7.87282631574021,1.24305408386393));
#645=CARTESIAN_POINT('',(3.55057071078948,7.87282979610605,1.24298767452759));
#646=CARTESIAN_POINT('',(3.55690240042381,7.87598180567672,1.18284374906864));
#647=CARTESIAN_POINT('',(3.55372639732906,7.87596119279066,1.18323706636498));
#648=CARTESIAN_POINT('',(3.55055075392326,7.87594042789765,1.18363328412677));
#649=CARTESIAN_POINT('',(3.54737106597586,7.87283410873153,1.24290538473124));
#650=CARTESIAN_POINT('',(3.54417142116223,7.87283842135702,1.2428230949349));
#651=CARTESIAN_POINT('',(3.54097545248812,7.87284359463941,1.24272438282634));
#652=CARTESIAN_POINT('',(3.54737542375525,7.87591953407567,1.18403196200001));
#653=CARTESIAN_POINT('',(3.54420009358724,7.87589864025368,1.18443063987326));
#654=CARTESIAN_POINT('',(3.54102505997875,7.8758776215131,1.18483170133527));
#655=CARTESIAN_POINT('',(3.53778228017977,7.87284954368484,1.24261086827742));
#656=CARTESIAN_POINT('',(3.53458910787142,7.87285549273026,1.24249735372849));
#657=CARTESIAN_POINT('',(3.53139965913613,7.87286231214261,1.24236723158939));
#658=CARTESIAN_POINT('',(3.53785040242436,7.87585644866363,1.18523570337012));
#659=CARTESIAN_POINT('',(3.53467574486997,7.87583527581416,1.18563970540497));
#660=CARTESIAN_POINT('',(3.53150146336968,7.87581394885579,1.18604664801267));
#661=CARTESIAN_POINT('',(3.52821495834039,7.87287009137025,1.24221879508346));
#662=CARTESIAN_POINT('',(3.52503025754464,7.87287787059789,1.24207035857752));
#663=CARTESIAN_POINT('',(3.52184889628981,7.87288647750002,1.24190612910152));
#664=CARTESIAN_POINT('',(3.52832763741806,7.87579243859824,1.1864570881773));
#665=CARTESIAN_POINT('',(3.52515381146643,7.87577092834068,1.18686752834192));
#666=CARTESIAN_POINT('',(3.52198044106348,7.87574923478393,1.18728146606348));
#667=CARTESIAN_POINT('',(3.51867345503561,7.87289611708513,1.24172219486046));
#668=CARTESIAN_POINT('',(3.51549801378141,7.87290575667024,1.2415382606194));
#669=CARTESIAN_POINT('',(3.5123279082784,7.87291638248605,1.24133550797549));
#670=CARTESIAN_POINT('',(3.51880760570378,7.87572732873769,1.18769945832604));
#671=CARTESIAN_POINT('',(3.51722118802392,7.87571637571457,1.18790845445732));
#672=CARTESIAN_POINT('',(3.51563490410488,7.87570536956908,1.18811846422385));
#673=CARTESIAN_POINT('',(3.50916402007921,7.87292804405418,1.24111299199996));
#674=CARTESIAN_POINT('',(3.50758207597962,7.87293387483825,1.24100173401219));
#675=CARTESIAN_POINT('',(3.50600168620598,7.87293996456039,1.24088553519152));
#676=CARTESIAN_POINT('',(3.51404876388347,7.87569430665243,1.18832955724865));
#677=CARTESIAN_POINT('',(3.51246262366206,7.87568324373578,1.18854065027344));
#678=CARTESIAN_POINT('',(3.51087662713828,7.87567212404796,1.1887528265565));
#679=CARTESIAN_POINT('',(3.50442296095238,7.87294631941082,1.24076427742185));
#680=CARTESIAN_POINT('',(3.50284423569878,7.87295267426125,1.24064301965218));
#681=CARTESIAN_POINT('',(3.50126717496521,7.87295929423997,1.24051670293351));
#682=CARTESIAN_POINT('',(3.50929078424896,7.87566094394021,1.18896615572083));
#683=CARTESIAN_POINT('',(3.50770494135964,7.87564976383245,1.18917948488517));
#684=CARTESIAN_POINT('',(3.50611928974465,7.87563850935022,1.18939423319883));
#685=CARTESIAN_POINT('',(3.49969188894577,7.87296618553716,1.24038520914974));
#686=CARTESIAN_POINT('',(3.49811660292632,7.87297307683436,1.24025371536597));
#687=CARTESIAN_POINT('',(3.49654327969124,7.87298024438382,1.24011695037494));
#688=CARTESIAN_POINT('',(3.50453386564713,7.87562716812621,1.18961063664444));
#689=CARTESIAN_POINT('',(3.5029484415496,7.8756158269022,1.18982704009005));
#690=CARTESIAN_POINT('',(3.50136324496953,7.8756043989364,1.19004509866762));
#691=CARTESIAN_POINT('',(3.49497209543297,7.87298769247584,1.23997483231302));
#692=CARTESIAN_POINT('',(3.4934009111747,7.87299514056786,1.2398327142511));
#693=CARTESIAN_POINT('',(3.49183186589324,7.87300286920244,1.23968524311829));
#694=CARTESIAN_POINT('',(3.49977831215004,7.87559287186148,1.19026504835976));
#695=CARTESIAN_POINT('',(3.49819337933055,7.87558134478656,1.19048499805189));
#696=CARTESIAN_POINT('',(3.49660871027164,7.87556971860252,1.1907068388586));
#697=CARTESIAN_POINT('',(3.49026513578102,7.87301088266987,1.23953233705095));
#698=CARTESIAN_POINT('',(3.48869840566879,7.8730188961373,1.23937943098361));
#699=CARTESIAN_POINT('',(3.48713399072581,7.87302719443758,1.23922108998174));
#700=CARTESIAN_POINT('',(3.49502434121642,7.87555798094205,1.19093080676251));
#701=CARTESIAN_POINT('',(3.49343997216121,7.87554624328157,1.19115477466641));
#702=CARTESIAN_POINT('',(3.49185590310969,7.87553439414466,1.19138086966751));
#703=CARTESIAN_POINT('',(3.48557206714451,7.873035781861,1.23905723218171));
#704=CARTESIAN_POINT('',(3.4840101435632,7.87304436928441,1.23889337438168));
#705=CARTESIAN_POINT('',(3.48245071134358,7.87305324583097,1.23872399978348));
#706=CARTESIAN_POINT('',(3.49027217030498,7.87552242116398,1.19160932774843));
#707=CARTESIAN_POINT('',(3.48710470469557,7.87549847520262,1.19206624391026));
#708=CARTESIAN_POINT('',(3.48393890726797,7.87547392939299,1.19253460585891));
#709=CARTESIAN_POINT('',(3.48089394667806,7.87306241579096,1.23854902652349));
#710=CARTESIAN_POINT('',(3.47778041734703,7.87308075571094,1.2381990800035));
#711=CARTESIAN_POINT('',(3.47467822516121,7.8731002491699,1.23782712264856));
#712=CARTESIAN_POINT('',(3.48077518962894,7.87544866342791,1.19301670919222));
#713=CARTESIAN_POINT('',(3.47761147198991,7.87542339746282,1.19349881252553));
#714=CARTESIAN_POINT('',(3.47444989118352,7.87539737867906,1.19399528049495));
#715=CARTESIAN_POINT('',(3.47159005327574,7.87312097753604,1.23743160186104));
#716=CARTESIAN_POINT('',(3.46850188139027,7.87314170590217,1.23703608107352));
#717=CARTESIAN_POINT('',(3.46542775832719,7.87316365284387,1.23661730847916));
#718=CARTESIAN_POINT('',(3.47129212252255,7.87537016513631,1.19451454582394));
#719=CARTESIAN_POINT('',(3.46971323819206,7.87535655836493,1.19477417848843));
#720=CARTESIAN_POINT('',(3.46813506747046,7.87534270452303,1.1950385255394));
#721=CARTESIAN_POINT('',(3.46237099909465,7.87318673891275,1.23617680004314));
#722=CARTESIAN_POINT('',(3.46084261947838,7.8731982819472,1.23595654582513));
#723=CARTESIAN_POINT('',(3.45931863187,7.87321014485105,1.23573018813517));
#724=CARTESIAN_POINT('',(3.46655796998937,7.87532852360072,1.19530911365637));
#725=CARTESIAN_POINT('',(3.46498087250829,7.87531434267841,1.19557970177335));
#726=CARTESIAN_POINT('',(3.46340484826772,7.87529983467569,1.19585653095633));
#727=CARTESIAN_POINT('',(3.45779975775232,7.87322231511342,1.2354979656953));
#728=CARTESIAN_POINT('',(3.45628088363465,7.8732344853758,1.23526574325543));
#729=CARTESIAN_POINT('',(3.45476712300767,7.87324696299669,1.23502765606565));
#730=CARTESIAN_POINT('',(3.46183025689932,7.87528491958267,1.19614112788486));
#731=CARTESIAN_POINT('',(3.45868107416253,7.87525508939664,1.19671032174192));
#732=CARTESIAN_POINT('',(3.45553762291439,7.87522363084944,1.19731058658116));
#733=CARTESIAN_POINT('',(3.45325919735419,7.87325973546521,1.23478394284799));
#734=CARTESIAN_POINT('',(3.45024334604724,7.87328528040225,1.23429651641269));
#735=CARTESIAN_POINT('',(3.44724961312909,7.87331194651515,1.2337876966675));
#736=CARTESIAN_POINT('',(3.45240278020805,7.87518990386198,1.1979541358389));
#737=CARTESIAN_POINT('',(3.44926793750172,7.87515617687452,1.19859768509663));
#738=CARTESIAN_POINT('',(3.44614241584319,7.87512007474742,1.19928655471854));
#739=CARTESIAN_POINT('',(3.44428719831282,7.87333978080574,1.23325658676404));
#740=CARTESIAN_POINT('',(3.44132478349656,7.87336761509634,1.23272547686058));
#741=CARTESIAN_POINT('',(3.4383935694351,7.873396547788,1.23217340821636));
#742=CARTESIAN_POINT('',(3.44303213255241,7.87508059316716,1.20003990814821));
#743=CARTESIAN_POINT('',(3.43992184926163,7.87504111158689,1.20079326157788));
#744=CARTESIAN_POINT('',(3.43682697281963,7.87499817931273,1.20161245816949));
#745=CARTESIAN_POINT('',(3.43550635097025,7.87342648432175,1.23160218512373));
#746=CARTESIAN_POINT('',(3.4326191325054,7.87345642085551,1.2310309620311));
#747=CARTESIAN_POINT('',(3.42977631323319,7.87348734799732,1.23044083701102));
#748=CARTESIAN_POINT('',(3.43376314650035,7.87494980547176,1.20253548604111));
#749=CARTESIAN_POINT('',(3.43069932018106,7.8749014316308,1.20345851391272));
#750=CARTESIAN_POINT('',(3.42766359034732,7.8748478680746,1.20448056745005));
#751=CARTESIAN_POINT('',(3.42700221980085,7.87351886117917,1.22983952968054));
#752=CARTESIAN_POINT('',(3.42422812636852,7.87355037436103,1.22923822235007));
#753=CARTESIAN_POINT('',(3.4215217027352,7.87358263396152,1.22862267250355));
#754=CARTESIAN_POINT('',(3.42469160382684,7.87478569867192,1.20566683032033));
#755=CARTESIAN_POINT('',(3.42320561056661,7.87475461397058,1.20625996175548));
#756=CARTESIAN_POINT('',(3.42173627484464,7.87472132265964,1.20689519781009));
#757=CARTESIAN_POINT('',(3.418934252584,7.87361484389499,1.22800807036043));
#758=CARTESIAN_POINT('',(3.4176405275084,7.87363094886172,1.22770076928887));
#759=CARTESIAN_POINT('',(3.4163777109711,7.87364703351108,1.22739385589576));
#760=CARTESIAN_POINT('',(3.4202925991073,7.87468520600573,1.20758434461997));
#761=CARTESIAN_POINT('',(3.41884892336996,7.87464908935183,1.20827349142984));
#762=CARTESIAN_POINT('',(3.41743021765013,7.87461016765442,1.20901616165811));
#763=CARTESIAN_POINT('',(3.41515794733404,7.87366292673336,1.22709059514903));
#764=CARTESIAN_POINT('',(3.41393818369698,7.87367881995564,1.2267873344023));
#765=CARTESIAN_POINT('',(3.41276096809094,7.87369453756337,1.22648742458091));
#766=CARTESIAN_POINT('',(3.41605207446167,7.874567597352,1.20982845141757));
#767=CARTESIAN_POINT('',(3.41467393127322,7.87452502704957,1.21064074117703));
#768=CARTESIAN_POINT('',(3.41333670438456,7.87447876780549,1.21152342013631));
#769=CARTESIAN_POINT('',(3.41164575400227,7.87370979059673,1.22619637936653));
#770=CARTESIAN_POINT('',(3.41053053991361,7.87372504363008,1.22590533415214));
#771=CARTESIAN_POINT('',(3.40947816801547,7.873739829984,1.22562319371196));
#772=CARTESIAN_POINT('',(3.41206557807668,7.87442788127009,1.21249439307381));
#773=CARTESIAN_POINT('',(3.4107944517688,7.8743769947347,1.2134653660113));
#774=CARTESIAN_POINT('',(3.40959024866389,7.87432140785406,1.21452602687883));
#775=CARTESIAN_POINT('',(3.40851900060067,7.87375369406806,1.225358651229));
#776=CARTESIAN_POINT('',(3.40755983318587,7.87376755815211,1.22509410874604));
#777=CARTESIAN_POINT('',(3.40669418303862,7.87378049535504,1.22484725220875));
#778=CARTESIAN_POINT('',(3.40849546102879,7.87426032895804,1.21569148164248));
#779=CARTESIAN_POINT('',(3.40740067339369,7.87419925006202,1.21685693640614));
#780=CARTESIAN_POINT('',(3.40641603197665,7.87413260414994,1.2181286161643));
#781=CARTESIAN_POINT('',(3.40596880593052,7.87379172505304,1.22463297680619));
#782=CARTESIAN_POINT('',(3.40524342882242,7.87380295475104,1.22441870140363));
#783=CARTESIAN_POINT('',(3.40465895416129,7.87381248475557,1.22423685808467));
#784=CARTESIAN_POINT('',(3.40559642820856,7.87406067449688,1.21950111570614));
#785=CARTESIAN_POINT('',(3.40518662632451,7.87402470967035,1.22018736547706));
#786=CARTESIAN_POINT('',(3.40481778836268,7.87398743346515,1.22089863784378));
#787=CARTESIAN_POINT('',(3.40426484952202,7.87381930483176,1.22410672327857));
#788=CARTESIAN_POINT('',(3.40406779720238,7.87382271486986,1.22404165587553));
#789=CARTESIAN_POINT('',(3.40391787598882,7.87382546085698,1.22398925931984));
#790=CARTESIAN_POINT('',(3.40449610384487,7.87394910287119,1.22163002914641));
#791=CARTESIAN_POINT('',(3.40417441932707,7.87391077227723,1.22236142044903));
#792=CARTESIAN_POINT('',(3.40389982597856,7.87387168265973,1.22310729478363));
#793=CARTESIAN_POINT('',(3.40381880827549,7.87382744921699,1.22395131915077));
#794=CARTESIAN_POINT('',(3.40371974056216,7.873829437577,1.2239133789817));
#795=CARTESIAN_POINT('',(3.40367378470317,7.87383110777431,1.22388150971849));
#796=CARTESIAN_POINT('',(3.40344774342778,7.87379053288888,1.22465572465336));
#797=CARTESIAN_POINT('',(3.40326506179725,7.87374810287676,1.22546533751437));
#798=CARTESIAN_POINT('',(3.4031415127061,7.87370579556279,1.22627260915514));
#799=CARTESIAN_POINT('',(3.40301796361495,7.87366348824882,1.22707988079591));
#800=CARTESIAN_POINT('',(3.40294896808025,7.87362072006936,1.22789594627399));
#801=CARTESIAN_POINT('',(3.40293327083548,7.87357793516664,1.22871233085101));
#802=CARTESIAN_POINT('',(3.40290187634594,7.8734923653612,1.23034510000503));
#803=CARTESIAN_POINT('',(3.40308618425115,7.87340665944006,1.23198046640111));
#804=CARTESIAN_POINT('',(3.40344215083225,7.87332312114804,1.23357447196989));
#805=CARTESIAN_POINT('',(3.40379811741335,7.87323958285601,1.23516847753868));
#806=CARTESIAN_POINT('',(3.40432521460295,7.87315812156953,1.23672285148078));
#807=CARTESIAN_POINT('',(3.40497242312467,7.87307950686602,1.23822290938419));
#808=CARTESIAN_POINT('',(3.40561963164639,7.8730008921625,1.23972296728761));
#809=CARTESIAN_POINT('',(3.40638714855401,7.8729250602106,1.24116992712725));
#810=CARTESIAN_POINT('',(3.40723943354287,7.87285198384146,1.24256430731548));
#811=CARTESIAN_POINT('',(3.40809171853174,7.87277890747231,1.24395868750372));
#812=CARTESIAN_POINT('',(3.409027444024,7.87270855055946,1.24530117737476));
#813=CARTESIAN_POINT('',(3.41002329556078,7.872640647461,1.2465968456781));
#814=CARTESIAN_POINT('',(3.41101914709756,7.87257274436253,1.24789251398144));
#815=CARTESIAN_POINT('',(3.41207544445019,7.87250728375286,1.24914157682226));
#816=CARTESIAN_POINT('',(3.41317690134116,7.87244398911806,1.25034931040052));
#817=CARTESIAN_POINT('',(3.41537981512308,7.87231739984845,1.25276477755704));
#818=CARTESIAN_POINT('',(3.41775693255597,7.87219931709126,1.25501793078741));
#819=CARTESIAN_POINT('',(3.42024129310136,7.87208791688658,1.25714357331998));
#820=CARTESIAN_POINT('',(3.42272565364675,7.8719765166819,1.25926921585255));
#821=CARTESIAN_POINT('',(3.42531641574916,7.87187173012414,1.26126866248432));
#822=CARTESIAN_POINT('',(3.42798056938809,7.87177237547635,1.26316446209925));
#823=CARTESIAN_POINT('',(3.43064472302702,7.87167302082857,1.26506026171419));
#824=CARTESIAN_POINT('',(3.4333816294914,7.87157905331816,1.26685326862452));
#825=CARTESIAN_POINT('',(3.43617161641759,7.87148965774951,1.26855903768918));
#826=CARTESIAN_POINT('',(3.43896160334379,7.87140026218086,1.27026480675384));
#827=CARTESIAN_POINT('',(3.44180561793196,7.87131547140785,1.27188271108345));
#828=CARTESIAN_POINT('',(3.44468813780906,7.87123455134775,1.27342675781113));
#829=CARTESIAN_POINT('',(3.44612939774761,7.87119409131769,1.27419878117496));
#830=CARTESIAN_POINT('',(3.44758089476101,7.87115462807319,1.27495178473751));
#831=CARTESIAN_POINT('',(3.44904154551528,7.87111610662613,1.27568681773423));
#832=CARTESIAN_POINT('',(3.45050219626955,7.87107758517907,1.27642185073095));
#833=CARTESIAN_POINT('',(3.4519720007647,7.87104000552946,1.27713891316183));
#834=CARTESIAN_POINT('',(3.45344987566675,7.8710033126892,1.27783905426235));
#835=CARTESIAN_POINT('',(3.45640562547087,7.87092992700867,1.27923933646337));
#836=CARTESIAN_POINT('',(3.45939229079064,7.87086001434152,1.28057334962152));
#837=CARTESIAN_POINT('',(3.46240491692254,7.87079329164417,1.28184649452986));
#838=CARTESIAN_POINT('',(3.46541754305445,7.87072656894682,1.28311963943821));
#839=CARTESIAN_POINT('',(3.46845612999848,7.87066303621927,1.28433191609674));
#840=CARTESIAN_POINT('',(3.47151572305114,7.87060241041795,1.28548872529855));
#841=CARTESIAN_POINT('',(3.47304551957747,7.87057209751729,1.28606712989945));
#842=CARTESIAN_POINT('',(3.4745803149652,7.87054249528725,1.28663197409694));
#843=CARTESIAN_POINT('',(3.4761197930726,7.87051358277994,1.28718365760091));
#844=CARTESIAN_POINT('',(3.47765927117999,7.87048467027263,1.28773534110488));
#845=CARTESIAN_POINT('',(3.47920343200704,7.87045644748804,1.28827386391532));
#846=CARTESIAN_POINT('',(3.48075195941199,7.87042889347827,1.28879962574214));
#847=CARTESIAN_POINT('',(3.48230048681695,7.87040133946849,1.28932538756896));
#848=CARTESIAN_POINT('',(3.48385338079981,7.87037445423353,1.28983838841215));
#849=CARTESIAN_POINT('',(3.48541032521882,7.87034821682547,1.2903390279816));
#850=CARTESIAN_POINT('',(3.48696726963783,7.87032197941742,1.29083966755106));
#851=CARTESIAN_POINT('',(3.488528264493,7.87029638983627,1.29132794584677));
#852=CARTESIAN_POINT('',(3.49009299364257,7.87027142713412,1.29180426257864));
#853=CARTESIAN_POINT('',(3.49165772279214,7.87024646443197,1.29228057931051));
#854=CARTESIAN_POINT('',(3.49322584773549,7.87022210478673,1.29274538903092));
#855=CARTESIAN_POINT('',(3.49479715802128,7.87019833216922,1.29319899759506));
#856=CARTESIAN_POINT('',(3.49636846830707,7.87017455955171,1.29365260615919));
#857=CARTESIAN_POINT('',(3.49794296393531,7.87015137396193,1.29409501356707));
#858=CARTESIAN_POINT('',(3.49952043445464,7.87012875937067,1.29452652567388));
#859=CARTESIAN_POINT('',(3.50267537549331,7.87008353018817,1.2953895498875));
#860=CARTESIAN_POINT('',(3.50584221609639,7.8700405849998,1.29620899289688));
#861=CARTESIAN_POINT('',(3.50901927265316,7.86999979557203,1.29698730154363));
#862=CARTESIAN_POINT('',(3.51219632920994,7.86995900614425,1.29776561019037));
#863=CARTESIAN_POINT('',(3.51538477021931,7.86992046538163,1.29850101175007));
#864=CARTESIAN_POINT('',(3.51857951425641,7.86988373407687,1.29920188679679));
#865=CARTESIAN_POINT('',(3.52177425829352,7.86984700277212,1.29990276184352));
#866=CARTESIAN_POINT('',(3.5249781221556,7.86981234520685,1.30056406758372));
#867=CARTESIAN_POINT('',(3.52818913660428,7.86977955329401,1.30118977455482));
#868=CARTESIAN_POINT('',(3.53140015105297,7.86974676138118,1.30181548152591));
#869=CARTESIAN_POINT('',(3.5346164449954,7.86971564992337,1.30240912350482));
#870=CARTESIAN_POINT('',(3.53783973152791,7.86968641178635,1.30296702039384));
#871=CARTESIAN_POINT('',(3.54106301806041,7.86965717364933,1.30352491728286));
#872=CARTESIAN_POINT('',(3.54429285269177,7.86962975203854,1.30404815278642));
#873=CARTESIAN_POINT('',(3.54752612240943,7.86960378160888,1.30454369810456));
#874=CARTESIAN_POINT('',(3.5507593921271,7.86957781117923,1.30503924342269));
#875=CARTESIAN_POINT('',(3.55399700841956,7.86955341917252,1.30550467063681));
#876=CARTESIAN_POINT('',(3.55723944067019,7.86953063889965,1.3059393441372));
#877=CARTESIAN_POINT('',(3.56048187292083,7.86950785862678,1.30637401763758));
#878=CARTESIAN_POINT('',(3.56372807255456,7.86948654496187,1.30678070659115));
#879=CARTESIAN_POINT('',(3.56697634256865,7.86946646516746,1.30716385189294));
#880=CARTESIAN_POINT('',(3.57022461258274,7.86944638537305,1.30754699719472));
#881=CARTESIAN_POINT('',(3.5734770186523,7.86942787179382,1.3079002573306));
#882=CARTESIAN_POINT('',(3.57673181279917,7.86941059955246,1.30822983132891));
#883=CARTESIAN_POINT('',(3.57998660694605,7.86939332731109,1.30855940532722));
#884=CARTESIAN_POINT('',(3.58324332296711,7.86937719779124,1.30886717490019));
#885=CARTESIAN_POINT('',(3.58650174900861,7.8693622112827,1.30915313451815));
#886=CARTESIAN_POINT('',(3.58976017505012,7.86934722477416,1.30943909413611));
#887=CARTESIAN_POINT('',(3.59302125555231,7.86933357401342,1.30969956616773));
#888=CARTESIAN_POINT('',(3.59628376489297,7.86932094568582,1.30994052901281));
#889=CARTESIAN_POINT('',(3.59954627423364,7.86930831735822,1.31018149185789));
#890=CARTESIAN_POINT('',(3.60280993162376,7.8692966263555,1.31040456947877));
#891=CARTESIAN_POINT('',(3.60607441449401,7.86928583320929,1.31061051497686));
#892=CARTESIAN_POINT('',(3.60933889736426,7.86927504006308,1.31081646047496));
#893=CARTESIAN_POINT('',(3.61260504157109,7.86926539116816,1.31100057235779));
#894=CARTESIAN_POINT('',(3.61587205142937,7.86925657996328,1.31116870016257));
#895=CARTESIAN_POINT('',(3.61913906128766,7.86924776875839,1.31133682796735));
#896=CARTESIAN_POINT('',(3.62240693679741,7.86923979524354,1.31148897169409));
#897=CARTESIAN_POINT('',(3.62567488227352,7.86923235285747,1.31163098088001));
#898=CARTESIAN_POINT('',(3.62894282774963,7.8692249104714,1.31177299006594));
#899=CARTESIAN_POINT('',(3.63221164744438,7.86921837740629,1.31189764837422));
#900=CARTESIAN_POINT('',(3.63548096819333,7.86921252309731,1.31200935524423));
#901=CARTESIAN_POINT('',(3.63875028894229,7.86920666878832,1.31212106211424));
#902=CARTESIAN_POINT('',(3.64202011074544,7.86920149323545,1.31221981754598));
#903=CARTESIAN_POINT('',(3.64529006043836,7.86919676587385,1.31231002097878));
#904=CARTESIAN_POINT('',(3.65182995982421,7.86918731115066,1.3124904278444));
#905=CARTESIAN_POINT('',(3.65837080338577,7.86917990300786,1.31263178362974));
#906=CARTESIAN_POINT('',(3.66491225921363,7.86917440924343,1.31273661089972));
#907=CARTESIAN_POINT('',(3.67145371504148,7.869168915479,1.3128414381697));
#908=CARTESIAN_POINT('',(3.67799578313564,7.86916533609295,1.3129097369243));
#909=CARTESIAN_POINT('',(3.68453813158669,7.86916353888324,1.31294402972844));
#910=CARTESIAN_POINT('',(3.69108048003773,7.86916174167353,1.31297832253258));
#911=CARTESIAN_POINT('',(3.69762287589551,7.86916164390157,1.31298018813258));
#912=CARTESIAN_POINT('',(3.70416511530045,7.86916314408986,1.31295156283481));
#913=CARTESIAN_POINT('',(3.71070735470539,7.86916464427815,1.31292293753704));
#914=CARTESIAN_POINT('',(3.7172494376575,7.86916774242668,1.3128638213415));
#915=CARTESIAN_POINT('',(3.72379116029721,7.86917233705793,1.31277615055456));
#916=CARTESIAN_POINT('',(3.73033288293692,7.86917693168918,1.31268847976761));
#917=CARTESIAN_POINT('',(3.73687424526424,7.86918302280315,1.31257225438927));
#918=CARTESIAN_POINT('',(3.7434150434196,7.86919050892234,1.31242941072589));
#919=CARTESIAN_POINT('',(3.74995584157497,7.86919799504152,1.31228656706252));
#920=CARTESIAN_POINT('',(3.75649607555837,7.86920687616591,1.31211710511411));
#921=CARTESIAN_POINT('',(3.76303554151026,7.86921705081799,1.31192296118703));
#922=CARTESIAN_POINT('',(3.76957500746215,7.86922722547007,1.31172881725996));
#923=CARTESIAN_POINT('',(3.77611370158868,7.86923867872057,1.31151027622151));
#924=CARTESIAN_POINT('',(3.78265154128174,7.86925134033421,1.31126867824096));
#925=CARTESIAN_POINT('',(3.7891893809748,7.86926400194785,1.31102708026042));
#926=CARTESIAN_POINT('',(3.79572636623438,7.86927787192463,1.31076242533777));
#927=CARTESIAN_POINT('',(3.80226241445238,7.86929288002923,1.31047605364231));
#928=CARTESIAN_POINT('',(3.80879846267037,7.86930788813384,1.31018968194684));
#929=CARTESIAN_POINT('',(3.81533357384677,7.86932403436629,1.30988159347855));
#930=CARTESIAN_POINT('',(3.82186766537347,7.86934124849128,1.30955312840671));
#931=CARTESIAN_POINT('',(3.82840175690016,7.86935846261626,1.30922466333487));
#932=CARTESIAN_POINT('',(3.83493482877714,7.86937674463379,1.30887582165948));
#933=CARTESIAN_POINT('',(3.8414667983963,7.86939602430857,1.30850794354981));
#934=CARTESIAN_POINT('',(3.84799876801545,7.86941530398334,1.30814006544015));
#935=CARTESIAN_POINT('',(3.85452958514193,7.86943550092353,1.30775468486374));
#936=CARTESIAN_POINT('',(3.86105934390994,7.86945673462943,1.3073495216191));
#937=CARTESIAN_POINT('',(3.86758910267794,7.86947796833533,1.30694435837446));
#938=CARTESIAN_POINT('',(3.87411776455401,7.86950018000972,1.30652053437937));
#939=CARTESIAN_POINT('',(3.88064523418901,7.86952320824945,1.3060811293893));
#940=CARTESIAN_POINT('',(3.88717270382401,7.86954623648919,1.30564172439923));
#941=CARTESIAN_POINT('',(3.89369902946358,7.86957019355201,1.30518459640887));
#942=CARTESIAN_POINT('',(3.90022418634545,7.86959499037401,1.30471144485876));
#943=CARTESIAN_POINT('',(3.90674934322733,7.86961978719602,1.30423829330866));
#944=CARTESIAN_POINT('',(3.91327333135151,7.86964542377721,1.30374911819882));
#945=CARTESIAN_POINT('',(3.91979612595574,7.86967181105367,1.30324561896979));
#946=CARTESIAN_POINT('',(3.92631892055997,7.86969819833014,1.30274211974076));
#947=CARTESIAN_POINT('',(3.93284054111363,7.86972542735944,1.30222255891074));
#948=CARTESIAN_POINT('',(3.93936097879496,7.86975341907165,1.301688445224));
#949=CARTESIAN_POINT('',(3.9458814164763,7.86978141078385,1.30115433153725));
#950=CARTESIAN_POINT('',(3.95240067128531,7.86981016517896,1.30060566499378));
#951=CARTESIAN_POINT('',(3.95891873440025,7.86983960318704,1.30004395433786));
#952=CARTESIAN_POINT('',(3.97195486063012,7.86989847920319,1.29892053302602));
#953=CARTESIAN_POINT('',(3.98498625533009,7.86996028934843,1.29774112519613));
#954=CARTESIAN_POINT('',(3.99801295322303,7.87002464923039,1.29651306549123));
#955=CARTESIAN_POINT('',(4.01103965111596,7.87008900911235,1.29528500578634));
#956=CARTESIAN_POINT('',(4.02406167015947,7.87015594818388,1.29400773221274));
#957=CARTESIAN_POINT('',(4.03707911158678,7.87022525316664,1.29268531436341));
#958=CARTESIAN_POINT('',(4.0500965530141,7.87029455814941,1.29136289651409));
#959=CARTESIAN_POINT('',(4.06310941682522,7.87036622904342,1.28999533438905));
#960=CARTESIAN_POINT('',(4.0761178042534,7.87044005257033,1.28858669758127));
#961=CARTESIAN_POINT('',(4.10213457910975,7.87058769962415,1.2857694239657));
#962=CARTESIAN_POINT('',(4.12813362448103,7.87074380817308,1.28279069540557));
#963=CARTESIAN_POINT('',(4.15411583801383,7.87090727176315,1.27967162429991));
#964=CARTESIAN_POINT('',(4.18009805154664,7.87107073535322,1.27655255319425));
#965=CARTESIAN_POINT('',(4.20606357933895,7.87124141390924,1.27329581233724));
#966=CARTESIAN_POINT('',(4.23201324548358,7.87141843734233,1.2699180040136));
#967=CARTESIAN_POINT('',(4.2579629116282,7.87159546077541,1.26654019568996));
#968=CARTESIAN_POINT('',(4.28389669705925,7.8717788634406,1.26304066436654));
#969=CARTESIAN_POINT('',(4.309815075424,7.87196804309768,1.25943090147135));
#970=CARTESIAN_POINT('',(4.33573345378875,7.87215722275475,1.25582113857617));
#971=CARTESIAN_POINT('',(4.36163659973707,7.87235210130424,1.25210263433584));
#972=CARTESIAN_POINT('',(4.38752404402951,7.87255253648461,1.24827810326222));
#973=CARTESIAN_POINT('',(4.41341148832194,7.87275297166498,1.24445357218859));
#974=CARTESIAN_POINT('',(4.43928323095848,7.87295896347622,1.24052301428167));
#975=CARTESIAN_POINT('',(4.46513880269967,7.87317036965681,1.23648914405331));
#976=CARTESIAN_POINT('',(4.49099437444085,7.87338177583739,1.23245527382496));
#977=CARTESIAN_POINT('',(4.51683381733613,7.87359860325428,1.22831796024575));
#978=CARTESIAN_POINT('',(4.5426550574012,7.8738212037951,1.22407048889947));
#979=CARTESIAN_POINT('',(4.56847629746628,7.87404380433593,1.21982301755319));
#980=CARTESIAN_POINT('',(4.59427933470116,7.8742721780007,1.21546538843983));
#981=GEOMETRIC_SET('WUQJBCSHNO, MainWing, 0',(#52));
#982=GEOMETRICALLY_BOUNDED_SURFACE_SHAPE_REPRESENTATION('',(#981),#12);
#983=SHAPE_REPRESENTATION_RELATIONSHIP('','',#26,#982);
#984=B_SPLINE_SURFACE_WITH_KNOTS('Surf_WUQJBCSHNO, MainWing, 1, 0',1,3,((#985, #985, #985, #985, #986, #987, #988, #989, #990, #991, #992, #993, #994, #995, #996, #997, #998, #999, #1000, #1001, #1002, #1003, #1004, #1005, #1006, #1007, #1008, #1009, #1010, #1011, #1012, #1013, #1014, #1015, #1016, #1017, #1018, #1019, #1020, #1021, #1022, #1023, #1024, #1025, #1026, #1027, #1028, #1029, #1030, #1031, #1032, #1033, #1034, #1035, #1036, #1037, #1038, #1039, #1040, #1041, #1042, #1043, #1044, #1045, #1046, #1047, #1048, #1049, #1050, #1051, #1052, #1053, #1054, #1055, #1056, #1057, #1058, #1059, #1060, #1061, #1062, #1063, #1064, #1065, #1066, #1067, #1068, #1069, #1070, #1071, #1072, #1073, #1074, #1075, #1076, #1077, #1078, #1079, #1080, #1081, #1082, #1083, #1084, #1085, #1086, #1087, #1088, #1089, #1090, #1091, #1092, #1093, #1094, #1095, #1096, #1097, #1098, #1099, #1100, #1101, #1102, #1103, #1104, #1105, #1106, #1107, #1108, #1109, #1110, #1111, #1112, #1113, #1114, #1115, #1116, #1117, #1118, #1119, #1120, #1121, #1122, #1123, #1124, #1125, #1126, #1127, #1128, #1129, #1130, #1131, #1132, #1133, #1134, #1135, #1136, #1137, #1138, #1139, #1140, #1141, #1142, #1143, #1144, #1145, #1146, #1147, #1148, #1149, #1150, #1151, #1152, #1153, #1154, #1155, #1156, #1157, #1158, #1159, #1160, #1161, #1162, #1163, #1164, #1165, #1166, #1167, #1168, #1169, #1170, #1171, #1171, #1171, #1171, #1171, #1171, #1171, #1172, #1173, #1174, #1175, #1176, #1177, #1178, #1179, #1180, #1181, #1182, #1183, #1184, #1185, #1186, #1187, #1188, #1189, #1190, #1191, #1192, #1193, #1194, #1195, #1196, #1197, #1198, #1199, #1200, #1201, #1202, #1203, #1204, #1205, #1206, #1207, #1208, #1209, #1210, #1211, #1212, #1213, #1214, #1215, #1216, #1217, #1218, #1219, #1220, #1221, #1222, #1223, #1224, #1225, #1226, #1227, #1228, #1229, #1230, #1231, #1232, #1233, #1234, #1235, #1236, #1237, #1238, #1239, #1240, #1241, #1242, #1243, #1244, #1245, #1246, #1247, #1248, #1249, #1250, #1251, #1252, #1253, #1254, #1255, #1256, #1257, #1258, #1259, #1260, #1261, #1262, #1263, #1264, #1265, #1266, #1267, #1268, #1269, #1270, #1271, #1272, #1273, #1274, #1275, #1276, #1277, #1278, #1279, #1280, #1281, #1282, #1283, #1284, #1285, #1286, #1287, #1288, #1289, #1290, #1291, #1292, #1293, #1294, #1295, #1296, #1297, #1298, #1299, #1300, #1301, #1302, #1303, #1304, #1305, #1306, #1307, #1308, #1309, #1310, #1311, #1312, #1313, #1314, #1315, #1316, #1317, #1318, #1319, #1320, #1321, #1322, #1323, #1324, #1325, #1326, #1327, #1328, #1329, #1330, #1331, #1332, #1333, #1334, #1335, #1336, #1337, #1338, #1339, #1340, #1341, #1342, #1343, #1344, #1345, #1346, #1347, #1348, #1349, #1350, #1351, #1352, #1353, #1354, #1355, #1356, #985, #985, #985, #985),(#1357, #1357, #1357, #1357, #1358, #1359, #1362, #1363, #1364, #1368, #1369, #1370, #1374, #1375, #1376, #1380, #1381, #1382, #1386, #1387, #1388, #1392, #1393, #1394, #1398, #1399, #1400, #1404, #1405, #1406, #1410, #1411, #1412, #1416, #1417, #1418, #1422, #1423, #1424, #1428, #1429, #1430, #1434, #1435, #1436, #1440, #1441, #1442, #1446, #1447, #1448, #1452, #1453, #1454, #1458, #1459, #1460, #1464, #1465, #1466, #1470, #1471, #1472, #1476, #1477, #1478, #1482, #1483, #1484, #1488, #1489, #1490, #1494, #1495, #1496, #1500, #1501, #1502, #1506, #1507, #1508, #1512, #1513, #1514, #1518, #1519, #1520, #1524, #1525, #1526, #1530, #1531, #1532, #1536, #1537, #1538, #1542, #1543, #1544, #1548, #1549, #1550, #1554, #1555, #1556, #1560, #1561, #1562, #1566, #1567, #1568, #1572, #1573, #1574, #1578, #1579, #1580, #1584, #1585, #1586, #1590, #1591, #1592, #1596, #1597, #1598, #1602, #1603, #1604, #1608, #1609, #1610, #1614, #1615, #1616, #1620, #1621, #1622, #1626, #1627, #1628, #1632, #1633, #1634, #1638, #1639, #1640, #1644, #1645, #1646, #1650, #1651, #1652, #1656, #1657, #1658, #1662, #1663, #1664, #1668, #1669, #1670, #1674, #1675, #1676, #1680, #1681, #1682, #1686, #1687, #1688, #1692, #1693, #1694, #1698, #1699, #1700, #1704, #1705, #1706, #1710, #1711, #1712, #1716, #1717, #1718, #1722, #1723, #1724, #1727, #1727, #1727, #1727, #1727, #1727, #1727, #1728, #1729, #1730, #1731, #1732, #1733, #1734, #1735, #1736, #1737, #1738, #1739, #1740, #1741, #1742, #1743, #1744, #1745, #1746, #1747, #1748, #1749, #1750, #1751, #1752, #1753, #1754, #1755, #1756, #1757, #1758, #1759, #1760, #1761, #1762, #1763, #1764, #1765, #1766, #1767, #1768, #1769, #1770, #1771, #1772, #1773, #1774, #1775, #1776, #1777, #1778, #1779, #1780, #1781, #1782, #1783, #1784, #1785, #1786, #1787, #1788, #1789, #1790, #1791, #1792, #1793, #1794, #1795, #1796, #1797, #1798, #1799, #1800, #1801, #1802, #1803, #1804, #1805, #1806, #1807, #1808, #1809, #1810, #1811, #1812, #1813, #1814, #1815, #1816, #1817, #1818, #1819, #1820, #1821, #1822, #1823, #1824, #1825, #1826, #1827, #1828, #1829, #1830, #1831, #1832, #1833, #1834, #1835, #1836, #1837, #1838, #1839, #1840, #1841, #1842, #1843, #1844, #1845, #1846, #1847, #1848, #1849, #1850, #1851, #1852, #1853, #1854, #1855, #1856, #1857, #1858, #1859, #1860, #1861, #1862, #1863, #1864, #1865, #1866, #1867, #1868, #1869, #1870, #1871, #1872, #1873, #1874, #1875, #1876, #1877, #1878, #1879, #1880, #1881, #1882, #1883, #1884, #1885, #1886, #1887, #1888, #1889, #1890, #1891, #1892, #1893, #1894, #1895, #1896, #1897, #1898, #1899, #1900, #1901, #1902, #1903, #1904, #1905, #1906, #1907, #1908, #1909, #1910, #1911, #1912, #1357, #1357, #1357, #1357),(#1357, #1357, #1357, #1357, #1360, #1361, #1365, #1366, #1367, #1371, #1372, #1373, #1377, #1378, #1379, #1383, #1384, #1385, #1389, #1390, #1391, #1395, #1396, #1397, #1401, #1402, #1403, #1407, #1408, #1409, #1413, #1414, #1415, #1419, #1420, #1421, #1425, #1426, #1427, #1431, #1432, #1433, #1437, #1438, #1439, #1443, #1444, #1445, #1449, #1450, #1451, #1455, #1456, #1457, #1461, #1462, #1463, #1467, #1468, #1469, #1473, #1474, #1475, #1479, #1480, #1481, #1485, #1486, #1487, #1491, #1492, #1493, #1497, #1498, #1499, #1503, #1504, #1505, #1509, #1510, #1511, #1515, #1516, #1517, #1521, #1522, #1523, #1527, #1528, #1529, #1533, #1534, #1535, #1539, #1540, #1541, #1545, #1546, #1547, #1551, #1552, #1553, #1557, #1558, #1559, #1563, #1564, #1565, #1569, #1570, #1571, #1575, #1576, #1577, #1581, #1582, #1583, #1587, #1588, #1589, #1593, #1594, #1595, #1599, #1600, #1601, #1605, #1606, #1607, #1611, #1612, #1613, #1617, #1618, #1619, #1623, #1624, #1625, #1629, #1630, #1631, #1635, #1636, #1637, #1641, #1642, #1643, #1647, #1648, #1649, #1653, #1654, #1655, #1659, #1660, #1661, #1665, #1666, #1667, #1671, #1672, #1673, #1677, #1678, #1679, #1683, #1684, #1685, #1689, #1690, #1691, #1695, #1696, #1697, #1701, #1702, #1703, #1707, #1708, #1709, #1713, #1714, #1715, #1719, #1720, #1721, #1725, #1726, #1727, #1727, #1727, #1727, #1727, #1727, #1727, #1727, #1727, #1726, #1725, #1721, #1720, #1719, #1715, #1714, #1713, #1709, #1708, #1707, #1703, #1702, #1701, #1697, #1696, #1695, #1691, #1690, #1689, #1685, #1684, #1683, #1679, #1678, #1677, #1673, #1672, #1671, #1667, #1666, #1665, #1661, #1660, #1659, #1655, #1654, #1653, #1649, #1648, #1647, #1643, #1642, #1641, #1637, #1636, #1635, #1631, #1630, #1629, #1625, #1624, #1623, #1619, #1618, #1617, #1613, #1612, #1611, #1607, #1606, #1605, #1601, #1600, #1599, #1595, #1594, #1593, #1589, #1588, #1587, #1583, #1582, #1581, #1577, #1576, #1575, #1571, #1570, #1569, #1565, #1564, #1563, #1559, #1558, #1557, #1553, #1552, #1551, #1547, #1546, #1545, #1541, #1540, #1539, #1535, #1534, #1533, #1529, #1528, #1527, #1523, #1522, #1521, #1517, #1516, #1515, #1511, #1510, #1509, #1505, #1504, #1503, #1499, #1498, #1497, #1493, #1492, #1491, #1487, #1486, #1485, #1481, #1480, #1479, #1475, #1474, #1473, #1469, #1468, #1467, #1463, #1462, #1461, #1457, #1456, #1455, #1451, #1450, #1449, #1445, #1444, #1443, #1439, #1438, #1437, #1433, #1432, #1431, #1427, #1426, #1425, #1421, #1420, #1419, #1415, #1414, #1413, #1409, #1408, #1407, #1403, #1402, #1401, #1397, #1396, #1395, #1391, #1390, #1389, #1385, #1384, #1383, #1379, #1378, #1377, #1373, #1372, #1371, #1367, #1366, #1365, #1361, #1360, #1357, #1357, #1357, #1357)),.UNSPECIFIED.,.F.,.T.,.F.,(2,1,2),(4,3,3,3,3,3,3,3,3,3,3,3,3,3,3,3,3,3,3,3,3,3,3,3,3,3,3,3,3,3,3,3,3,3,3,3,3,3,3,3,3,3,3,3,3,3,3,3,3,3,3,3,3,3,3,3,3,3,3,3,3,3,3,3,3,3,3,3,3,3,3,3,3,3,3,3,3,3,3,3,3,3,3,3,3,3,3,3,3,3,3,3,3,3,3,3,3,3,3,3,3,3,3,3,3,3,3,3,3,3,3,3,3,3,3,3,3,3,3,3,3,3,3,3,3,3,3,3,4),(0.,1.,2.),(0.,1.,2.,3.,4.,5.,6.,7.,8.,9.,10.,11.,12.,13.,14.,15.,16.,17.,18.,19.,20.,21.,22.,23.,24.,25.,26.,27.,28.,29.,30.,31.,32.,33.,34.,35.,36.,37.,38.,39.,40.,41.,42.,43.,44.,45.,46.,47.,48.,49.,50.,51.,52.,53.,54.,55.,56.,57.,58.,59.,60.,61.,62.,63.,64.,65.,66.,67.,68.,69.,70.,71.,72.,73.,74.,75.,76.,77.,78.,79.,80.,81.,82.,83.,84.,85.,86.,87.,88.,89.,90.,91.,92.,93.,94.,95.,96.,97.,98.,99.,100.,101.,102.,103.,104.,105.,106.,107.,108.,109.,110.,111.,112.,113.,114.,115.,116.,117.,118.,119.,120.,121.,122.,123.,124.,125.,126.,127.,128.),.PIECEWISE_BEZIER_KNOTS.);
#985=CARTESIAN_POINT('',(5.04979566924119,0.,0.712911904226461));
#986=CARTESIAN_POINT('',(5.00577644832929,0.,0.725049262012194));
#987=CARTESIAN_POINT('',(4.96167754889376,0.,0.736896698900091));
#988=CARTESIAN_POINT('',(4.91750825772286,0.,0.748474747364275));
#989=CARTESIAN_POINT('',(4.87333896655195,0.,0.760052795828459));
#990=CARTESIAN_POINT('',(4.82909932003711,0.,0.771361635403051));
#991=CARTESIAN_POINT('',(4.78479505792536,0.,0.782410822233199));
#992=CARTESIAN_POINT('',(4.74049079581362,0.,0.793460009063347));
#993=CARTESIAN_POINT('',(4.69612202174775,0.,0.804249670099823));
#994=CARTESIAN_POINT('',(4.65169127832045,0.,0.814777699850533));
#995=CARTESIAN_POINT('',(4.60726053489315,0.,0.825305729601244));
#996=CARTESIAN_POINT('',(4.56276789145835,0.,0.83557157066799));
#997=CARTESIAN_POINT('',(4.51821317740035,0.,0.845560869479921));
#998=CARTESIAN_POINT('',(4.47365846334235,0.,0.855550168291852));
#999=CARTESIAN_POINT('',(4.4290415435504,0.,0.865260986642643));
#1000=CARTESIAN_POINT('',(4.38436003116353,0.,0.87466558684765));
#1001=CARTESIAN_POINT('',(4.33967851877666,0.,0.884070187052657));
#1002=CARTESIAN_POINT('',(4.29493209756688,0.,0.893165774742365));
#1003=CARTESIAN_POINT('',(4.25011665987862,0.,0.901909221104487));
#1004=CARTESIAN_POINT('',(4.20530122219036,0.,0.910652667466609));
#1005=CARTESIAN_POINT('',(4.16041627025289,0.,0.91904028235071));
#1006=CARTESIAN_POINT('',(4.1154562600814,0.,0.927003845940848));
#1007=CARTESIAN_POINT('',(4.09297625499565,0.,0.930985627735917));
#1008=CARTESIAN_POINT('',(4.07047767055983,0.,0.934864776691568));
#1009=CARTESIAN_POINT('',(4.04795933691844,0.,0.938622388102733));
#1010=CARTESIAN_POINT('',(4.02544100327705,0.,0.942379999513899));
#1011=CARTESIAN_POINT('',(4.00290352571557,0.,0.946027458148295));
#1012=CARTESIAN_POINT('',(3.98034556461883,0.,0.9495385115454));
#1013=CARTESIAN_POINT('',(3.95778760352208,0.,0.953049564942505));
#1014=CARTESIAN_POINT('',(3.9352097989928,0.,0.956437520882049));
#1015=CARTESIAN_POINT('',(3.91261113612782,0.,0.959677442166711));
#1016=CARTESIAN_POINT('',(3.90131180469534,0.,0.961297402809042));
#1017=CARTESIAN_POINT('',(3.89000737168917,0.,0.962883954316965));
#1018=CARTESIAN_POINT('',(3.87869772762681,0.,0.964430881297365));
#1019=CARTESIAN_POINT('',(3.86738808356445,0.,0.965977808277764));
#1020=CARTESIAN_POINT('',(3.8560731980434,0.,0.967483011214547));
#1021=CARTESIAN_POINT('',(3.84475310304505,0.,0.968951626519271));
#1022=CARTESIAN_POINT('',(3.8334330080467,0.,0.970420241823996));
#1023=CARTESIAN_POINT('',(3.82210766293457,0.,0.971848455005489));
#1024=CARTESIAN_POINT('',(3.81077711632914,0.,0.973233793807581));
#1025=CARTESIAN_POINT('',(3.7994465697237,0.,0.974619132609672));
#1026=CARTESIAN_POINT('',(3.78811082162497,0.,0.975961597032361));
#1027=CARTESIAN_POINT('',(3.77676992065342,0.,0.977258714819478));
#1028=CARTESIAN_POINT('',(3.76542901968187,0.,0.978555832606594));
#1029=CARTESIAN_POINT('',(3.7540829658375,0.,0.979807603758137));
#1030=CARTESIAN_POINT('',(3.7427318077408,0.,0.981011556017935));
#1031=CARTESIAN_POINT('',(3.7313806496441,0.,0.982215508277733));
#1032=CARTESIAN_POINT('',(3.72002438729506,0.,0.983371641645787));
#1033=CARTESIAN_POINT('',(3.70866306931418,0.,0.984477483865924));
#1034=CARTESIAN_POINT('',(3.6973017513333,0.,0.985583326086062));
#1035=CARTESIAN_POINT('',(3.6859357209269,0.,0.986633148211007));
#1036=CARTESIAN_POINT('',(3.67456462829547,0.,0.987632249724999));
#1037=CARTESIAN_POINT('',(3.66319353566404,0.,0.988631351238991));
#1038=CARTESIAN_POINT('',(3.65181745677558,0.,0.989579016878521));
#1039=CARTESIAN_POINT('',(3.64043714474663,0.,0.990464167290347));
#1040=CARTESIAN_POINT('',(3.62905683271768,0.,0.991349317702173));
#1041=CARTESIAN_POINT('',(3.6176719113938,0.,0.992176688758028));
#1042=CARTESIAN_POINT('',(3.60628279343642,0.,0.992941690510063));
#1043=CARTESIAN_POINT('',(3.59489367547905,0.,0.993706692262099));
#1044=CARTESIAN_POINT('',(3.58350036088818,0.,0.994409324710315));
#1045=CARTESIAN_POINT('',(3.57210326232525,0.,0.995044997906864));
#1046=CARTESIAN_POINT('',(3.56070616376232,0.,0.995680671103413));
#1047=CARTESIAN_POINT('',(3.54930480439624,0.,0.99625406109565));
#1048=CARTESIAN_POINT('',(3.53790095636783,0.,0.996749988105398));
#1049=CARTESIAN_POINT('',(3.52649710833943,0.,0.997245915115146));
#1050=CARTESIAN_POINT('',(3.51508997478573,0.,0.997670109872972));
#1051=CARTESIAN_POINT('',(3.50368017515183,0.,0.998019147949135));
#1052=CARTESIAN_POINT('',(3.49227037551793,0.,0.998368186025298));
#1053=CARTESIAN_POINT('',(3.48085915350358,0.,0.998633094364348));
#1054=CARTESIAN_POINT('',(3.46944550790082,0.,0.998820056285914));
#1055=CARTESIAN_POINT('',(3.45803186229807,0.,0.999007018207481));
#1056=CARTESIAN_POINT('',(3.44661727278752,0.,0.99910785893052));
#1057=CARTESIAN_POINT('',(3.43520252707919,0.,0.999116567065449));
#1058=CARTESIAN_POINT('',(3.42378778137086,0.,0.999125275200379));
#1059=CARTESIAN_POINT('',(3.41237156183853,0.,0.999049337488892));
#1060=CARTESIAN_POINT('',(3.40095875032002,0.,0.998865241409516));
#1061=CARTESIAN_POINT('',(3.38954593880151,0.,0.998681145330139));
#1062=CARTESIAN_POINT('',(3.37813196024867,0.,0.99842075869704));
#1063=CARTESIAN_POINT('',(3.36672422977092,0.,0.998023306159871));
#1064=CARTESIAN_POINT('',(3.36102036453205,0.,0.997824579891286));
#1065=CARTESIAN_POINT('',(3.355318103758,0.,0.997590812640215));
#1066=CARTESIAN_POINT('',(3.3496161581831,0.,0.997331223817713));
#1067=CARTESIAN_POINT('',(3.3439142126082,0.,0.997071634995211));
#1068=CARTESIAN_POINT('',(3.33821335533022,0.,0.99678138709335));
#1069=CARTESIAN_POINT('',(3.33251543270398,0.,0.996449948767388));
#1070=CARTESIAN_POINT('',(3.32681751007775,0.,0.996118510441427));
#1071=CARTESIAN_POINT('',(3.32112324261665,0.,0.995742046412599));
#1072=CARTESIAN_POINT('',(3.31543010269678,0.,0.995332247065528));
#1073=CARTESIAN_POINT('',(3.30973696277691,0.,0.994922447718457));
#1074=CARTESIAN_POINT('',(3.30404584347609,0.,0.994475705801444));
#1075=CARTESIAN_POINT('',(3.29835953203684,0.,0.993981244525201));
#1076=CARTESIAN_POINT('',(3.29267322059759,0.,0.993486783248958));
#1077=CARTESIAN_POINT('',(3.28699286038737,0.,0.992940463552818));
#1078=CARTESIAN_POINT('',(3.28131520694963,0.,0.992352811265698));
#1079=CARTESIAN_POINT('',(3.27563755351189,0.,0.991765158978578));
#1080=CARTESIAN_POINT('',(3.26996362449258,0.,0.991133261943785));
#1081=CARTESIAN_POINT('',(3.26429733577675,0.,0.99044589875071));
#1082=CARTESIAN_POINT('',(3.25863104706093,0.,0.989758535557636));
#1083=CARTESIAN_POINT('',(3.25297332805387,0.,0.989012985770722));
#1084=CARTESIAN_POINT('',(3.24732051479766,0.,0.98821874448782));
#1085=CARTESIAN_POINT('',(3.24166770154145,0.,0.987424503204918));
#1086=CARTESIAN_POINT('',(3.23602156945375,0.,0.98657739341002));
#1087=CARTESIAN_POINT('',(3.2303873827047,0.,0.985665534774705));
#1088=CARTESIAN_POINT('',(3.22475319595566,0.,0.984753676139389));
#1089=CARTESIAN_POINT('',(3.21912756937872,0.,0.983783810162269));
#1090=CARTESIAN_POINT('',(3.21351383165643,0.,0.982749876117535));
#1091=CARTESIAN_POINT('',(3.20790009393415,0.,0.9817159420728));
#1092=CARTESIAN_POINT('',(3.20229824506651,0.,0.980617939960451));
#1093=CARTESIAN_POINT('',(3.19671161373605,0.,0.979449809054679));
#1094=CARTESIAN_POINT('',(3.1911249824056,0.,0.978281678148907));
#1095=CARTESIAN_POINT('',(3.18554874601407,0.,0.97705148287489));
#1096=CARTESIAN_POINT('',(3.17999174713442,0.,0.975745250979127));
#1097=CARTESIAN_POINT('',(3.17443474825478,0.,0.974439019083364));
#1098=CARTESIAN_POINT('',(3.1688978646349,0.,0.973055171378213));
#1099=CARTESIAN_POINT('',(3.1633774234057,0.,0.97159944092363));
#1100=CARTESIAN_POINT('',(3.1578569821765,0.,0.970143710469046));
#1101=CARTESIAN_POINT('',(3.15235936356902,0.,0.968607374327223));
#1102=CARTESIAN_POINT('',(3.14688538815425,0.,0.966988642739136));
#1103=CARTESIAN_POINT('',(3.14141141273949,0.,0.96536991115105));
#1104=CARTESIAN_POINT('',(3.13595770790206,0.,0.96367340232742));
#1105=CARTESIAN_POINT('',(3.13053848880388,0.,0.961881677006105));
#1106=CARTESIAN_POINT('',(3.12511926970569,0.,0.960089951684789));
#1107=CARTESIAN_POINT('',(3.119725467242,0.,0.958213416765578));
#1108=CARTESIAN_POINT('',(3.114368623359,0.,0.9562396031262));
#1109=CARTESIAN_POINT('',(3.11169020141749,0.,0.955252696306511));
#1110=CARTESIAN_POINT('',(3.1090224841651,0.,0.954239843634748));
#1111=CARTESIAN_POINT('',(3.10636233962563,0.,0.953204346678113));
#1112=CARTESIAN_POINT('',(3.10370219508615,0.,0.952168849721479));
#1113=CARTESIAN_POINT('',(3.10105054367068,0.,0.951109769305232));
#1114=CARTESIAN_POINT('',(3.09841020846782,0.,0.950024254638016));
#1115=CARTESIAN_POINT('',(3.09576987326496,0.,0.9489387399708));
#1116=CARTESIAN_POINT('',(3.09314224362815,0.,0.947825430321124));
#1117=CARTESIAN_POINT('',(3.09052456343933,0.,0.946686929125878));
#1118=CARTESIAN_POINT('',(3.08790688325052,0.,0.945548427930632));
#1119=CARTESIAN_POINT('',(3.08529925576044,0.,0.944384674457888));
#1120=CARTESIAN_POINT('',(3.0827052373134,0.,0.943192372919036));
#1121=CARTESIAN_POINT('',(3.08011121886637,0.,0.942000071380183));
#1122=CARTESIAN_POINT('',(3.07753234819259,0.,0.94077782989728));
#1123=CARTESIAN_POINT('',(3.07496545726727,0.,0.939528415412713));
#1124=CARTESIAN_POINT('',(3.07239856634195,0.,0.938279000928147));
#1125=CARTESIAN_POINT('',(3.0698442270386,0.,0.937001948748249));
#1126=CARTESIAN_POINT('',(3.0673069182519,0.,0.935693437621129));
#1127=CARTESIAN_POINT('',(3.06223230067849,0.,0.933076415366888));
#1128=CARTESIAN_POINT('',(3.0572193868418,0.,0.930338434018075));
#1129=CARTESIAN_POINT('',(3.05228375464449,0.,0.927467782908953));
#1130=CARTESIAN_POINT('',(3.04734812244719,0.,0.924597131799832));
#1131=CARTESIAN_POINT('',(3.04248977188926,0.,0.921593810930402));
#1132=CARTESIAN_POINT('',(3.03772428087337,0.,0.918446109634926));
#1133=CARTESIAN_POINT('',(3.03534153536542,0.,0.916872258987188));
#1134=CARTESIAN_POINT('',(3.03298438457079,0.,0.91526092364236));
#1135=CARTESIAN_POINT('',(3.03065404292514,0.,0.913611115923763));
#1136=CARTESIAN_POINT('',(3.02832370127949,0.,0.911961308205167));
#1137=CARTESIAN_POINT('',(3.0260176200737,0.,0.910274705196288));
#1138=CARTESIAN_POINT('',(3.02374681722001,0.,0.908544691245327));
#1139=CARTESIAN_POINT('',(3.01920521151263,0.,0.905084663343404));
#1140=CARTESIAN_POINT('',(3.01477785301108,0.,0.901466037157138));
#1141=CARTESIAN_POINT('',(3.01051970429584,0.,0.897660457211011));
#1142=CARTESIAN_POINT('',(3.0062615555806,0.,0.893854877264885));
#1143=CARTESIAN_POINT('',(3.00216285281868,0.,0.889866615876199));
#1144=CARTESIAN_POINT('',(2.99828664629832,0.,0.885670746609668));
#1145=CARTESIAN_POINT('',(2.99441043977797,0.,0.881474877343137));
#1146=CARTESIAN_POINT('',(2.99075249408627,0.,0.877072096039247));
#1147=CARTESIAN_POINT('',(2.98740996775617,0.,0.872439497374293));
#1148=CARTESIAN_POINT('',(2.98406744142607,0.,0.867806898709338));
#1149=CARTESIAN_POINT('',(2.98103054713446,0.,0.862943779660737));
#1150=CARTESIAN_POINT('',(2.97844931446644,0.,0.857847196838714));
#1151=CARTESIAN_POINT('',(2.97715869813243,0.,0.855298905427702));
#1152=CARTESIAN_POINT('',(2.97598001298507,0.,0.852691225924887));
#1153=CARTESIAN_POINT('',(2.97493625494471,0.,0.850031266054428));
#1154=CARTESIAN_POINT('',(2.97389249690436,0.,0.84737130618397));
#1155=CARTESIAN_POINT('',(2.97298366597103,0.,0.844659065945869));
#1156=CARTESIAN_POINT('',(2.97223275806509,0.,0.841901653064286));
#1157=CARTESIAN_POINT('',(2.97148185015915,0.,0.839144240182705));
#1158=CARTESIAN_POINT('',(2.97088957253561,0.,0.836343295526573));
#1159=CARTESIAN_POINT('',(2.97047597650318,0.,0.833516032707971));
#1160=CARTESIAN_POINT('',(2.97006238047076,0.,0.83068876988937));
#1161=CARTESIAN_POINT('',(2.96982717196599,0.,0.827834563433855));
#1162=CARTESIAN_POINT('',(2.96978329674246,0.,0.824977052878907));
#1163=CARTESIAN_POINT('',(2.96973942151894,0.,0.822119542323959));
#1164=CARTESIAN_POINT('',(2.96988699113861,0.,0.819259360844052));
#1165=CARTESIAN_POINT('',(2.97022544345013,0.,0.816421860407176));
#1166=CARTESIAN_POINT('',(2.9703946696059,0.,0.815003110188738));
#1167=CARTESIAN_POINT('',(2.97061017511665,0.,0.813593429122627));
#1168=CARTESIAN_POINT('',(2.97087542896794,0.,0.812182563674941));
#1169=CARTESIAN_POINT('',(2.97114068281923,0.,0.810771698227255));
#1170=CARTESIAN_POINT('',(2.97145439119213,0.,0.809363367652485));
#1171=CARTESIAN_POINT('',(2.9718,0.,0.808));
#1172=CARTESIAN_POINT('',(2.97214560880787,0.,0.806636632347515));
#1173=CARTESIAN_POINT('',(2.9725289021086,0.,0.805313034433595));
#1174=CARTESIAN_POINT('',(2.97295295623559,0.,0.803999698563305));
#1175=CARTESIAN_POINT('',(2.97337701036259,0.,0.802686362693014));
#1176=CARTESIAN_POINT('',(2.973842887515,0.,0.801377875888042));
#1177=CARTESIAN_POINT('',(2.97434765658814,0.,0.800087143537409));
#1178=CARTESIAN_POINT('',(2.97535719473442,0.,0.797505678836145));
#1179=CARTESIAN_POINT('',(2.97652423497696,0.,0.794985940261878));
#1180=CARTESIAN_POINT('',(2.97783148533119,0.,0.792541758004204));
#1181=CARTESIAN_POINT('',(2.97913873568543,0.,0.790097575746529));
#1182=CARTESIAN_POINT('',(2.98058573158265,0.,0.787730507756285));
#1183=CARTESIAN_POINT('',(2.98215087484084,0.,0.785443540727901));
#1184=CARTESIAN_POINT('',(2.98371601809902,0.,0.783156573699517));
#1185=CARTESIAN_POINT('',(2.98539930871818,0.,0.780949707632994));
#1186=CARTESIAN_POINT('',(2.98717914851628,0.,0.778825929222762));
#1187=CARTESIAN_POINT('',(2.98895898831439,0.,0.77670215081253));
#1188=CARTESIAN_POINT('',(2.99083432547248,0.,0.774660389527298));
#1189=CARTESIAN_POINT('',(2.99278731414033,0.,0.772695083813025));
#1190=CARTESIAN_POINT('',(2.99474030280818,0.,0.770729778098752));
#1191=CARTESIAN_POINT('',(2.99677094298578,0.,0.768840927955439));
#1192=CARTESIAN_POINT('',(2.9988613888229,0.,0.767022971829046));
#1193=CARTESIAN_POINT('',(3.00304228049714,0.,0.763387059576258));
#1194=CARTESIAN_POINT('',(3.00746362738387,0.,0.760032945358765));
#1195=CARTESIAN_POINT('',(3.01203267953659,0.,0.756900360433846));
#1196=CARTESIAN_POINT('',(3.0166017316893,0.,0.753767775508926));
#1197=CARTESIAN_POINT('',(3.0213223924756,0.,0.750858923373751));
#1198=CARTESIAN_POINT('',(3.02613537302914,0.,0.74811756258535));
#1199=CARTESIAN_POINT('',(3.03094835358268,0.,0.745376201796949));
#1200=CARTESIAN_POINT('',(3.03585876952397,0.,0.742806901721869));
#1201=CARTESIAN_POINT('',(3.04083294987368,0.,0.740369700337534));
#1202=CARTESIAN_POINT('',(3.04580713022339,0.,0.737932498953199));
#1203=CARTESIAN_POINT('',(3.0508429032524,0.,0.735623510476024));
#1204=CARTESIAN_POINT('',(3.05592459493976,0.,0.73341994845382));
#1205=CARTESIAN_POINT('',(3.05846544078344,0.,0.732318167442718));
#1206=CARTESIAN_POINT('',(3.06101685963801,0.,0.731241239211709));
#1207=CARTESIAN_POINT('',(3.06357762702405,0.,0.73018709382226));
#1208=CARTESIAN_POINT('',(3.06613839441009,0.,0.72913294843281));
#1209=CARTESIAN_POINT('',(3.06870851032761,0.,0.728101585884919));
#1210=CARTESIAN_POINT('',(3.07128675029717,0.,0.727090936240051));
#1211=CARTESIAN_POINT('',(3.07644323023628,0.,0.725069636950314));
#1212=CARTESIAN_POINT('',(3.08163063138092,0.,0.723128420426355));
#1213=CARTESIAN_POINT('',(3.08684189424554,0.,0.721253189397332));
#1214=CARTESIAN_POINT('',(3.09205315711015,0.,0.719377958368308));
#1215=CARTESIAN_POINT('',(3.09728828169475,0.,0.717568712834219));
#1216=CARTESIAN_POINT('',(3.1025402085138,0.,0.715811355524224));
#1217=CARTESIAN_POINT('',(3.10516617192333,0.,0.714932676869226));
#1218=CARTESIAN_POINT('',(3.10779657219601,0.,0.714067349314773));
#1219=CARTESIAN_POINT('',(3.11043099575896,0.,0.713214415569493));
#1220=CARTESIAN_POINT('',(3.11306541932191,0.,0.712361481824214));
#1221=CARTESIAN_POINT('',(3.11570386617513,0.,0.711520941888107));
#1222=CARTESIAN_POINT('',(3.11834592274573,0.,0.710691838469803));
#1223=CARTESIAN_POINT('',(3.12098797931633,0.,0.709862735051499));
#1224=CARTESIAN_POINT('',(3.12363364560431,0.,0.709045068150997));
#1225=CARTESIAN_POINT('',(3.12628250803678,0.,0.708237880476927));
#1226=CARTESIAN_POINT('',(3.12893137046925,0.,0.707430692802856));
#1227=CARTESIAN_POINT('',(3.1315834290462,0.,0.706633984355216));
#1228=CARTESIAN_POINT('',(3.13423827019476,0.,0.705846797842636));
#1229=CARTESIAN_POINT('',(3.13689311134332,0.,0.705059611330056));
#1230=CARTESIAN_POINT('',(3.13955062648869,0.,0.704281621510786));
#1231=CARTESIAN_POINT('',(3.14221065651913,0.,0.703512410546977));
#1232=CARTESIAN_POINT('',(3.14487068654957,0.,0.702743199583169));
#1233=CARTESIAN_POINT('',(3.14753323146509,0.,0.701982767474824));
#1234=CARTESIAN_POINT('',(3.15019813215394,0.,0.701230696384095));
#1235=CARTESIAN_POINT('',(3.15552793353164,0.,0.699726554202637));
#1236=CARTESIAN_POINT('',(3.1608671580027,0.,0.698255856091645));
#1237=CARTESIAN_POINT('',(3.16621453267321,0.,0.696815259348348));
#1238=CARTESIAN_POINT('',(3.17156190734372,0.,0.695374662605051));
#1239=CARTESIAN_POINT('',(3.17691743221368,0.,0.69396416722945));
#1240=CARTESIAN_POINT('',(3.18227983438922,0.,0.692580430518773));
#1241=CARTESIAN_POINT('',(3.18764223656476,0.,0.691196693808097));
#1242=CARTESIAN_POINT('',(3.19301151604586,0.,0.689839715762345));
#1243=CARTESIAN_POINT('',(3.19838639993865,0.,0.688506153678748));
#1244=CARTESIAN_POINT('',(3.20376128383143,0.,0.68717259159515));
#1245=CARTESIAN_POINT('',(3.20914241466411,0.,0.685864103023958));
#1246=CARTESIAN_POINT('',(3.2145291944566,0.,0.684579158222464));
#1247=CARTESIAN_POINT('',(3.21991597424909,0.,0.683294213420969));
#1248=CARTESIAN_POINT('',(3.22530840300139,0.,0.682032812389172));
#1249=CARTESIAN_POINT('',(3.23070588273342,0.,0.680793425384366));
#1250=CARTESIAN_POINT('',(3.23610336246545,0.,0.679554038379559));
#1251=CARTESIAN_POINT('',(3.2415058078447,0.,0.678336627129194));
#1252=CARTESIAN_POINT('',(3.24691304501229,0.,0.677140891596386));
#1253=CARTESIAN_POINT('',(3.25232028217987,0.,0.675945156063578));
#1254=CARTESIAN_POINT('',(3.25773231113579,0.,0.674771096248327));
#1255=CARTESIAN_POINT('',(3.26314895802115,0.,0.67361841211375));
#1256=CARTESIAN_POINT('',(3.26856560490651,0.,0.672465727979172));
#1257=CARTESIAN_POINT('',(3.27398667379643,0.,0.671334020814381));
#1258=CARTESIAN_POINT('',(3.2794120710786,0.,0.670223611989565));
#1259=CARTESIAN_POINT('',(3.28483746836077,0.,0.669113203164749));
#1260=CARTESIAN_POINT('',(3.29026719403519,0.,0.668024092679908));
#1261=CARTESIAN_POINT('',(3.29570115448955,0.,0.666956601905231));
#1262=CARTESIAN_POINT('',(3.30113511494392,0.,0.665889111130553));
#1263=CARTESIAN_POINT('',(3.30657331017823,0.,0.664843240066039));
#1264=CARTESIAN_POINT('',(3.31201564658017,0.,0.663819310081877));
#1265=CARTESIAN_POINT('',(3.31745798298211,0.,0.662795380097715));
#1266=CARTESIAN_POINT('',(3.32290446055169,0.,0.661793391193905));
#1267=CARTESIAN_POINT('',(3.32835498567659,0.,0.660813664740635));
#1268=CARTESIAN_POINT('',(3.33380551080149,0.,0.659833938287365));
#1269=CARTESIAN_POINT('',(3.33926008246265,0.,0.658877195932811));
#1270=CARTESIAN_POINT('',(3.344718603898,0.,0.657943818584714));
#1271=CARTESIAN_POINT('',(3.35017712533334,0.,0.657010441236616));
#1272=CARTESIAN_POINT('',(3.35563959654286,0.,0.656100428894975));
#1273=CARTESIAN_POINT('',(3.36110592076449,0.,0.655214162467532));
#1274=CARTESIAN_POINT('',(3.36657224498611,0.,0.654327896040088));
#1275=CARTESIAN_POINT('',(3.37204242221984,0.,0.653465375526841));
#1276=CARTESIAN_POINT('',(3.37751635570358,0.,0.652626981835533));
#1277=CARTESIAN_POINT('',(3.38299028918733,0.,0.651788588144224));
#1278=CARTESIAN_POINT('',(3.38846797892109,0.,0.650974321274853));
#1279=CARTESIAN_POINT('',(3.3939493281428,0.,0.65018456213516));
#1280=CARTESIAN_POINT('',(3.40491202658621,0.,0.648605043855775));
#1281=CARTESIAN_POINT('',(3.41588613800587,0.,0.647110498249663));
#1282=CARTESIAN_POINT('',(3.42687156404575,0.,0.645700850733758));
#1283=CARTESIAN_POINT('',(3.43785699008564,0.,0.644291203217852));
#1284=CARTESIAN_POINT('',(3.44885443919413,0.,0.642968584233728));
#1285=CARTESIAN_POINT('',(3.4598580187802,0.,0.641713917033751));
#1286=CARTESIAN_POINT('',(3.47086159836626,0.,0.640459249833774));
#1287=CARTESIAN_POINT('',(3.48187561511743,0.,0.63928705789076));
#1288=CARTESIAN_POINT('',(3.49289611440003,0.,0.638183321996946));
#1289=CARTESIAN_POINT('',(3.50391661368264,0.,0.637079586103132));
#1290=CARTESIAN_POINT('',(3.51494265726723,0.,0.636041107909772));
#1291=CARTESIAN_POINT('',(3.52597599063321,0.,0.635074182360254));
#1292=CARTESIAN_POINT('',(3.53700932399919,0.,0.634107256810735));
#1293=CARTESIAN_POINT('',(3.54804803394801,0.,0.63320470643718));
#1294=CARTESIAN_POINT('',(3.55909141666827,0.,0.632363587315467));
#1295=CARTESIAN_POINT('',(3.57013479938852,0.,0.631522468193754));
#1296=CARTESIAN_POINT('',(3.5811828548802,0.,0.630742780323884));
#1297=CARTESIAN_POINT('',(3.59223487933189,0.,0.630021579781737));
#1298=CARTESIAN_POINT('',(3.60328690378358,0.,0.62930037923959));
#1299=CARTESIAN_POINT('',(3.6143415393173,0.,0.628631681546462));
#1300=CARTESIAN_POINT('',(3.6254002047586,0.,0.62802191794377));
#1301=CARTESIAN_POINT('',(3.63645887019991,0.,0.627412154341079));
#1302=CARTESIAN_POINT('',(3.64752095242943,0.,0.626858386903729));
#1303=CARTESIAN_POINT('',(3.65858440209459,0.,0.626350681661398));
#1304=CARTESIAN_POINT('',(3.66964785175974,0.,0.625842976419066));
#1305=CARTESIAN_POINT('',(3.6807139398834,0.,0.625387799169677));
#1306=CARTESIAN_POINT('',(3.69178182573341,0.,0.624980553726019));
#1307=CARTESIAN_POINT('',(3.70284971158342,0.,0.624573308282361));
#1308=CARTESIAN_POINT('',(3.71391939515977,0.,0.624213994644433));
#1309=CARTESIAN_POINT('',(3.72499003573032,0.,0.623898016625025));
#1310=CARTESIAN_POINT('',(3.73606067630086,0.,0.623582038605617));
#1311=CARTESIAN_POINT('',(3.74713316120538,0.,0.623314539712129));
#1312=CARTESIAN_POINT('',(3.75820630385544,0.,0.623088080671727));
#1313=CARTESIAN_POINT('',(3.76927944650551,0.,0.622861621631326));
#1314=CARTESIAN_POINT('',(3.78035283881647,0.,0.622673575681258));
#1315=CARTESIAN_POINT('',(3.79142722374839,0.,0.622529025149918));
#1316=CARTESIAN_POINT('',(3.80250160868031,0.,0.622384474618578));
#1317=CARTESIAN_POINT('',(3.81357682447008,0.,0.622282198865374));
#1318=CARTESIAN_POINT('',(3.82465197707256,0.,0.622215727822657));
#1319=CARTESIAN_POINT('',(3.83572712967504,0.,0.62214925677994));
#1320=CARTESIAN_POINT('',(3.84680210792877,0.,0.622117862821318));
#1321=CARTESIAN_POINT('',(3.85787750931443,0.,0.622126019190735));
#1322=CARTESIAN_POINT('',(3.8689529107001,0.,0.622134175560151));
#1323=CARTESIAN_POINT('',(3.88002820271268,0.,0.622177678268643));
#1324=CARTESIAN_POINT('',(3.89110323920862,0.,0.622255125087786));
#1325=CARTESIAN_POINT('',(3.90217827570456,0.,0.62233257190693));
#1326=CARTESIAN_POINT('',(3.91325305668387,0.,0.622443962836727));
#1327=CARTESIAN_POINT('',(3.92432743600299,0.,0.622587895648753));
#1328=CARTESIAN_POINT('',(3.94647619464123,0.,0.622875761272807));
#1329=CARTESIAN_POINT('',(3.96862334663872,0.,0.623293794425781));
#1330=CARTESIAN_POINT('',(3.99076772284707,0.,0.623830777280298));
#1331=CARTESIAN_POINT('',(4.01291209905542,0.,0.624367760134814));
#1332=CARTESIAN_POINT('',(4.03505340190206,0.,0.62501955704566));
#1333=CARTESIAN_POINT('',(4.05719108097283,0.,0.625778210453481));
#1334=CARTESIAN_POINT('',(4.07932876004361,0.,0.626536863861303));
#1335=CARTESIAN_POINT('',(4.10146281533852,0.,0.627402373766099));
#1336=CARTESIAN_POINT('',(4.12359269644344,0.,0.628366782608516));
#1337=CARTESIAN_POINT('',(4.16785245865328,0.,0.630295600293351));
#1338=CARTESIAN_POINT('',(4.21209486087112,0.,0.632608761492511));
#1339=CARTESIAN_POINT('',(4.25631748072994,0.,0.635254487839008));
#1340=CARTESIAN_POINT('',(4.30054010058875,0.,0.637900214185504));
#1341=CARTESIAN_POINT('',(4.34474286494987,0.,0.64087668989052));
#1342=CARTESIAN_POINT('',(4.38892411792368,0.,0.644142181145501));
#1343=CARTESIAN_POINT('',(4.4331053708975,0.,0.647407672400483));
#1344=CARTESIAN_POINT('',(4.4772652439141,0.,0.650964542528291));
#1345=CARTESIAN_POINT('',(4.52140225509677,0.,0.65478507015078));
#1346=CARTESIAN_POINT('',(4.56553926627944,0.,0.658605597773268));
#1347=CARTESIAN_POINT('',(4.6096534234676,0.,0.662689602840001));
#1348=CARTESIAN_POINT('',(4.65374294845152,0.,0.667025491510971));
#1349=CARTESIAN_POINT('',(4.69783247343544,0.,0.671361380181941));
#1350=CARTESIAN_POINT('',(4.74189731304392,0.,0.67594861112007));
#1351=CARTESIAN_POINT('',(4.78593478008808,0.,0.680786487529115));
#1352=CARTESIAN_POINT('',(4.82997224713224,0.,0.685624363938159));
#1353=CARTESIAN_POINT('',(4.87398224844999,0.,0.690713000183384));
#1354=CARTESIAN_POINT('',(4.91796074151472,0.,0.696062180631627));
#1355=CARTESIAN_POINT('',(4.96193923457944,0.,0.70141136107987));
#1356=CARTESIAN_POINT('',(5.00588616920159,0.,0.707021332566181));
#1357=CARTESIAN_POINT('',(4.62006209512156,-7.87450667667706,1.21099088714318));
#1358=CARTESIAN_POINT('',(4.59427933470116,-7.8742721780007,1.21546538843983));
#1359=CARTESIAN_POINT('',(4.56847629746628,-7.87404380433593,1.21982301755319));
#1360=CARTESIAN_POINT('',(4.59444216544519,-7.8744607552248,1.21186712065057));
#1361=CARTESIAN_POINT('',(4.56880607003953,-7.87441493632581,1.21274139732512));
#1362=CARTESIAN_POINT('',(4.5426550574012,-7.8738212037951,1.22407048889947));
#1363=CARTESIAN_POINT('',(4.51683381733613,-7.87359860325428,1.22831796024575));
#1364=CARTESIAN_POINT('',(4.49099437444085,-7.87338177583739,1.23245527382496));
#1365=CARTESIAN_POINT('',(4.54315561556775,-7.87436921428728,1.213613825792));
#1366=CARTESIAN_POINT('',(4.51750516109598,-7.87432349224874,1.21448625425887));
#1367=CARTESIAN_POINT('',(4.49184034755809,-7.87427786707067,1.21535683451806));
#1368=CARTESIAN_POINT('',(4.46513880269967,-7.87317036965681,1.23648914405331));
#1369=CARTESIAN_POINT('',(4.43928323095848,-7.87295896347622,1.24052301428167));
#1370=CARTESIAN_POINT('',(4.41341148832194,-7.87275297166498,1.24445357218859));
#1371=CARTESIAN_POINT('',(4.46616298161728,-7.87423233306026,1.21622567519475));
#1372=CARTESIAN_POINT('',(4.44048561567647,-7.87418679904984,1.21709451587143));
#1373=CARTESIAN_POINT('',(4.41479565150068,-7.87414135635413,1.2179616141598));
#1374=CARTESIAN_POINT('',(4.38752404402951,-7.87255253648461,1.24827810326222));
#1375=CARTESIAN_POINT('',(4.36163659973707,-7.87235210130424,1.25210263433584));
#1376=CARTESIAN_POINT('',(4.33573345378875,-7.87215722275475,1.25582113857617));
#1377=CARTESIAN_POINT('',(4.38909363946128,-7.8740960172235,1.21882673630854));
#1378=CARTESIAN_POINT('',(4.36339162742187,-7.87405067809288,1.21969185845728));
#1379=CARTESIAN_POINT('',(4.33767756751884,-7.87400544252734,1.22055500446638));
#1380=CARTESIAN_POINT('',(4.309815075424,-7.87196804309768,1.25943090147135));
#1381=CARTESIAN_POINT('',(4.28389669705925,-7.8717788634406,1.26304066436654));
#1382=CARTESIAN_POINT('',(4.2579629116282,-7.87159546077541,1.26654019568996));
#1383=CARTESIAN_POINT('',(4.31195201012355,-7.87396032277729,1.2214159405845));
#1384=CARTESIAN_POINT('',(4.28622645272826,-7.87391520302723,1.22227687670262));
#1385=CARTESIAN_POINT('',(4.26048926609623,-7.87387020847279,1.22313542394616));
#1386=CARTESIAN_POINT('',(4.23201324548358,-7.87141843734233,1.2699180040136));
#1387=CARTESIAN_POINT('',(4.20606357933895,-7.87124141390924,1.27329581233724));
#1388=CARTESIAN_POINT('',(4.18009805154664,-7.87107073535322,1.27655255319425));
#1389=CARTESIAN_POINT('',(4.23474035496428,-7.87382537192866,1.22399095617329));
#1390=CARTESIAN_POINT('',(4.20899144383232,-7.87378053538453,1.22484648840043));
#1391=CARTESIAN_POINT('',(4.18323080718014,-7.87373585819402,1.22569897997941));
#1392=CARTESIAN_POINT('',(4.15411583801383,-7.87090727176315,1.27967162429991));
#1393=CARTESIAN_POINT('',(4.12813362448103,-7.87074380817308,1.28279069540557));
#1394=CARTESIAN_POINT('',(4.10213457910975,-7.87058769962415,1.2857694239657));
#1395=CARTESIAN_POINT('',(4.15745816165975,-7.87369134431549,1.22654835538019));
#1396=CARTESIAN_POINT('',(4.13168551613937,-7.87364683043696,1.22739773078096));
#1397=CARTESIAN_POINT('',(4.10590071791987,-7.87360260898749,1.22824152630277));
#1398=CARTESIAN_POINT('',(4.0761178042534,-7.87044005257033,1.28858669758127));
#1399=CARTESIAN_POINT('',(4.06310941682522,-7.87036622904342,1.28999533438905));
#1400=CARTESIAN_POINT('',(4.0500965530141,-7.87029455814941,1.29136289651409));
#1401=CARTESIAN_POINT('',(4.08010366915308,-7.87355856731875,1.22908189140398));
#1402=CARTESIAN_POINT('',(4.06720514476968,-7.87353654648438,1.22950207395459));
#1403=CARTESIAN_POINT('',(4.05430353574361,-7.87351458922475,1.22992104342674));
#1404=CARTESIAN_POINT('',(4.03707911158678,-7.87022525316664,1.29268531436341));
#1405=CARTESIAN_POINT('',(4.02406167015947,-7.87015594818388,1.29400773221274));
#1406=CARTESIAN_POINT('',(4.01103965111596,-7.87008900911235,1.29528500578634));
#1407=CARTESIAN_POINT('',(4.04139883533016,-7.87349271894463,1.2303383532312));
#1408=CARTESIAN_POINT('',(4.0284941349167,-7.87347084866451,1.23075566303566));
#1409=CARTESIAN_POINT('',(4.01558634311584,-7.87344906536388,1.23117131317242));
#1410=CARTESIAN_POINT('',(3.99801295322303,-7.87002464923039,1.29651306549123));
#1411=CARTESIAN_POINT('',(3.98498625533009,-7.86996028934843,1.29774112519613));
#1412=CARTESIAN_POINT('',(3.97195486063012,-7.86989847920319,1.29892053302602));
#1413=CARTESIAN_POINT('',(4.00267545318286,-7.8734273924475,1.23158485705222));
#1414=CARTESIAN_POINT('',(3.98976456324989,-7.87340571953112,1.23199840093203));
#1415=CARTESIAN_POINT('',(3.97685061298266,-7.87338409772231,1.23241096962148));
#1416=CARTESIAN_POINT('',(3.95891873440025,-7.86983960318704,1.30004395433786));
#1417=CARTESIAN_POINT('',(3.95240067128531,-7.86981016517896,1.30060566499378));
#1418=CARTESIAN_POINT('',(3.9458814164763,-7.86978141078385,1.30115433153725));
#1419=CARTESIAN_POINT('',(3.96393369819619,-7.87336261357706,1.23282091153354));
#1420=CARTESIAN_POINT('',(3.95747524080296,-7.87335187150444,1.23302588248957));
#1421=CARTESIAN_POINT('',(3.95101603787412,-7.87334113888806,1.23323067300979));
#1422=CARTESIAN_POINT('',(3.93936097879496,-7.86975341907165,1.301688445224));
#1423=CARTESIAN_POINT('',(3.93284054111363,-7.86972542735944,1.30222255891074));
#1424=CARTESIAN_POINT('',(3.92631892055997,-7.86969819833014,1.30274211974076));
#1425=CARTESIAN_POINT('',(3.9445561079676,-7.87333044205786,1.23343478068886));
#1426=CARTESIAN_POINT('',(3.93809617806108,-7.87331974522767,1.23363888836793));
#1427=CARTESIAN_POINT('',(3.93163552117688,-7.87330908418366,1.23384231320585));
#1428=CARTESIAN_POINT('',(3.91979612595574,-7.86967181105367,1.30324561896979));
#1429=CARTESIAN_POINT('',(3.91327333135151,-7.86964542377721,1.30374911819882));
#1430=CARTESIAN_POINT('',(3.90674934322733,-7.86961978719602,1.30423829330866));
#1431=CARTESIAN_POINT('',(3.92517415587294,-7.87329848525579,1.23404455279731));
#1432=CARTESIAN_POINT('',(3.91871279056899,-7.87328788632792,1.23424679238877));
#1433=CARTESIAN_POINT('',(3.91225071859708,-7.87327729221251,1.23444894015297));
#1434=CARTESIAN_POINT('',(3.90022418634545,-7.86959499037401,1.30471144485876));
#1435=CARTESIAN_POINT('',(3.89369902946358,-7.86957019355201,1.30518459640887));
#1436=CARTESIAN_POINT('',(3.88717270382401,-7.86954623648919,1.30564172439923));
#1437=CARTESIAN_POINT('',(3.90578798562825,-7.87326672740857,1.23465052862106));
#1438=CARTESIAN_POINT('',(3.89932525265942,-7.87325616260463,1.23485211708915));
#1439=CARTESIAN_POINT('',(3.89286185869366,-7.87324562711215,1.23505314626113));
#1440=CARTESIAN_POINT('',(3.88064523418901,-7.86952320824945,1.3060811293893));
#1441=CARTESIAN_POINT('',(3.87411776455401,-7.86950018000972,1.30652053437937));
#1442=CARTESIAN_POINT('',(3.86758910267794,-7.86947796833533,1.30694435837446));
#1443=CARTESIAN_POINT('',(3.88639784940201,-7.87323514543015,1.23525314866814));
#1444=CARTESIAN_POINT('',(3.87993384011037,-7.87322466374815,1.23545315107515));
#1445=CARTESIAN_POINT('',(3.87346919137001,-7.87321417974774,1.23565319771986));
#1446=CARTESIAN_POINT('',(3.86105934390994,-7.86945673462943,1.3073495216191));
#1447=CARTESIAN_POINT('',(3.85452958514193,-7.86943550092353,1.30775468486374));
#1448=CARTESIAN_POINT('',(3.84799876801545,-7.86941530398334,1.30814006544015));
#1449=CARTESIAN_POINT('',(3.86700398414542,-7.87320375409757,1.23585213097593));
#1450=CARTESIAN_POINT('',(3.86053877692082,-7.87319332844739,1.23605106423201));
#1451=CARTESIAN_POINT('',(3.85407303047872,-7.87318299054605,1.23624832314057));
#1452=CARTESIAN_POINT('',(3.8414667983963,-7.86939602430857,1.30850794354981));
#1453=CARTESIAN_POINT('',(3.83493482877714,-7.86937674463379,1.30887582165948));
#1454=CARTESIAN_POINT('',(3.82840175690016,-7.86935846261626,1.30922466333487));
#1455=CARTESIAN_POINT('',(3.84760673104191,-7.87317266061045,1.23644543005378));
#1456=CARTESIAN_POINT('',(3.84114043160511,-7.87316233067484,1.23664253696698));
#1457=CARTESIAN_POINT('',(3.83467369146195,-7.8731520034385,1.23683959237522));
#1458=CARTESIAN_POINT('',(3.82186766537347,-7.86934124849128,1.30955312840671));
#1459=CARTESIAN_POINT('',(3.81533357384677,-7.86932403436629,1.30988159347855));
#1460=CARTESIAN_POINT('',(3.80879846267037,-7.86930788813384,1.31018968194684));
#1461=CARTESIAN_POINT('',(3.82820643650878,-7.87314177265714,1.23703480731275));
#1462=CARTESIAN_POINT('',(3.82173918155561,-7.87313154187579,1.23723002225029));
#1463=CARTESIAN_POINT('',(3.81527147198372,-7.87312137876748,1.23742394590899));
#1464=CARTESIAN_POINT('',(3.80226241445238,-7.86929288002923,1.31047605364231));
#1465=CARTESIAN_POINT('',(3.79572636623438,-7.86927787192463,1.31076242533777));
#1466=CARTESIAN_POINT('',(3.7891893809748,-7.86926400194785,1.31102708026042));
#1467=CARTESIAN_POINT('',(3.80880353515103,-7.87311123137879,1.23761756961972));
#1468=CARTESIAN_POINT('',(3.80233559831834,-7.87310108399009,1.23781119333044));
#1469=CARTESIAN_POINT('',(3.79586730629083,-7.873091008344,1.23800344811082));
#1470=CARTESIAN_POINT('',(3.78265154128174,-7.86925134033421,1.31126867824096));
#1471=CARTESIAN_POINT('',(3.77611370158868,-7.86923867872057,1.31151027622151));
#1472=CARTESIAN_POINT('',(3.76957500746215,-7.86922722547007,1.31172881725996));
#1473=CARTESIAN_POINT('',(3.78939881766048,-7.8730809911937,1.23819458672481));
#1474=CARTESIAN_POINT('',(3.78293032903013,-7.87307097404341,1.2383857253388));
#1475=CARTESIAN_POINT('',(3.77646164379694,-7.87306101538891,1.2385757477864));
#1476=CARTESIAN_POINT('',(3.76303554151026,-7.86921705081799,1.31192296118703));
#1477=CARTESIAN_POINT('',(3.75649607555837,-7.86920687616591,1.31211710511411));
#1478=CARTESIAN_POINT('',(3.74995584157497,-7.86919799504152,1.31228656706252));
#1479=CARTESIAN_POINT('',(3.76999292055291,-7.87305110198342,1.23876490683158));
#1480=CARTESIAN_POINT('',(3.76352419730888,-7.87304118857794,1.23895406587675));
#1481=CARTESIAN_POINT('',(3.75705535697238,-7.87303135508835,1.23914170003573));
#1482=CARTESIAN_POINT('',(3.7434150434196,-7.86919050892234,1.31242941072589));
#1483=CARTESIAN_POINT('',(3.73687424526424,-7.86918302280315,1.31257225438927));
#1484=CARTESIAN_POINT('',(3.73033288293692,-7.86917693168918,1.31268847976761));
#1485=CARTESIAN_POINT('',(3.75058665023048,-7.87302160330886,1.239327775073));
#1486=CARTESIAN_POINT('',(3.74411794348858,-7.87301185152938,1.23951385011026));
#1487=CARTESIAN_POINT('',(3.73764937034129,-7.87300218146,1.23969836602581));
#1488=CARTESIAN_POINT('',(3.72379116029721,-7.86917233705793,1.31277615055456));
#1489=CARTESIAN_POINT('',(3.7172494376575,-7.86916774242668,1.3128638213415));
#1490=CARTESIAN_POINT('',(3.71070735470539,-7.86916464427815,1.31292293753704));
#1491=CARTESIAN_POINT('',(3.73118118147568,-7.87299259489494,1.23988128858411));
#1492=CARTESIAN_POINT('',(3.72471299261008,-7.87298300832988,1.24006421114241));
#1493=CARTESIAN_POINT('',(3.71824518802616,-7.87297350526913,1.24024554034346));
#1494=CARTESIAN_POINT('',(3.70416511530045,-7.86916314408986,1.31295156283481));
#1495=CARTESIAN_POINT('',(3.69762287589551,-7.86916164390157,1.31298018813258));
#1496=CARTESIAN_POINT('',(3.69108048003773,-7.86916174167353,1.31297832253258));
#1497=CARTESIAN_POINT('',(3.711778018411,-7.87296408750691,1.24042524195174));
#1498=CARTESIAN_POINT('',(3.70531084879585,-7.87295466974469,1.24060494356003));
#1499=CARTESIAN_POINT('',(3.69884431414945,-7.87294533728099,1.24078301757554));
#1500=CARTESIAN_POINT('',(3.68453813158669,-7.86916353888324,1.31294402972844));
#1501=CARTESIAN_POINT('',(3.67799578313564,-7.86916533609295,1.3129097369243));
#1502=CARTESIAN_POINT('',(3.67145371504148,-7.869168915479,1.3128414381697));
#1503=CARTESIAN_POINT('',(3.69237866515891,-7.87293609191002,1.24095942976275));
#1504=CARTESIAN_POINT('',(3.68591301616836,-7.87292684653905,1.24113584194996));
#1505=CARTESIAN_POINT('',(3.67944841503557,-7.87291772225305,1.24130994369826));
#1506=CARTESIAN_POINT('',(3.66491225921363,-7.86917440924343,1.31273661089972));
#1507=CARTESIAN_POINT('',(3.65837080338577,-7.86917990300786,1.31263178362974));
#1508=CARTESIAN_POINT('',(3.65182995982421,-7.86918731115066,1.3124904278444));
#1509=CARTESIAN_POINT('',(3.67298524035664,-7.87290872218918,1.24148167514709));
#1510=CARTESIAN_POINT('',(3.66652206567772,-7.87289972212532,1.24165340659592));
#1511=CARTESIAN_POINT('',(3.66006031745266,-7.87289084628358,1.2418227677453));
#1512=CARTESIAN_POINT('',(3.64529006043836,-7.86919676587385,1.31231002097878));
#1513=CARTESIAN_POINT('',(3.64202011074544,-7.86920149323545,1.31221981754598));
#1514=CARTESIAN_POINT('',(3.63875028894229,-7.86920666878832,1.31212106211424));
#1515=CARTESIAN_POINT('',(3.65360037427757,-7.87288209780113,1.24198969873466));
#1516=CARTESIAN_POINT('',(3.65037040269002,-7.87287772355991,1.24207316422934));
#1517=CARTESIAN_POINT('',(3.64714080909857,-7.87287336056535,1.24215641512483));
#1518=CARTESIAN_POINT('',(3.63548096819333,-7.86921252309731,1.31200935524423));
#1519=CARTESIAN_POINT('',(3.63221164744438,-7.86921837740629,1.31189764837422));
#1520=CARTESIAN_POINT('',(3.62894282774963,-7.8692249104714,1.31177299006594));
#1521=CARTESIAN_POINT('',(3.64391186303849,-7.87286910299451,1.24223765441608));
#1522=CARTESIAN_POINT('',(3.6406829169784,-7.87286484542367,1.24231889370733));
#1523=CARTESIAN_POINT('',(3.63745461844968,-7.87286069327653,1.24239812139435));
#1524=CARTESIAN_POINT('',(3.62567488227352,-7.86923235285747,1.31163098088001));
#1525=CARTESIAN_POINT('',(3.62240693679741,-7.86923979524354,1.31148897169409));
#1526=CARTESIAN_POINT('',(3.61913906128766,-7.86924776875839,1.31133682796735));
#1527=CARTESIAN_POINT('',(3.6342272369876,-7.87285674073015,1.24247354047208));
#1528=CARTESIAN_POINT('',(3.63099985552552,-7.87285278818377,1.24254895954982));
#1529=CARTESIAN_POINT('',(3.62777293323958,-7.87284883641977,1.24262436369882));
#1530=CARTESIAN_POINT('',(3.61587205142937,-7.86925657996328,1.31116870016257));
#1531=CARTESIAN_POINT('',(3.61260504157109,-7.86926539116816,1.31100057235779));
#1532=CARTESIAN_POINT('',(3.60933889736426,-7.86927504006308,1.31081646047496));
#1533=CARTESIAN_POINT('',(3.62454683366834,-7.8728450912854,1.24269582511973));
#1534=CARTESIAN_POINT('',(3.6213207340971,-7.87284134615103,1.24276728654063));
#1535=CARTESIAN_POINT('',(3.61809545724056,-7.87283780764627,1.24283480523345));
#1536=CARTESIAN_POINT('',(3.60607441449401,-7.86928583320929,1.31061051497686));
#1537=CARTESIAN_POINT('',(3.60280993162376,-7.8692966263555,1.31040456947877));
#1538=CARTESIAN_POINT('',(3.59954627423364,-7.86930831735822,1.31018149185789));
#1539=CARTESIAN_POINT('',(3.61487136663726,-7.87283468161839,1.24289445339881));
#1540=CARTESIAN_POINT('',(3.61164727603396,-7.8728315555905,1.24295410156417));
#1541=CARTESIAN_POINT('',(3.60842402744957,-7.87282865531762,1.24300944206751));
#1542=CARTESIAN_POINT('',(3.59628376489297,-7.86932094568582,1.30994052901281));
#1543=CARTESIAN_POINT('',(3.59302125555231,-7.86933357401342,1.30969956616773));
#1544=CARTESIAN_POINT('',(3.58976017505012,-7.86934722477416,1.30943909413611));
#1545=CARTESIAN_POINT('',(3.6052017085494,-7.87282604782254,1.24305919603764));
#1546=CARTESIAN_POINT('',(3.60197938964924,-7.87282344032745,1.24310895000777));
#1547=CARTESIAN_POINT('',(3.59875814082781,-7.8728211681643,1.24315230546352));
#1548=CARTESIAN_POINT('',(3.58650174900861,-7.8693622112827,1.30915313451815));
#1549=CARTESIAN_POINT('',(3.58324332296711,-7.86937719779124,1.30886717490019));
#1550=CARTESIAN_POINT('',(3.57998660694605,-7.86939332731109,1.30855940532722));
#1551=CARTESIAN_POINT('',(3.59553850127687,-7.87281943527901,1.24318537088452));
#1552=CARTESIAN_POINT('',(3.59231886172593,-7.87281770239372,1.24321843630551));
#1553=CARTESIAN_POINT('',(3.58910041610184,-7.87281638232464,1.2432436247242));
#1554=CARTESIAN_POINT('',(3.57673181279917,-7.86941059955246,1.30822983132891));
#1555=CARTESIAN_POINT('',(3.5734770186523,-7.86942787179382,1.3079002573306));
#1556=CARTESIAN_POINT('',(3.57022461258274,-7.86944638537305,1.30754699719472));
#1557=CARTESIAN_POINT('',(3.58588321563629,-7.87281550350837,1.24326039353742));
#1558=CARTESIAN_POINT('',(3.58266601517074,-7.87281462469211,1.24327716235064));
#1559=CARTESIAN_POINT('',(3.57945029296531,-7.87281423643686,1.24328457070227));
#1560=CARTESIAN_POINT('',(3.56697634256865,-7.86946646516746,1.30716385189294));
#1561=CARTESIAN_POINT('',(3.56372807255456,-7.86948654496187,1.30678070659115));
#1562=CARTESIAN_POINT('',(3.56048187292083,-7.86950785862678,1.30637401763758));
#1563=CARTESIAN_POINT('',(3.57623686831387,-7.87281452976278,1.24327897371012));
#1564=CARTESIAN_POINT('',(3.57302344366244,-7.87281482308871,1.24327337671798));
#1565=CARTESIAN_POINT('',(3.56981130372238,-7.87281562272946,1.24325811866368));
#1566=CARTESIAN_POINT('',(3.55723944067019,-7.86953063889965,1.3059393441372));
#1567=CARTESIAN_POINT('',(3.55399700841956,-7.86955341917252,1.30550467063681));
#1568=CARTESIAN_POINT('',(3.5507593921271,-7.86957781117923,1.30503924342269));
#1569=CARTESIAN_POINT('',(3.5666012737695,-7.87281705659272,1.24323075892272));
#1570=CARTESIAN_POINT('',(3.56339124381662,-7.87281849045599,1.24320339918175));
#1571=CARTESIAN_POINT('',(3.56018384813845,-7.87282063110472,1.24316255317066));
#1572=CARTESIAN_POINT('',(3.54752612240943,-7.86960378160888,1.30454369810456));
#1573=CARTESIAN_POINT('',(3.54429285269177,-7.86962975203854,1.30404815278642));
#1574=CARTESIAN_POINT('',(3.54106301806041,-7.86965717364933,1.30352491728286));
#1575=CARTESIAN_POINT('',(3.55697882881773,-7.87282347342246,1.2431083185173));
#1576=CARTESIAN_POINT('',(3.553773809497,-7.87282631574021,1.24305408386393));
#1577=CARTESIAN_POINT('',(3.55057071078948,-7.87282979610605,1.24298767452759));
#1578=CARTESIAN_POINT('',(3.53783973152791,-7.86968641178635,1.30296702039384));
#1579=CARTESIAN_POINT('',(3.5346164449954,-7.86971564992337,1.30240912350482));
#1580=CARTESIAN_POINT('',(3.53140015105297,-7.86974676138118,1.30181548152591));
#1581=CARTESIAN_POINT('',(3.54737106597586,-7.87283410873153,1.24290538473124));
#1582=CARTESIAN_POINT('',(3.54417142116223,-7.87283842135702,1.2428230949349));
#1583=CARTESIAN_POINT('',(3.54097545248812,-7.87284359463941,1.24272438282634));
#1584=CARTESIAN_POINT('',(3.52818913660428,-7.86977955329401,1.30118977455482));
#1585=CARTESIAN_POINT('',(3.5249781221556,-7.86981234520685,1.30056406758372));
#1586=CARTESIAN_POINT('',(3.52177425829352,-7.86984700277212,1.29990276184352));
#1587=CARTESIAN_POINT('',(3.53778228017977,-7.87284954368484,1.24261086827742));
#1588=CARTESIAN_POINT('',(3.53458910787142,-7.87285549273026,1.24249735372849));
#1589=CARTESIAN_POINT('',(3.53139965913613,-7.87286231214261,1.24236723158939));
#1590=CARTESIAN_POINT('',(3.51857951425641,-7.86988373407687,1.29920188679679));
#1591=CARTESIAN_POINT('',(3.51538477021931,-7.86992046538163,1.29850101175007));
#1592=CARTESIAN_POINT('',(3.51219632920994,-7.86995900614425,1.29776561019037));
#1593=CARTESIAN_POINT('',(3.52821495834039,-7.87287009137025,1.24221879508346));
#1594=CARTESIAN_POINT('',(3.52503025754464,-7.87287787059789,1.24207035857752));
#1595=CARTESIAN_POINT('',(3.52184889628981,-7.87288647750002,1.24190612910152));
#1596=CARTESIAN_POINT('',(3.50901927265316,-7.86999979557203,1.29698730154363));
#1597=CARTESIAN_POINT('',(3.50584221609639,-7.8700405849998,1.29620899289688));
#1598=CARTESIAN_POINT('',(3.50267537549331,-7.87008353018817,1.2953895498875));
#1599=CARTESIAN_POINT('',(3.51867345503561,-7.87289611708513,1.24172219486046));
#1600=CARTESIAN_POINT('',(3.51549801378141,-7.87290575667024,1.2415382606194));
#1601=CARTESIAN_POINT('',(3.5123279082784,-7.87291638248605,1.24133550797549));
#1602=CARTESIAN_POINT('',(3.49952043445464,-7.87012875937067,1.29452652567388));
#1603=CARTESIAN_POINT('',(3.49794296393531,-7.87015137396193,1.29409501356707));
#1604=CARTESIAN_POINT('',(3.49636846830707,-7.87017455955171,1.29365260615919));
#1605=CARTESIAN_POINT('',(3.50916402007921,-7.87292804405418,1.24111299199996));
#1606=CARTESIAN_POINT('',(3.50758207597962,-7.87293387483825,1.24100173401219));
#1607=CARTESIAN_POINT('',(3.50600168620598,-7.87293996456039,1.24088553519152));
#1608=CARTESIAN_POINT('',(3.49479715802128,-7.87019833216922,1.29319899759506));
#1609=CARTESIAN_POINT('',(3.49322584773549,-7.87022210478673,1.29274538903092));
#1610=CARTESIAN_POINT('',(3.49165772279214,-7.87024646443197,1.29228057931051));
#1611=CARTESIAN_POINT('',(3.50442296095238,-7.87294631941082,1.24076427742185));
#1612=CARTESIAN_POINT('',(3.50284423569878,-7.87295267426125,1.24064301965218));
#1613=CARTESIAN_POINT('',(3.50126717496521,-7.87295929423997,1.24051670293351));
#1614=CARTESIAN_POINT('',(3.49009299364257,-7.87027142713412,1.29180426257864));
#1615=CARTESIAN_POINT('',(3.488528264493,-7.87029638983627,1.29132794584677));
#1616=CARTESIAN_POINT('',(3.48696726963783,-7.87032197941742,1.29083966755106));
#1617=CARTESIAN_POINT('',(3.49969188894577,-7.87296618553716,1.24038520914974));
#1618=CARTESIAN_POINT('',(3.49811660292632,-7.87297307683436,1.24025371536597));
#1619=CARTESIAN_POINT('',(3.49654327969124,-7.87298024438382,1.24011695037494));
#1620=CARTESIAN_POINT('',(3.48541032521882,-7.87034821682547,1.2903390279816));
#1621=CARTESIAN_POINT('',(3.48385338079981,-7.87037445423353,1.28983838841215));
#1622=CARTESIAN_POINT('',(3.48230048681695,-7.87040133946849,1.28932538756896));
#1623=CARTESIAN_POINT('',(3.49497209543297,-7.87298769247584,1.23997483231302));
#1624=CARTESIAN_POINT('',(3.4934009111747,-7.87299514056786,1.2398327142511));
#1625=CARTESIAN_POINT('',(3.49183186589324,-7.87300286920244,1.23968524311829));
#1626=CARTESIAN_POINT('',(3.48075195941199,-7.87042889347827,1.28879962574214));
#1627=CARTESIAN_POINT('',(3.47920343200704,-7.87045644748804,1.28827386391532));
#1628=CARTESIAN_POINT('',(3.47765927117999,-7.87048467027263,1.28773534110488));
#1629=CARTESIAN_POINT('',(3.49026513578102,-7.87301088266987,1.23953233705095));
#1630=CARTESIAN_POINT('',(3.48869840566879,-7.8730188961373,1.23937943098361));
#1631=CARTESIAN_POINT('',(3.48713399072581,-7.87302719443758,1.23922108998174));
#1632=CARTESIAN_POINT('',(3.4761197930726,-7.87051358277994,1.28718365760091));
#1633=CARTESIAN_POINT('',(3.4745803149652,-7.87054249528725,1.28663197409694));
#1634=CARTESIAN_POINT('',(3.47304551957747,-7.87057209751729,1.28606712989945));
#1635=CARTESIAN_POINT('',(3.48557206714451,-7.873035781861,1.23905723218171));
#1636=CARTESIAN_POINT('',(3.4840101435632,-7.87304436928441,1.23889337438168));
#1637=CARTESIAN_POINT('',(3.48245071134358,-7.87305324583097,1.23872399978348));
#1638=CARTESIAN_POINT('',(3.47151572305114,-7.87060241041795,1.28548872529855));
#1639=CARTESIAN_POINT('',(3.46845612999848,-7.87066303621927,1.28433191609674));
#1640=CARTESIAN_POINT('',(3.46541754305445,-7.87072656894682,1.28311963943821));
#1641=CARTESIAN_POINT('',(3.48089394667806,-7.87306241579096,1.23854902652349));
#1642=CARTESIAN_POINT('',(3.47778041734703,-7.87308075571094,1.2381990800035));
#1643=CARTESIAN_POINT('',(3.47467822516121,-7.8731002491699,1.23782712264856));
#1644=CARTESIAN_POINT('',(3.46240491692254,-7.87079329164417,1.28184649452986));
#1645=CARTESIAN_POINT('',(3.45939229079064,-7.87086001434152,1.28057334962152));
#1646=CARTESIAN_POINT('',(3.45640562547087,-7.87092992700867,1.27923933646337));
#1647=CARTESIAN_POINT('',(3.47159005327574,-7.87312097753604,1.23743160186104));
#1648=CARTESIAN_POINT('',(3.46850188139027,-7.87314170590217,1.23703608107352));
#1649=CARTESIAN_POINT('',(3.46542775832719,-7.87316365284387,1.23661730847916));
#1650=CARTESIAN_POINT('',(3.45344987566675,-7.8710033126892,1.27783905426235));
#1651=CARTESIAN_POINT('',(3.4519720007647,-7.87104000552946,1.27713891316183));
#1652=CARTESIAN_POINT('',(3.45050219626955,-7.87107758517907,1.27642185073095));
#1653=CARTESIAN_POINT('',(3.46237099909465,-7.87318673891275,1.23617680004314));
#1654=CARTESIAN_POINT('',(3.46084261947838,-7.8731982819472,1.23595654582513));
#1655=CARTESIAN_POINT('',(3.45931863187,-7.87321014485105,1.23573018813517));
#1656=CARTESIAN_POINT('',(3.44904154551528,-7.87111610662613,1.27568681773423));
#1657=CARTESIAN_POINT('',(3.44758089476101,-7.87115462807319,1.27495178473751));
#1658=CARTESIAN_POINT('',(3.44612939774761,-7.87119409131769,1.27419878117496));
#1659=CARTESIAN_POINT('',(3.45779975775232,-7.87322231511342,1.2354979656953));
#1660=CARTESIAN_POINT('',(3.45628088363465,-7.8732344853758,1.23526574325543));
#1661=CARTESIAN_POINT('',(3.45476712300767,-7.87324696299669,1.23502765606565));
#1662=CARTESIAN_POINT('',(3.44468813780906,-7.87123455134775,1.27342675781113));
#1663=CARTESIAN_POINT('',(3.44180561793196,-7.87131547140785,1.27188271108345));
#1664=CARTESIAN_POINT('',(3.43896160334379,-7.87140026218086,1.27026480675384));
#1665=CARTESIAN_POINT('',(3.45325919735419,-7.87325973546521,1.23478394284799));
#1666=CARTESIAN_POINT('',(3.45024334604724,-7.87328528040225,1.23429651641269));
#1667=CARTESIAN_POINT('',(3.44724961312909,-7.87331194651515,1.2337876966675));
#1668=CARTESIAN_POINT('',(3.43617161641759,-7.87148965774951,1.26855903768918));
#1669=CARTESIAN_POINT('',(3.4333816294914,-7.87157905331816,1.26685326862452));
#1670=CARTESIAN_POINT('',(3.43064472302702,-7.87167302082857,1.26506026171419));
#1671=CARTESIAN_POINT('',(3.44428719831282,-7.87333978080574,1.23325658676404));
#1672=CARTESIAN_POINT('',(3.44132478349656,-7.87336761509634,1.23272547686058));
#1673=CARTESIAN_POINT('',(3.4383935694351,-7.873396547788,1.23217340821636));
#1674=CARTESIAN_POINT('',(3.42798056938809,-7.87177237547635,1.26316446209925));
#1675=CARTESIAN_POINT('',(3.42531641574916,-7.87187173012414,1.26126866248432));
#1676=CARTESIAN_POINT('',(3.42272565364675,-7.8719765166819,1.25926921585255));
#1677=CARTESIAN_POINT('',(3.43550635097025,-7.87342648432175,1.23160218512373));
#1678=CARTESIAN_POINT('',(3.4326191325054,-7.87345642085551,1.2310309620311));
#1679=CARTESIAN_POINT('',(3.42977631323319,-7.87348734799732,1.23044083701102));
#1680=CARTESIAN_POINT('',(3.42024129310136,-7.87208791688658,1.25714357331998));
#1681=CARTESIAN_POINT('',(3.41775693255597,-7.87219931709126,1.25501793078741));
#1682=CARTESIAN_POINT('',(3.41537981512308,-7.87231739984845,1.25276477755704));
#1683=CARTESIAN_POINT('',(3.42700221980085,-7.87351886117917,1.22983952968054));
#1684=CARTESIAN_POINT('',(3.42422812636852,-7.87355037436103,1.22923822235007));
#1685=CARTESIAN_POINT('',(3.4215217027352,-7.87358263396152,1.22862267250355));
#1686=CARTESIAN_POINT('',(3.41317690134116,-7.87244398911806,1.25034931040052));
#1687=CARTESIAN_POINT('',(3.41207544445019,-7.87250728375286,1.24914157682226));
#1688=CARTESIAN_POINT('',(3.41101914709756,-7.87257274436253,1.24789251398144));
#1689=CARTESIAN_POINT('',(3.418934252584,-7.87361484389499,1.22800807036043));
#1690=CARTESIAN_POINT('',(3.4176405275084,-7.87363094886172,1.22770076928887));
#1691=CARTESIAN_POINT('',(3.4163777109711,-7.87364703351108,1.22739385589576));
#1692=CARTESIAN_POINT('',(3.41002329556078,-7.872640647461,1.2465968456781));
#1693=CARTESIAN_POINT('',(3.409027444024,-7.87270855055946,1.24530117737476));
#1694=CARTESIAN_POINT('',(3.40809171853174,-7.87277890747231,1.24395868750372));
#1695=CARTESIAN_POINT('',(3.41515794733404,-7.87366292673336,1.22709059514903));
#1696=CARTESIAN_POINT('',(3.41393818369698,-7.87367881995564,1.2267873344023));
#1697=CARTESIAN_POINT('',(3.41276096809094,-7.87369453756337,1.22648742458091));
#1698=CARTESIAN_POINT('',(3.40723943354287,-7.87285198384146,1.24256430731548));
#1699=CARTESIAN_POINT('',(3.40638714855401,-7.8729250602106,1.24116992712725));
#1700=CARTESIAN_POINT('',(3.40561963164639,-7.8730008921625,1.23972296728761));
#1701=CARTESIAN_POINT('',(3.41164575400227,-7.87370979059673,1.22619637936653));
#1702=CARTESIAN_POINT('',(3.41053053991361,-7.87372504363008,1.22590533415214));
#1703=CARTESIAN_POINT('',(3.40947816801547,-7.873739829984,1.22562319371196));
#1704=CARTESIAN_POINT('',(3.40497242312467,-7.87307950686602,1.23822290938419));
#1705=CARTESIAN_POINT('',(3.40432521460295,-7.87315812156953,1.23672285148078));
#1706=CARTESIAN_POINT('',(3.40379811741335,-7.87323958285601,1.23516847753868));
#1707=CARTESIAN_POINT('',(3.40851900060067,-7.87375369406806,1.225358651229));
#1708=CARTESIAN_POINT('',(3.40755983318587,-7.87376755815211,1.22509410874604));
#1709=CARTESIAN_POINT('',(3.40669418303862,-7.87378049535504,1.22484725220875));
#1710=CARTESIAN_POINT('',(3.40344215083225,-7.87332312114804,1.23357447196989));
#1711=CARTESIAN_POINT('',(3.40308618425115,-7.87340665944006,1.23198046640111));
#1712=CARTESIAN_POINT('',(3.40290187634594,-7.8734923653612,1.23034510000503));
#1713=CARTESIAN_POINT('',(3.40596880593052,-7.87379172505304,1.22463297680619));
#1714=CARTESIAN_POINT('',(3.40524342882242,-7.87380295475104,1.22441870140363));
#1715=CARTESIAN_POINT('',(3.40465895416129,-7.87381248475557,1.22423685808467));
#1716=CARTESIAN_POINT('',(3.40293327083548,-7.87357793516664,1.22871233085101));
#1717=CARTESIAN_POINT('',(3.40294896808025,-7.87362072006936,1.22789594627399));
#1718=CARTESIAN_POINT('',(3.40301796361495,-7.87366348824882,1.22707988079591));
#1719=CARTESIAN_POINT('',(3.40426484952202,-7.87381930483176,1.22410672327857));
#1720=CARTESIAN_POINT('',(3.40406779720238,-7.87382271486986,1.22404165587553));
#1721=CARTESIAN_POINT('',(3.40391787598882,-7.87382546085698,1.22398925931984));
#1722=CARTESIAN_POINT('',(3.4031415127061,-7.87370579556279,1.22627260915514));
#1723=CARTESIAN_POINT('',(3.40326506179725,-7.87374810287676,1.22546533751437));
#1724=CARTESIAN_POINT('',(3.40344774342778,-7.87379053288888,1.22465572465336));
#1725=CARTESIAN_POINT('',(3.40381880827549,-7.87382744921699,1.22395131915077));
#1726=CARTESIAN_POINT('',(3.40371974056216,-7.873829437577,1.2239133789817));
#1727=CARTESIAN_POINT('',(3.40367378470317,-7.87383110777431,1.22388150971849));
#1728=CARTESIAN_POINT('',(3.40389982597856,-7.87387168265973,1.22310729478363));
#1729=CARTESIAN_POINT('',(3.40417441932707,-7.87391077227723,1.22236142044903));
#1730=CARTESIAN_POINT('',(3.40449610384487,-7.87394910287119,1.22163002914641));
#1731=CARTESIAN_POINT('',(3.40481778836268,-7.87398743346515,1.22089863784378));
#1732=CARTESIAN_POINT('',(3.40518662632451,-7.87402470967035,1.22018736547706));
#1733=CARTESIAN_POINT('',(3.40559642820856,-7.87406067449688,1.21950111570614));
#1734=CARTESIAN_POINT('',(3.40641603197665,-7.87413260414994,1.2181286161643));
#1735=CARTESIAN_POINT('',(3.40740067339369,-7.87419925006202,1.21685693640614));
#1736=CARTESIAN_POINT('',(3.40849546102879,-7.87426032895804,1.21569148164248));
#1737=CARTESIAN_POINT('',(3.40959024866389,-7.87432140785406,1.21452602687883));
#1738=CARTESIAN_POINT('',(3.4107944517688,-7.8743769947347,1.2134653660113));
#1739=CARTESIAN_POINT('',(3.41206557807668,-7.87442788127009,1.21249439307381));
#1740=CARTESIAN_POINT('',(3.41333670438456,-7.87447876780549,1.21152342013631));
#1741=CARTESIAN_POINT('',(3.41467393127322,-7.87452502704957,1.21064074117703));
#1742=CARTESIAN_POINT('',(3.41605207446167,-7.874567597352,1.20982845141757));
#1743=CARTESIAN_POINT('',(3.41743021765013,-7.87461016765442,1.20901616165811));
#1744=CARTESIAN_POINT('',(3.41884892336996,-7.87464908935183,1.20827349142984));
#1745=CARTESIAN_POINT('',(3.4202925991073,-7.87468520600573,1.20758434461997));
#1746=CARTESIAN_POINT('',(3.42173627484464,-7.87472132265964,1.20689519781009));
#1747=CARTESIAN_POINT('',(3.42320561056661,-7.87475461397058,1.20625996175548));
#1748=CARTESIAN_POINT('',(3.42469160382684,-7.87478569867192,1.20566683032033));
#1749=CARTESIAN_POINT('',(3.42766359034732,-7.8748478680746,1.20448056745005));
#1750=CARTESIAN_POINT('',(3.43069932018106,-7.8749014316308,1.20345851391272));
#1751=CARTESIAN_POINT('',(3.43376314650035,-7.87494980547176,1.20253548604111));
#1752=CARTESIAN_POINT('',(3.43682697281963,-7.87499817931273,1.20161245816949));
#1753=CARTESIAN_POINT('',(3.43992184926163,-7.87504111158689,1.20079326157788));
#1754=CARTESIAN_POINT('',(3.44303213255241,-7.87508059316716,1.20003990814821));
#1755=CARTESIAN_POINT('',(3.44614241584319,-7.87512007474742,1.19928655471854));
#1756=CARTESIAN_POINT('',(3.44926793750172,-7.87515617687452,1.19859768509663));
#1757=CARTESIAN_POINT('',(3.45240278020805,-7.87518990386198,1.1979541358389));
#1758=CARTESIAN_POINT('',(3.45553762291439,-7.87522363084944,1.19731058658116));
#1759=CARTESIAN_POINT('',(3.45868107416253,-7.87525508939664,1.19671032174192));
#1760=CARTESIAN_POINT('',(3.46183025689932,-7.87528491958267,1.19614112788486));
#1761=CARTESIAN_POINT('',(3.46340484826772,-7.87529983467569,1.19585653095633));
#1762=CARTESIAN_POINT('',(3.46498087250829,-7.87531434267841,1.19557970177335));
#1763=CARTESIAN_POINT('',(3.46655796998937,-7.87532852360072,1.19530911365637));
#1764=CARTESIAN_POINT('',(3.46813506747046,-7.87534270452303,1.1950385255394));
#1765=CARTESIAN_POINT('',(3.46971323819206,-7.87535655836493,1.19477417848843));
#1766=CARTESIAN_POINT('',(3.47129212252255,-7.87537016513631,1.19451454582394));
#1767=CARTESIAN_POINT('',(3.47444989118352,-7.87539737867906,1.19399528049495));
#1768=CARTESIAN_POINT('',(3.47761147198991,-7.87542339746282,1.19349881252553));
#1769=CARTESIAN_POINT('',(3.48077518962894,-7.87544866342791,1.19301670919222));
#1770=CARTESIAN_POINT('',(3.48393890726797,-7.87547392939299,1.19253460585891));
#1771=CARTESIAN_POINT('',(3.48710470469557,-7.87549847520262,1.19206624391026));
#1772=CARTESIAN_POINT('',(3.49027217030498,-7.87552242116398,1.19160932774843));
#1773=CARTESIAN_POINT('',(3.49185590310969,-7.87553439414466,1.19138086966751));
#1774=CARTESIAN_POINT('',(3.49343997216121,-7.87554624328157,1.19115477466641));
#1775=CARTESIAN_POINT('',(3.49502434121642,-7.87555798094205,1.19093080676251));
#1776=CARTESIAN_POINT('',(3.49660871027164,-7.87556971860252,1.1907068388586));
#1777=CARTESIAN_POINT('',(3.49819337933055,-7.87558134478656,1.19048499805189));
#1778=CARTESIAN_POINT('',(3.49977831215004,-7.87559287186148,1.19026504835976));
#1779=CARTESIAN_POINT('',(3.50136324496953,-7.8756043989364,1.19004509866762));
#1780=CARTESIAN_POINT('',(3.5029484415496,-7.8756158269022,1.18982704009005));
#1781=CARTESIAN_POINT('',(3.50453386564713,-7.87562716812621,1.18961063664444));
#1782=CARTESIAN_POINT('',(3.50611928974465,-7.87563850935022,1.18939423319883));
#1783=CARTESIAN_POINT('',(3.50770494135964,-7.87564976383245,1.18917948488517));
#1784=CARTESIAN_POINT('',(3.50929078424896,-7.87566094394021,1.18896615572083));
#1785=CARTESIAN_POINT('',(3.51087662713828,-7.87567212404796,1.1887528265565));
#1786=CARTESIAN_POINT('',(3.51246262366206,-7.87568324373578,1.18854065027344));
#1787=CARTESIAN_POINT('',(3.51404876388347,-7.87569430665243,1.18832955724865));
#1788=CARTESIAN_POINT('',(3.51563490410488,-7.87570536956908,1.18811846422385));
#1789=CARTESIAN_POINT('',(3.51722118802392,-7.87571637571457,1.18790845445732));
#1790=CARTESIAN_POINT('',(3.51880760570378,-7.87572732873769,1.18769945832604));
#1791=CARTESIAN_POINT('',(3.52198044106348,-7.87574923478393,1.18728146606348));
#1792=CARTESIAN_POINT('',(3.52515381146643,-7.87577092834068,1.18686752834192));
#1793=CARTESIAN_POINT('',(3.52832763741806,-7.87579243859824,1.1864570881773));
#1794=CARTESIAN_POINT('',(3.53150146336968,-7.87581394885579,1.18604664801267));
#1795=CARTESIAN_POINT('',(3.53467574486997,-7.87583527581416,1.18563970540497));
#1796=CARTESIAN_POINT('',(3.53785040242436,-7.87585644866363,1.18523570337012));
#1797=CARTESIAN_POINT('',(3.54102505997875,-7.8758776215131,1.18483170133527));
#1798=CARTESIAN_POINT('',(3.54420009358724,-7.87589864025368,1.18443063987326));
#1799=CARTESIAN_POINT('',(3.54737542375525,-7.87591953407567,1.18403196200001));
#1800=CARTESIAN_POINT('',(3.55055075392326,-7.87594042789765,1.18363328412677));
#1801=CARTESIAN_POINT('',(3.55372639732906,-7.87596119279066,1.18323706636498));
#1802=CARTESIAN_POINT('',(3.55690240042381,-7.87598180567672,1.18284374906864));
#1803=CARTESIAN_POINT('',(3.56007840351855,-7.87600241856277,1.18245043177231));
#1804=CARTESIAN_POINT('',(3.56325476630224,-7.87602287944187,1.18206001494144));
#1805=CARTESIAN_POINT('',(3.56643153522602,-7.87604316523604,1.18167293893003));
#1806=CARTESIAN_POINT('',(3.5696083041498,-7.87606345103021,1.18128586291863));
#1807=CARTESIAN_POINT('',(3.57278547921368,-7.87608356173946,1.1809021277267));
#1808=CARTESIAN_POINT('',(3.57596310686881,-7.87610347428579,1.18052217370824));
#1809=CARTESIAN_POINT('',(3.57914073452394,-7.87612338683213,1.18014221968978));
#1810=CARTESIAN_POINT('',(3.58231881477031,-7.87614310121556,1.1797660468448));
#1811=CARTESIAN_POINT('',(3.58549739405909,-7.87616259435811,1.17939409552731));
#1812=CARTESIAN_POINT('',(3.58867597334787,-7.87618208750066,1.17902214420981));
#1813=CARTESIAN_POINT('',(3.59185501168919,-7.87620137759041,1.17865406737068));
#1814=CARTESIAN_POINT('',(3.59503461847341,-7.87622040746429,1.17829095574593));
#1815=CARTESIAN_POINT('',(3.59821422525763,-7.87623943733818,1.17792784412119));
#1816=CARTESIAN_POINT('',(3.60139440048474,-7.8762582069962,1.17756969771083));
#1817=CARTESIAN_POINT('',(3.60457525354513,-7.87627665927532,1.17721760725088));
#1818=CARTESIAN_POINT('',(3.60775610660551,-7.87629511155443,1.17686551679093));
#1819=CARTESIAN_POINT('',(3.61093752374618,-7.87631330664148,1.17651833384781));
#1820=CARTESIAN_POINT('',(3.61411965220584,-7.87633114995925,1.17617786306247));
#1821=CARTESIAN_POINT('',(3.6173017806655,-7.87634899327702,1.17583739227713));
#1822=CARTESIAN_POINT('',(3.62048462044415,-7.87636648482551,1.17550363364958));
#1823=CARTESIAN_POINT('',(3.6236683187805,-7.87638353002749,1.17517839182075));
#1824=CARTESIAN_POINT('',(3.62685201711685,-7.87640057522947,1.17485314999193));
#1825=CARTESIAN_POINT('',(3.63003642662312,-7.87641730113389,1.17453400072348));
#1826=CARTESIAN_POINT('',(3.63322161590731,-7.87643360260752,1.17422295007689));
#1827=CARTESIAN_POINT('',(3.63640680519151,-7.87644990408115,1.17391189943029));
#1828=CARTESIAN_POINT('',(3.63959277425362,-7.876465781124,1.17360894740555));
#1829=CARTESIAN_POINT('',(3.64277959170168,-7.87648112860283,1.17331610006416));
#1830=CARTESIAN_POINT('',(3.64596640914973,-7.87649647608166,1.17302325272277));
#1831=CARTESIAN_POINT('',(3.64915418651242,-7.87651131344104,1.17274013904044));
#1832=CARTESIAN_POINT('',(3.65234275788364,-7.87652568289171,1.17246595358793));
#1833=CARTESIAN_POINT('',(3.65553132925486,-7.87654005234239,1.17219176813541));
#1834=CARTESIAN_POINT('',(3.65872069463461,-7.87655395388437,1.1719265109127));
#1835=CARTESIAN_POINT('',(3.66191068811677,-7.87656742972842,1.17166937649053));
#1836=CARTESIAN_POINT('',(3.66829067508111,-7.8765943814165,1.1711551076462));
#1837=CARTESIAN_POINT('',(3.67467332796967,-7.87661954124277,1.17067502956211));
#1838=CARTESIAN_POINT('',(3.68105822149966,-7.87664303513493,1.17022673939446));
#1839=CARTESIAN_POINT('',(3.68744311502965,-7.87666652902709,1.16977844922682));
#1840=CARTESIAN_POINT('',(3.69383024920107,-7.87668835698515,1.16936194697561));
#1841=CARTESIAN_POINT('',(3.70021919873113,-7.8767086449368,1.16897482979705));
#1842=CARTESIAN_POINT('',(3.70660814826118,-7.87672893288845,1.16858771261849));
#1843=CARTESIAN_POINT('',(3.71299882169619,-7.8767476955878,1.16822969898747));
#1844=CARTESIAN_POINT('',(3.71939092152156,-7.87676503092396,1.16789892106868));
#1845=CARTESIAN_POINT('',(3.72578302134693,-7.87678236626012,1.16756814314988));
#1846=CARTESIAN_POINT('',(3.73217654756266,-7.87679827423309,1.16726460094331));
#1847=CARTESIAN_POINT('',(3.73857120265416,-7.87681285273196,1.16698642661366));
#1848=CARTESIAN_POINT('',(3.74496585774566,-7.87682743123083,1.166708252284));
#1849=CARTESIAN_POINT('',(3.75136164171292,-7.8768406802556,1.16645544583125));
#1850=CARTESIAN_POINT('',(3.75775825704135,-7.87685269769539,1.1662261394201));
#1851=CARTESIAN_POINT('',(3.76415487236979,-7.87686471513517,1.16599683300895));
#1852=CARTESIAN_POINT('',(3.77055231905939,-7.87687550098996,1.16579102663939));
#1853=CARTESIAN_POINT('',(3.77695029959557,-7.87688515314886,1.16560685247612));
#1854=CARTESIAN_POINT('',(3.78334828013174,-7.87689480530776,1.16542267831285));
#1855=CARTESIAN_POINT('',(3.78974695647158,-7.87690326936624,1.16526117445609));
#1856=CARTESIAN_POINT('',(3.79614609403922,-7.87691064205319,1.16512049520865));
#1857=CARTESIAN_POINT('',(3.80254523160686,-7.87691801474014,1.16497981596122));
#1858=CARTESIAN_POINT('',(3.8089448304023,-7.87692429605556,1.16485996132311));
#1859=CARTESIAN_POINT('',(3.81534465584968,-7.87692958272834,1.16475908559713));
#1860=CARTESIAN_POINT('',(3.82174448129706,-7.87693486940112,1.16465820987115));
#1861=CARTESIAN_POINT('',(3.82814478926444,-7.87693904938528,1.16457845102202));
#1862=CARTESIAN_POINT('',(3.83454520764409,-7.87694229682301,1.1645164862188));
#1863=CARTESIAN_POINT('',(3.84094562602374,-7.87694554426074,1.16445452141557));
#1864=CARTESIAN_POINT('',(3.84734603443307,-7.8769479167159,1.16440925227449));
#1865=CARTESIAN_POINT('',(3.85374666368753,-7.87694929691233,1.16438291655774));
#1866=CARTESIAN_POINT('',(3.86014729294198,-7.87695067710876,1.16435658084099));
#1867=CARTESIAN_POINT('',(3.86654796869971,-7.87695115597125,1.16434744360027));
#1868=CARTESIAN_POINT('',(3.87294862438089,-7.87695077356571,1.16435474033276));
#1869=CARTESIAN_POINT('',(3.87934928006208,-7.87695039116016,1.16436203706525));
#1870=CARTESIAN_POINT('',(3.88574991566672,-7.87694914748658,1.16438576777094));
#1871=CARTESIAN_POINT('',(3.89215046461502,-7.87694708261085,1.16442516794699));
#1872=CARTESIAN_POINT('',(3.89855101356332,-7.87694501773512,1.16446456812304));
#1873=CARTESIAN_POINT('',(3.90495147585526,-7.87694213165724,1.16451963776944));
#1874=CARTESIAN_POINT('',(3.91135178491105,-7.87693846444312,1.16458961238336));
#1875=CARTESIAN_POINT('',(3.91775209396684,-7.876934797229,1.16465958699728));
#1876=CARTESIAN_POINT('',(3.92415224978647,-7.87693034887863,1.16474446657872));
#1877=CARTESIAN_POINT('',(3.93055218579013,-7.87692515945791,1.16484348662483));
#1878=CARTESIAN_POINT('',(3.93695212179379,-7.87691997003719,1.16494250667094));
#1879=CARTESIAN_POINT('',(3.94335181500852,-7.8769140630959,1.16505521782511));
#1880=CARTESIAN_POINT('',(3.94975123714023,-7.87690746504408,1.16518111615371));
#1881=CARTESIAN_POINT('',(3.95615065927193,-7.87690086699226,1.16530701448232));
#1882=CARTESIAN_POINT('',(3.96254981032061,-7.87689357782992,1.16544609998536));
#1883=CARTESIAN_POINT('',(3.96894866199214,-7.87688562396709,1.16559786872922));
#1884=CARTESIAN_POINT('',(3.98174636533519,-7.87686971624143,1.16590140621694));
#1885=CARTESIAN_POINT('',(3.99454287116968,-7.87685114971382,1.16625567666793));
#1886=CARTESIAN_POINT('',(4.0073379531427,-7.87683013566462,1.16665664861322));
#1887=CARTESIAN_POINT('',(4.02013303511572,-7.87680912161541,1.1670576205585));
#1888=CARTESIAN_POINT('',(4.03292659967393,-7.87678574914513,1.16750359385858));
#1889=CARTESIAN_POINT('',(4.04571855907353,-7.87676018472261,1.16799139209899));
#1890=CARTESIAN_POINT('',(4.05851051847313,-7.8767346203001,1.16847919033939));
#1891=CARTESIAN_POINT('',(4.07130087271413,-7.87670686392534,1.16900881352012));
#1892=CARTESIAN_POINT('',(4.08408953405275,-7.87667708206717,1.16957708522669));
#1893=CARTESIAN_POINT('',(4.10966685672999,-7.87661751835083,1.17071362863984));
#1894=CARTESIAN_POINT('',(4.13523740779771,-7.87654985270084,1.17200476615636));
#1895=CARTESIAN_POINT('',(4.16080048530567,-7.87647541686783,1.17342508646046));
#1896=CARTESIAN_POINT('',(4.18636356281363,-7.87640098103482,1.17484540676456));
#1897=CARTESIAN_POINT('',(4.21191930832569,-7.87631965685983,1.17639716446362));
#1898=CARTESIAN_POINT('',(4.23746746444498,-7.876232306515,1.17806390833299));
#1899=CARTESIAN_POINT('',(4.26301562056426,-7.87614495617017,1.17973065220236));
#1900=CARTESIAN_POINT('',(4.28855620839728,-7.87605154261387,1.18151308903871));
#1901=CARTESIAN_POINT('',(4.31408894482311,-7.8759526024569,1.18340097969764));
#1902=CARTESIAN_POINT('',(4.33962168124893,-7.87585366229994,1.18528887035658));
#1903=CARTESIAN_POINT('',(4.36514665510666,-7.87574925488152,1.18728108257872));
#1904=CARTESIAN_POINT('',(4.39066323489304,-7.8756394979624,1.18937536935487));
#1905=CARTESIAN_POINT('',(4.41617981467943,-7.87552974104328,1.19146965613102));
#1906=CARTESIAN_POINT('',(4.44168800039446,-7.87541463462346,1.19366601746118));
#1907=CARTESIAN_POINT('',(4.4671871605349,-7.87529429646371,1.19596220633618));
#1908=CARTESIAN_POINT('',(4.49268632067533,-7.87517395830395,1.19825839521117));
#1909=CARTESIAN_POINT('',(4.51817650485583,-7.87504838124321,1.20065454827199));
#1910=CARTESIAN_POINT('',(4.5436561737343,-7.87491722477945,1.20315716268452));
#1911=CARTESIAN_POINT('',(4.56913584261277,-7.87478606831569,1.20565977709706));
#1912=CARTESIAN_POINT('',(4.59460499618922,-7.8746493324489,1.20826885286131));
#1913=GEOMETRIC_SET('WUQJBCSHNO, MainWing, 1',(#984));
#1914=GEOMETRICALLY_BOUNDED_SURFACE_SHAPE_REPRESENTATION('',(#1913),#12);
#1915=SHAPE_REPRESENTATION_RELATIONSHIP('','',#26,#1914);
#1916=B_SPLINE_SURFACE_WITH_KNOTS('Surf_YAKSFVWFGL, Stab, 0, 0',1,3,((#1917, #1917, #1917, #1917, #1918, #1919, #1920, #1921, #1922, #1923, #1924, #1925, #1926, #1927, #1928, #1929, #1930, #1931, #1932, #1933, #1934, #1935, #1936, #1937, #1938, #1939, #1940, #1941, #1942, #1943, #1944, #1945, #1946, #1947, #1948, #1949, #1950, #1951, #1952, #1953, #1954, #1955, #1956, #1957, #1958, #1959, #1960, #1961, #1962, #1963, #1964, #1965, #1966, #1967, #1968, #1969, #1970, #1971, #1972, #1973, #1974, #1975, #1976, #1977, #1978, #1979, #1980, #1981, #1982, #1983, #1984, #1985, #1986, #1987, #1988, #1989, #1990, #1991, #1992, #1993, #1994, #1995, #1996, #1997, #1998, #1999, #2000, #2001, #2002, #2003, #2004, #2005, #2006, #2007, #2008, #2009, #2010, #2011, #2012, #2013, #2014, #2015, #2016, #2017, #2018, #2019, #2020, #2021, #2022, #2023, #2024, #2025, #2026, #2027, #2028, #2028, #2028, #2028, #2028, #2028, #2028, #2029, #2030, #2031, #2032, #2033, #2034, #2035, #2036, #2037, #2038, #2039, #2040, #2041, #2042, #2043, #2044, #2045, #2046, #2047, #2048, #2049, #2050, #2051, #2052, #2053, #2054, #2055, #2056, #2057, #2058, #2059, #2060, #2061, #2062, #2063, #2064, #2065, #2066, #2067, #2068, #2069, #2070, #2071, #2072, #2073, #2074, #2075, #2076, #2077, #2078, #2079, #2080, #2081, #2082, #2083, #2084, #2085, #2086, #2087, #2088, #2089, #2090, #2091, #2092, #2093, #2094, #2095, #2096, #2097, #2098, #2099, #2100, #2101, #2102, #2103, #2104, #2105, #2106, #2107, #2108, #2109, #2110, #2111, #2112, #2113, #2114, #2115, #2116, #2117, #2118, #2119, #2120, #2121, #2122, #2123, #2124, #2125, #2126, #2127, #2128, #2129, #2130, #2131, #2132, #2133, #2134, #2135, #2136, #2137, #2138, #1917, #1917, #1917, #1917),(#2139, #2139, #2139, #2139, #2140, #2141, #2144, #2145, #2146, #2150, #2151, #2152, #2156, #2157, #2158, #2162, #2163, #2164, #2168, #2169, #2170, #2174, #2175, #2176, #2180, #2181, #2182, #2186, #2187, #2188, #2192, #2193, #2194, #2198, #2199, #2200, #2204, #2205, #2206, #2210, #2211, #2212, #2216, #2217, #2218, #2222, #2223, #2224, #2228, #2229, #2230, #2234, #2235, #2236, #2240, #2241, #2242, #2246, #2247, #2248, #2252, #2253, #2254, #2258, #2259, #2260, #2264, #2265, #2266, #2270, #2271, #2272, #2276, #2277, #2278, #2282, #2283, #2284, #2288, #2289, #2290, #2294, #2295, #2296, #2300, #2301, #2302, #2306, #2307, #2308, #2312, #2313, #2314, #2318, #2319, #2320, #2324, #2325, #2326, #2330, #2331, #2332, #2336, #2337, #2338, #2342, #2343, #2344, #2348, #2349, #2350, #2354, #2355, #2356, #2359, #2359, #2359, #2359, #2359, #2359, #2359, #2360, #2361, #2362, #2363, #2364, #2365, #2366, #2367, #2368, #2369, #2370, #2371, #2372, #2373, #2374, #2375, #2376, #2377, #2378, #2379, #2380, #2381, #2382, #2383, #2384, #2385, #2386, #2387, #2388, #2389, #2390, #2391, #2392, #2393, #2394, #2395, #2396, #2397, #2398, #2399, #2400, #2401, #2402, #2403, #2404, #2405, #2406, #2407, #2408, #2409, #2410, #2411, #2412, #2413, #2414, #2415, #2416, #2417, #2418, #2419, #2420, #2421, #2422, #2423, #2424, #2425, #2426, #2427, #2428, #2429, #2430, #2431, #2432, #2433, #2434, #2435, #2436, #2437, #2438, #2439, #2440, #2441, #2442, #2443, #2444, #2445, #2446, #2447, #2448, #2449, #2450, #2451, #2452, #2453, #2454, #2455, #2456, #2457, #2458, #2459, #2460, #2461, #2462, #2463, #2464, #2465, #2466, #2467, #2468, #2469, #2139, #2139, #2139, #2139),(#2139, #2139, #2139, #2139, #2142, #2143, #2147, #2148, #2149, #2153, #2154, #2155, #2159, #2160, #2161, #2165, #2166, #2167, #2171, #2172, #2173, #2177, #2178, #2179, #2183, #2184, #2185, #2189, #2190, #2191, #2195, #2196, #2197, #2201, #2202, #2203, #2207, #2208, #2209, #2213, #2214, #2215, #2219, #2220, #2221, #2225, #2226, #2227, #2231, #2232, #2233, #2237, #2238, #2239, #2243, #2244, #2245, #2249, #2250, #2251, #2255, #2256, #2257, #2261, #2262, #2263, #2267, #2268, #2269, #2273, #2274, #2275, #2279, #2280, #2281, #2285, #2286, #2287, #2291, #2292, #2293, #2297, #2298, #2299, #2303, #2304, #2305, #2309, #2310, #2311, #2315, #2316, #2317, #2321, #2322, #2323, #2327, #2328, #2329, #2333, #2334, #2335, #2339, #2340, #2341, #2345, #2346, #2347, #2351, #2352, #2353, #2357, #2358, #2359, #2359, #2359, #2359, #2359, #2359, #2359, #2359, #2359, #2358, #2357, #2353, #2352, #2351, #2347, #2346, #2345, #2341, #2340, #2339, #2335, #2334, #2333, #2329, #2328, #2327, #2323, #2322, #2321, #2317, #2316, #2315, #2311, #2310, #2309, #2305, #2304, #2303, #2299, #2298, #2297, #2293, #2292, #2291, #2287, #2286, #2285, #2281, #2280, #2279, #2275, #2274, #2273, #2269, #2268, #2267, #2263, #2262, #2261, #2257, #2256, #2255, #2251, #2250, #2249, #2245, #2244, #2243, #2239, #2238, #2237, #2233, #2232, #2231, #2227, #2226, #2225, #2221, #2220, #2219, #2215, #2214, #2213, #2209, #2208, #2207, #2203, #2202, #2201, #2197, #2196, #2195, #2191, #2190, #2189, #2185, #2184, #2183, #2179, #2178, #2177, #2173, #2172, #2171, #2167, #2166, #2165, #2161, #2160, #2159, #2155, #2154, #2153, #2149, #2148, #2147, #2143, #2142, #2139, #2139, #2139, #2139)),.UNSPECIFIED.,.F.,.T.,.F.,(2,1,2),(4,3,3,3,3,3,3,3,3,3,3,3,3,3,3,3,3,3,3,3,3,3,3,3,3,3,3,3,3,3,3,3,3,3,3,3,3,3,3,3,3,3,3,3,3,3,3,3,3,3,3,3,3,3,3,3,3,3,3,3,3,3,3,3,3,3,3,3,3,3,3,3,3,3,3,3,3,3,4),(0.,1.,2.),(0.,1.,2.,3.,4.,5.,6.,7.,8.,9.,10.,11.,12.,13.,14.,15.,16.,17.,18.,19.,20.,21.,22.,23.,24.,25.,26.,27.,28.,29.,30.,31.,32.,33.,34.,35.,36.,37.,38.,39.,40.,41.,42.,43.,44.,45.,46.,47.,48.,49.,50.,51.,52.,53.,54.,55.,56.,57.,58.,59.,60.,61.,62.,63.,64.,65.,66.,67.,68.,69.,70.,71.,72.,73.,74.,75.,76.,77.,78.),.PIECEWISE_BEZIER_KNOTS.);
#1917=CARTESIAN_POINT('',(10.3206868438597,0.,0.467288737830632));
#1918=CARTESIAN_POINT('',(10.2652162432639,0.,0.458763854581055));
#1919=CARTESIAN_POINT('',(10.2096694104168,0.,0.450736685181566));
#1920=CARTESIAN_POINT('',(10.1540626854078,0.,0.443150140663834));
#1921=CARTESIAN_POINT('',(10.0984559603989,0.,0.435563596146103));
#1922=CARTESIAN_POINT('',(10.0427891618895,0.,0.428417142999236));
#1923=CARTESIAN_POINT('',(9.98706685225783,0.,0.421731950680745));
#1924=CARTESIAN_POINT('',(9.95920569744201,0.,0.418389354521499));
#1925=CARTESIAN_POINT('',(9.93133051911046,0.,0.415163243047445));
#1926=CARTESIAN_POINT('',(9.90344106007006,0.,0.412066189963248));
#1927=CARTESIAN_POINT('',(9.87555160102966,0.,0.408969136879052));
#1928=CARTESIAN_POINT('',(9.84764789817914,0.,0.405999469606315));
#1929=CARTESIAN_POINT('',(9.81972940564089,0.,0.40317531078717));
#1930=CARTESIAN_POINT('',(9.79181091310263,0.,0.400351151968024));
#1931=CARTESIAN_POINT('',(9.76387757631069,0.,0.397674262359002));
#1932=CARTESIAN_POINT('',(9.73592885536685,0.,0.39516611149402));
#1933=CARTESIAN_POINT('',(9.70798013442301,0.,0.392657960629038));
#1934=CARTESIAN_POINT('',(9.68001591843726,0.,0.390323911174861));
#1935=CARTESIAN_POINT('',(9.65203595452248,0.,0.388191921322768));
#1936=CARTESIAN_POINT('',(9.62405599060769,0.,0.386059931470675));
#1937=CARTESIAN_POINT('',(9.59606018173495,0.,0.384136001410406));
#1938=CARTESIAN_POINT('',(9.56804915199144,0.,0.382461552141859));
#1939=CARTESIAN_POINT('',(9.55404363711969,0.,0.381624327507585));
#1940=CARTESIAN_POINT('',(9.54003429859467,0.,0.380850300568198));
#1941=CARTESIAN_POINT('',(9.52602146544751,0.,0.380147182166937));
#1942=CARTESIAN_POINT('',(9.51200863230035,0.,0.379444063765677));
#1943=CARTESIAN_POINT('',(9.49799209644149,0.,0.378808959627846));
#1944=CARTESIAN_POINT('',(9.48397264694384,0.,0.378256392562053));
#1945=CARTESIAN_POINT('',(9.46995319744619,0.,0.37770382549626));
#1946=CARTESIAN_POINT('',(9.45593039347929,0.,0.377226446579));
#1947=CARTESIAN_POINT('',(9.44190523615959,0.,0.376840269629745));
#1948=CARTESIAN_POINT('',(9.43489265749974,0.,0.376647181155117));
#1949=CARTESIAN_POINT('',(9.42787933179056,0.,0.376474645805734));
#1950=CARTESIAN_POINT('',(9.42086561311623,0.,0.376327009610604));
#1951=CARTESIAN_POINT('',(9.4138518944419,0.,0.376179373415474));
#1952=CARTESIAN_POINT('',(9.40683782351571,0.,0.376057209591038));
#1953=CARTESIAN_POINT('',(9.39982318765084,0.,0.37595803328308));
#1954=CARTESIAN_POINT('',(9.38579391592109,0.,0.375759680667163));
#1955=CARTESIAN_POINT('',(9.37176339194664,0.,0.375664360889096));
#1956=CARTESIAN_POINT('',(9.35773277757086,0.,0.375682769693734));
#1957=CARTESIAN_POINT('',(9.35071747038297,0.,0.375691974096052));
#1958=CARTESIAN_POINT('',(9.34370220696798,0.,0.375730339840434));
#1959=CARTESIAN_POINT('',(9.33668729712165,0.,0.375800203023126));
#1960=CARTESIAN_POINT('',(9.32967238727533,0.,0.375870066205818));
#1961=CARTESIAN_POINT('',(9.32265783099765,0.,0.37597142682682));
#1962=CARTESIAN_POINT('',(9.31564393808439,0.,0.376106620982382));
#1963=CARTESIAN_POINT('',(9.28758836643134,0.,0.37664739760463));
#1964=CARTESIAN_POINT('',(9.25954015337497,0.,0.377712618800891));
#1965=CARTESIAN_POINT('',(9.23153752239164,0.,0.37953177864696));
#1966=CARTESIAN_POINT('',(9.21753620689997,0.,0.380441358569995));
#1967=CARTESIAN_POINT('',(9.20354810543016,0.,0.381547344414141));
#1968=CARTESIAN_POINT('',(9.18958146500947,0.,0.382888517546115));
#1969=CARTESIAN_POINT('',(9.18259814479913,0.,0.383559104112102));
#1970=CARTESIAN_POINT('',(9.17562124921975,0.,0.384292785787815));
#1971=CARTESIAN_POINT('',(9.1686515431711,0.,0.385092810337371));
#1972=CARTESIAN_POINT('',(9.16168183712245,0.,0.385892834886927));
#1973=CARTESIAN_POINT('',(9.15472046185152,0.,0.386763836037458));
#1974=CARTESIAN_POINT('',(9.14776989112882,0.,0.387714667752379));
#1975=CARTESIAN_POINT('',(9.14429460576748,0.,0.38819008360984));
#1976=CARTESIAN_POINT('',(9.14082211944013,0.,0.388685872429582));
#1977=CARTESIAN_POINT('',(9.13735293372841,0.,0.389203729513092));
#1978=CARTESIAN_POINT('',(9.13388374801669,0.,0.389721586596602));
#1979=CARTESIAN_POINT('',(9.1304178629206,0.,0.39026151194388));
#1980=CARTESIAN_POINT('',(9.12695578002176,0.,0.390825200856413));
#1981=CARTESIAN_POINT('',(9.12003161422408,0.,0.391952578681478));
#1982=CARTESIAN_POINT('',(9.11312233555204,0.,0.393174152624567));
#1983=CARTESIAN_POINT('',(9.10623664566008,0.,0.394516049860532));
#1984=CARTESIAN_POINT('',(9.09935095576811,0.,0.395857947096496));
#1985=CARTESIAN_POINT('',(9.09248731086559,0.,0.397316352565738));
#1986=CARTESIAN_POINT('',(9.08565939530438,0.,0.398927069865177));
#1987=CARTESIAN_POINT('',(9.07883147974317,0.,0.400537787164616));
#1988=CARTESIAN_POINT('',(9.07203847636827,0.,0.402299684049706));
#1989=CARTESIAN_POINT('',(9.06530504854678,0.,0.404268551462339));
#1990=CARTESIAN_POINT('',(9.06193833463603,0.,0.405252985168656));
#1991=CARTESIAN_POINT('',(9.05858613477139,0.,0.406288697138181));
#1992=CARTESIAN_POINT('',(9.05525534892596,0.,0.407388532445152));
#1993=CARTESIAN_POINT('',(9.05192456308053,0.,0.408488367752123));
#1994=CARTESIAN_POINT('',(9.04861519125431,0.,0.409652326396539));
#1995=CARTESIAN_POINT('',(9.0453341334204,0.,0.410893253452639));
#1996=CARTESIAN_POINT('',(9.04205307558649,0.,0.412134180508738));
#1997=CARTESIAN_POINT('',(9.03880276286639,0.,0.413455700976182));
#1998=CARTESIAN_POINT('',(9.03559545054687,0.,0.414876576807777));
#1999=CARTESIAN_POINT('',(9.03399179438711,0.,0.415587014723574));
#2000=CARTESIAN_POINT('',(9.03240013336265,0.,0.416323965404017));
#2001=CARTESIAN_POINT('',(9.03082208130314,0.,0.417089548131791));
#2002=CARTESIAN_POINT('',(9.02924402924362,0.,0.417855130859565));
#2003=CARTESIAN_POINT('',(9.02768012568031,0.,0.41865021330122));
#2004=CARTESIAN_POINT('',(9.02613584389112,0.,0.41948108093068));
#2005=CARTESIAN_POINT('',(9.02304728031273,0.,0.4211428161896));
#2006=CARTESIAN_POINT('',(9.02002736348051,0.,0.42293829721403));
#2007=CARTESIAN_POINT('',(9.01713855222822,0.,0.424928667008051));
#2008=CARTESIAN_POINT('',(9.01569414660208,0.,0.425923851905061));
#2009=CARTESIAN_POINT('',(9.01428412778507,0.,0.426968889409771));
#2010=CARTESIAN_POINT('',(9.01292111105513,0.,0.428072735505559));
#2011=CARTESIAN_POINT('',(9.01155809432519,0.,0.429176581601347));
#2012=CARTESIAN_POINT('',(9.0102432450758,0.,0.430340299708076));
#2013=CARTESIAN_POINT('',(9.00899697611093,0.,0.431574644158856));
#2014=CARTESIAN_POINT('',(9.00775070714607,0.,0.432808988609636));
#2015=CARTESIAN_POINT('',(9.00657473598709,0.,0.434115244642583));
#2016=CARTESIAN_POINT('',(9.00550259953916,0.,0.435503286587153));
#2017=CARTESIAN_POINT('',(9.00443046309123,0.,0.436891328531722));
#2018=CARTESIAN_POINT('',(9.00346206683825,0.,0.438362241414079));
#2019=CARTESIAN_POINT('',(9.0026483925095,0.,0.439915618881535));
#2020=CARTESIAN_POINT('',(9.00183471818074,0.,0.441468996348992));
#2021=CARTESIAN_POINT('',(9.00117530448181,0.,0.443106300737974));
#2022=CARTESIAN_POINT('',(9.00072204971024,0.,0.444800447658572));
#2023=CARTESIAN_POINT('',(9.00049542232446,0.,0.445647521118871));
#2024=CARTESIAN_POINT('',(9.00031975077898,0.,0.446508836585894));
#2025=CARTESIAN_POINT('',(9.00019880665411,0.,0.447377263758706));
#2026=CARTESIAN_POINT('',(9.00007786252923,0.,0.448245690931519));
#2027=CARTESIAN_POINT('',(9.00001145917397,0.,0.449124633593625));
#2028=CARTESIAN_POINT('',(9.,0.,0.45));
#2029=CARTESIAN_POINT('',(8.99998854082603,0.,0.450875366406375));
#2030=CARTESIAN_POINT('',(9.00003191338989,0.,0.451755746113981));
#2031=CARTESIAN_POINT('',(9.00013008329702,0.,0.452627041646596));
#2032=CARTESIAN_POINT('',(9.00022825320415,0.,0.453498337179211));
#2033=CARTESIAN_POINT('',(9.00038131794092,0.,0.454363956039899));
#2034=CARTESIAN_POINT('',(9.00058569386897,0.,0.455216671642643));
#2035=CARTESIAN_POINT('',(9.00099444572509,0.,0.456922102848129));
#2036=CARTESIAN_POINT('',(9.00161077382706,0.,0.4585761076121));
#2037=CARTESIAN_POINT('',(9.00238350664827,0.,0.460150252286739));
#2038=CARTESIAN_POINT('',(9.00315623946949,0.,0.461724396961377));
#2039=CARTESIAN_POINT('',(9.00408579986677,0.,0.463220155457281));
#2040=CARTESIAN_POINT('',(9.00512123421808,0.,0.46463578701492));
#2041=CARTESIAN_POINT('',(9.0061566685694,0.,0.466051418572558));
#2042=CARTESIAN_POINT('',(9.00729804295578,0.,0.467388010320427));
#2043=CARTESIAN_POINT('',(9.00851157348452,0.,0.468654555310464));
#2044=CARTESIAN_POINT('',(9.00972510401325,0.,0.469921100300501));
#2045=CARTESIAN_POINT('',(9.01100904010792,0.,0.471118838370932));
#2046=CARTESIAN_POINT('',(9.01234269444388,0.,0.472257985824715));
#2047=CARTESIAN_POINT('',(9.01367634877984,0.,0.473397133278498));
#2048=CARTESIAN_POINT('',(9.01505852852587,0.,0.474478722664641));
#2049=CARTESIAN_POINT('',(9.01647638828668,0.,0.475511376668054));
#2050=CARTESIAN_POINT('',(9.01931210780829,0.,0.47757668467488));
#2051=CARTESIAN_POINT('',(9.02228398957647,0.,0.479450602639616));
#2052=CARTESIAN_POINT('',(9.02532799562328,0.,0.481192617632503));
#2053=CARTESIAN_POINT('',(9.02684999864669,0.,0.482063625128946));
#2054=CARTESIAN_POINT('',(9.02839255346734,0.,0.482899373338441));
#2055=CARTESIAN_POINT('',(9.02995002414833,0.,0.483706002307324));
#2056=CARTESIAN_POINT('',(9.03150749482933,0.,0.484512631276207));
#2057=CARTESIAN_POINT('',(9.03307931931144,0.,0.485290994250419));
#2058=CARTESIAN_POINT('',(9.03466382884169,0.,0.486043167541284));
#2059=CARTESIAN_POINT('',(9.03783284790219,0.,0.487547514123014));
#2060=CARTESIAN_POINT('',(9.04104745344832,0.,0.488953665006457));
#2061=CARTESIAN_POINT('',(9.04429490326226,0.,0.49028005490916));
#2062=CARTESIAN_POINT('',(9.0475423530762,0.,0.491606444811864));
#2063=CARTESIAN_POINT('',(9.05082012197808,0.,0.49285663385195));
#2064=CARTESIAN_POINT('',(9.05412097611441,0.,0.49404328208173));
#2065=CARTESIAN_POINT('',(9.05742183025074,0.,0.495229930311511));
#2066=CARTESIAN_POINT('',(9.06074576962153,0.,0.496353037730986));
#2067=CARTESIAN_POINT('',(9.06408556037326,0.,0.497425264392467));
#2068=CARTESIAN_POINT('',(9.07076514187672,0.,0.49956971771543));
#2069=CARTESIAN_POINT('',(9.07750969637534,0.,0.501508830940662));
#2070=CARTESIAN_POINT('',(9.08429310851693,0.,0.503297730280207));
#2071=CARTESIAN_POINT('',(9.09107652065853,0.,0.505086629619752));
#2072=CARTESIAN_POINT('',(9.09789963695678,0.,0.506724204607681));
#2073=CARTESIAN_POINT('',(9.10474784052021,0.,0.508245888357344));
#2074=CARTESIAN_POINT('',(9.11159604408364,0.,0.509767572107006));
#2075=CARTESIAN_POINT('',(9.11847097804048,0.,0.511169591277857));
#2076=CARTESIAN_POINT('',(9.12536325978843,0.,0.51247783630886));
#2077=CARTESIAN_POINT('',(9.1288094006624,0.,0.513131958824361));
#2078=CARTESIAN_POINT('',(9.13225996448833,0.,0.513762425447709));
#2079=CARTESIAN_POINT('',(9.13571440547864,0.,0.514370917769576));
#2080=CARTESIAN_POINT('',(9.13916884646896,0.,0.514979410091444));
#2081=CARTESIAN_POINT('',(9.14262716462366,0.,0.515565928111831));
#2082=CARTESIAN_POINT('',(9.14608881415519,0.,0.51613215342141));
#2083=CARTESIAN_POINT('',(9.15301211321824,0.,0.517264604040568));
#2084=CARTESIAN_POINT('',(9.15994830284763,0.,0.518317534281377));
#2085=CARTESIAN_POINT('',(9.16689467835081,0.,0.519299730317458));
#2086=CARTESIAN_POINT('',(9.17384105385399,0.,0.520281926353539));
#2087=CARTESIAN_POINT('',(9.18079635307821,0.,0.521197990449796));
#2088=CARTESIAN_POINT('',(9.18775972636926,0.,0.522051149234679));
#2089=CARTESIAN_POINT('',(9.20168647295135,0.,0.523757466804444));
#2090=CARTESIAN_POINT('',(9.21564082971387,0.,0.525229239463964));
#2091=CARTESIAN_POINT('',(9.22961353727779,0.,0.526505019408544));
#2092=CARTESIAN_POINT('',(9.25755895240561,0.,0.529056579297704));
#2093=CARTESIAN_POINT('',(9.2855696697997,0.,0.53085565209257));
#2094=CARTESIAN_POINT('',(9.31360147162736,0.,0.532130652653085));
#2095=CARTESIAN_POINT('',(9.32060942208427,0.,0.532449402793214));
#2096=CARTESIAN_POINT('',(9.32761892133696,0.,0.532734348357547));
#2097=CARTESIAN_POINT('',(9.33462959854397,0.,0.532987816532303));
#2098=CARTESIAN_POINT('',(9.34164027575097,0.,0.533241284707059));
#2099=CARTESIAN_POINT('',(9.34865213091228,0.,0.533463275492238));
#2100=CARTESIAN_POINT('',(9.35566479318645,0.,0.533656116074059));
#2101=CARTESIAN_POINT('',(9.36969011773478,0.,0.534041797237701));
#2102=CARTESIAN_POINT('',(9.38371832897999,0.,0.534313786424153));
#2103=CARTESIAN_POINT('',(9.39774798549488,0.,0.534482745299591));
#2104=CARTESIAN_POINT('',(9.40476281375232,0.,0.53456722473731));
#2105=CARTESIAN_POINT('',(9.41177767900771,0.,0.534628709747428));
#2106=CARTESIAN_POINT('',(9.41879285892086,0.,0.534664721894718));
#2107=CARTESIAN_POINT('',(9.42580803883402,0.,0.534700734042009));
#2108=CARTESIAN_POINT('',(9.43282347770056,0.,0.534711845280736));
#2109=CARTESIAN_POINT('',(9.43983870779187,0.,0.53470239088179));
#2110=CARTESIAN_POINT('',(9.45386916797448,0.,0.534683482083898));
#2111=CARTESIAN_POINT('',(9.46789966299993,0.,0.534573340967043));
#2112=CARTESIAN_POINT('',(9.4819287729019,0.,0.534387949656988));
#2113=CARTESIAN_POINT('',(9.49595788280386,0.,0.534202558346932));
#2114=CARTESIAN_POINT('',(9.50998624063415,0.,0.533934581978061));
#2115=CARTESIAN_POINT('',(9.52401267742741,0.,0.533598517726855));
#2116=CARTESIAN_POINT('',(9.53803911422067,0.,0.53326245347565));
#2117=CARTESIAN_POINT('',(9.55206391375845,0.,0.53285541350636));
#2118=CARTESIAN_POINT('',(9.56608654527602,0.,0.532385097406881));
#2119=CARTESIAN_POINT('',(9.59413180831118,0.,0.531444465207925));
#2120=CARTESIAN_POINT('',(9.62216838633716,0.,0.530254039272135));
#2121=CARTESIAN_POINT('',(9.65019457120528,0.,0.52885521006877));
#2122=CARTESIAN_POINT('',(9.6782207560734,0.,0.527456380865405));
#2123=CARTESIAN_POINT('',(9.70623648771266,0.,0.525855149068011));
#2124=CARTESIAN_POINT('',(9.73424128706341,0.,0.524079469907106));
#2125=CARTESIAN_POINT('',(9.76224608641416,0.,0.522303790746201));
#2126=CARTESIAN_POINT('',(9.79023992395015,0.,0.520359027953661));
#2127=CARTESIAN_POINT('',(9.81822277737772,0.,0.518266657839215));
#2128=CARTESIAN_POINT('',(9.84620563080528,0.,0.516174287724769));
#2129=CARTESIAN_POINT('',(9.87417750858043,0.,0.513936071869954));
#2130=CARTESIAN_POINT('',(9.90213848199827,0.,0.511570140996134));
#2131=CARTESIAN_POINT('',(9.9300994554161,0.,0.509204210122314));
#2132=CARTESIAN_POINT('',(9.95804953137352,0.,0.506708891258346));
#2133=CARTESIAN_POINT('',(9.98598863783431,0.,0.504096760532732));
#2134=CARTESIAN_POINT('',(10.0418668507559,0.,0.498872499081504));
#2135=CARTESIAN_POINT('',(10.0977016459784,0.,0.493185681752692));
#2136=CARTESIAN_POINT('',(10.1534879085352,0.,0.487057351320417));
#2137=CARTESIAN_POINT('',(10.2092741710919,0.,0.480929020888142));
#2138=CARTESIAN_POINT('',(10.2650120962251,0.,0.474358648771228));
#2139=CARTESIAN_POINT('',(10.1151005889377,3.1242,0.464597466330917));
#2140=CARTESIAN_POINT('',(10.0831557659138,3.1242,0.460437772633995));
#2141=CARTESIAN_POINT('',(10.0511798276073,3.1242,0.456517834539037));
#2142=CARTESIAN_POINT('',(10.0831067952169,3.1242,0.464178644628847));
#2143=CARTESIAN_POINT('',(10.0510850295796,3.1242,0.463759456754332));
#2144=CARTESIAN_POINT('',(10.0191794480925,3.1242,0.452809598680773));
#2145=CARTESIAN_POINT('',(9.98717906857764,3.1242,0.449101362822509));
#2146=CARTESIAN_POINT('',(9.95515417196937,3.1242,0.445604590181832));
#2147=CARTESIAN_POINT('',(10.019041597781,3.1242,0.46333998525423));
#2148=CARTESIAN_POINT('',(9.98699816598245,3.1242,0.462920513754127));
#2149=CARTESIAN_POINT('',(9.95493298902196,3.1242,0.462500757594262));
#2150=CARTESIAN_POINT('',(9.92310662396057,3.1242,0.442328801672667));
#2151=CARTESIAN_POINT('',(9.90708284995616,3.1242,0.440690907418085));
#2152=CARTESIAN_POINT('',(9.89105338076842,3.1242,0.439108305012273));
#2153=CARTESIAN_POINT('',(9.92284805688706,3.1242,0.462080742824998));
#2154=CARTESIAN_POINT('',(9.90680559081962,3.1242,0.461870735440366));
#2155=CARTESIAN_POINT('',(9.89075815423056,3.1242,0.461660662988042));
#2156=CARTESIAN_POINT('',(9.87501805978462,3.1242,0.437587671903194));
#2157=CARTESIAN_POINT('',(9.85898273880083,3.1242,0.436067038794116));
#2158=CARTESIAN_POINT('',(9.842941566021,3.1242,0.43460837498177));
#2159=CARTESIAN_POINT('',(9.87470567793163,3.1242,0.461450524562302));
#2160=CARTESIAN_POINT('',(9.8586532016327,3.1242,0.461240386136561));
#2161=CARTESIAN_POINT('',(9.84259568562389,3.1242,0.461030181737405));
#2162=CARTESIAN_POINT('',(9.82689438483242,3.1242,0.433218357914119));
#2163=CARTESIAN_POINT('',(9.81084720364385,3.1242,0.431828340846469));
#2164=CARTESIAN_POINT('',(9.79479394775311,3.1242,0.430507145298548));
#2165=CARTESIAN_POINT('',(9.82653306071695,3.1242,0.460819910459108));
#2166=CARTESIAN_POINT('',(9.81047043581002,3.1242,0.460609639180812));
#2167=CARTESIAN_POINT('',(9.79440263801043,3.1242,0.460399300185641));
#2168=CARTESIAN_POINT('',(9.77873439952416,3.1242,0.429268248287451));
#2169=CARTESIAN_POINT('',(9.76267485129522,3.1242,0.428029351276353));
#2170=CARTESIAN_POINT('',(9.74660901072806,3.1242,0.426872752802078));
#2171=CARTESIAN_POINT('',(9.77832962611301,3.1242,0.460188892934191));
#2172=CARTESIAN_POINT('',(9.7622566142156,3.1242,0.459978485682741));
#2173=CARTESIAN_POINT('',(9.74617838822036,3.1242,0.459768010175011));
#2174=CARTESIAN_POINT('',(9.73053666018664,3.1242,0.425811929881719));
#2175=CARTESIAN_POINT('',(9.71446430964522,3.1242,0.42475110696136));
#2176=CARTESIAN_POINT('',(9.69838545411013,3.1242,0.423789482960728));
#2177=CARTESIAN_POINT('',(9.73009490692212,3.1242,0.459557465871596));
#2178=CARTESIAN_POINT('',(9.71401142562389,3.1242,0.459346921568182));
#2179=CARTESIAN_POINT('',(9.69792273880902,3.1242,0.459136309120822));
#2180=CARTESIAN_POINT('',(9.68230026620092,3.1242,0.422945346506664));
#2181=CARTESIAN_POINT('',(9.67425767224632,3.1242,0.422523278279632));
#2182=CARTESIAN_POINT('',(9.66621350399513,3.1242,0.422131640696663));
#2183=CARTESIAN_POINT('',(9.68182925843773,3.1242,0.458925633922371));
#2184=CARTESIAN_POINT('',(9.67378251825209,3.1242,0.458820296323146));
#2185=CARTESIAN_POINT('',(9.6657346023303,3.1242,0.458714943332691));
#2186=CARTESIAN_POINT('',(9.65816784890105,3.1242,0.421772916725025));
#2187=CARTESIAN_POINT('',(9.65012219380698,3.1242,0.421414192753387));
#2188=CARTESIAN_POINT('',(9.64207501968591,3.1242,0.421088456579173));
#2189=CARTESIAN_POINT('',(9.65768563060931,3.1242,0.458609576521068));
#2190=CARTESIAN_POINT('',(9.64963665888833,3.1242,0.458504209709445));
#2191=CARTESIAN_POINT('',(9.64158660016056,3.1242,0.458398828668123));
#2192=CARTESIAN_POINT('',(9.63402655089014,3.1242,0.420800697096113));
#2193=CARTESIAN_POINT('',(9.62597808209438,3.1242,0.420512937613053));
#2194=CARTESIAN_POINT('',(9.6179282321889,3.1242,0.420261975977748));
#2195=CARTESIAN_POINT('',(9.63353574403686,3.1242,0.458293437188317));
#2196=CARTESIAN_POINT('',(9.62548488791316,3.1242,0.458188045708511));
#2197=CARTESIAN_POINT('',(9.61743313254406,3.1242,0.458082642456938));
#2198=CARTESIAN_POINT('',(9.60987730091238,3.1242,0.420052943101759));
#2199=CARTESIAN_POINT('',(9.60585183527411,3.1242,0.419948426663764));
#2200=CARTESIAN_POINT('',(9.60182609929308,3.1242,0.419854392415599));
#2201=CARTESIAN_POINT('',(9.60938084477268,3.1242,0.457977232235837));
#2202=CARTESIAN_POINT('',(9.60535470088698,3.1242,0.457924527125286));
#2203=CARTESIAN_POINT('',(9.60132842390072,3.1242,0.457871820272354));
#2204=CARTESIAN_POINT('',(9.59780013043663,3.1242,0.419771481721209));
#2205=CARTESIAN_POINT('',(9.59377416158017,3.1242,0.419688571026818));
#2206=CARTESIAN_POINT('',(9.58974795984828,3.1242,0.419616783886202));
#2207=CARTESIAN_POINT('',(9.59730205966927,3.1242,0.45781911227732));
#2208=CARTESIAN_POINT('',(9.59327569543782,3.1242,0.457766404282285));
#2209=CARTESIAN_POINT('',(9.58924924396118,3.1242,0.457713695145149));
#2210=CARTESIAN_POINT('',(9.58572156270829,3.1242,0.419556761663306));
#2211=CARTESIAN_POINT('',(9.57766876842832,3.1242,0.419436717217513));
#2212=CARTESIAN_POINT('',(9.56961532320827,3.1242,0.419364948563596));
#2213=CARTESIAN_POINT('',(9.58522275109475,3.1242,0.45766098546619));
#2214=CARTESIAN_POINT('',(9.57716976536189,3.1242,0.457555566108273));
#2215=CARTESIAN_POINT('',(9.56911676065694,3.1242,0.457450146501998));
#2216=CARTESIAN_POINT('',(9.56156162185724,3.1242,0.419346335819603));
#2217=CARTESIAN_POINT('',(9.55753477118172,3.1242,0.419337029447606));
#2218=CARTESIAN_POINT('',(9.55350800704458,3.1242,0.419342524147118));
#2219=CARTESIAN_POINT('',(9.56106419559464,3.1242,0.45734473265096));
#2220=CARTESIAN_POINT('',(9.55703791306349,3.1242,0.457292025725441));
#2221=CARTESIAN_POINT('',(9.55301191077934,3.1242,0.457239322468556));
#2222=CARTESIAN_POINT('',(9.54948120515101,3.1242,0.419361664234333));
#2223=CARTESIAN_POINT('',(9.54545440325744,3.1242,0.419380804321548));
#2224=CARTESIAN_POINT('',(9.54142759218031,3.1242,0.419413811272872));
#2225=CARTESIAN_POINT('',(9.54898604934252,3.1242,0.457186621055464));
#2226=CARTESIAN_POINT('',(9.5449601879057,3.1242,0.457133919642372));
#2227=CARTESIAN_POINT('',(9.54093449878299,3.1242,0.457081220484995));
#2228=CARTESIAN_POINT('',(9.53740113447208,3.1242,0.419464077987042));
#2229=CARTESIAN_POINT('',(9.52129530363915,3.1242,0.419665144843724));
#2230=CARTESIAN_POINT('',(9.50519102688239,3.1242,0.420109186637903));
#2231=CARTESIAN_POINT('',(9.5369093888726,3.1242,0.457028528909923));
#2232=CARTESIAN_POINT('',(9.52080894923102,3.1242,0.456817762609633));
#2233=CARTESIAN_POINT('',(9.50471324357052,3.1242,0.456607058280551));
#2234=CARTESIAN_POINT('',(9.48910357441154,3.1242,0.420909836930648));
#2235=CARTESIAN_POINT('',(9.48105984817612,3.1242,0.42131016207702));
#2236=CARTESIAN_POINT('',(9.47302035862416,3.1242,0.421799315433298));
#2237=CARTESIAN_POINT('',(9.48863902677441,3.1242,0.456396635256113));
#2238=CARTESIAN_POINT('',(9.48060191837637,3.1242,0.456291423743894));
#2239=CARTESIAN_POINT('',(9.47257020856161,3.1242,0.456186282903002));
#2240=CARTESIAN_POINT('',(9.46498926655501,3.1242,0.422401684370199));
#2241=CARTESIAN_POINT('',(9.46097372052043,3.1242,0.422702868838649));
#2242=CARTESIAN_POINT('',(9.45696020876706,3.1242,0.423031980790152));
#2243=CARTESIAN_POINT('',(9.46454837661006,3.1242,0.456081271370422));
#2244=CARTESIAN_POINT('',(9.46053746063428,3.1242,0.456028765604132));
#2245=CARTESIAN_POINT('',(9.4565289441193,3.1242,0.455976291248504));
#2246=CARTESIAN_POINT('',(9.4529496235688,3.1242,0.423393427741681));
#2247=CARTESIAN_POINT('',(9.44893903837053,3.1242,0.423754874693209));
#2248=CARTESIAN_POINT('',(9.44493137972736,3.1242,0.424148656644764));
#2249=CARTESIAN_POINT('',(9.4525237768738,3.1242,0.455923860737216));
#2250=CARTESIAN_POINT('',(9.44851860962831,3.1242,0.455871430225928));
#2251=CARTESIAN_POINT('',(9.4445167916523,3.1242,0.455819043558979));
#2252=CARTESIAN_POINT('',(9.44092753991318,3.1242,0.424579181113316));
#2253=CARTESIAN_POINT('',(9.43892562000609,3.1242,0.424794443347593));
#2254=CARTESIAN_POINT('',(9.43692489228966,3.1242,0.425019869407099));
#2255=CARTESIAN_POINT('',(9.44051927275445,3.1242,0.455766713170046));
#2256=CARTESIAN_POINT('',(9.43852051330552,3.1242,0.455740547975579));
#2257=CARTESIAN_POINT('',(9.43652307887196,3.1242,0.455714400126514));
#2258=CARTESIAN_POINT('',(9.43492526936377,3.1242,0.425255152094716));
#2259=CARTESIAN_POINT('',(9.43292564643789,3.1242,0.425490434782332));
#2260=CARTESIAN_POINT('',(9.43092700826167,3.1242,0.425735036302841));
#2261=CARTESIAN_POINT('',(9.43452687804787,3.1242,0.455688268426281));
#2262=CARTESIAN_POINT('',(9.43253067722378,3.1242,0.455662136726048));
#2263=CARTESIAN_POINT('',(9.43053558294993,3.1242,0.455636019511352));
#2264=CARTESIAN_POINT('',(9.42893006201349,3.1242,0.425991873594176));
#2265=CARTESIAN_POINT('',(9.4249361695171,3.1242,0.426505548176845));
#2266=CARTESIAN_POINT('',(9.42094793991498,3.1242,0.427063767334672));
#2267=CARTESIAN_POINT('',(9.42854234046179,3.1242,0.455609926537858));
#2268=CARTESIAN_POINT('',(9.42455585548552,3.1242,0.455557740590871));
#2269=CARTESIAN_POINT('',(9.42057561545376,3.1242,0.455505636394685));
#2270=CARTESIAN_POINT('',(9.41696774610774,3.1242,0.427675623751454));
#2271=CARTESIAN_POINT('',(9.41298755230049,3.1242,0.428287480168236));
#2272=CARTESIAN_POINT('',(9.40901626749945,3.1242,0.428956070770672));
#2273=CARTESIAN_POINT('',(9.41660411186991,3.1242,0.455453646564868));
#2274=CARTESIAN_POINT('',(9.41263260828606,3.1242,0.45540165673505));
#2275=CARTESIAN_POINT('',(9.4086707547459,3.1242,0.455349793231225));
#2276=CARTESIAN_POINT('',(9.40505733284442,3.1242,0.429693057478363));
#2277=CARTESIAN_POINT('',(9.40109839818939,3.1242,0.430430044186054));
#2278=CARTESIAN_POINT('',(9.3971526966009,3.1242,0.431238381909075));
#2279=CARTESIAN_POINT('',(9.40472214443636,3.1242,0.455298103090784));
#2280=CARTESIAN_POINT('',(9.40077353412682,3.1242,0.455246412950344));
#2281=CARTESIAN_POINT('',(9.39683908849242,3.1242,0.455194908235658));
#2282=CARTESIAN_POINT('',(9.39322827392108,3.1242,0.432141326641317));
#2283=CARTESIAN_POINT('',(9.39126606258118,3.1242,0.432592799007439));
#2284=CARTESIAN_POINT('',(9.38930934108214,3.1242,0.433068469802085));
#2285=CARTESIAN_POINT('',(9.39292715638222,3.1242,0.455143698239148));
#2286=CARTESIAN_POINT('',(9.39097119032711,3.1242,0.455118093240893));
#2287=CARTESIAN_POINT('',(9.38902102989278,3.1242,0.455092564242377));
#2288=CARTESIAN_POINT('',(9.38736074121012,3.1242,0.43357481647124));
#2289=CARTESIAN_POINT('',(9.3854121413381,3.1242,0.434081163140396));
#2290=CARTESIAN_POINT('',(9.38347046213353,3.1242,0.434615371625348));
#2291=CARTESIAN_POINT('',(9.3870793911943,3.1242,0.455067146799495));
#2292=CARTESIAN_POINT('',(9.38513775249582,3.1242,0.455041729356612));
#2293=CARTESIAN_POINT('',(9.38320339794769,3.1242,0.455016407268481));
#2294=CARTESIAN_POINT('',(9.38153971504737,3.1242,0.43518668414313));
#2295=CARTESIAN_POINT('',(9.37960896796121,3.1242,0.435757996660912));
#2296=CARTESIAN_POINT('',(9.37768953218747,3.1242,0.436367245063503));
#2297=CARTESIAN_POINT('',(9.38128045928005,3.1242,0.454991234622411));
#2298=CARTESIAN_POINT('',(9.37935752061241,3.1242,0.454966061976342));
#2299=CARTESIAN_POINT('',(9.377446387842,3.1242,0.454941043877933));
#2300=CARTESIAN_POINT('',(9.37578582769207,3.1242,0.437023168981268));
#2301=CARTESIAN_POINT('',(9.37483397544436,3.1242,0.43735113094015));
#2302=CARTESIAN_POINT('',(9.37388654407194,3.1242,0.437691697759678));
#2303=CARTESIAN_POINT('',(9.37555159456583,3.1242,0.45491623967522));
#2304=CARTESIAN_POINT('',(9.37460419792775,3.1242,0.454903837573864));
#2305=CARTESIAN_POINT('',(9.37366138638587,3.1242,0.454891495494705));
#2306=CARTESIAN_POINT('',(9.37294419031836,3.1242,0.438045965029896));
#2307=CARTESIAN_POINT('',(9.37200183656478,3.1242,0.438400232300113));
#2308=CARTESIAN_POINT('',(9.37106461266947,3.1242,0.438768417123201));
#2309=CARTESIAN_POINT('',(9.37272383091085,3.1242,0.45487922222123));
#2310=CARTESIAN_POINT('',(9.37178627543583,3.1242,0.454866948947755));
#2311=CARTESIAN_POINT('',(9.37085403109967,3.1242,0.454854745200896));
#2312=CARTESIAN_POINT('',(9.37013481202138,3.1242,0.439154111068029));
#2313=CARTESIAN_POINT('',(9.36827521072521,3.1242,0.439925498957686));
#2314=CARTESIAN_POINT('',(9.36644060268213,3.1242,0.440760542555127));
#2315=CARTESIAN_POINT('',(9.36992943790654,3.1242,0.454842641612986));
#2316=CARTESIAN_POINT('',(9.36808025152028,3.1242,0.454818434437167));
#2317=CARTESIAN_POINT('',(9.36625688726093,3.1242,0.454794565291505));
#2318=CARTESIAN_POINT('',(9.36465712271333,3.1242,0.441695126233865));
#2319=CARTESIAN_POINT('',(9.36376538272892,3.1242,0.442162418073234));
#2320=CARTESIAN_POINT('',(9.3628867782452,3.1242,0.442654844807426));
#2321=CARTESIAN_POINT('',(9.36448594514347,3.1242,0.454771382389272));
#2322=CARTESIAN_POINT('',(9.36360047408474,3.1242,0.454759790938155));
#2323=CARTESIAN_POINT('',(9.36272846525351,3.1242,0.45474837571725));
#2324=CARTESIAN_POINT('',(9.36202697131635,3.1242,0.443178678144824));
#2325=CARTESIAN_POINT('',(9.36116716438751,3.1242,0.443702511482223));
#2326=CARTESIAN_POINT('',(9.36032615559336,3.1242,0.444257937809214));
#2327=CARTESIAN_POINT('',(9.36187566182094,3.1242,0.454737211908785));
#2328=CARTESIAN_POINT('',(9.36102285838837,3.1242,0.45472604810032));
#2329=CARTESIAN_POINT('',(9.3601892633737,3.1242,0.45471513574382));
#2330=CARTESIAN_POINT('',(9.359515821865,3.1242,0.444855094503341));
#2331=CARTESIAN_POINT('',(9.35870548813664,3.1242,0.445452251197468));
#2332=CARTESIAN_POINT('',(9.35792408495992,3.1242,0.44609013841023));
#2333=CARTESIAN_POINT('',(9.35938688435586,3.1242,0.454704632027103));
#2334=CARTESIAN_POINT('',(9.35858450533802,3.1242,0.454694128310386));
#2335=CARTESIAN_POINT('',(9.35781158501528,3.1242,0.454684010229111));
#2336=CARTESIAN_POINT('',(9.35719257378849,3.1242,0.446782006723473));
#2337=CARTESIAN_POINT('',(9.35646106261705,3.1242,0.447473875036715));
#2338=CARTESIAN_POINT('',(9.35577950026383,3.1242,0.448220522474586));
#2339=CARTESIAN_POINT('',(9.35708925467968,3.1242,0.454674554407046));
#2340=CARTESIAN_POINT('',(9.35636692434409,3.1242,0.454665098584981));
#2341=CARTESIAN_POINT('',(9.35569525124376,3.1242,0.454656305902451));
#2342=CARTESIAN_POINT('',(9.35518595232855,3.1242,0.449033749058241));
#2343=CARTESIAN_POINT('',(9.35459240439327,3.1242,0.449846975641896));
#2344=CARTESIAN_POINT('',(9.35408785901879,3.1242,0.450729229844495));
#2345=CARTESIAN_POINT('',(9.35511244890063,3.1242,0.454648676601861));
#2346=CARTESIAN_POINT('',(9.3545296465575,3.1242,0.454641047301271));
#2347=CARTESIAN_POINT('',(9.35403673499189,3.1242,0.454634594735417));
#2348=CARTESIAN_POINT('',(9.35373329881409,3.1242,0.451671295510532));
#2349=CARTESIAN_POINT('',(9.35355601871175,3.1242,0.452142328343551));
#2350=CARTESIAN_POINT('',(9.35341633506267,3.1242,0.452627667066543));
#2351=CARTESIAN_POINT('',(9.35369456573878,3.1242,0.45463011549453));
#2352=CARTESIAN_POINT('',(9.35352348111222,3.1242,0.454627875874086));
#2353=CARTESIAN_POINT('',(9.35339017373953,3.1242,0.454626130784985));
#2354=CARTESIAN_POINT('',(9.35332036496406,3.1242,0.453122102731685));
#2355=CARTESIAN_POINT('',(9.35322439486545,3.1242,0.453616538396827));
#2356=CARTESIAN_POINT('',(9.35317244419235,3.1242,0.454121093210306));
#2357=CARTESIAN_POINT('',(9.35330069149262,3.1242,0.454624959398206));
#2358=CARTESIAN_POINT('',(9.35321120924571,3.1242,0.454623788011428));
#2359=CARTESIAN_POINT('',(9.35316587132635,3.1242,0.454623194505552));
#2360=CARTESIAN_POINT('',(9.35315929846035,3.1242,0.455125295800799));
#2361=CARTESIAN_POINT('',(9.35319802362597,3.1242,0.455631037626029));
#2362=CARTESIAN_POINT('',(9.35328101802118,3.1242,0.456127816064727));
#2363=CARTESIAN_POINT('',(9.35336401241638,3.1242,0.456624594503426));
#2364=CARTESIAN_POINT('',(9.3534909435127,3.1242,0.457113423404621));
#2365=CARTESIAN_POINT('',(9.35365583266346,3.1242,0.457588935478527));
#2366=CARTESIAN_POINT('',(9.35398561096499,3.1242,0.458539959626339));
#2367=CARTESIAN_POINT('',(9.35446688872172,3.1242,0.459435118960645));
#2368=CARTESIAN_POINT('',(9.3550389454727,3.1242,0.460263604145481));
#2369=CARTESIAN_POINT('',(9.35561100222368,3.1242,0.461092089330317));
#2370=CARTESIAN_POINT('',(9.35627278607112,3.1242,0.461856322133247));
#2371=CARTESIAN_POINT('',(9.35698593557088,3.1242,0.46256710209062));
#2372=CARTESIAN_POINT('',(9.35769908507064,3.1242,0.463277882047993));
#2373=CARTESIAN_POINT('',(9.3584635225394,3.1242,0.463936005423304));
#2374=CARTESIAN_POINT('',(9.35925794684672,3.1242,0.464554169550865));
#2375=CARTESIAN_POINT('',(9.36005237115404,3.1242,0.465172333678426));
#2376=CARTESIAN_POINT('',(9.36087855238922,3.1242,0.465749584718418));
#2377=CARTESIAN_POINT('',(9.36172435232552,3.1242,0.466295745672746));
#2378=CARTESIAN_POINT('',(9.36257015226181,3.1242,0.466841906627074));
#2379=CARTESIAN_POINT('',(9.36343556544055,3.1242,0.467357163803076));
#2380=CARTESIAN_POINT('',(9.36431476757361,3.1242,0.467847638544678));
#2381=CARTESIAN_POINT('',(9.36607317183973,3.1242,0.468828588027883));
#2382=CARTESIAN_POINT('',(9.36788529231536,3.1242,0.469711369916648));
#2383=CARTESIAN_POINT('',(9.3697240637917,3.1242,0.470531172157944));
#2384=CARTESIAN_POINT('',(9.37064344952987,3.1242,0.470941073278591));
#2385=CARTESIAN_POINT('',(9.37157071430688,3.1242,0.471333665595397));
#2386=CARTESIAN_POINT('',(9.37250347150334,3.1242,0.471712479412564));
#2387=CARTESIAN_POINT('',(9.37343622869981,3.1242,0.472091293229731));
#2388=CARTESIAN_POINT('',(9.37437442041113,3.1242,0.472456544207577));
#2389=CARTESIAN_POINT('',(9.3753173614396,3.1242,0.472809310369172));
#2390=CARTESIAN_POINT('',(9.37720324349653,3.1242,0.473514842692362));
#2391=CARTESIAN_POINT('',(9.37910607326362,3.1242,0.474174127291772));
#2392=CARTESIAN_POINT('',(9.38102120351273,3.1242,0.474795785101692));
#2393=CARTESIAN_POINT('',(9.38293633376185,3.1242,0.475417442911613));
#2394=CARTESIAN_POINT('',(9.38486336365355,3.1242,0.476002295572828));
#2395=CARTESIAN_POINT('',(9.38679804117848,3.1242,0.476559477127749));
#2396=CARTESIAN_POINT('',(9.38873271870341,3.1242,0.47711665868267));
#2397=CARTESIAN_POINT('',(9.39067631807305,3.1242,0.477643387474348));
#2398=CARTESIAN_POINT('',(9.39262603884335,3.1242,0.478146069836979));
#2399=CARTESIAN_POINT('',(9.39652548038394,3.1242,0.479151434562241));
#2400=CARTESIAN_POINT('',(9.40044867006425,3.1242,0.480062781714633));
#2401=CARTESIAN_POINT('',(9.4043869560283,3.1242,0.480903148703205));
#2402=CARTESIAN_POINT('',(9.40832524199235,3.1242,0.481743515691778));
#2403=CARTESIAN_POINT('',(9.41227766427164,3.1242,0.482515833301864));
#2404=CARTESIAN_POINT('',(9.41624047763208,3.1242,0.483231669378282));
#2405=CARTESIAN_POINT('',(9.42020329099253,3.1242,0.483947505454699));
#2406=CARTESIAN_POINT('',(9.42417554145393,3.1242,0.484609933004897));
#2407=CARTESIAN_POINT('',(9.4281546189101,3.1242,0.485227979481541));
#2408=CARTESIAN_POINT('',(9.43014415763819,3.1242,0.485537002719863));
#2409=CARTESIAN_POINT('',(9.43213570800966,3.1242,0.485833838669765));
#2410=CARTESIAN_POINT('',(9.43412848673196,3.1242,0.486121384757847));
#2411=CARTESIAN_POINT('',(9.43612126545426,3.1242,0.486408930845929));
#2412=CARTESIAN_POINT('',(9.43811540660496,3.1242,0.486686652603565));
#2413=CARTESIAN_POINT('',(9.44011100559572,3.1242,0.486954245226775));
#2414=CARTESIAN_POINT('',(9.44410220357724,3.1242,0.487489430473194));
#2415=CARTESIAN_POINT('',(9.44809818088609,3.1242,0.487987985758646));
#2416=CARTESIAN_POINT('',(9.45209793017881,3.1242,0.488454293732751));
#2417=CARTESIAN_POINT('',(9.45609767947153,3.1242,0.488920601706856));
#2418=CARTESIAN_POINT('',(9.46010120074812,3.1242,0.489354662369614));
#2419=CARTESIAN_POINT('',(9.4641074866651,3.1242,0.489760858370644));
#2420=CARTESIAN_POINT('',(9.47212005849906,3.1242,0.490573250372705));
#2421=CARTESIAN_POINT('',(9.48014398857661,3.1242,0.491272685410768));
#2422=CARTESIAN_POINT('',(9.48817447913729,3.1242,0.491883433581578));
#2423=CARTESIAN_POINT('',(9.50423546025864,3.1242,0.493104929923199));
#2424=CARTESIAN_POINT('',(9.52032259482288,3.1242,0.493970380375543));
#2425=CARTESIAN_POINT('',(9.53641764327312,3.1242,0.494592979832803));
#2426=CARTESIAN_POINT('',(9.54044140538568,3.1242,0.494748629697119));
#2427=CARTESIAN_POINT('',(9.54446597255397,3.1242,0.494887034963196));
#2428=CARTESIAN_POINT('',(9.54849089353403,3.1242,0.495011577876595));
#2429=CARTESIAN_POINT('',(9.55251581451409,3.1242,0.495136120789995));
#2430=CARTESIAN_POINT('',(9.55654105494527,3.1242,0.495247022003276));
#2431=CARTESIAN_POINT('',(9.56056676933204,3.1242,0.495343129482317));
#2432=CARTESIAN_POINT('',(9.56861819810561,3.1242,0.495535344440399));
#2433=CARTESIAN_POINT('',(9.57667076229546,3.1242,0.495674414999033));
#2434=CARTESIAN_POINT('',(9.58472393948121,3.1242,0.495765209269075));
#2435=CARTESIAN_POINT('',(9.58875052807409,3.1242,0.495810606404096));
#2436=CARTESIAN_POINT('',(9.59277722929547,3.1242,0.495844237537752));
#2437=CARTESIAN_POINT('',(9.59680398890191,3.1242,0.495866742833431));
#2438=CARTESIAN_POINT('',(9.60083074850835,3.1242,0.495889248129109));
#2439=CARTESIAN_POINT('',(9.60485756649986,3.1242,0.495900627586808));
#2440=CARTESIAN_POINT('',(9.60888438863298,3.1242,0.495901521369915));
#2441=CARTESIAN_POINT('',(9.61693803289923,3.1242,0.495903308936128));
#2442=CARTESIAN_POINT('',(9.62499169373194,3.1242,0.495863153803969));
#2443=CARTESIAN_POINT('',(9.63304493718358,3.1242,0.495786177280521));
#2444=CARTESIAN_POINT('',(9.64109818063521,3.1242,0.495709200757073));
#2445=CARTESIAN_POINT('',(9.64915112396969,3.1242,0.495594226665502));
#2446=CARTESIAN_POINT('',(9.65720341231757,3.1242,0.495446236317111));
#2447=CARTESIAN_POINT('',(9.66525570066546,3.1242,0.495298245968719));
#2448=CARTESIAN_POINT('',(9.67330736425786,3.1242,0.495117314366659));
#2449=CARTESIAN_POINT('',(9.68135825067454,3.1242,0.494905921338078));
#2450=CARTESIAN_POINT('',(9.69746002350791,3.1242,0.494483135280916));
#2451=CARTESIAN_POINT('',(9.71355854160255,3.1242,0.493942736175004));
#2452=CARTESIAN_POINT('',(9.7296531536576,3.1242,0.493303001861474));
#2453=CARTESIAN_POINT('',(9.74574776571266,3.1242,0.492663267547944));
#2454=CARTESIAN_POINT('',(9.76183837713598,3.1242,0.491927620089128));
#2455=CARTESIAN_POINT('',(9.77792485270186,3.1242,0.491109537580931));
#2456=CARTESIAN_POINT('',(9.79401132826774,3.1242,0.490291455072734));
#2457=CARTESIAN_POINT('',(9.81009366797619,3.1242,0.489390937515155));
#2458=CARTESIAN_POINT('',(9.82617173660149,3.1242,0.488421463004098));
#2459=CARTESIAN_POINT('',(9.84224980522679,3.1242,0.48745198849304));
#2460=CARTESIAN_POINT('',(9.85832366446456,3.1242,0.486413733479007));
#2461=CARTESIAN_POINT('',(9.87439329607863,3.1242,0.485313377221409));
#2462=CARTESIAN_POINT('',(9.8904629276927,3.1242,0.484213020963811));
#2463=CARTESIAN_POINT('',(9.90652833168307,3.1242,0.483050563462648));
#2464=CARTESIAN_POINT('',(9.92258948981356,3.1242,0.48183268397733));
#2465=CARTESIAN_POINT('',(9.95471180607455,3.1242,0.479396925006693));
#2466=CARTESIAN_POINT('',(9.98681726338725,3.1242,0.476739664685745));
#2467=CARTESIAN_POINT('',(10.0189037474696,3.1242,0.473870371827687));
#2468=CARTESIAN_POINT('',(10.050990231552,3.1242,0.471001078969628));
#2469=CARTESIAN_POINT('',(10.0830578245199,3.1242,0.467919516623699));
#2470=GEOMETRIC_SET('YAKSFVWFGL, Stab, 0',(#1916));
#2471=GEOMETRICALLY_BOUNDED_SURFACE_SHAPE_REPRESENTATION('',(#2470),#12);
#2472=SHAPE_REPRESENTATION_RELATIONSHIP('','',#26,#2471);
#2473=B_SPLINE_SURFACE_WITH_KNOTS('Surf_YAKSFVWFGL, Stab, 1, 0',1,3,((#2474, #2474, #2474, #2474, #2475, #2476, #2477, #2478, #2479, #2480, #2481, #2482, #2483, #2484, #2485, #2486, #2487, #2488, #2489, #2490, #2491, #2492, #2493, #2494, #2495, #2496, #2497, #2498, #2499, #2500, #2501, #2502, #2503, #2504, #2505, #2506, #2507, #2508, #2509, #2510, #2511, #2512, #2513, #2514, #2515, #2516, #2517, #2518, #2519, #2520, #2521, #2522, #2523, #2524, #2525, #2526, #2527, #2528, #2529, #2530, #2531, #2532, #2533, #2534, #2535, #2536, #2537, #2538, #2539, #2540, #2541, #2542, #2543, #2544, #2545, #2546, #2547, #2548, #2549, #2550, #2551, #2552, #2553, #2554, #2555, #2556, #2557, #2558, #2559, #2560, #2561, #2562, #2563, #2564, #2565, #2566, #2567, #2568, #2569, #2570, #2571, #2572, #2573, #2574, #2575, #2576, #2577, #2578, #2579, #2580, #2581, #2582, #2583, #2584, #2585, #2585, #2585, #2585, #2585, #2585, #2585, #2586, #2587, #2588, #2589, #2590, #2591, #2592, #2593, #2594, #2595, #2596, #2597, #2598, #2599, #2600, #2601, #2602, #2603, #2604, #2605, #2606, #2607, #2608, #2609, #2610, #2611, #2612, #2613, #2614, #2615, #2616, #2617, #2618, #2619, #2620, #2621, #2622, #2623, #2624, #2625, #2626, #2627, #2628, #2629, #2630, #2631, #2632, #2633, #2634, #2635, #2636, #2637, #2638, #2639, #2640, #2641, #2642, #2643, #2644, #2645, #2646, #2647, #2648, #2649, #2650, #2651, #2652, #2653, #2654, #2655, #2656, #2657, #2658, #2659, #2660, #2661, #2662, #2663, #2664, #2665, #2666, #2667, #2668, #2669, #2670, #2671, #2672, #2673, #2674, #2675, #2676, #2677, #2678, #2679, #2680, #2681, #2682, #2683, #2684, #2685, #2686, #2687, #2688, #2689, #2690, #2691, #2692, #2693, #2694, #2695, #2474, #2474, #2474, #2474),(#2696, #2696, #2696, #2696, #2697, #2698, #2701, #2702, #2703, #2707, #2708, #2709, #2713, #2714, #2715, #2719, #2720, #2721, #2725, #2726, #2727, #2731, #2732, #2733, #2737, #2738, #2739, #2743, #2744, #2745, #2749, #2750, #2751, #2755, #2756, #2757, #2761, #2762, #2763, #2767, #2768, #2769, #2773, #2774, #2775, #2779, #2780, #2781, #2785, #2786, #2787, #2791, #2792, #2793, #2797, #2798, #2799, #2803, #2804, #2805, #2809, #2810, #2811, #2815, #2816, #2817, #2821, #2822, #2823, #2827, #2828, #2829, #2833, #2834, #2835, #2839, #2840, #2841, #2845, #2846, #2847, #2851, #2852, #2853, #2857, #2858, #2859, #2863, #2864, #2865, #2869, #2870, #2871, #2875, #2876, #2877, #2881, #2882, #2883, #2887, #2888, #2889, #2893, #2894, #2895, #2899, #2900, #2901, #2905, #2906, #2907, #2911, #2912, #2913, #2916, #2916, #2916, #2916, #2916, #2916, #2916, #2917, #2918, #2919, #2920, #2921, #2922, #2923, #2924, #2925, #2926, #2927, #2928, #2929, #2930, #2931, #2932, #2933, #2934, #2935, #2936, #2937, #2938, #2939, #2940, #2941, #2942, #2943, #2944, #2945, #2946, #2947, #2948, #2949, #2950, #2951, #2952, #2953, #2954, #2955, #2956, #2957, #2958, #2959, #2960, #2961, #2962, #2963, #2964, #2965, #2966, #2967, #2968, #2969, #2970, #2971, #2972, #2973, #2974, #2975, #2976, #2977, #2978, #2979, #2980, #2981, #2982, #2983, #2984, #2985, #2986, #2987, #2988, #2989, #2990, #2991, #2992, #2993, #2994, #2995, #2996, #2997, #2998, #2999, #3000, #3001, #3002, #3003, #3004, #3005, #3006, #3007, #3008, #3009, #3010, #3011, #3012, #3013, #3014, #3015, #3016, #3017, #3018, #3019, #3020, #3021, #3022, #3023, #3024, #3025, #3026, #2696, #2696, #2696, #2696),(#2696, #2696, #2696, #2696, #2699, #2700, #2704, #2705, #2706, #2710, #2711, #2712, #2716, #2717, #2718, #2722, #2723, #2724, #2728, #2729, #2730, #2734, #2735, #2736, #2740, #2741, #2742, #2746, #2747, #2748, #2752, #2753, #2754, #2758, #2759, #2760, #2764, #2765, #2766, #2770, #2771, #2772, #2776, #2777, #2778, #2782, #2783, #2784, #2788, #2789, #2790, #2794, #2795, #2796, #2800, #2801, #2802, #2806, #2807, #2808, #2812, #2813, #2814, #2818, #2819, #2820, #2824, #2825, #2826, #2830, #2831, #2832, #2836, #2837, #2838, #2842, #2843, #2844, #2848, #2849, #2850, #2854, #2855, #2856, #2860, #2861, #2862, #2866, #2867, #2868, #2872, #2873, #2874, #2878, #2879, #2880, #2884, #2885, #2886, #2890, #2891, #2892, #2896, #2897, #2898, #2902, #2903, #2904, #2908, #2909, #2910, #2914, #2915, #2916, #2916, #2916, #2916, #2916, #2916, #2916, #2916, #2916, #2915, #2914, #2910, #2909, #2908, #2904, #2903, #2902, #2898, #2897, #2896, #2892, #2891, #2890, #2886, #2885, #2884, #2880, #2879, #2878, #2874, #2873, #2872, #2868, #2867, #2866, #2862, #2861, #2860, #2856, #2855, #2854, #2850, #2849, #2848, #2844, #2843, #2842, #2838, #2837, #2836, #2832, #2831, #2830, #2826, #2825, #2824, #2820, #2819, #2818, #2814, #2813, #2812, #2808, #2807, #2806, #2802, #2801, #2800, #2796, #2795, #2794, #2790, #2789, #2788, #2784, #2783, #2782, #2778, #2777, #2776, #2772, #2771, #2770, #2766, #2765, #2764, #2760, #2759, #2758, #2754, #2753, #2752, #2748, #2747, #2746, #2742, #2741, #2740, #2736, #2735, #2734, #2730, #2729, #2728, #2724, #2723, #2722, #2718, #2717, #2716, #2712, #2711, #2710, #2706, #2705, #2704, #2700, #2699, #2696, #2696, #2696, #2696)),.UNSPECIFIED.,.F.,.T.,.F.,(2,1,2),(4,3,3,3,3,3,3,3,3,3,3,3,3,3,3,3,3,3,3,3,3,3,3,3,3,3,3,3,3,3,3,3,3,3,3,3,3,3,3,3,3,3,3,3,3,3,3,3,3,3,3,3,3,3,3,3,3,3,3,3,3,3,3,3,3,3,3,3,3,3,3,3,3,3,3,3,3,3,4),(0.,1.,2.),(0.,1.,2.,3.,4.,5.,6.,7.,8.,9.,10.,11.,12.,13.,14.,15.,16.,17.,18.,19.,20.,21.,22.,23.,24.,25.,26.,27.,28.,29.,30.,31.,32.,33.,34.,35.,36.,37.,38.,39.,40.,41.,42.,43.,44.,45.,46.,47.,48.,49.,50.,51.,52.,53.,54.,55.,56.,57.,58.,59.,60.,61.,62.,63.,64.,65.,66.,67.,68.,69.,70.,71.,72.,73.,74.,75.,76.,77.,78.),.PIECEWISE_BEZIER_KNOTS.);
#2474=CARTESIAN_POINT('',(10.3206868438597,0.,0.467288737830632));
#2475=CARTESIAN_POINT('',(10.2650120962251,0.,0.474358648771228));
#2476=CARTESIAN_POINT('',(10.2092741710919,0.,0.480929020888142));
#2477=CARTESIAN_POINT('',(10.1534879085352,0.,0.487057351320417));
#2478=CARTESIAN_POINT('',(10.0977016459784,0.,0.493185681752692));
#2479=CARTESIAN_POINT('',(10.0418668507559,0.,0.498872499081504));
#2480=CARTESIAN_POINT('',(9.98598863783431,0.,0.504096760532732));
#2481=CARTESIAN_POINT('',(9.95804953137352,0.,0.506708891258346));
#2482=CARTESIAN_POINT('',(9.9300994554161,0.,0.509204210122314));
#2483=CARTESIAN_POINT('',(9.90213848199827,0.,0.511570140996134));
#2484=CARTESIAN_POINT('',(9.87417750858043,0.,0.513936071869954));
#2485=CARTESIAN_POINT('',(9.84620563080528,0.,0.516174287724769));
#2486=CARTESIAN_POINT('',(9.81822277737772,0.,0.518266657839215));
#2487=CARTESIAN_POINT('',(9.79023992395015,0.,0.520359027953661));
#2488=CARTESIAN_POINT('',(9.76224608641416,0.,0.522303790746201));
#2489=CARTESIAN_POINT('',(9.73424128706341,0.,0.524079469907106));
#2490=CARTESIAN_POINT('',(9.70623648771266,0.,0.525855149068011));
#2491=CARTESIAN_POINT('',(9.6782207560734,0.,0.527456380865405));
#2492=CARTESIAN_POINT('',(9.65019457120528,0.,0.52885521006877));
#2493=CARTESIAN_POINT('',(9.62216838633716,0.,0.530254039272135));
#2494=CARTESIAN_POINT('',(9.59413180831118,0.,0.531444465207925));
#2495=CARTESIAN_POINT('',(9.56608654527602,0.,0.532385097406881));
#2496=CARTESIAN_POINT('',(9.55206391375845,0.,0.53285541350636));
#2497=CARTESIAN_POINT('',(9.53803911422067,0.,0.53326245347565));
#2498=CARTESIAN_POINT('',(9.52401267742741,0.,0.533598517726855));
#2499=CARTESIAN_POINT('',(9.50998624063415,0.,0.533934581978061));
#2500=CARTESIAN_POINT('',(9.49595788280386,0.,0.534202558346932));
#2501=CARTESIAN_POINT('',(9.4819287729019,0.,0.534387949656988));
#2502=CARTESIAN_POINT('',(9.46789966299993,0.,0.534573340967043));
#2503=CARTESIAN_POINT('',(9.45386916797448,0.,0.534683482083898));
#2504=CARTESIAN_POINT('',(9.43983870779187,0.,0.53470239088179));
#2505=CARTESIAN_POINT('',(9.43282347770056,0.,0.534711845280736));
#2506=CARTESIAN_POINT('',(9.42580803883402,0.,0.534700734042009));
#2507=CARTESIAN_POINT('',(9.41879285892086,0.,0.534664721894718));
#2508=CARTESIAN_POINT('',(9.41177767900771,0.,0.534628709747428));
#2509=CARTESIAN_POINT('',(9.40476281375232,0.,0.53456722473731));
#2510=CARTESIAN_POINT('',(9.39774798549488,0.,0.534482745299591));
#2511=CARTESIAN_POINT('',(9.38371832897999,0.,0.534313786424153));
#2512=CARTESIAN_POINT('',(9.36969011773478,0.,0.534041797237701));
#2513=CARTESIAN_POINT('',(9.35566479318645,0.,0.533656116074059));
#2514=CARTESIAN_POINT('',(9.34865213091228,0.,0.533463275492238));
#2515=CARTESIAN_POINT('',(9.34164027575097,0.,0.533241284707059));
#2516=CARTESIAN_POINT('',(9.33462959854397,0.,0.532987816532303));
#2517=CARTESIAN_POINT('',(9.32761892133696,0.,0.532734348357547));
#2518=CARTESIAN_POINT('',(9.32060942208427,0.,0.532449402793214));
#2519=CARTESIAN_POINT('',(9.31360147162736,0.,0.532130652653085));
#2520=CARTESIAN_POINT('',(9.2855696697997,0.,0.53085565209257));
#2521=CARTESIAN_POINT('',(9.25755895240561,0.,0.529056579297704));
#2522=CARTESIAN_POINT('',(9.22961353727779,0.,0.526505019408544));
#2523=CARTESIAN_POINT('',(9.21564082971387,0.,0.525229239463964));
#2524=CARTESIAN_POINT('',(9.20168647295135,0.,0.523757466804444));
#2525=CARTESIAN_POINT('',(9.18775972636926,0.,0.522051149234679));
#2526=CARTESIAN_POINT('',(9.18079635307821,0.,0.521197990449796));
#2527=CARTESIAN_POINT('',(9.17384105385399,0.,0.520281926353539));
#2528=CARTESIAN_POINT('',(9.16689467835081,0.,0.519299730317458));
#2529=CARTESIAN_POINT('',(9.15994830284763,0.,0.518317534281377));
#2530=CARTESIAN_POINT('',(9.15301211321824,0.,0.517264604040568));
#2531=CARTESIAN_POINT('',(9.14608881415519,0.,0.51613215342141));
#2532=CARTESIAN_POINT('',(9.14262716462366,0.,0.515565928111831));
#2533=CARTESIAN_POINT('',(9.13916884646896,0.,0.514979410091444));
#2534=CARTESIAN_POINT('',(9.13571440547864,0.,0.514370917769576));
#2535=CARTESIAN_POINT('',(9.13225996448833,0.,0.513762425447709));
#2536=CARTESIAN_POINT('',(9.1288094006624,0.,0.513131958824361));
#2537=CARTESIAN_POINT('',(9.12536325978843,0.,0.51247783630886));
#2538=CARTESIAN_POINT('',(9.11847097804048,0.,0.511169591277857));
#2539=CARTESIAN_POINT('',(9.11159604408364,0.,0.509767572107006));
#2540=CARTESIAN_POINT('',(9.10474784052021,0.,0.508245888357344));
#2541=CARTESIAN_POINT('',(9.09789963695678,0.,0.506724204607681));
#2542=CARTESIAN_POINT('',(9.09107652065853,0.,0.505086629619752));
#2543=CARTESIAN_POINT('',(9.08429310851693,0.,0.503297730280207));
#2544=CARTESIAN_POINT('',(9.07750969637534,0.,0.501508830940662));
#2545=CARTESIAN_POINT('',(9.07076514187672,0.,0.49956971771543));
#2546=CARTESIAN_POINT('',(9.06408556037326,0.,0.497425264392467));
#2547=CARTESIAN_POINT('',(9.06074576962153,0.,0.496353037730986));
#2548=CARTESIAN_POINT('',(9.05742183025074,0.,0.495229930311511));
#2549=CARTESIAN_POINT('',(9.05412097611441,0.,0.49404328208173));
#2550=CARTESIAN_POINT('',(9.05082012197808,0.,0.49285663385195));
#2551=CARTESIAN_POINT('',(9.0475423530762,0.,0.491606444811864));
#2552=CARTESIAN_POINT('',(9.04429490326226,0.,0.49028005490916));
#2553=CARTESIAN_POINT('',(9.04104745344832,0.,0.488953665006457));
#2554=CARTESIAN_POINT('',(9.03783284790219,0.,0.487547514123014));
#2555=CARTESIAN_POINT('',(9.03466382884169,0.,0.486043167541284));
#2556=CARTESIAN_POINT('',(9.03307931931144,0.,0.485290994250419));
#2557=CARTESIAN_POINT('',(9.03150749482933,0.,0.484512631276207));
#2558=CARTESIAN_POINT('',(9.02995002414833,0.,0.483706002307324));
#2559=CARTESIAN_POINT('',(9.02839255346734,0.,0.482899373338441));
#2560=CARTESIAN_POINT('',(9.02684999864669,0.,0.482063625128946));
#2561=CARTESIAN_POINT('',(9.02532799562328,0.,0.481192617632503));
#2562=CARTESIAN_POINT('',(9.02228398957647,0.,0.479450602639616));
#2563=CARTESIAN_POINT('',(9.01931210780829,0.,0.47757668467488));
#2564=CARTESIAN_POINT('',(9.01647638828668,0.,0.475511376668054));
#2565=CARTESIAN_POINT('',(9.01505852852587,0.,0.474478722664641));
#2566=CARTESIAN_POINT('',(9.01367634877984,0.,0.473397133278498));
#2567=CARTESIAN_POINT('',(9.01234269444388,0.,0.472257985824715));
#2568=CARTESIAN_POINT('',(9.01100904010792,0.,0.471118838370932));
#2569=CARTESIAN_POINT('',(9.00972510401325,0.,0.469921100300501));
#2570=CARTESIAN_POINT('',(9.00851157348452,0.,0.468654555310464));
#2571=CARTESIAN_POINT('',(9.00729804295578,0.,0.467388010320427));
#2572=CARTESIAN_POINT('',(9.0061566685694,0.,0.466051418572558));
#2573=CARTESIAN_POINT('',(9.00512123421808,0.,0.46463578701492));
#2574=CARTESIAN_POINT('',(9.00408579986677,0.,0.463220155457281));
#2575=CARTESIAN_POINT('',(9.00315623946949,0.,0.461724396961377));
#2576=CARTESIAN_POINT('',(9.00238350664827,0.,0.460150252286739));
#2577=CARTESIAN_POINT('',(9.00161077382706,0.,0.4585761076121));
#2578=CARTESIAN_POINT('',(9.00099444572509,0.,0.456922102848129));
#2579=CARTESIAN_POINT('',(9.00058569386897,0.,0.455216671642643));
#2580=CARTESIAN_POINT('',(9.00038131794092,0.,0.454363956039899));
#2581=CARTESIAN_POINT('',(9.00022825320415,0.,0.453498337179211));
#2582=CARTESIAN_POINT('',(9.00013008329702,0.,0.452627041646596));
#2583=CARTESIAN_POINT('',(9.00003191338989,0.,0.451755746113981));
#2584=CARTESIAN_POINT('',(8.99998854082603,0.,0.450875366406375));
#2585=CARTESIAN_POINT('',(9.,0.,0.45));
#2586=CARTESIAN_POINT('',(9.00001145917397,0.,0.449124633593625));
#2587=CARTESIAN_POINT('',(9.00007786252923,0.,0.448245690931519));
#2588=CARTESIAN_POINT('',(9.00019880665411,0.,0.447377263758706));
#2589=CARTESIAN_POINT('',(9.00031975077898,0.,0.446508836585894));
#2590=CARTESIAN_POINT('',(9.00049542232446,0.,0.445647521118871));
#2591=CARTESIAN_POINT('',(9.00072204971024,0.,0.444800447658572));
#2592=CARTESIAN_POINT('',(9.00117530448181,0.,0.443106300737974));
#2593=CARTESIAN_POINT('',(9.00183471818074,0.,0.441468996348992));
#2594=CARTESIAN_POINT('',(9.0026483925095,0.,0.439915618881535));
#2595=CARTESIAN_POINT('',(9.00346206683825,0.,0.438362241414079));
#2596=CARTESIAN_POINT('',(9.00443046309123,0.,0.436891328531722));
#2597=CARTESIAN_POINT('',(9.00550259953916,0.,0.435503286587153));
#2598=CARTESIAN_POINT('',(9.00657473598709,0.,0.434115244642583));
#2599=CARTESIAN_POINT('',(9.00775070714607,0.,0.432808988609636));
#2600=CARTESIAN_POINT('',(9.00899697611093,0.,0.431574644158856));
#2601=CARTESIAN_POINT('',(9.0102432450758,0.,0.430340299708076));
#2602=CARTESIAN_POINT('',(9.01155809432519,0.,0.429176581601347));
#2603=CARTESIAN_POINT('',(9.01292111105513,0.,0.428072735505559));
#2604=CARTESIAN_POINT('',(9.01428412778507,0.,0.426968889409771));
#2605=CARTESIAN_POINT('',(9.01569414660208,0.,0.425923851905061));
#2606=CARTESIAN_POINT('',(9.01713855222822,0.,0.424928667008051));
#2607=CARTESIAN_POINT('',(9.02002736348051,0.,0.42293829721403));
#2608=CARTESIAN_POINT('',(9.02304728031273,0.,0.4211428161896));
#2609=CARTESIAN_POINT('',(9.02613584389112,0.,0.41948108093068));
#2610=CARTESIAN_POINT('',(9.02768012568031,0.,0.41865021330122));
#2611=CARTESIAN_POINT('',(9.02924402924362,0.,0.417855130859565));
#2612=CARTESIAN_POINT('',(9.03082208130314,0.,0.417089548131791));
#2613=CARTESIAN_POINT('',(9.03240013336265,0.,0.416323965404017));
#2614=CARTESIAN_POINT('',(9.03399179438711,0.,0.415587014723574));
#2615=CARTESIAN_POINT('',(9.03559545054687,0.,0.414876576807777));
#2616=CARTESIAN_POINT('',(9.03880276286639,0.,0.413455700976182));
#2617=CARTESIAN_POINT('',(9.04205307558649,0.,0.412134180508738));
#2618=CARTESIAN_POINT('',(9.0453341334204,0.,0.410893253452639));
#2619=CARTESIAN_POINT('',(9.04861519125431,0.,0.409652326396539));
#2620=CARTESIAN_POINT('',(9.05192456308053,0.,0.408488367752123));
#2621=CARTESIAN_POINT('',(9.05525534892596,0.,0.407388532445152));
#2622=CARTESIAN_POINT('',(9.05858613477139,0.,0.406288697138181));
#2623=CARTESIAN_POINT('',(9.06193833463603,0.,0.405252985168656));
#2624=CARTESIAN_POINT('',(9.06530504854678,0.,0.404268551462339));
#2625=CARTESIAN_POINT('',(9.07203847636827,0.,0.402299684049706));
#2626=CARTESIAN_POINT('',(9.07883147974317,0.,0.400537787164616));
#2627=CARTESIAN_POINT('',(9.08565939530438,0.,0.398927069865177));
#2628=CARTESIAN_POINT('',(9.09248731086559,0.,0.397316352565738));
#2629=CARTESIAN_POINT('',(9.09935095576811,0.,0.395857947096496));
#2630=CARTESIAN_POINT('',(9.10623664566008,0.,0.394516049860532));
#2631=CARTESIAN_POINT('',(9.11312233555204,0.,0.393174152624567));
#2632=CARTESIAN_POINT('',(9.12003161422408,0.,0.391952578681478));
#2633=CARTESIAN_POINT('',(9.12695578002176,0.,0.390825200856413));
#2634=CARTESIAN_POINT('',(9.1304178629206,0.,0.39026151194388));
#2635=CARTESIAN_POINT('',(9.13388374801669,0.,0.389721586596602));
#2636=CARTESIAN_POINT('',(9.13735293372841,0.,0.389203729513092));
#2637=CARTESIAN_POINT('',(9.14082211944013,0.,0.388685872429582));
#2638=CARTESIAN_POINT('',(9.14429460576748,0.,0.38819008360984));
#2639=CARTESIAN_POINT('',(9.14776989112882,0.,0.387714667752379));
#2640=CARTESIAN_POINT('',(9.15472046185152,0.,0.386763836037458));
#2641=CARTESIAN_POINT('',(9.16168183712245,0.,0.385892834886927));
#2642=CARTESIAN_POINT('',(9.1686515431711,0.,0.385092810337371));
#2643=CARTESIAN_POINT('',(9.17562124921975,0.,0.384292785787815));
#2644=CARTESIAN_POINT('',(9.18259814479913,0.,0.383559104112102));
#2645=CARTESIAN_POINT('',(9.18958146500947,0.,0.382888517546115));
#2646=CARTESIAN_POINT('',(9.20354810543016,0.,0.381547344414141));
#2647=CARTESIAN_POINT('',(9.21753620689997,0.,0.380441358569995));
#2648=CARTESIAN_POINT('',(9.23153752239164,0.,0.37953177864696));
#2649=CARTESIAN_POINT('',(9.25954015337497,0.,0.377712618800891));
#2650=CARTESIAN_POINT('',(9.28758836643134,0.,0.37664739760463));
#2651=CARTESIAN_POINT('',(9.31564393808439,0.,0.376106620982382));
#2652=CARTESIAN_POINT('',(9.32265783099765,0.,0.37597142682682));
#2653=CARTESIAN_POINT('',(9.32967238727533,0.,0.375870066205818));
#2654=CARTESIAN_POINT('',(9.33668729712165,0.,0.375800203023126));
#2655=CARTESIAN_POINT('',(9.34370220696798,0.,0.375730339840434));
#2656=CARTESIAN_POINT('',(9.35071747038297,0.,0.375691974096052));
#2657=CARTESIAN_POINT('',(9.35773277757086,0.,0.375682769693734));
#2658=CARTESIAN_POINT('',(9.37176339194664,0.,0.375664360889096));
#2659=CARTESIAN_POINT('',(9.38579391592109,0.,0.375759680667163));
#2660=CARTESIAN_POINT('',(9.39982318765084,0.,0.37595803328308));
#2661=CARTESIAN_POINT('',(9.40683782351571,0.,0.376057209591038));
#2662=CARTESIAN_POINT('',(9.4138518944419,0.,0.376179373415474));
#2663=CARTESIAN_POINT('',(9.42086561311623,0.,0.376327009610604));
#2664=CARTESIAN_POINT('',(9.42787933179056,0.,0.376474645805734));
#2665=CARTESIAN_POINT('',(9.43489265749974,0.,0.376647181155117));
#2666=CARTESIAN_POINT('',(9.44190523615959,0.,0.376840269629745));
#2667=CARTESIAN_POINT('',(9.45593039347929,0.,0.377226446579));
#2668=CARTESIAN_POINT('',(9.46995319744619,0.,0.37770382549626));
#2669=CARTESIAN_POINT('',(9.48397264694384,0.,0.378256392562053));
#2670=CARTESIAN_POINT('',(9.49799209644149,0.,0.378808959627846));
#2671=CARTESIAN_POINT('',(9.51200863230035,0.,0.379444063765677));
#2672=CARTESIAN_POINT('',(9.52602146544751,0.,0.380147182166937));
#2673=CARTESIAN_POINT('',(9.54003429859467,0.,0.380850300568198));
#2674=CARTESIAN_POINT('',(9.55404363711969,0.,0.381624327507585));
#2675=CARTESIAN_POINT('',(9.56804915199144,0.,0.382461552141859));
#2676=CARTESIAN_POINT('',(9.59606018173495,0.,0.384136001410406));
#2677=CARTESIAN_POINT('',(9.62405599060769,0.,0.386059931470675));
#2678=CARTESIAN_POINT('',(9.65203595452248,0.,0.388191921322768));
#2679=CARTESIAN_POINT('',(9.68001591843726,0.,0.390323911174861));
#2680=CARTESIAN_POINT('',(9.70798013442301,0.,0.392657960629038));
#2681=CARTESIAN_POINT('',(9.73592885536685,0.,0.39516611149402));
#2682=CARTESIAN_POINT('',(9.76387757631069,0.,0.397674262359002));
#2683=CARTESIAN_POINT('',(9.79181091310263,0.,0.400351151968024));
#2684=CARTESIAN_POINT('',(9.81972940564089,0.,0.40317531078717));
#2685=CARTESIAN_POINT('',(9.84764789817914,0.,0.405999469606315));
#2686=CARTESIAN_POINT('',(9.87555160102966,0.,0.408969136879052));
#2687=CARTESIAN_POINT('',(9.90344106007006,0.,0.412066189963248));
#2688=CARTESIAN_POINT('',(9.93133051911046,0.,0.415163243047445));
#2689=CARTESIAN_POINT('',(9.95920569744201,0.,0.418389354521499));
#2690=CARTESIAN_POINT('',(9.98706685225783,0.,0.421731950680745));
#2691=CARTESIAN_POINT('',(10.0427891618895,0.,0.428417142999236));
#2692=CARTESIAN_POINT('',(10.0984559603989,0.,0.435563596146103));
#2693=CARTESIAN_POINT('',(10.1540626854078,0.,0.443150140663834));
#2694=CARTESIAN_POINT('',(10.2096694104168,0.,0.450736685181566));
#2695=CARTESIAN_POINT('',(10.2652162432639,0.,0.458763854581055));
#2696=CARTESIAN_POINT('',(10.1151005889377,-3.1242,0.464597466330917));
#2697=CARTESIAN_POINT('',(10.0830578245199,-3.1242,0.467919516623699));
#2698=CARTESIAN_POINT('',(10.050990231552,-3.1242,0.471001078969628));
#2699=CARTESIAN_POINT('',(10.0831067952169,-3.1242,0.464178644628847));
#2700=CARTESIAN_POINT('',(10.0510850295796,-3.1242,0.463759456754332));
#2701=CARTESIAN_POINT('',(10.0189037474696,-3.1242,0.473870371827687));
#2702=CARTESIAN_POINT('',(9.98681726338725,-3.1242,0.476739664685745));
#2703=CARTESIAN_POINT('',(9.95471180607455,-3.1242,0.479396925006693));
#2704=CARTESIAN_POINT('',(10.019041597781,-3.1242,0.46333998525423));
#2705=CARTESIAN_POINT('',(9.98699816598245,-3.1242,0.462920513754127));
#2706=CARTESIAN_POINT('',(9.95493298902196,-3.1242,0.462500757594262));
#2707=CARTESIAN_POINT('',(9.92258948981356,-3.1242,0.48183268397733));
#2708=CARTESIAN_POINT('',(9.90652833168307,-3.1242,0.483050563462648));
#2709=CARTESIAN_POINT('',(9.8904629276927,-3.1242,0.484213020963811));
#2710=CARTESIAN_POINT('',(9.92284805688706,-3.1242,0.462080742824998));
#2711=CARTESIAN_POINT('',(9.90680559081962,-3.1242,0.461870735440366));
#2712=CARTESIAN_POINT('',(9.89075815423056,-3.1242,0.461660662988042));
#2713=CARTESIAN_POINT('',(9.87439329607863,-3.1242,0.485313377221409));
#2714=CARTESIAN_POINT('',(9.85832366446456,-3.1242,0.486413733479007));
#2715=CARTESIAN_POINT('',(9.84224980522679,-3.1242,0.48745198849304));
#2716=CARTESIAN_POINT('',(9.87470567793163,-3.1242,0.461450524562302));
#2717=CARTESIAN_POINT('',(9.8586532016327,-3.1242,0.461240386136561));
#2718=CARTESIAN_POINT('',(9.84259568562389,-3.1242,0.461030181737405));
#2719=CARTESIAN_POINT('',(9.82617173660149,-3.1242,0.488421463004098));
#2720=CARTESIAN_POINT('',(9.81009366797619,-3.1242,0.489390937515155));
#2721=CARTESIAN_POINT('',(9.79401132826774,-3.1242,0.490291455072734));
#2722=CARTESIAN_POINT('',(9.82653306071695,-3.1242,0.460819910459108));
#2723=CARTESIAN_POINT('',(9.81047043581002,-3.1242,0.460609639180812));
#2724=CARTESIAN_POINT('',(9.79440263801043,-3.1242,0.460399300185641));
#2725=CARTESIAN_POINT('',(9.77792485270186,-3.1242,0.491109537580931));
#2726=CARTESIAN_POINT('',(9.76183837713598,-3.1242,0.491927620089128));
#2727=CARTESIAN_POINT('',(9.74574776571266,-3.1242,0.492663267547944));
#2728=CARTESIAN_POINT('',(9.77832962611301,-3.1242,0.460188892934191));
#2729=CARTESIAN_POINT('',(9.7622566142156,-3.1242,0.459978485682741));
#2730=CARTESIAN_POINT('',(9.74617838822036,-3.1242,0.459768010175011));
#2731=CARTESIAN_POINT('',(9.7296531536576,-3.1242,0.493303001861474));
#2732=CARTESIAN_POINT('',(9.71355854160255,-3.1242,0.493942736175004));
#2733=CARTESIAN_POINT('',(9.69746002350791,-3.1242,0.494483135280916));
#2734=CARTESIAN_POINT('',(9.73009490692212,-3.1242,0.459557465871596));
#2735=CARTESIAN_POINT('',(9.71401142562389,-3.1242,0.459346921568182));
#2736=CARTESIAN_POINT('',(9.69792273880902,-3.1242,0.459136309120822));
#2737=CARTESIAN_POINT('',(9.68135825067454,-3.1242,0.494905921338078));
#2738=CARTESIAN_POINT('',(9.67330736425786,-3.1242,0.495117314366659));
#2739=CARTESIAN_POINT('',(9.66525570066546,-3.1242,0.495298245968719));
#2740=CARTESIAN_POINT('',(9.68182925843773,-3.1242,0.458925633922371));
#2741=CARTESIAN_POINT('',(9.67378251825209,-3.1242,0.458820296323146));
#2742=CARTESIAN_POINT('',(9.6657346023303,-3.1242,0.458714943332691));
#2743=CARTESIAN_POINT('',(9.65720341231757,-3.1242,0.495446236317111));
#2744=CARTESIAN_POINT('',(9.64915112396969,-3.1242,0.495594226665502));
#2745=CARTESIAN_POINT('',(9.64109818063521,-3.1242,0.495709200757073));
#2746=CARTESIAN_POINT('',(9.65768563060931,-3.1242,0.458609576521068));
#2747=CARTESIAN_POINT('',(9.64963665888833,-3.1242,0.458504209709445));
#2748=CARTESIAN_POINT('',(9.64158660016056,-3.1242,0.458398828668123));
#2749=CARTESIAN_POINT('',(9.63304493718358,-3.1242,0.495786177280521));
#2750=CARTESIAN_POINT('',(9.62499169373194,-3.1242,0.495863153803969));
#2751=CARTESIAN_POINT('',(9.61693803289923,-3.1242,0.495903308936128));
#2752=CARTESIAN_POINT('',(9.63353574403686,-3.1242,0.458293437188317));
#2753=CARTESIAN_POINT('',(9.62548488791316,-3.1242,0.458188045708511));
#2754=CARTESIAN_POINT('',(9.61743313254406,-3.1242,0.458082642456938));
#2755=CARTESIAN_POINT('',(9.60888438863298,-3.1242,0.495901521369915));
#2756=CARTESIAN_POINT('',(9.60485756649986,-3.1242,0.495900627586808));
#2757=CARTESIAN_POINT('',(9.60083074850835,-3.1242,0.495889248129109));
#2758=CARTESIAN_POINT('',(9.60938084477268,-3.1242,0.457977232235837));
#2759=CARTESIAN_POINT('',(9.60535470088698,-3.1242,0.457924527125286));
#2760=CARTESIAN_POINT('',(9.60132842390072,-3.1242,0.457871820272354));
#2761=CARTESIAN_POINT('',(9.59680398890191,-3.1242,0.495866742833431));
#2762=CARTESIAN_POINT('',(9.59277722929547,-3.1242,0.495844237537752));
#2763=CARTESIAN_POINT('',(9.58875052807409,-3.1242,0.495810606404096));
#2764=CARTESIAN_POINT('',(9.59730205966927,-3.1242,0.45781911227732));
#2765=CARTESIAN_POINT('',(9.59327569543782,-3.1242,0.457766404282285));
#2766=CARTESIAN_POINT('',(9.58924924396118,-3.1242,0.457713695145149));
#2767=CARTESIAN_POINT('',(9.58472393948121,-3.1242,0.495765209269075));
#2768=CARTESIAN_POINT('',(9.57667076229546,-3.1242,0.495674414999033));
#2769=CARTESIAN_POINT('',(9.56861819810561,-3.1242,0.495535344440399));
#2770=CARTESIAN_POINT('',(9.58522275109475,-3.1242,0.45766098546619));
#2771=CARTESIAN_POINT('',(9.57716976536189,-3.1242,0.457555566108273));
#2772=CARTESIAN_POINT('',(9.56911676065694,-3.1242,0.457450146501998));
#2773=CARTESIAN_POINT('',(9.56056676933204,-3.1242,0.495343129482317));
#2774=CARTESIAN_POINT('',(9.55654105494527,-3.1242,0.495247022003276));
#2775=CARTESIAN_POINT('',(9.55251581451409,-3.1242,0.495136120789995));
#2776=CARTESIAN_POINT('',(9.56106419559464,-3.1242,0.45734473265096));
#2777=CARTESIAN_POINT('',(9.55703791306349,-3.1242,0.457292025725441));
#2778=CARTESIAN_POINT('',(9.55301191077934,-3.1242,0.457239322468556));
#2779=CARTESIAN_POINT('',(9.54849089353403,-3.1242,0.495011577876595));
#2780=CARTESIAN_POINT('',(9.54446597255397,-3.1242,0.494887034963196));
#2781=CARTESIAN_POINT('',(9.54044140538568,-3.1242,0.494748629697119));
#2782=CARTESIAN_POINT('',(9.54898604934252,-3.1242,0.457186621055464));
#2783=CARTESIAN_POINT('',(9.5449601879057,-3.1242,0.457133919642372));
#2784=CARTESIAN_POINT('',(9.54093449878299,-3.1242,0.457081220484995));
#2785=CARTESIAN_POINT('',(9.53641764327312,-3.1242,0.494592979832803));
#2786=CARTESIAN_POINT('',(9.52032259482288,-3.1242,0.493970380375543));
#2787=CARTESIAN_POINT('',(9.50423546025864,-3.1242,0.493104929923199));
#2788=CARTESIAN_POINT('',(9.5369093888726,-3.1242,0.457028528909923));
#2789=CARTESIAN_POINT('',(9.52080894923102,-3.1242,0.456817762609633));
#2790=CARTESIAN_POINT('',(9.50471324357052,-3.1242,0.456607058280551));
#2791=CARTESIAN_POINT('',(9.48817447913729,-3.1242,0.491883433581578));
#2792=CARTESIAN_POINT('',(9.48014398857661,-3.1242,0.491272685410768));
#2793=CARTESIAN_POINT('',(9.47212005849906,-3.1242,0.490573250372705));
#2794=CARTESIAN_POINT('',(9.48863902677441,-3.1242,0.456396635256113));
#2795=CARTESIAN_POINT('',(9.48060191837637,-3.1242,0.456291423743894));
#2796=CARTESIAN_POINT('',(9.47257020856161,-3.1242,0.456186282903002));
#2797=CARTESIAN_POINT('',(9.4641074866651,-3.1242,0.489760858370644));
#2798=CARTESIAN_POINT('',(9.46010120074812,-3.1242,0.489354662369614));
#2799=CARTESIAN_POINT('',(9.45609767947153,-3.1242,0.488920601706856));
#2800=CARTESIAN_POINT('',(9.46454837661006,-3.1242,0.456081271370422));
#2801=CARTESIAN_POINT('',(9.46053746063428,-3.1242,0.456028765604132));
#2802=CARTESIAN_POINT('',(9.4565289441193,-3.1242,0.455976291248504));
#2803=CARTESIAN_POINT('',(9.45209793017881,-3.1242,0.488454293732751));
#2804=CARTESIAN_POINT('',(9.44809818088609,-3.1242,0.487987985758646));
#2805=CARTESIAN_POINT('',(9.44410220357724,-3.1242,0.487489430473194));
#2806=CARTESIAN_POINT('',(9.4525237768738,-3.1242,0.455923860737216));
#2807=CARTESIAN_POINT('',(9.44851860962831,-3.1242,0.455871430225928));
#2808=CARTESIAN_POINT('',(9.4445167916523,-3.1242,0.455819043558979));
#2809=CARTESIAN_POINT('',(9.44011100559572,-3.1242,0.486954245226775));
#2810=CARTESIAN_POINT('',(9.43811540660496,-3.1242,0.486686652603565));
#2811=CARTESIAN_POINT('',(9.43612126545426,-3.1242,0.486408930845929));
#2812=CARTESIAN_POINT('',(9.44051927275445,-3.1242,0.455766713170046));
#2813=CARTESIAN_POINT('',(9.43852051330552,-3.1242,0.455740547975579));
#2814=CARTESIAN_POINT('',(9.43652307887196,-3.1242,0.455714400126514));
#2815=CARTESIAN_POINT('',(9.43412848673196,-3.1242,0.486121384757847));
#2816=CARTESIAN_POINT('',(9.43213570800966,-3.1242,0.485833838669765));
#2817=CARTESIAN_POINT('',(9.43014415763819,-3.1242,0.485537002719863));
#2818=CARTESIAN_POINT('',(9.43452687804787,-3.1242,0.455688268426281));
#2819=CARTESIAN_POINT('',(9.43253067722378,-3.1242,0.455662136726048));
#2820=CARTESIAN_POINT('',(9.43053558294993,-3.1242,0.455636019511352));
#2821=CARTESIAN_POINT('',(9.4281546189101,-3.1242,0.485227979481541));
#2822=CARTESIAN_POINT('',(9.42417554145393,-3.1242,0.484609933004897));
#2823=CARTESIAN_POINT('',(9.42020329099253,-3.1242,0.483947505454699));
#2824=CARTESIAN_POINT('',(9.42854234046179,-3.1242,0.455609926537858));
#2825=CARTESIAN_POINT('',(9.42455585548552,-3.1242,0.455557740590871));
#2826=CARTESIAN_POINT('',(9.42057561545376,-3.1242,0.455505636394685));
#2827=CARTESIAN_POINT('',(9.41624047763208,-3.1242,0.483231669378282));
#2828=CARTESIAN_POINT('',(9.41227766427164,-3.1242,0.482515833301864));
#2829=CARTESIAN_POINT('',(9.40832524199235,-3.1242,0.481743515691778));
#2830=CARTESIAN_POINT('',(9.41660411186991,-3.1242,0.455453646564868));
#2831=CARTESIAN_POINT('',(9.41263260828606,-3.1242,0.45540165673505));
#2832=CARTESIAN_POINT('',(9.4086707547459,-3.1242,0.455349793231225));
#2833=CARTESIAN_POINT('',(9.4043869560283,-3.1242,0.480903148703205));
#2834=CARTESIAN_POINT('',(9.40044867006425,-3.1242,0.480062781714633));
#2835=CARTESIAN_POINT('',(9.39652548038394,-3.1242,0.479151434562241));
#2836=CARTESIAN_POINT('',(9.40472214443636,-3.1242,0.455298103090784));
#2837=CARTESIAN_POINT('',(9.40077353412682,-3.1242,0.455246412950344));
#2838=CARTESIAN_POINT('',(9.39683908849242,-3.1242,0.455194908235658));
#2839=CARTESIAN_POINT('',(9.39262603884335,-3.1242,0.478146069836979));
#2840=CARTESIAN_POINT('',(9.39067631807305,-3.1242,0.477643387474348));
#2841=CARTESIAN_POINT('',(9.38873271870341,-3.1242,0.47711665868267));
#2842=CARTESIAN_POINT('',(9.39292715638222,-3.1242,0.455143698239148));
#2843=CARTESIAN_POINT('',(9.39097119032711,-3.1242,0.455118093240893));
#2844=CARTESIAN_POINT('',(9.38902102989278,-3.1242,0.455092564242377));
#2845=CARTESIAN_POINT('',(9.38679804117848,-3.1242,0.476559477127749));
#2846=CARTESIAN_POINT('',(9.38486336365355,-3.1242,0.476002295572828));
#2847=CARTESIAN_POINT('',(9.38293633376185,-3.1242,0.475417442911613));
#2848=CARTESIAN_POINT('',(9.3870793911943,-3.1242,0.455067146799495));
#2849=CARTESIAN_POINT('',(9.38513775249582,-3.1242,0.455041729356612));
#2850=CARTESIAN_POINT('',(9.38320339794769,-3.1242,0.455016407268481));
#2851=CARTESIAN_POINT('',(9.38102120351273,-3.1242,0.474795785101692));
#2852=CARTESIAN_POINT('',(9.37910607326362,-3.1242,0.474174127291772));
#2853=CARTESIAN_POINT('',(9.37720324349653,-3.1242,0.473514842692362));
#2854=CARTESIAN_POINT('',(9.38128045928005,-3.1242,0.454991234622411));
#2855=CARTESIAN_POINT('',(9.37935752061241,-3.1242,0.454966061976342));
#2856=CARTESIAN_POINT('',(9.377446387842,-3.1242,0.454941043877933));
#2857=CARTESIAN_POINT('',(9.3753173614396,-3.1242,0.472809310369172));
#2858=CARTESIAN_POINT('',(9.37437442041113,-3.1242,0.472456544207577));
#2859=CARTESIAN_POINT('',(9.37343622869981,-3.1242,0.472091293229731));
#2860=CARTESIAN_POINT('',(9.37555159456583,-3.1242,0.45491623967522));
#2861=CARTESIAN_POINT('',(9.37460419792775,-3.1242,0.454903837573864));
#2862=CARTESIAN_POINT('',(9.37366138638587,-3.1242,0.454891495494705));
#2863=CARTESIAN_POINT('',(9.37250347150334,-3.1242,0.471712479412564));
#2864=CARTESIAN_POINT('',(9.37157071430688,-3.1242,0.471333665595397));
#2865=CARTESIAN_POINT('',(9.37064344952987,-3.1242,0.470941073278591));
#2866=CARTESIAN_POINT('',(9.37272383091085,-3.1242,0.45487922222123));
#2867=CARTESIAN_POINT('',(9.37178627543583,-3.1242,0.454866948947755));
#2868=CARTESIAN_POINT('',(9.37085403109967,-3.1242,0.454854745200896));
#2869=CARTESIAN_POINT('',(9.3697240637917,-3.1242,0.470531172157944));
#2870=CARTESIAN_POINT('',(9.36788529231536,-3.1242,0.469711369916648));
#2871=CARTESIAN_POINT('',(9.36607317183973,-3.1242,0.468828588027883));
#2872=CARTESIAN_POINT('',(9.36992943790654,-3.1242,0.454842641612986));
#2873=CARTESIAN_POINT('',(9.36808025152028,-3.1242,0.454818434437167));
#2874=CARTESIAN_POINT('',(9.36625688726093,-3.1242,0.454794565291505));
#2875=CARTESIAN_POINT('',(9.36431476757361,-3.1242,0.467847638544678));
#2876=CARTESIAN_POINT('',(9.36343556544055,-3.1242,0.467357163803076));
#2877=CARTESIAN_POINT('',(9.36257015226181,-3.1242,0.466841906627074));
#2878=CARTESIAN_POINT('',(9.36448594514347,-3.1242,0.454771382389272));
#2879=CARTESIAN_POINT('',(9.36360047408474,-3.1242,0.454759790938155));
#2880=CARTESIAN_POINT('',(9.36272846525351,-3.1242,0.45474837571725));
#2881=CARTESIAN_POINT('',(9.36172435232552,-3.1242,0.466295745672746));
#2882=CARTESIAN_POINT('',(9.36087855238922,-3.1242,0.465749584718418));
#2883=CARTESIAN_POINT('',(9.36005237115404,-3.1242,0.465172333678426));
#2884=CARTESIAN_POINT('',(9.36187566182094,-3.1242,0.454737211908785));
#2885=CARTESIAN_POINT('',(9.36102285838837,-3.1242,0.45472604810032));
#2886=CARTESIAN_POINT('',(9.3601892633737,-3.1242,0.45471513574382));
#2887=CARTESIAN_POINT('',(9.35925794684672,-3.1242,0.464554169550865));
#2888=CARTESIAN_POINT('',(9.3584635225394,-3.1242,0.463936005423304));
#2889=CARTESIAN_POINT('',(9.35769908507064,-3.1242,0.463277882047993));
#2890=CARTESIAN_POINT('',(9.35938688435586,-3.1242,0.454704632027103));
#2891=CARTESIAN_POINT('',(9.35858450533802,-3.1242,0.454694128310386));
#2892=CARTESIAN_POINT('',(9.35781158501528,-3.1242,0.454684010229111));
#2893=CARTESIAN_POINT('',(9.35698593557088,-3.1242,0.46256710209062));
#2894=CARTESIAN_POINT('',(9.35627278607112,-3.1242,0.461856322133247));
#2895=CARTESIAN_POINT('',(9.35561100222368,-3.1242,0.461092089330317));
#2896=CARTESIAN_POINT('',(9.35708925467968,-3.1242,0.454674554407046));
#2897=CARTESIAN_POINT('',(9.35636692434409,-3.1242,0.454665098584981));
#2898=CARTESIAN_POINT('',(9.35569525124376,-3.1242,0.454656305902451));
#2899=CARTESIAN_POINT('',(9.3550389454727,-3.1242,0.460263604145481));
#2900=CARTESIAN_POINT('',(9.35446688872172,-3.1242,0.459435118960645));
#2901=CARTESIAN_POINT('',(9.35398561096499,-3.1242,0.458539959626339));
#2902=CARTESIAN_POINT('',(9.35511244890063,-3.1242,0.454648676601861));
#2903=CARTESIAN_POINT('',(9.3545296465575,-3.1242,0.454641047301271));
#2904=CARTESIAN_POINT('',(9.35403673499189,-3.1242,0.454634594735417));
#2905=CARTESIAN_POINT('',(9.35365583266346,-3.1242,0.457588935478527));
#2906=CARTESIAN_POINT('',(9.3534909435127,-3.1242,0.457113423404621));
#2907=CARTESIAN_POINT('',(9.35336401241638,-3.1242,0.456624594503426));
#2908=CARTESIAN_POINT('',(9.35369456573878,-3.1242,0.45463011549453));
#2909=CARTESIAN_POINT('',(9.35352348111222,-3.1242,0.454627875874086));
#2910=CARTESIAN_POINT('',(9.35339017373953,-3.1242,0.454626130784985));
#2911=CARTESIAN_POINT('',(9.35328101802118,-3.1242,0.456127816064727));
#2912=CARTESIAN_POINT('',(9.35319802362597,-3.1242,0.455631037626029));
#2913=CARTESIAN_POINT('',(9.35315929846035,-3.1242,0.455125295800799));
#2914=CARTESIAN_POINT('',(9.35330069149262,-3.1242,0.454624959398206));
#2915=CARTESIAN_POINT('',(9.35321120924571,-3.1242,0.454623788011428));
#2916=CARTESIAN_POINT('',(9.35316587132635,-3.1242,0.454623194505552));
#2917=CARTESIAN_POINT('',(9.35317244419235,-3.1242,0.454121093210306));
#2918=CARTESIAN_POINT('',(9.35322439486545,-3.1242,0.453616538396827));
#2919=CARTESIAN_POINT('',(9.35332036496406,-3.1242,0.453122102731685));
#2920=CARTESIAN_POINT('',(9.35341633506267,-3.1242,0.452627667066543));
#2921=CARTESIAN_POINT('',(9.35355601871175,-3.1242,0.452142328343551));
#2922=CARTESIAN_POINT('',(9.35373329881409,-3.1242,0.451671295510532));
#2923=CARTESIAN_POINT('',(9.35408785901879,-3.1242,0.450729229844495));
#2924=CARTESIAN_POINT('',(9.35459240439327,-3.1242,0.449846975641896));
#2925=CARTESIAN_POINT('',(9.35518595232855,-3.1242,0.449033749058241));
#2926=CARTESIAN_POINT('',(9.35577950026383,-3.1242,0.448220522474586));
#2927=CARTESIAN_POINT('',(9.35646106261705,-3.1242,0.447473875036715));
#2928=CARTESIAN_POINT('',(9.35719257378849,-3.1242,0.446782006723473));
#2929=CARTESIAN_POINT('',(9.35792408495992,-3.1242,0.44609013841023));
#2930=CARTESIAN_POINT('',(9.35870548813664,-3.1242,0.445452251197468));
#2931=CARTESIAN_POINT('',(9.359515821865,-3.1242,0.444855094503341));
#2932=CARTESIAN_POINT('',(9.36032615559336,-3.1242,0.444257937809214));
#2933=CARTESIAN_POINT('',(9.36116716438751,-3.1242,0.443702511482223));
#2934=CARTESIAN_POINT('',(9.36202697131635,-3.1242,0.443178678144824));
#2935=CARTESIAN_POINT('',(9.3628867782452,-3.1242,0.442654844807426));
#2936=CARTESIAN_POINT('',(9.36376538272892,-3.1242,0.442162418073234));
#2937=CARTESIAN_POINT('',(9.36465712271333,-3.1242,0.441695126233865));
#2938=CARTESIAN_POINT('',(9.36644060268213,-3.1242,0.440760542555127));
#2939=CARTESIAN_POINT('',(9.36827521072521,-3.1242,0.439925498957686));
#2940=CARTESIAN_POINT('',(9.37013481202138,-3.1242,0.439154111068029));
#2941=CARTESIAN_POINT('',(9.37106461266947,-3.1242,0.438768417123201));
#2942=CARTESIAN_POINT('',(9.37200183656478,-3.1242,0.438400232300113));
#2943=CARTESIAN_POINT('',(9.37294419031836,-3.1242,0.438045965029896));
#2944=CARTESIAN_POINT('',(9.37388654407194,-3.1242,0.437691697759678));
#2945=CARTESIAN_POINT('',(9.37483397544436,-3.1242,0.43735113094015));
#2946=CARTESIAN_POINT('',(9.37578582769207,-3.1242,0.437023168981268));
#2947=CARTESIAN_POINT('',(9.37768953218747,-3.1242,0.436367245063503));
#2948=CARTESIAN_POINT('',(9.37960896796121,-3.1242,0.435757996660912));
#2949=CARTESIAN_POINT('',(9.38153971504737,-3.1242,0.43518668414313));
#2950=CARTESIAN_POINT('',(9.38347046213353,-3.1242,0.434615371625348));
#2951=CARTESIAN_POINT('',(9.3854121413381,-3.1242,0.434081163140396));
#2952=CARTESIAN_POINT('',(9.38736074121012,-3.1242,0.43357481647124));
#2953=CARTESIAN_POINT('',(9.38930934108214,-3.1242,0.433068469802085));
#2954=CARTESIAN_POINT('',(9.39126606258118,-3.1242,0.432592799007439));
#2955=CARTESIAN_POINT('',(9.39322827392108,-3.1242,0.432141326641317));
#2956=CARTESIAN_POINT('',(9.3971526966009,-3.1242,0.431238381909075));
#2957=CARTESIAN_POINT('',(9.40109839818939,-3.1242,0.430430044186054));
#2958=CARTESIAN_POINT('',(9.40505733284442,-3.1242,0.429693057478363));
#2959=CARTESIAN_POINT('',(9.40901626749945,-3.1242,0.428956070770672));
#2960=CARTESIAN_POINT('',(9.41298755230049,-3.1242,0.428287480168236));
#2961=CARTESIAN_POINT('',(9.41696774610774,-3.1242,0.427675623751454));
#2962=CARTESIAN_POINT('',(9.42094793991498,-3.1242,0.427063767334672));
#2963=CARTESIAN_POINT('',(9.4249361695171,-3.1242,0.426505548176845));
#2964=CARTESIAN_POINT('',(9.42893006201349,-3.1242,0.425991873594176));
#2965=CARTESIAN_POINT('',(9.43092700826167,-3.1242,0.425735036302841));
#2966=CARTESIAN_POINT('',(9.43292564643789,-3.1242,0.425490434782332));
#2967=CARTESIAN_POINT('',(9.43492526936377,-3.1242,0.425255152094716));
#2968=CARTESIAN_POINT('',(9.43692489228966,-3.1242,0.425019869407099));
#2969=CARTESIAN_POINT('',(9.43892562000609,-3.1242,0.424794443347593));
#2970=CARTESIAN_POINT('',(9.44092753991318,-3.1242,0.424579181113316));
#2971=CARTESIAN_POINT('',(9.44493137972736,-3.1242,0.424148656644764));
#2972=CARTESIAN_POINT('',(9.44893903837053,-3.1242,0.423754874693209));
#2973=CARTESIAN_POINT('',(9.4529496235688,-3.1242,0.423393427741681));
#2974=CARTESIAN_POINT('',(9.45696020876706,-3.1242,0.423031980790152));
#2975=CARTESIAN_POINT('',(9.46097372052043,-3.1242,0.422702868838649));
#2976=CARTESIAN_POINT('',(9.46498926655501,-3.1242,0.422401684370199));
#2977=CARTESIAN_POINT('',(9.47302035862416,-3.1242,0.421799315433298));
#2978=CARTESIAN_POINT('',(9.48105984817612,-3.1242,0.42131016207702));
#2979=CARTESIAN_POINT('',(9.48910357441154,-3.1242,0.420909836930648));
#2980=CARTESIAN_POINT('',(9.50519102688239,-3.1242,0.420109186637903));
#2981=CARTESIAN_POINT('',(9.52129530363915,-3.1242,0.419665144843724));
#2982=CARTESIAN_POINT('',(9.53740113447208,-3.1242,0.419464077987042));
#2983=CARTESIAN_POINT('',(9.54142759218031,-3.1242,0.419413811272872));
#2984=CARTESIAN_POINT('',(9.54545440325744,-3.1242,0.419380804321548));
#2985=CARTESIAN_POINT('',(9.54948120515101,-3.1242,0.419361664234333));
#2986=CARTESIAN_POINT('',(9.55350800704458,-3.1242,0.419342524147118));
#2987=CARTESIAN_POINT('',(9.55753477118172,-3.1242,0.419337029447606));
#2988=CARTESIAN_POINT('',(9.56156162185724,-3.1242,0.419346335819603));
#2989=CARTESIAN_POINT('',(9.56961532320827,-3.1242,0.419364948563596));
#2990=CARTESIAN_POINT('',(9.57766876842832,-3.1242,0.419436717217513));
#2991=CARTESIAN_POINT('',(9.58572156270829,-3.1242,0.419556761663306));
#2992=CARTESIAN_POINT('',(9.58974795984828,-3.1242,0.419616783886202));
#2993=CARTESIAN_POINT('',(9.59377416158017,-3.1242,0.419688571026818));
#2994=CARTESIAN_POINT('',(9.59780013043663,-3.1242,0.419771481721209));
#2995=CARTESIAN_POINT('',(9.60182609929308,-3.1242,0.419854392415599));
#2996=CARTESIAN_POINT('',(9.60585183527411,-3.1242,0.419948426663764));
#2997=CARTESIAN_POINT('',(9.60987730091238,-3.1242,0.420052943101759));
#2998=CARTESIAN_POINT('',(9.6179282321889,-3.1242,0.420261975977748));
#2999=CARTESIAN_POINT('',(9.62597808209438,-3.1242,0.420512937613053));
#3000=CARTESIAN_POINT('',(9.63402655089014,-3.1242,0.420800697096113));
#3001=CARTESIAN_POINT('',(9.64207501968591,-3.1242,0.421088456579173));
#3002=CARTESIAN_POINT('',(9.65012219380698,-3.1242,0.421414192753387));
#3003=CARTESIAN_POINT('',(9.65816784890105,-3.1242,0.421772916725025));
#3004=CARTESIAN_POINT('',(9.66621350399513,-3.1242,0.422131640696663));
#3005=CARTESIAN_POINT('',(9.67425767224632,-3.1242,0.422523278279632));
#3006=CARTESIAN_POINT('',(9.68230026620092,-3.1242,0.422945346506664));
#3007=CARTESIAN_POINT('',(9.69838545411013,-3.1242,0.423789482960728));
#3008=CARTESIAN_POINT('',(9.71446430964522,-3.1242,0.42475110696136));
#3009=CARTESIAN_POINT('',(9.73053666018664,-3.1242,0.425811929881719));
#3010=CARTESIAN_POINT('',(9.74660901072806,-3.1242,0.426872752802078));
#3011=CARTESIAN_POINT('',(9.76267485129522,-3.1242,0.428029351276353));
#3012=CARTESIAN_POINT('',(9.77873439952416,-3.1242,0.429268248287451));
#3013=CARTESIAN_POINT('',(9.79479394775311,-3.1242,0.430507145298548));
#3014=CARTESIAN_POINT('',(9.81084720364385,-3.1242,0.431828340846469));
#3015=CARTESIAN_POINT('',(9.82689438483242,-3.1242,0.433218357914119));
#3016=CARTESIAN_POINT('',(9.842941566021,-3.1242,0.43460837498177));
#3017=CARTESIAN_POINT('',(9.85898273880083,-3.1242,0.436067038794116));
#3018=CARTESIAN_POINT('',(9.87501805978462,-3.1242,0.437587671903194));
#3019=CARTESIAN_POINT('',(9.89105338076842,-3.1242,0.439108305012273));
#3020=CARTESIAN_POINT('',(9.90708284995616,-3.1242,0.440690907418085));
#3021=CARTESIAN_POINT('',(9.92310662396057,-3.1242,0.442328801672667));
#3022=CARTESIAN_POINT('',(9.95515417196937,-3.1242,0.445604590181832));
#3023=CARTESIAN_POINT('',(9.98717906857764,-3.1242,0.449101362822509));
#3024=CARTESIAN_POINT('',(10.0191794480925,-3.1242,0.452809598680773));
#3025=CARTESIAN_POINT('',(10.0511798276073,-3.1242,0.456517834539037));
#3026=CARTESIAN_POINT('',(10.0831557659138,-3.1242,0.460437772633995));
#3027=GEOMETRIC_SET('YAKSFVWFGL, Stab, 1',(#2473));
#3028=GEOMETRICALLY_BOUNDED_SURFACE_SHAPE_REPRESENTATION('',(#3027),#12);
#3029=SHAPE_REPRESENTATION_RELATIONSHIP('','',#26,#3028);
#3030=B_SPLINE_SURFACE_WITH_KNOTS('Surf_VZHEQXVFXP, Struts, 0, 0',1,3,((#3031, #3031, #3031, #3031, #3033, #3034, #3037, #3038, #3039, #3043, #3044, #3045, #3049, #3050, #3051, #3055, #3056, #3057, #3061, #3062, #3063, #3067, #3068, #3069, #3073, #3074, #3075, #3079, #3080, #3081, #3085, #3086, #3087, #3091, #3092, #3093, #3097, #3098, #3099, #3103, #3104, #3105, #3109, #3110, #3111, #3115, #3116, #3117, #3121, #3122, #3123, #3127, #3128, #3129, #3133, #3134, #3135, #3139, #3140, #3141, #3145, #3146, #3147, #3151, #3152, #3153, #3157, #3158, #3159, #3163, #3164, #3165, #3169, #3170, #3171, #3175, #3176, #3177, #3181, #3182, #3183, #3187, #3188, #3189, #3193, #3194, #3195, #3199, #3200, #3201, #3205, #3206, #3207, #3211, #3212, #3213, #3217, #3218, #3219, #3223, #3224, #3225, #3229, #3230, #3231, #3235, #3236, #3237, #3241, #3242, #3243, #3247, #3248, #3249, #3253, #3254, #3255, #3259, #3260, #3261, #3265, #3266, #3267, #3271, #3272, #3273, #3277, #3278, #3279, #3283, #3284, #3285, #3289, #3290, #3291, #3295, #3296, #3297, #3301, #3302, #3303, #3307, #3308, #3309, #3313, #3314, #3315, #3319, #3320, #3321, #3325, #3325, #3325, #3325, #3325, #3325, #3325, #3327, #3328, #3331, #3332, #3333, #3337, #3338, #3339, #3343, #3344, #3345, #3349, #3350, #3351, #3355, #3356, #3357, #3361, #3362, #3363, #3367, #3368, #3369, #3373, #3374, #3375, #3379, #3380, #3381, #3385, #3386, #3387, #3391, #3392, #3393, #3397, #3398, #3399, #3403, #3404, #3405, #3409, #3410, #3411, #3415, #3416, #3417, #3421, #3422, #3423, #3427, #3428, #3429, #3433, #3434, #3435, #3439, #3440, #3441, #3445, #3446, #3447, #3451, #3452, #3453, #3457, #3458, #3459, #3463, #3464, #3465, #3469, #3470, #3471, #3475, #3476, #3477, #3481, #3482, #3483, #3487, #3488, #3489, #3493, #3494, #3495, #3499, #3500, #3501, #3505, #3506, #3507, #3511, #3512, #3513, #3517, #3518, #3519, #3523, #3524, #3525, #3529, #3530, #3531, #3535, #3536, #3537, #3541, #3542, #3543, #3547, #3548, #3549, #3553, #3554, #3555, #3559, #3560, #3561, #3565, #3566, #3567, #3571, #3572, #3573, #3577, #3578, #3579, #3583, #3584, #3585, #3589, #3590, #3591, #3595, #3596, #3597, #3601, #3602, #3603, #3607, #3608, #3609, #3613, #3614, #3615, #3031, #3031, #3031, #3031),(#3032, #3032, #3032, #3032, #3035, #3036, #3040, #3041, #3042, #3046, #3047, #3048, #3052, #3053, #3054, #3058, #3059, #3060, #3064, #3065, #3066, #3070, #3071, #3072, #3076, #3077, #3078, #3082, #3083, #3084, #3088, #3089, #3090, #3094, #3095, #3096, #3100, #3101, #3102, #3106, #3107, #3108, #3112, #3113, #3114, #3118, #3119, #3120, #3124, #3125, #3126, #3130, #3131, #3132, #3136, #3137, #3138, #3142, #3143, #3144, #3148, #3149, #3150, #3154, #3155, #3156, #3160, #3161, #3162, #3166, #3167, #3168, #3172, #3173, #3174, #3178, #3179, #3180, #3184, #3185, #3186, #3190, #3191, #3192, #3196, #3197, #3198, #3202, #3203, #3204, #3208, #3209, #3210, #3214, #3215, #3216, #3220, #3221, #3222, #3226, #3227, #3228, #3232, #3233, #3234, #3238, #3239, #3240, #3244, #3245, #3246, #3250, #3251, #3252, #3256, #3257, #3258, #3262, #3263, #3264, #3268, #3269, #3270, #3274, #3275, #3276, #3280, #3281, #3282, #3286, #3287, #3288, #3292, #3293, #3294, #3298, #3299, #3300, #3304, #3305, #3306, #3310, #3311, #3312, #3316, #3317, #3318, #3322, #3323, #3324, #3326, #3326, #3326, #3326, #3326, #3326, #3326, #3329, #3330, #3334, #3335, #3336, #3340, #3341, #3342, #3346, #3347, #3348, #3352, #3353, #3354, #3358, #3359, #3360, #3364, #3365, #3366, #3370, #3371, #3372, #3376, #3377, #3378, #3382, #3383, #3384, #3388, #3389, #3390, #3394, #3395, #3396, #3400, #3401, #3402, #3406, #3407, #3408, #3412, #3413, #3414, #3418, #3419, #3420, #3424, #3425, #3426, #3430, #3431, #3432, #3436, #3437, #3438, #3442, #3443, #3444, #3448, #3449, #3450, #3454, #3455, #3456, #3460, #3461, #3462, #3466, #3467, #3468, #3472, #3473, #3474, #3478, #3479, #3480, #3484, #3485, #3486, #3490, #3491, #3492, #3496, #3497, #3498, #3502, #3503, #3504, #3508, #3509, #3510, #3514, #3515, #3516, #3520, #3521, #3522, #3526, #3527, #3528, #3532, #3533, #3534, #3538, #3539, #3540, #3544, #3545, #3546, #3550, #3551, #3552, #3556, #3557, #3558, #3562, #3563, #3564, #3568, #3569, #3570, #3574, #3575, #3576, #3580, #3581, #3582, #3586, #3587, #3588, #3592, #3593, #3594, #3598, #3599, #3600, #3604, #3605, #3606, #3610, #3611, #3612, #3616, #3617, #3618, #3032, #3032, #3032, #3032)),.UNSPECIFIED.,.F.,.T.,.F.,(2,2),(4,3,3,3,3,3,3,3,3,3,3,3,3,3,3,3,3,3,3,3,3,3,3,3,3,3,3,3,3,3,3,3,3,3,3,3,3,3,3,3,3,3,3,3,3,3,3,3,3,3,3,3,3,3,3,3,3,3,3,3,3,3,3,3,3,3,3,3,3,3,3,3,3,3,3,3,3,3,3,3,3,3,3,3,3,3,3,3,3,3,3,3,3,3,3,3,3,3,3,3,3,3,4),(0.,1.),(0.,1.,2.,3.,4.,5.,6.,7.,8.,9.,10.,11.,12.,13.,14.,15.,16.,17.,18.,19.,20.,21.,22.,23.,24.,25.,26.,27.,28.,29.,30.,31.,32.,33.,34.,35.,36.,37.,38.,39.,40.,41.,42.,43.,44.,45.,46.,47.,48.,49.,50.,51.,52.,53.,54.,55.,56.,57.,58.,59.,60.,61.,62.,63.,64.,65.,66.,67.,68.,69.,70.,71.,72.,73.,74.,75.,76.,77.,78.,79.,80.,81.,82.,83.,84.,85.,86.,87.,88.,89.,90.,91.,92.,93.,94.,95.,96.,97.,98.,99.,100.,101.,102.),.PIECEWISE_BEZIER_KNOTS.);
#3031=CARTESIAN_POINT('',(3.55541986531107,0.470567928287002,-0.501857306304142));
#3032=CARTESIAN_POINT('',(3.6401905447468,3.48240733785233,0.968824556947459));
#3033=CARTESIAN_POINT('',(3.55031786735003,0.471463833786329,-0.502302656763378));
#3034=CARTESIAN_POINT('',(3.54520656541307,0.47232200909299,-0.502702028110143));
#3035=CARTESIAN_POINT('',(3.63510080376334,3.48326439310123,0.968423898588922));
#3036=CARTESIAN_POINT('',(3.63000140266261,3.48408484699858,0.968067920759709));
#3037=CARTESIAN_POINT('',(3.54008768788518,0.473144427316179,-0.503057975643267));
#3038=CARTESIAN_POINT('',(3.53496881035728,0.473966845539367,-0.503413923176392));
#3039=CARTESIAN_POINT('',(3.52984236269982,0.474753535659779,-0.503726482007962));
#3040=CARTESIAN_POINT('',(3.62489408756748,3.48487061643084,0.967754132837834));
#3041=CARTESIAN_POINT('',(3.61978677247235,3.48565638586309,0.967440344915958));
#3042=CARTESIAN_POINT('',(3.61467154911893,3.48640749894008,0.967168712791169));
#3043=CARTESIAN_POINT('',(3.52470962627969,0.475505172221124,-0.503996609568002));
#3044=CARTESIAN_POINT('',(3.51957688985957,0.476256808782468,-0.504266737128042));
#3045=CARTESIAN_POINT('',(3.51443789058332,0.476973400924233,-0.504494447426641));
#3046=CARTESIAN_POINT('',(3.60954970444519,3.48712461254731,0.966938299346864));
#3047=CARTESIAN_POINT('',(3.60442785977144,3.48784172615454,0.966707885902561));
#3048=CARTESIAN_POINT('',(3.59929941975327,3.48852484921159,0.966518677381638));
#3049=CARTESIAN_POINT('',(3.50929358988952,0.47765410155228,-0.504678850296835));
#3050=CARTESIAN_POINT('',(3.50414928919573,0.478334802180327,-0.504863253167028));
#3051=CARTESIAN_POINT('',(3.49899973341897,0.47897953384598,-0.505004262173893));
#3052=CARTESIAN_POINT('',(3.59416533699783,3.4891731626168,0.966371531749392));
#3053=CARTESIAN_POINT('',(3.58903125424238,3.48982147602201,0.966224386117146));
#3054=CARTESIAN_POINT('',(3.58389157430648,3.49043490479195,0.96611938697256));
#3055=CARTESIAN_POINT('',(3.49384576399625,0.479585651167768,-0.50509883498458));
#3056=CARTESIAN_POINT('',(3.48869179457354,0.480191768489556,-0.505193407795266));
#3057=CARTESIAN_POINT('',(3.4835334762818,0.480758973435747,-0.505241198011311));
#3058=CARTESIAN_POINT('',(3.57874711259046,3.49101088607215,0.966059481712041));
#3059=CARTESIAN_POINT('',(3.57360265087444,3.49158686735234,0.965999576451522));
#3060=CARTESIAN_POINT('',(3.56845346924333,3.49212511234071,0.965985100856035));
#3061=CARTESIAN_POINT('',(3.47837173064139,0.481282792691781,-0.505237000193295));
#3062=CARTESIAN_POINT('',(3.47320998500099,0.481806611947816,-0.505232802375279));
#3063=CARTESIAN_POINT('',(3.46804488760207,0.482286529979768,-0.505176012896869));
#3064=CARTESIAN_POINT('',(3.56330044554766,3.49262128614048,0.966021101133536));
#3065=CARTESIAN_POINT('',(3.55814742185199,3.49311745994026,0.966057101411036));
#3066=CARTESIAN_POINT('',(3.55299062667098,3.49357106290041,0.966144162916674));
#3067=CARTESIAN_POINT('',(3.46287796182322,0.482715072334753,-0.505057932008931));
#3068=CARTESIAN_POINT('',(3.46158623037851,0.4828222079235,-0.505028411786946));
#3069=CARTESIAN_POINT('',(3.46029443586498,0.482925898272084,-0.504994788609117));
#3070=CARTESIAN_POINT('',(3.54783151042707,3.49397485181302,0.966290719382691));
#3071=CARTESIAN_POINT('',(3.54654173136609,3.49407579904118,0.966327358499195));
#3072=CARTESIAN_POINT('',(3.54525185615459,3.49417340588639,0.966367979947104));
#3073=CARTESIAN_POINT('',(3.45900250827874,0.48302645717493,-0.504957426975967));
#3074=CARTESIAN_POINT('',(3.4577105806925,0.483127016077776,-0.504920065342817));
#3075=CARTESIAN_POINT('',(3.45641855865308,0.483224276850807,-0.504878771809935));
#3076=CARTESIAN_POINT('',(3.54396181785585,3.49426797642122,0.966412230409631));
#3077=CARTESIAN_POINT('',(3.54267177955711,3.49436254695605,0.966456480872159));
#3078=CARTESIAN_POINT('',(3.54138161516038,3.49445391966381,0.966504547849306));
#3079=CARTESIAN_POINT('',(3.45512655889763,0.483317742617235,-0.504832969925378));
#3080=CARTESIAN_POINT('',(3.45254255938675,0.483504674150092,-0.504741366156265));
#3081=CARTESIAN_POINT('',(3.44995826064621,0.483677971045187,-0.504633518792991));
#3082=CARTESIAN_POINT('',(3.5400914365419,3.49454161307512,0.966556990068828));
#3083=CARTESIAN_POINT('',(3.53751107930495,3.49471699989774,0.966661874507873));
#3084=CARTESIAN_POINT('',(3.53493029195197,3.49487916694578,0.966782525295572));
#3085=CARTESIAN_POINT('',(3.4473744068692,0.483834801856313,-0.504506152521328));
#3086=CARTESIAN_POINT('',(3.4460824799807,0.483913217261876,-0.504442469385497));
#3087=CARTESIAN_POINT('',(3.44479051407372,0.483988048137158,-0.504374520642816));
#3088=CARTESIAN_POINT('',(3.53234979091982,3.49502537075063,0.966922116539515));
#3089=CARTESIAN_POINT('',(3.53105954040375,3.49509847265306,0.966991912161487));
#3090=CARTESIAN_POINT('',(3.52976921643102,3.49516809918198,0.967065847819807));
#3091=CARTESIAN_POINT('',(3.44349870630349,0.484058626789825,-0.504301536562022));
#3092=CARTESIAN_POINT('',(3.44220689853325,0.484129205442492,-0.504228552481228));
#3093=CARTESIAN_POINT('',(3.44091533349987,0.484195258896535,-0.504150218854525));
#3094=CARTESIAN_POINT('',(3.52847900959608,3.49523360344035,0.967144669323478));
#3095=CARTESIAN_POINT('',(3.52718880276113,3.49529910769873,0.967223490827151));
#3096=CARTESIAN_POINT('',(3.52589879497897,3.49536022522145,0.967307502593312));
#3097=CARTESIAN_POINT('',(3.43962388304491,0.484257166779034,-0.504066971374158));
#3098=CARTESIAN_POINT('',(3.43833243258994,0.484319074661532,-0.50398372389379));
#3099=CARTESIAN_POINT('',(3.43704108799157,0.484376877732776,-0.503895609951607));
#3100=CARTESIAN_POINT('',(3.52460886183283,3.49541732377573,0.967396282572913));
#3101=CARTESIAN_POINT('',(3.5233189286867,3.49547442233002,0.967485062552514));
#3102=CARTESIAN_POINT('',(3.52202906185291,3.49552754141419,0.967578564805449));
#3103=CARTESIAN_POINT('',(3.43575010728916,0.484429805720969,-0.503801745275826));
#3104=CARTESIAN_POINT('',(3.43445912658676,0.484482733709162,-0.503707880600044));
#3105=CARTESIAN_POINT('',(3.43316857145745,0.484530600944652,-0.503608051978592));
#3106=CARTESIAN_POINT('',(3.52073951178031,3.49557593481582,0.967677645926353));
#3107=CARTESIAN_POINT('',(3.5194499617077,3.49562432821745,0.967776727047256));
#3108=CARTESIAN_POINT('',(3.51816078824409,3.49566781606508,0.967881593578138));
#3109=CARTESIAN_POINT('',(3.43187822457711,0.484574018145202,-0.503502958968709));
#3110=CARTESIAN_POINT('',(3.42671683705577,0.484747686947404,-0.503082586929178));
#3111=CARTESIAN_POINT('',(3.42156157646709,0.484842061584893,-0.502568703371566));
#3112=CARTESIAN_POINT('',(3.51687178009272,3.49570698997195,0.967991567939019));
#3113=CARTESIAN_POINT('',(3.51171574748723,3.49586368559941,0.96843146538254));
#3114=CARTESIAN_POINT('',(3.50656507500926,3.49594351756121,0.968962078374828));
#3115=CARTESIAN_POINT('',(3.41642078838095,0.484837762182255,-0.501939285279873));
#3116=CARTESIAN_POINT('',(3.41513559135942,0.484836687331595,-0.50178193075695));
#3117=CARTESIAN_POINT('',(3.41385168710803,0.484828710585252,-0.501616529068064));
#3118=CARTESIAN_POINT('',(3.50142791592848,3.49592771550498,0.969604728755805));
#3119=CARTESIAN_POINT('',(3.50014362615829,3.49592376499093,0.96976539135105));
#3120=CARTESIAN_POINT('',(3.49886056187201,3.49591312585455,0.969933855769313));
#3121=CARTESIAN_POINT('',(3.41256867333854,0.484814570320333,-0.501443909054472));
#3122=CARTESIAN_POINT('',(3.41128565956905,0.484800430055414,-0.50127128904088));
#3123=CARTESIAN_POINT('',(3.41000362921681,0.484779972377637,-0.501091279057398));
#3124=CARTESIAN_POINT('',(3.49757832816827,3.4958965130592,0.970109320103798));
#3125=CARTESIAN_POINT('',(3.49629609446454,3.49587990026385,0.970284784438284));
#3126=CARTESIAN_POINT('',(3.49501478273263,3.49585716481577,0.97046741469677));
#3127=CARTESIAN_POINT('',(3.40872332370944,0.484751868314179,-0.500902389417738));
#3128=CARTESIAN_POINT('',(3.40616271269469,0.484695660187262,-0.50052461013842));
#3129=CARTESIAN_POINT('',(3.40360750723836,0.484611353132466,-0.500114086617335));
#3130=CARTESIAN_POINT('',(3.49373512109243,3.49582701992284,0.970658652042172));
#3131=CARTESIAN_POINT('',(3.49117579781203,3.49576673013699,0.971041126732975));
#3132=CARTESIAN_POINT('',(3.48862160605334,3.495679210022,0.971455346457006));
#3133=CARTESIAN_POINT('',(3.40106084805507,0.484493963529553,-0.499665276326977));
#3134=CARTESIAN_POINT('',(3.39978751846343,0.484435268728097,-0.499440871181798));
#3135=CARTESIAN_POINT('',(3.39851578575878,0.484369102037737,-0.49920777826225));
#3136=CARTESIAN_POINT('',(3.48607563637,3.49555963494998,0.971906670841976));
#3137=CARTESIAN_POINT('',(3.48480265152833,3.49549984741397,0.97213233303446));
#3138=CARTESIAN_POINT('',(3.48353119058969,3.49543281932223,0.972366416882948));
#3139=CARTESIAN_POINT('',(3.39724686789324,0.484293747245731,-0.498964105446814));
#3140=CARTESIAN_POINT('',(3.39661240896046,0.484256069849728,-0.498842269039096));
#3141=CARTESIAN_POINT('',(3.39597876353876,0.484215948317625,-0.498717626123993));
#3142=CARTESIAN_POINT('',(3.48226245413485,3.49535688952295,0.972610751168584));
#3143=CARTESIAN_POINT('',(3.48162808590743,3.49531892462331,0.972732918311402));
#3144=CARTESIAN_POINT('',(3.48099450710935,3.49527859191805,0.972857804153437));
#3145=CARTESIAN_POINT('',(3.39534566482491,0.484173728917274,-0.498590555902926));
#3146=CARTESIAN_POINT('',(3.39471256611107,0.484131509516923,-0.49846348568186));
#3147=CARTESIAN_POINT('',(3.39407999462338,0.484087221911809,-0.4983340210494));
#3148=CARTESIAN_POINT('',(3.48036145445734,3.49523622651809,0.972985042327838));
#3149=CARTESIAN_POINT('',(3.47972840180533,3.49519386111813,0.973112280502239));
#3150=CARTESIAN_POINT('',(3.47909585611682,3.49514949173883,0.973241839205142));
#3151=CARTESIAN_POINT('',(3.39344814353765,0.48404062357633,-0.498201897179261));
#3152=CARTESIAN_POINT('',(3.39281629245193,0.48399402524085,-0.498069773309123));
#3153=CARTESIAN_POINT('',(3.39218516176818,0.483945116175005,-0.497934990201306));
#3154=CARTESIAN_POINT('',(3.47846400809775,3.49510288368315,0.973373974257094));
#3155=CARTESIAN_POINT('',(3.47783216007868,3.49505627562747,0.973506109309046));
#3156=CARTESIAN_POINT('',(3.47720100972906,3.49500742889541,0.973640820710047));
#3157=CARTESIAN_POINT('',(3.39155494466221,0.483893653853192,-0.497797283029528));
#3158=CARTESIAN_POINT('',(3.39092472755623,0.48384219153138,-0.49765957585775));
#3159=CARTESIAN_POINT('',(3.3902955512099,0.483788022794199,-0.497518778009331));
#3160=CARTESIAN_POINT('',(3.47657074775485,3.49495610878993,0.973778364280642));
#3161=CARTESIAN_POINT('',(3.47594048578063,3.49490478868446,0.973915907851237));
#3162=CARTESIAN_POINT('',(3.47531123780022,3.4948508470018,0.974056444503311));
#3163=CARTESIAN_POINT('',(3.38966703664128,0.483731591838188,-0.497375371468599));
#3164=CARTESIAN_POINT('',(3.38841000750402,0.483618729926166,-0.497088558387134));
#3165=CARTESIAN_POINT('',(3.38715584254255,0.483496579052651,-0.496791051510992));
#3166=CARTESIAN_POINT('',(3.47468262937329,3.49479471354314,0.974199508812479));
#3167=CARTESIAN_POINT('',(3.47342541251943,3.49468244662584,0.974485637430814));
#3168=CARTESIAN_POINT('',(3.47217096848105,3.4945611803267,0.974782126720548));
#3169=CARTESIAN_POINT('',(3.38590648897,0.48336295434505,-0.496480490193798));
#3170=CARTESIAN_POINT('',(3.38528181218372,0.48329614199125,-0.4963252095352));
#3171=CARTESIAN_POINT('',(3.3846583560223,0.483226437698123,-0.496166639514068));
#3172=CARTESIAN_POINT('',(3.47092122207298,3.49442880076765,0.975091255658183));
#3173=CARTESIAN_POINT('',(3.47029634886895,3.49436261098813,0.975245820127001));
#3174=CARTESIAN_POINT('',(3.46967266761166,3.49429362016868,0.975403569390559));
#3175=CARTESIAN_POINT('',(3.38403572935756,0.483154262451057,-0.49600523304898));
#3176=CARTESIAN_POINT('',(3.38341310269282,0.483082087203991,-0.495843826583891));
#3177=CARTESIAN_POINT('',(3.38279147239371,0.483007266941982,-0.495679397036474));
#3178=CARTESIAN_POINT('',(3.46904979150006,3.49422223557926,0.975564066308067));
#3179=CARTESIAN_POINT('',(3.46842691538846,3.49415085098984,0.975724563225576));
#3180=CARTESIAN_POINT('',(3.46780500949872,3.49407690425191,0.975887987898495));
#3181=CARTESIAN_POINT('',(3.38217114298585,0.482929495425054,-0.495511617366825));
#3182=CARTESIAN_POINT('',(3.38093048417013,0.482773952391197,-0.495176058027528));
#3183=CARTESIAN_POINT('',(3.37969549680668,0.482606124120485,-0.49482658419471));
#3184=CARTESIAN_POINT('',(3.46718437519447,3.49400009914784,0.976054655837313));
#3185=CARTESIAN_POINT('',(3.46594310658599,3.49384648893972,0.97638799171495));
#3186=CARTESIAN_POINT('',(3.46470738725532,3.49368098074424,0.976734796606523));
#3187=CARTESIAN_POINT('',(3.37846547306704,0.48242669301598,-0.494463921068853));
#3188=CARTESIAN_POINT('',(3.37785046119722,0.482336977463728,-0.494282589505925));
#3189=CARTESIAN_POINT('',(3.37723685945307,0.482244208768478,-0.494097799973834));
#3190=CARTESIAN_POINT('',(3.46347651644081,3.49350423456516,0.977094371078997));
#3191=CARTESIAN_POINT('',(3.46286108103356,3.49341586147562,0.977274158315234));
#3192=CARTESIAN_POINT('',(3.46224702538856,3.49332453148429,0.97745729280778));
#3193=CARTESIAN_POINT('',(3.37662504615721,0.482148045133897,-0.493909192129512));
#3194=CARTESIAN_POINT('',(3.37601323286135,0.482051881499317,-0.493720584285191));
#3195=CARTESIAN_POINT('',(3.37540331181798,0.481952228922203,-0.493528058994867));
#3196=CARTESIAN_POINT('',(3.46163472427187,3.49322991406787,0.977644121931583));
#3197=CARTESIAN_POINT('',(3.46102242315518,3.49313529665145,0.977830951055385));
#3198=CARTESIAN_POINT('',(3.46041197939304,3.49303730090655,0.978021570378272));
#3199=CARTESIAN_POINT('',(3.37479472503823,0.481849568703507,-0.493332120609279));
#3200=CARTESIAN_POINT('',(3.37418613825848,0.481746908484812,-0.493136182223691));
#3201=CARTESIAN_POINT('',(3.37357909767603,0.481641063475981,-0.492936645907101));
#3202=CARTESIAN_POINT('',(3.45980284002276,3.49293639220287,0.978215493876322));
#3203=CARTESIAN_POINT('',(3.45919370065248,3.49283548349919,0.978409417374371));
#3204=CARTESIAN_POINT('',(3.45858607575313,3.49273149056671,0.978606823120841));
#3205=CARTESIAN_POINT('',(3.3729740700228,0.481531654137206,-0.492733117188035));
#3206=CARTESIAN_POINT('',(3.37236904236956,0.481422244798432,-0.492529588468968));
#3207=CARTESIAN_POINT('',(3.37176626457173,0.481309086685034,-0.492321876874045));
#3208=CARTESIAN_POINT('',(3.45798042807401,3.492624046489,0.978808091065661));
#3209=CARTESIAN_POINT('',(3.45737478039489,3.4925166024113,0.979009359010482));
#3210=CARTESIAN_POINT('',(3.45677134491957,3.49240552890114,0.979214672543691));
#3211=CARTESIAN_POINT('',(3.37116534844975,0.481192465263201,-0.492110274590638));
#3212=CARTESIAN_POINT('',(3.36996351620581,0.480959222419537,-0.491687070023823));
#3213=CARTESIAN_POINT('',(3.36876888917239,0.480712355806831,-0.491248546136355));
#3214=CARTESIAN_POINT('',(3.45616973649046,3.49229110184617,0.979423750496787));
#3215=CARTESIAN_POINT('',(3.45496651963225,3.49206224773623,0.979841906402978));
#3216=CARTESIAN_POINT('',(3.45377037184478,3.49182020137186,0.980274885229044));
#3217=CARTESIAN_POINT('',(3.36758520277873,0.480449097549896,-0.49079186644138));
#3218=CARTESIAN_POINT('',(3.36640151638506,0.480185839292961,-0.490335186746404));
#3219=CARTESIAN_POINT('',(3.36522606526497,0.47990809681729,-0.489862290022185));
#3220=CARTESIAN_POINT('',(3.45258499927658,3.49156228768724,0.980725416696881));
#3221=CARTESIAN_POINT('',(3.45139962670838,3.49130437400262,0.981175948164719));
#3222=CARTESIAN_POINT('',(3.45022234426512,3.49103243616869,0.981642167412462));
#3223=CARTESIAN_POINT('',(3.36406374711774,0.479612611719881,-0.489369897848423));
#3224=CARTESIAN_POINT('',(3.36348258804413,0.479464869171177,-0.489123701761542));
#3225=CARTESIAN_POINT('',(3.36290383377661,0.479313243752122,-0.488873182219082));
#3226=CARTESIAN_POINT('',(3.44905801481906,3.49074332617177,0.982127225872021));
#3227=CARTESIAN_POINT('',(3.44847585009602,3.49059877117332,0.982369755101801));
#3228=CARTESIAN_POINT('',(3.44789605112748,3.49045045708415,0.982616465394971));
#3229=CARTESIAN_POINT('',(3.36232832508969,0.479157234775006,-0.488617846167648));
#3230=CARTESIAN_POINT('',(3.36175281640277,0.479001225797889,-0.488362510116214));
#3231=CARTESIAN_POINT('',(3.36118083206961,0.478840674723644,-0.488102202957957));
#3232=CARTESIAN_POINT('',(3.44731945327344,3.49029790037862,0.982867830062241));
#3233=CARTESIAN_POINT('',(3.4467428554194,3.49014534367309,0.983119194729511));
#3234=CARTESIAN_POINT('',(3.44616973572959,3.48998839127476,0.983375362084689));
#3235=CARTESIAN_POINT('',(3.36061228129419,0.478675610471063,-0.487836948041692));
#3236=CARTESIAN_POINT('',(3.36004373051877,0.478510546218481,-0.487571693125427));
#3237=CARTESIAN_POINT('',(3.35947817406945,0.478341222934436,-0.487301739209931));
#3238=CARTESIAN_POINT('',(3.44560000375089,3.48982707101559,0.983636310029211));
#3239=CARTESIAN_POINT('',(3.44503027177219,3.48966575075643,0.983897257973732));
#3240=CARTESIAN_POINT('',(3.44446349103022,3.48950030804373,0.984162747802552));
#3241=CARTESIAN_POINT('',(3.35891662072104,0.478167100080954,-0.487026566274788));
#3242=CARTESIAN_POINT('',(3.35835506737263,0.477992977227471,-0.486751393339646));
#3243=CARTESIAN_POINT('',(3.35779789054307,0.47781385949354,-0.48647081457069));
#3244=CARTESIAN_POINT('',(3.44390066438218,3.48933022109627,0.984433277958911));
#3245=CARTESIAN_POINT('',(3.44333783773414,3.48916013414881,0.984703808115271));
#3246=CARTESIAN_POINT('',(3.44277933645339,3.48898521445308,0.984979557593699));
#3247=CARTESIAN_POINT('',(3.35724436065241,0.477630109785157,-0.486185172746293));
#3248=CARTESIAN_POINT('',(3.35669083076175,0.477446360076773,-0.485899530921897));
#3249=CARTESIAN_POINT('',(3.35614114639016,0.477257886387117,-0.485608740791131));
#3250=CARTESIAN_POINT('',(3.44222443497031,3.48880581220383,0.985260198238466));
#3251=CARTESIAN_POINT('',(3.44166953348723,3.48862640995457,0.985540838883234));
#3252=CARTESIAN_POINT('',(3.44111842935555,3.48844243639842,0.985826452202585));
#3253=CARTESIAN_POINT('',(3.35559650896873,0.477064111180675,-0.485312261751812));
#3254=CARTESIAN_POINT('',(3.35505187154731,0.476870335974233,-0.485015782712493));
#3255=CARTESIAN_POINT('',(3.35451189877266,0.476671423677406,-0.484713763787728));
#3256=CARTESIAN_POINT('',(3.44057231759543,3.48825333432016,0.986117555422873));
#3257=CARTESIAN_POINT('',(3.44002620583531,3.48806423224191,0.986408658643161));
#3258=CARTESIAN_POINT('',(3.43948470599732,3.4878701601916,0.986705109501247));
#3259=CARTESIAN_POINT('',(3.35397655557562,0.476467416517703,-0.484406250913744));
#3260=CARTESIAN_POINT('',(3.35344121237858,0.476263409358,-0.484098738039761));
#3261=CARTESIAN_POINT('',(3.35291137763981,0.476053930495202,-0.483785390006196));
#3262=CARTESIAN_POINT('',(3.43894778344337,3.48767115903043,0.987006863632677));
#3263=CARTESIAN_POINT('',(3.43841086088942,3.48747215786925,0.987308617764107));
#3264=CARTESIAN_POINT('',(3.43787939024926,3.4872678642308,0.987616000879399));
#3265=CARTESIAN_POINT('',(3.35238678345385,0.475839064655099,-0.483466274990145));
#3266=CARTESIAN_POINT('',(3.3518621892679,0.475624198814996,-0.483147159974095));
#3267=CARTESIAN_POINT('',(3.351342624465,0.475404041917705,-0.482822366349248));
#3268=CARTESIAN_POINT('',(3.43735310462338,3.48705835965242,0.987928948469342));
#3269=CARTESIAN_POINT('',(3.43682681899749,3.48684885507404,0.988241896059286));
#3270=CARTESIAN_POINT('',(3.43630550828919,3.48663423207462,0.98856032366285));
#3271=CARTESIAN_POINT('',(3.35082975283294,0.475177960727623,-0.482491343453212));
#3272=CARTESIAN_POINT('',(3.3487782663047,0.474273635967295,-0.481167251869068));
#3273=CARTESIAN_POINT('',(3.34682127540206,0.473278534528797,-0.479746731372941));
#3274=CARTESIAN_POINT('',(3.43579082900966,3.48641388048275,0.988884755410119));
#3275=CARTESIAN_POINT('',(3.43373211189156,3.48553247411526,0.990182482399196));
#3276=CARTESIAN_POINT('',(3.43176695009483,3.48456327149887,0.991573209708588));
#3277=CARTESIAN_POINT('',(3.34500782341863,0.472178405883662,-0.478218798525737));
#3278=CARTESIAN_POINT('',(3.34410109742691,0.471628341561095,-0.477454832102134));
#3279=CARTESIAN_POINT('',(3.34323036507425,0.471052123662212,-0.476664148519077));
#3280=CARTESIAN_POINT('',(3.42994421487591,3.4834925674016,0.993067293485527));
#3281=CARTESIAN_POINT('',(3.42903284726646,3.48295721535297,0.993814335373996));
#3282=CARTESIAN_POINT('',(3.42815719612549,3.48239658825995,0.99458708378655));
#3283=CARTESIAN_POINT('',(3.34240391930644,0.470448241764907,-0.475845959475986));
#3284=CARTESIAN_POINT('',(3.34157747353862,0.469844359867602,-0.475027770432896));
#3285=CARTESIAN_POINT('',(3.34079543866225,0.469212841127222,-0.474182123304898));
#3286=CARTESIAN_POINT('',(3.42732553395487,3.48180924050035,0.995386252479979));
#3287=CARTESIAN_POINT('',(3.42649387178426,3.48122189274076,0.996185421173408));
#3288=CARTESIAN_POINT('',(3.42570632306296,3.48060785092364,0.997010963401033));
#3289=CARTESIAN_POINT('',(3.34006723882353,0.468552887732625,-0.473309214234804));
#3290=CARTESIAN_POINT('',(3.33933903898481,0.467892934338028,-0.47243630516471));
#3291=CARTESIAN_POINT('',(3.33866583502114,0.467204499730688,-0.471536219783603));
#3292=CARTESIAN_POINT('',(3.42497229753753,3.47996636287959,0.99786263051523));
#3293=CARTESIAN_POINT('',(3.4242382720121,3.47932487483554,0.998714297629427));
#3294=CARTESIAN_POINT('',(3.42355892924347,3.47865589805198,0.99959199934478));
#3295=CARTESIAN_POINT('',(3.33805787908548,0.466487989826259,-0.470610685638036));
#3296=CARTESIAN_POINT('',(3.33744992314983,0.465771479921829,-0.469685151492469));
#3297=CARTESIAN_POINT('',(3.33690815175569,0.465026856800218,-0.468734237239542));
#3298=CARTESIAN_POINT('',(3.42294451796791,3.47795984927434,1.00049399565651));
#3299=CARTESIAN_POINT('',(3.42233010669235,3.4772638004967,1.00139599196825));
#3300=CARTESIAN_POINT('',(3.42178156239009,3.47654064507991,1.00232221045177));
#3301=CARTESIAN_POINT('',(3.33644507508026,0.464256746793928,-0.467762584015352));
#3302=CARTESIAN_POINT('',(3.33598199840482,0.463486636787639,-0.466790930791162));
#3303=CARTESIAN_POINT('',(3.33559726166169,0.462690818363406,-0.465798232177035));
#3304=CARTESIAN_POINT('',(3.42131141155925,3.47579295762496,1.00326806948129));
#3305=CARTESIAN_POINT('',(3.42084126072842,3.47504527017,1.00421392851082));
#3306=CARTESIAN_POINT('',(3.42044914670582,3.47427283509236,1.00517972766177));
#3307=CARTESIAN_POINT('',(3.33530243926433,0.461874666415184,-0.464792282834935));
#3308=CARTESIAN_POINT('',(3.33500761686697,0.461058514466962,-0.463786333492834));
#3309=CARTESIAN_POINT('',(3.33480298939255,0.460222191929327,-0.462767361174083));
#3310=CARTESIAN_POINT('',(3.42014668732198,3.47348088966941,1.00615783058195));
#3311=CARTESIAN_POINT('',(3.41984422793815,3.47268894424646,1.00713593350213));
#3312=CARTESIAN_POINT('',(3.41963170513656,3.47187764708199,1.00812611742221));
#3313=CARTESIAN_POINT('',(3.33469512554246,0.459373673733209,-0.461745643255491));
#3314=CARTESIAN_POINT('',(3.33458726169237,0.458525155537092,-0.4607239253369));
#3315=CARTESIAN_POINT('',(3.3345763702003,0.457664709751681,-0.459699805816652));
#3316=CARTESIAN_POINT('',(3.41951575960949,3.47105474492152,1.00911836746267));
#3317=CARTESIAN_POINT('',(3.41939981408242,3.47023184276105,1.01011061750314));
#3318=CARTESIAN_POINT('',(3.41938065699208,3.46939759597624,1.0111045985208));
#3319=CARTESIAN_POINT('',(3.33466203932326,0.456801896222786,-0.458684598313153));
#3320=CARTESIAN_POINT('',(3.33474770844622,0.45593908269389,-0.457669390809654));
#3321=CARTESIAN_POINT('',(3.33492990337228,0.455073887368805,-0.456663074391069));
#3322=CARTESIAN_POINT('',(3.41945796880946,3.46856127212744,1.0120893331332));
#3323=CARTESIAN_POINT('',(3.41953528062684,3.46772494827864,1.0130740677456));
#3324=CARTESIAN_POINT('',(3.41970902642973,3.46688653366265,1.01404957648252));
#3325=CARTESIAN_POINT('',(3.33520061225555,0.454215836691411,-0.455676));
#3326=CARTESIAN_POINT('',(3.41997129169128,3.46605524625673,1.0150058632516));
#3327=CARTESIAN_POINT('',(3.33547132113882,0.453357786014016,-0.454688925608931));
#3328=CARTESIAN_POINT('',(3.33583089674015,0.452505761858161,-0.453719806988377));
#3329=CARTESIAN_POINT('',(3.42023355695283,3.46522395885082,1.01596215002068));
#3330=CARTESIAN_POINT('',(3.420584683431,3.46439871540406,1.01690046095957));
#3331=CARTESIAN_POINT('',(3.33628111066283,0.451670017124899,-0.452781046729267));
#3332=CARTESIAN_POINT('',(3.33673132458552,0.450834272391638,-0.451842286470156));
#3333=CARTESIAN_POINT('',(3.33727221871186,0.450014798723099,-0.450933879723904));
#3334=CARTESIAN_POINT('',(3.4210265400481,3.4635894603509,1.01780874832758));
#3335=CARTESIAN_POINT('',(3.4214683966652,3.46278020529773,1.01871703569559));
#3336=CARTESIAN_POINT('',(3.42200102519328,3.46198693062978,1.01959530393926));
#3337=CARTESIAN_POINT('',(3.3378982918854,0.449220778057372,-0.450066072828197));
#3338=CARTESIAN_POINT('',(3.33852436505895,0.448426757391644,-0.449198265932489));
#3339=CARTESIAN_POINT('',(3.33923525282593,0.447658415236636,-0.44837128268464));
#3340=CARTESIAN_POINT('',(3.42261901668985,3.46121852599971,1.02043364295684));
#3341=CARTESIAN_POINT('',(3.42323700818641,3.46045012136963,1.02127198197442));
#3342=CARTESIAN_POINT('',(3.42394000062622,3.45970680458779,1.02207017682359));
#3343=CARTESIAN_POINT('',(3.34001977032114,0.446922408255491,-0.447591677431412));
#3344=CARTESIAN_POINT('',(3.34080428781634,0.446186401274347,-0.446812072178183));
#3345=CARTESIAN_POINT('',(3.34166206685153,0.445482844228418,-0.446079936620874));
#3346=CARTESIAN_POINT('',(3.42471688113495,3.45899500413192,1.0228219356549));
#3347=CARTESIAN_POINT('',(3.42549376164368,3.45828320367604,1.02357369448621));
#3348=CARTESIAN_POINT('',(3.4263441633994,3.4576030299767,1.02427893058035));
#3349=CARTESIAN_POINT('',(3.34257874904647,0.444815186406101,-0.445397627158116));
#3350=CARTESIAN_POINT('',(3.34349543124142,0.444147528583784,-0.444715317695358));
#3351=CARTESIAN_POINT('',(3.34447149172484,0.443515610076071,-0.444082701946686));
#3352=CARTESIAN_POINT('',(3.42725377143894,3.45695779470572,1.02493544584844));
#3353=CARTESIAN_POINT('',(3.42816337947849,3.45631255943474,1.02559196111653));
#3354=CARTESIAN_POINT('',(3.42913266705379,3.45570210863185,1.0261998810958));
#3355=CARTESIAN_POINT('',(3.34549337379708,0.442920121653739,-0.44349895466682));
#3356=CARTESIAN_POINT('',(3.34651525586933,0.442324633231406,-0.442915207386953));
#3357=CARTESIAN_POINT('',(3.34758208927032,0.441765402814763,-0.442380018341674));
#3358=CARTESIAN_POINT('',(3.43014809378613,3.45512708133631,1.02676009054183));
#3359=CARTESIAN_POINT('',(3.43116352051846,3.45455205404076,1.02732029998787));
#3360=CARTESIAN_POINT('',(3.4322242151145,3.4540122814479,1.02783310536739));
#3361=CARTESIAN_POINT('',(3.34868384093204,0.441241330067,-0.441890861144274));
#3362=CARTESIAN_POINT('',(3.34978559259375,0.440717257319238,-0.441401703946874));
#3363=CARTESIAN_POINT('',(3.35092118352785,0.440228129366511,-0.440958194523466));
#3364=CARTESIAN_POINT('',(3.43332014108951,3.45350667405069,1.02830102060889));
#3365=CARTESIAN_POINT('',(3.43441606706452,3.45300106665347,1.0287689358504));
#3366=CARTESIAN_POINT('',(3.43554614415369,3.452529415624,1.02919234037343));
#3367=CARTESIAN_POINT('',(3.352082112915,0.439771817402887,-0.440556770043413));
#3368=CARTESIAN_POINT('',(3.35324304230214,0.439315505439262,-0.440155345563361));
#3369=CARTESIAN_POINT('',(3.35442917478413,0.43889201733902,-0.439795998948516));
#3370=CARTESIAN_POINT('',(3.43670185713803,3.45208963779809,1.02957474450382));
#3371=CARTESIAN_POINT('',(3.43785757012237,3.45164985997217,1.02995714863421));
#3372=CARTESIAN_POINT('',(3.43903878381605,3.45124196267779,1.03029856007856));
#3373=CARTESIAN_POINT('',(3.3556335283099,0.43849870845521,-0.439474738639283));
#3374=CARTESIAN_POINT('',(3.35804223536144,0.43771209068759,-0.438832218020816));
#3375=CARTESIAN_POINT('',(3.3605231563236,0.437046520569807,-0.438342354423827));
#3376=CARTESIAN_POINT('',(3.44023849572408,3.45086336606792,1.03060289585266));
#3377=CARTESIAN_POINT('',(3.44263791954014,3.45010617284816,1.03121156740086));
#3378=CARTESIAN_POINT('',(3.4451106696082,3.44946650155249,1.03167163781111));
#3379=CARTESIAN_POINT('',(3.3630382791854,0.436481283396015,-0.437975908386505));
#3380=CARTESIAN_POINT('',(3.36366705990086,0.436339974102567,-0.437884296877175));
#3381=CARTESIAN_POINT('',(3.36429857479286,0.436205289117216,-0.437800891610671));
#3382=CARTESIAN_POINT('',(3.44761856188014,3.44892418277154,1.03201171925337));
#3383=CARTESIAN_POINT('',(3.44824553494813,3.4487886030763,1.03209673961393));
#3384=CARTESIAN_POINT('',(3.44887530393473,3.44865945198882,1.03217377885915));
#3385=CARTESIAN_POINT('',(3.36493162665929,0.436076382765312,-0.437724541957755));
#3386=CARTESIAN_POINT('',(3.36556467852572,0.435947476413407,-0.437648192304839));
#3387=CARTESIAN_POINT('',(3.36619940973006,0.435824470866209,-0.43757906077725));
#3388=CARTESIAN_POINT('',(3.44950666436123,3.44853590689864,1.03224396108596));
#3389=CARTESIAN_POINT('',(3.45013802478774,3.44841236180845,1.03231414331277));
#3390=CARTESIAN_POINT('',(3.45077112009069,3.4482945414856,1.03237730992208));
#3391=CARTESIAN_POINT('',(3.36683602367586,0.435707485845941,-0.437517314388431));
#3392=CARTESIAN_POINT('',(3.36747263762166,0.435590500825674,-0.437455567999611));
#3393=CARTESIAN_POINT('',(3.36811052800185,0.435479049211453,-0.437400554086366));
#3394=CARTESIAN_POINT('',(3.45140615467958,3.44818256246386,1.03243329756835));
#3395=CARTESIAN_POINT('',(3.45204118926847,3.44807058344212,1.03248928521462));
#3396=CARTESIAN_POINT('',(3.45267755258532,3.44796397207442,1.03253873106118));
#3397=CARTESIAN_POINT('',(3.36874970224508,0.435373176386404,-0.437352327496972));
#3398=CARTESIAN_POINT('',(3.3693888764883,0.435267303561355,-0.437304100907577));
#3399=CARTESIAN_POINT('',(3.37002959802003,0.43516722189963,-0.437262946078379));
#3400=CARTESIAN_POINT('',(3.45331525248985,3.44786277237756,1.03258158183155));
#3401=CARTESIAN_POINT('',(3.45395295239438,3.4477615726807,1.03262443260191));
#3402=CARTESIAN_POINT('',(3.45459225416602,3.44766599115248,1.03266041061969));
#3403=CARTESIAN_POINT('',(3.37067107648646,0.435072205968341,-0.437227904717878));
#3404=CARTESIAN_POINT('',(3.37131255495288,0.434977190037052,-0.437192863357377));
#3405=CARTESIAN_POINT('',(3.37195465759103,0.43488712322593,-0.437163780729992));
#3406=CARTESIAN_POINT('',(3.45523236104002,3.44757532268032,1.03269045080056));
#3407=CARTESIAN_POINT('',(3.45587246791402,3.44748465420816,1.03272049098144));
#3408=CARTESIAN_POINT('',(3.45651324610099,3.44739878543524,1.03274474431829));
#3409=CARTESIAN_POINT('',(3.37259785683337,0.434802457694823,-0.437141251683347));
#3410=CARTESIAN_POINT('',(3.37324105607571,0.434717792163716,-0.437118722636702));
#3411=CARTESIAN_POINT('',(3.3738851160171,0.434638287357129,-0.437102432577906));
#3412=CARTESIAN_POINT('',(3.4571551720437,3.44731815581016,1.03276263058616));
#3413=CARTESIAN_POINT('',(3.45779709798641,3.44723752618507,1.03278051685402));
#3414=CARTESIAN_POINT('',(3.45843993363514,3.44716190194983,1.03279234282614));
#3415=CARTESIAN_POINT('',(3.37452940732951,0.434563281101912,-0.437091517966494));
#3416=CARTESIAN_POINT('',(3.37517369864192,0.434488274846694,-0.437080603355082));
#3417=CARTESIAN_POINT('',(3.37581848375643,0.434418073390764,-0.437075460092737));
#3418=CARTESIAN_POINT('',(3.45908304374427,3.44709063968803,1.03279895046581));
#3419=CARTESIAN_POINT('',(3.4597261538534,3.44701937742623,1.03280555810547));
#3420=CARTESIAN_POINT('',(3.46036980361127,3.44695277464621,1.03280656156474));
#3421=CARTESIAN_POINT('',(3.37646383148272,0.434352717504223,-0.437076144998552));
#3422=CARTESIAN_POINT('',(3.377109179209,0.434287361617683,-0.437076829904366));
#3423=CARTESIAN_POINT('',(3.37775492128234,0.434226659567254,-0.437083094633947));
#3424=CARTESIAN_POINT('',(3.46101406217044,3.44689087103126,1.03280190527476));
#3425=CARTESIAN_POINT('',(3.4616583207296,3.4468289674163,1.03279724898478));
#3426=CARTESIAN_POINT('',(3.46230301810192,3.44677157669576,1.03278717500591));
#3427=CARTESIAN_POINT('',(3.37840056411448,0.434170011583872,-0.43709416630998));
#3428=CARTESIAN_POINT('',(3.37969184977878,0.434056715617106,-0.437116309662047));
#3429=CARTESIAN_POINT('',(3.38098472810391,0.433962255704684,-0.437161036517911));
#3430=CARTESIAN_POINT('',(3.46294765528464,3.44671811626263,1.03277243647278));
#3431=CARTESIAN_POINT('',(3.46423692965009,3.44661119539636,1.03274295940651));
#3432=CARTESIAN_POINT('',(3.46552797665206,3.44652254012568,1.03269155507417));
#3433=CARTESIAN_POINT('',(3.38227653455331,0.4338828119197,-0.437223482610772));
#3434=CARTESIAN_POINT('',(3.38356834100271,0.433803368134717,-0.437285928703634));
#3435=CARTESIAN_POINT('',(3.38486048108086,0.433741153149973,-0.437368894886143));
#3436=CARTESIAN_POINT('',(3.46681809692692,3.44644844091301,1.03262296075417));
#3437=CARTESIAN_POINT('',(3.46810821720179,3.44637434170033,1.03255436643417));
#3438=CARTESIAN_POINT('',(3.46939883652588,3.44631694696393,1.03246585519026));
#3439=CARTESIAN_POINT('',(3.38615109688073,0.433692983764438,-0.437468371715082));
#3440=CARTESIAN_POINT('',(3.38679640478067,0.433668899071671,-0.437518110129551));
#3441=CARTESIAN_POINT('',(3.38744135385168,0.433648389279264,-0.437572054388576));
#3442=CARTESIAN_POINT('',(3.47068806771149,3.44627316631212,1.0323613297007));
#3443=CARTESIAN_POINT('',(3.4713326833043,3.44625127598621,1.03230906695592));
#3444=CARTESIAN_POINT('',(3.47197697469782,3.44623285079705,1.03225272463518));
#3445=CARTESIAN_POINT('',(3.38808613850022,0.433631783112567,-0.437630618851328));
#3446=CARTESIAN_POINT('',(3.38873092314877,0.43361517694587,-0.437689183314081));
#3447=CARTESIAN_POINT('',(3.38937543101324,0.433602264024295,-0.437752104259424));
#3448=CARTESIAN_POINT('',(3.47262113932048,3.44621820989142,1.03219189939818));
#3449=CARTESIAN_POINT('',(3.47326530394314,3.44620356898579,1.03213107416118));
#3450=CARTESIAN_POINT('',(3.4739092274907,3.44619250814057,1.03206602264572));
#3451=CARTESIAN_POINT('',(3.39001945073133,0.433592614457037,-0.437818845015429));
#3452=CARTESIAN_POINT('',(3.39066347044941,0.433582964889779,-0.437885585771435));
#3453=CARTESIAN_POINT('',(3.39130690900943,0.433576378884967,-0.437955897553484));
#3454=CARTESIAN_POINT('',(3.47455269461826,3.44618461008832,1.03199726700217));
#3455=CARTESIAN_POINT('',(3.47519616174582,3.44617671203608,1.03192851135863));
#3456=CARTESIAN_POINT('',(3.47583907758707,3.44617178286349,1.03185629360914));
#3457=CARTESIAN_POINT('',(3.39195000211284,0.433573396677987,-0.438030451153966));
#3458=CARTESIAN_POINT('',(3.39259309521624,0.433570414471006,-0.438105004754448));
#3459=CARTESIAN_POINT('',(3.39323580176798,0.43357093129935,-0.438183670653343));
#3460=CARTESIAN_POINT('',(3.47648168286965,3.44617034687466,1.03177996128814));
#3461=CARTESIAN_POINT('',(3.47712428815223,3.44616891088584,1.03170362896714));
#3462=CARTESIAN_POINT('',(3.47776654080312,3.44617086641811,1.0316233080287));
#3463=CARTESIAN_POINT('',(3.39387797149717,0.433574566116668,-0.438265977658332));
#3464=CARTESIAN_POINT('',(3.39516231095554,0.433581835751304,-0.438430591668312));
#3465=CARTESIAN_POINT('',(3.3964442331621,0.433600897297243,-0.438608928960906));
#3466=CARTESIAN_POINT('',(3.47840828699487,3.44617584369814,1.03153945669702));
#3467=CARTESIAN_POINT('',(3.47969177937837,3.4461857982582,1.03137175403366));
#3468=CARTESIAN_POINT('',(3.48097296961771,3.44620717987937,1.03119074779982));
#3469=CARTESIAN_POINT('',(3.39772399281018,0.43363250462834,-0.438801916583221));
#3470=CARTESIAN_POINT('',(3.39836387263422,0.433648308293888,-0.438898410394378));
#3471=CARTESIAN_POINT('',(3.39900317422041,0.433667116874037,-0.438998405872549));
#3472=CARTESIAN_POINT('',(3.48225211947302,3.4462407200362,1.03099553671584));
#3473=CARTESIAN_POINT('',(3.48289169440068,3.44625749011461,1.03089793117386));
#3474=CARTESIAN_POINT('',(3.48353072039624,3.44627717221884,1.03079693082119));
#3475=CARTESIAN_POINT('',(3.39964179579438,0.433688593959535,-0.439101490774265));
#3476=CARTESIAN_POINT('',(3.40028041736835,0.433710071045033,-0.439204575675981));
#3477=CARTESIAN_POINT('',(3.40091830701649,0.433734026329466,-0.43931051748285));
#3478=CARTESIAN_POINT('',(3.48416909252335,3.44629943996198,1.03069293637189));
#3479=CARTESIAN_POINT('',(3.48480746465045,3.44632170770513,1.03058894192259));
#3480=CARTESIAN_POINT('',(3.48544512920273,3.44634637646324,1.03048217935815));
#3481=CARTESIAN_POINT('',(3.40155557840559,0.433760918281108,-0.439419874972002));
#3482=CARTESIAN_POINT('',(3.4028301211838,0.433814702184393,-0.439638589950304));
#3483=CARTESIAN_POINT('',(3.40410218097849,0.43388013281445,-0.439870847650322));
#3484=CARTESIAN_POINT('',(3.48608220417408,3.44637389098916,1.03037210567922));
#3485=CARTESIAN_POINT('',(3.48735635411678,3.44642892004099,1.03015195832136));
#3486=CARTESIAN_POINT('',(3.48862813483454,3.44649523524542,1.02991868303493));
#3487=CARTESIAN_POINT('',(3.40537124678745,0.433954842767133,-0.440113771923089));
#3488=CARTESIAN_POINT('',(3.40600577969193,0.433992197743475,-0.440235234059473));
#3489=CARTESIAN_POINT('',(3.40663954932389,0.434031807402283,-0.440359283604094));
#3490=CARTESIAN_POINT('',(3.4898970129269,3.44657054019283,1.02967507429904));
#3491=CARTESIAN_POINT('',(3.49053145197308,3.44660819266653,1.02955326993109));
#3492=CARTESIAN_POINT('',(3.49116514997095,3.44664802937985,1.02942895919012));
#3493=CARTESIAN_POINT('',(3.4072726434493,0.434074150597848,-0.440486500421135));
#3494=CARTESIAN_POINT('',(3.40790573757472,0.434116493793413,-0.440613717238176));
#3495=CARTESIAN_POINT('',(3.40853812926344,0.43416140592295,-0.440743902396738));
#3496=CARTESIAN_POINT('',(3.49179819922813,3.44669051479176,1.0293015787719));
#3497=CARTESIAN_POINT('',(3.4924312484853,3.44673300020366,1.02917419835367));
#3498=CARTESIAN_POINT('',(3.49306362050816,3.44677797466698,1.0290439414883));
#3499=CARTESIAN_POINT('',(3.40916978371064,0.434208627532453,-0.440876743261623));
#3500=CARTESIAN_POINT('',(3.40980143815785,0.434255849141957,-0.441009584126509));
#3501=CARTESIAN_POINT('',(3.41043235536353,0.434305380231428,-0.441145080697717));
#3502=CARTESIAN_POINT('',(3.49369527802201,3.44682518655628,1.02891111180522));
#3503=CARTESIAN_POINT('',(3.49432693553587,3.44687239844558,1.02877828212215));
#3504=CARTESIAN_POINT('',(3.49495787854073,3.44692184776087,1.02864287962139));
#3505=CARTESIAN_POINT('',(3.41106250052288,0.43435696134686,-0.44128292034005));
#3506=CARTESIAN_POINT('',(3.41169264568223,0.434408542462293,-0.441420759982383));
#3507=CARTESIAN_POINT('',(3.41232201909627,0.434462204736113,-0.441560979738968));
#3508=CARTESIAN_POINT('',(3.49558806976192,3.44697328287669,1.02850520793239));
#3509=CARTESIAN_POINT('',(3.4962182609831,3.44702471799252,1.02836753624339));
#3510=CARTESIAN_POINT('',(3.49684770102078,3.44707816909318,1.02822755941374));
#3511=CARTESIAN_POINT('',(3.41295066186503,0.434518317299123,-0.441704023380393));
#3512=CARTESIAN_POINT('',(3.41420794740255,0.434630542425144,-0.441990110663244));
#3513=CARTESIAN_POINT('',(3.41546225406067,0.434751943472214,-0.442286743441745));
#3514=CARTESIAN_POINT('',(3.49747643449489,3.44713399415255,1.02808484650741));
#3515=CARTESIAN_POINT('',(3.4987339014431,3.4472456442713,1.02779942069476));
#3516=CARTESIAN_POINT('',(3.49998847986724,3.44736618391699,1.0275037788452));
#3517=CARTESIAN_POINT('',(3.41671347776362,0.434880706062145,-0.442591752357149));
#3518=CARTESIAN_POINT('',(3.41921592516951,0.435138231242007,-0.443201770187957));
#3519=CARTESIAN_POINT('',(3.42170613080401,0.435428564565606,-0.443849299819731));
#3520=CARTESIAN_POINT('',(3.50124004832016,3.44749385377237,1.0272000269771));
#3521=CARTESIAN_POINT('',(3.503743185226,3.44774919348312,1.02659252324091));
#3522=CARTESIAN_POINT('',(3.50623440455813,3.44803631374652,1.02594868981208));
#3523=CARTESIAN_POINT('',(3.42418417034896,0.435746494822719,-0.444528155969097));
#3524=CARTESIAN_POINT('',(3.42542319012143,0.435905459951275,-0.44486758404378));
#3525=CARTESIAN_POINT('',(3.42665914145397,0.436071971698624,-0.445215610014644));
#3526=CARTESIAN_POINT('',(3.50871373183743,3.4483501623447,1.0252745290742));
#3527=CARTESIAN_POINT('',(3.50995339547708,3.44850708664379,1.02493744870525));
#3528=CARTESIAN_POINT('',(3.51119006542994,3.44867132062083,1.02459204300939));
#3529=CARTESIAN_POINT('',(3.42789213622991,0.436244654345959,-0.445570612176173));
#3530=CARTESIAN_POINT('',(3.42912513100586,0.436417336993294,-0.445925614337701));
#3531=CARTESIAN_POINT('',(3.43035517542683,0.436596030206033,-0.446287402856122));
#3532=CARTESIAN_POINT('',(3.51242384027164,3.44884153073774,1.02423988516876));
#3533=CARTESIAN_POINT('',(3.51365761511335,3.44901174085464,1.02388772732812));
#3534=CARTESIAN_POINT('',(3.51488849949943,3.44918777167735,1.02352900153908));
#3535=CARTESIAN_POINT('',(3.43158219812336,0.436781496933224,-0.446656875968355));
#3536=CARTESIAN_POINT('',(3.43649028890946,0.437523363841988,-0.448134768417288));
#3537=CARTESIAN_POINT('',(3.44135135291611,0.438361487515771,-0.449721368571975));
#3538=CARTESIAN_POINT('',(3.5161164294473,3.44937036274114,1.02316283649917));
#3539=CARTESIAN_POINT('',(3.52102814923876,3.45010072699632,1.02169817633952));
#3540=CARTESIAN_POINT('',(3.52589380135611,3.45092430799441,1.02012830561951));
#3541=CARTESIAN_POINT('',(3.44616937515175,0.4392761642914,-0.451393738980381));
#3542=CARTESIAN_POINT('',(3.44737388071067,0.439504833485308,-0.451811831582482));
#3543=CARTESIAN_POINT('',(3.44857584134988,0.439737779207736,-0.452234698559063));
#3544=CARTESIAN_POINT('',(3.53071717850762,3.4518220115953,1.01847546061509));
#3545=CARTESIAN_POINT('',(3.53192302279549,3.45204643749552,1.01806224936399));
#3546=CARTESIAN_POINT('',(3.53312636510041,3.4522750038301,1.01764442029684));
#3547=CARTESIAN_POINT('',(3.44977508791093,0.439975615752928,-0.45266304956799));
#3548=CARTESIAN_POINT('',(3.45097433447198,0.44021345229812,-0.453091400576917));
#3549=CARTESIAN_POINT('',(3.45217092257457,0.440455993546637,-0.453525021135842));
#3550=CARTESIAN_POINT('',(3.53432704229125,3.45250830578873,1.01722128573303));
#3551=CARTESIAN_POINT('',(3.5355277194821,3.45274160774735,1.01679815116923));
#3552=CARTESIAN_POINT('',(3.53672578534928,3.4529794650088,1.01636991892106));
#3553=CARTESIAN_POINT('',(3.45336508089766,0.440702467046563,-0.453963020815926));
#3554=CARTESIAN_POINT('',(3.45455923922075,0.440948940546488,-0.454401020496009));
#3555=CARTESIAN_POINT('',(3.45575095095644,0.441199386457692,-0.454843444993398));
#3556=CARTESIAN_POINT('',(3.5379214609812,3.45322112918051,1.01593745174021));
#3557=CARTESIAN_POINT('',(3.53911713661313,3.45346279335223,1.01550498455936));
#3558=CARTESIAN_POINT('',(3.54031040560003,3.4537083033321,1.01506823820143));
#3559=CARTESIAN_POINT('',(3.45694010433984,0.441454185624536,-0.455290733438167));
#3560=CARTESIAN_POINT('',(3.45812925772324,0.441708984791379,-0.455738021882936));
#3561=CARTESIAN_POINT('',(3.45931594032855,0.441967864458688,-0.45618986069097));
#3562=CARTESIAN_POINT('',(3.54150115991872,3.45395802810466,1.01462678717953));
#3563=CARTESIAN_POINT('',(3.54269191423741,3.45420775287721,1.01418533615764));
#3564=CARTESIAN_POINT('',(3.54388023877696,3.45446142819815,1.01373948426525));
#3565=CARTESIAN_POINT('',(3.460500375687,0.442230158892648,-0.456645485662218));
#3566=CARTESIAN_POINT('',(3.4628692464039,0.442754747760568,-0.457556735604714));
#3567=CARTESIAN_POINT('',(3.46522838967582,0.443295113453977,-0.458485557863219));
#3568=CARTESIAN_POINT('',(3.54506635050785,3.45471840912897,1.01328997178014));
#3569=CARTESIAN_POINT('',(3.54743857396961,3.45523237099062,1.01239094680993));
#3570=CARTESIAN_POINT('',(3.54980122862908,3.45576160683698,1.01147492797585));
#3571=CARTESIAN_POINT('',(3.46757884108559,0.443848446163431,-0.459428738229681));
#3572=CARTESIAN_POINT('',(3.46875406679048,0.444125112518157,-0.459900328412912));
#3573=CARTESIAN_POINT('',(3.46992697397695,0.444405403375611,-0.460375945413598));
#3574=CARTESIAN_POINT('',(3.55215532231279,3.45630339483619,1.01054502827931));
#3575=CARTESIAN_POINT('',(3.55333236915465,3.4565742888358,1.01008007843105));
#3576=CARTESIAN_POINT('',(3.55450713398381,3.45684869162798,1.00961123487463));
#3577=CARTESIAN_POINT('',(3.4710977575977,0.444688827666799,-0.460855029182069));
#3578=CARTESIAN_POINT('',(3.47226854121846,0.444972251957986,-0.461334112950539));
#3579=CARTESIAN_POINT('',(3.47343726718977,0.445258645025714,-0.461816475766674));
#3580=CARTESIAN_POINT('',(3.55567980689206,3.45712612755115,1.00913903993554));
#3581=CARTESIAN_POINT('',(3.55685247980031,3.45740356347432,1.00866684499644));
#3582=CARTESIAN_POINT('',(3.55802312507365,3.45768387303868,1.00819148045039));
#3583=CARTESIAN_POINT('',(3.47460380884318,0.445548316456852,-0.462302470248098));
#3584=CARTESIAN_POINT('',(3.47926997545683,0.446707002181407,-0.464246448173793));
#3585=CARTESIAN_POINT('',(3.483902722115,0.447914446264046,-0.46624432572037));
#3586=CARTESIAN_POINT('',(3.5591916191108,3.45796735610923,1.00771260486348));
#3587=CARTESIAN_POINT('',(3.56386559525939,3.45910128839141,1.00579710251587));
#3588=CARTESIAN_POINT('',(3.56850664413546,3.46028241740225,1.00382949699652));
#3589=CARTESIAN_POINT('',(3.48850520349682,0.449163295381967,-0.468287745232265));
#3590=CARTESIAN_POINT('',(3.49310768487864,0.450412144499888,-0.47033116474416));
#3591=CARTESIAN_POINT('',(3.49768014670301,0.451701895751852,-0.472419558272065));
#3592=CARTESIAN_POINT('',(3.57311784746202,3.46150362106391,1.00181787994411));
#3593=CARTESIAN_POINT('',(3.57772905078858,3.46272482472558,0.999806262891696));
#3594=CARTESIAN_POINT('',(3.58231064927358,3.46398561601971,0.997751183984349));
#3595=CARTESIAN_POINT('',(3.50222446762506,0.453028146894084,-0.474547921093497));
#3596=CARTESIAN_POINT('',(3.50676878854711,0.454354398036315,-0.476676283914928));
#3597=CARTESIAN_POINT('',(3.51128509050463,0.455716855281489,-0.478844281618402));
#3598=CARTESIAN_POINT('',(3.58686447790232,3.46528173112035,0.995657488713085));
#3599=CARTESIAN_POINT('',(3.59141830653106,3.46657784622099,0.993563793441821));
#3600=CARTESIAN_POINT('',(3.59594448432945,3.46790900057045,0.991431805600625));
#3601=CARTESIAN_POINT('',(3.51577420157171,0.457112872255888,-0.481048869068782));
#3602=CARTESIAN_POINT('',(3.52026331263879,0.458508889230286,-0.483253456519162));
#3603=CARTESIAN_POINT('',(3.52472523635246,0.459938385307357,-0.485494538306622));
#3604=CARTESIAN_POINT('',(3.60044381333488,3.46927263032202,0.989264475388193));
#3605=CARTESIAN_POINT('',(3.60494314234031,3.47063626007358,0.987097145175761));
#3606=CARTESIAN_POINT('',(3.60941562531206,3.47203228706593,0.984894565165978));
#3607=CARTESIAN_POINT('',(3.52915957755871,0.46140041266096,-0.487770939778541));
#3608=CARTESIAN_POINT('',(3.53359391876496,0.462862440014562,-0.490047341250461));
#3609=CARTESIAN_POINT('',(3.5380006471084,0.464357003606529,-0.492359064618468));
#3610=CARTESIAN_POINT('',(3.61386085826469,3.47345979146542,0.982657877809794));
#3611=CARTESIAN_POINT('',(3.61830609121731,3.47488729586491,0.980421190453611));
#3612=CARTESIAN_POINT('',(3.6227240438648,3.47634628241345,0.978150393792385));
#3613=CARTESIAN_POINT('',(3.54237812399903,0.465884561163001,-0.494706454979999));
#3614=CARTESIAN_POINT('',(3.54675560088966,0.467412118719474,-0.49705384534153));
#3615=CARTESIAN_POINT('',(3.55110380324832,0.46897269710191,-0.499436931823553));
#3616=CARTESIAN_POINT('',(3.6271130831882,3.47783719117899,0.975845163042103));
#3617=CARTESIAN_POINT('',(3.63150212251159,3.47932809994454,0.973539932291821));
#3618=CARTESIAN_POINT('',(3.63586222570648,3.48085095691766,0.971200239327349));
#3619=GEOMETRIC_SET('VZHEQXVFXP, Struts, 0',(#3030));
#3620=GEOMETRICALLY_BOUNDED_SURFACE_SHAPE_REPRESENTATION('',(#3619),#12);
#3621=SHAPE_REPRESENTATION_RELATIONSHIP('','',#26,#3620);
#3622=B_SPLINE_SURFACE_WITH_KNOTS('Surf_VZHEQXVFXP, Struts, 1, 0',1,3,((#3623, #3623, #3623, #3623, #3625, #3626, #3629, #3630, #3631, #3635, #3636, #3637, #3641, #3642, #3643, #3647, #3648, #3649, #3653, #3654, #3655, #3659, #3660, #3661, #3665, #3666, #3667, #3671, #3672, #3673, #3677, #3678, #3679, #3683, #3684, #3685, #3689, #3690, #3691, #3695, #3696, #3697, #3701, #3702, #3703, #3707, #3708, #3709, #3713, #3714, #3715, #3719, #3720, #3721, #3725, #3726, #3727, #3731, #3732, #3733, #3737, #3738, #3739, #3743, #3744, #3745, #3749, #3750, #3751, #3755, #3756, #3757, #3761, #3762, #3763, #3767, #3768, #3769, #3773, #3774, #3775, #3779, #3780, #3781, #3785, #3786, #3787, #3791, #3792, #3793, #3797, #3798, #3799, #3803, #3804, #3805, #3809, #3810, #3811, #3815, #3816, #3817, #3821, #3822, #3823, #3827, #3828, #3829, #3833, #3834, #3835, #3839, #3840, #3841, #3845, #3846, #3847, #3851, #3852, #3853, #3857, #3858, #3859, #3863, #3864, #3865, #3869, #3870, #3871, #3875, #3876, #3877, #3881, #3882, #3883, #3887, #3888, #3889, #3893, #3894, #3895, #3899, #3900, #3901, #3905, #3906, #3907, #3911, #3912, #3913, #3917, #3917, #3917, #3917, #3917, #3917, #3917, #3919, #3920, #3923, #3924, #3925, #3929, #3930, #3931, #3935, #3936, #3937, #3941, #3942, #3943, #3947, #3948, #3949, #3953, #3954, #3955, #3959, #3960, #3961, #3965, #3966, #3967, #3971, #3972, #3973, #3977, #3978, #3979, #3983, #3984, #3985, #3989, #3990, #3991, #3995, #3996, #3997, #4001, #4002, #4003, #4007, #4008, #4009, #4013, #4014, #4015, #4019, #4020, #4021, #4025, #4026, #4027, #4031, #4032, #4033, #4037, #4038, #4039, #4043, #4044, #4045, #4049, #4050, #4051, #4055, #4056, #4057, #4061, #4062, #4063, #4067, #4068, #4069, #4073, #4074, #4075, #4079, #4080, #4081, #4085, #4086, #4087, #4091, #4092, #4093, #4097, #4098, #4099, #4103, #4104, #4105, #4109, #4110, #4111, #4115, #4116, #4117, #4121, #4122, #4123, #4127, #4128, #4129, #4133, #4134, #4135, #4139, #4140, #4141, #4145, #4146, #4147, #4151, #4152, #4153, #4157, #4158, #4159, #4163, #4164, #4165, #4169, #4170, #4171, #4175, #4176, #4177, #4181, #4182, #4183, #4187, #4188, #4189, #4193, #4194, #4195, #4199, #4200, #4201, #4205, #4206, #4207, #3623, #3623, #3623, #3623),(#3624, #3624, #3624, #3624, #3627, #3628, #3632, #3633, #3634, #3638, #3639, #3640, #3644, #3645, #3646, #3650, #3651, #3652, #3656, #3657, #3658, #3662, #3663, #3664, #3668, #3669, #3670, #3674, #3675, #3676, #3680, #3681, #3682, #3686, #3687, #3688, #3692, #3693, #3694, #3698, #3699, #3700, #3704, #3705, #3706, #3710, #3711, #3712, #3716, #3717, #3718, #3722, #3723, #3724, #3728, #3729, #3730, #3734, #3735, #3736, #3740, #3741, #3742, #3746, #3747, #3748, #3752, #3753, #3754, #3758, #3759, #3760, #3764, #3765, #3766, #3770, #3771, #3772, #3776, #3777, #3778, #3782, #3783, #3784, #3788, #3789, #3790, #3794, #3795, #3796, #3800, #3801, #3802, #3806, #3807, #3808, #3812, #3813, #3814, #3818, #3819, #3820, #3824, #3825, #3826, #3830, #3831, #3832, #3836, #3837, #3838, #3842, #3843, #3844, #3848, #3849, #3850, #3854, #3855, #3856, #3860, #3861, #3862, #3866, #3867, #3868, #3872, #3873, #3874, #3878, #3879, #3880, #3884, #3885, #3886, #3890, #3891, #3892, #3896, #3897, #3898, #3902, #3903, #3904, #3908, #3909, #3910, #3914, #3915, #3916, #3918, #3918, #3918, #3918, #3918, #3918, #3918, #3921, #3922, #3926, #3927, #3928, #3932, #3933, #3934, #3938, #3939, #3940, #3944, #3945, #3946, #3950, #3951, #3952, #3956, #3957, #3958, #3962, #3963, #3964, #3968, #3969, #3970, #3974, #3975, #3976, #3980, #3981, #3982, #3986, #3987, #3988, #3992, #3993, #3994, #3998, #3999, #4000, #4004, #4005, #4006, #4010, #4011, #4012, #4016, #4017, #4018, #4022, #4023, #4024, #4028, #4029, #4030, #4034, #4035, #4036, #4040, #4041, #4042, #4046, #4047, #4048, #4052, #4053, #4054, #4058, #4059, #4060, #4064, #4065, #4066, #4070, #4071, #4072, #4076, #4077, #4078, #4082, #4083, #4084, #4088, #4089, #4090, #4094, #4095, #4096, #4100, #4101, #4102, #4106, #4107, #4108, #4112, #4113, #4114, #4118, #4119, #4120, #4124, #4125, #4126, #4130, #4131, #4132, #4136, #4137, #4138, #4142, #4143, #4144, #4148, #4149, #4150, #4154, #4155, #4156, #4160, #4161, #4162, #4166, #4167, #4168, #4172, #4173, #4174, #4178, #4179, #4180, #4184, #4185, #4186, #4190, #4191, #4192, #4196, #4197, #4198, #4202, #4203, #4204, #4208, #4209, #4210, #3624, #3624, #3624, #3624)),.UNSPECIFIED.,.F.,.T.,.F.,(2,2),(4,3,3,3,3,3,3,3,3,3,3,3,3,3,3,3,3,3,3,3,3,3,3,3,3,3,3,3,3,3,3,3,3,3,3,3,3,3,3,3,3,3,3,3,3,3,3,3,3,3,3,3,3,3,3,3,3,3,3,3,3,3,3,3,3,3,3,3,3,3,3,3,3,3,3,3,3,3,3,3,3,3,3,3,3,3,3,3,3,3,3,3,3,3,3,3,3,3,3,3,3,3,4),(0.,1.),(0.,1.,2.,3.,4.,5.,6.,7.,8.,9.,10.,11.,12.,13.,14.,15.,16.,17.,18.,19.,20.,21.,22.,23.,24.,25.,26.,27.,28.,29.,30.,31.,32.,33.,34.,35.,36.,37.,38.,39.,40.,41.,42.,43.,44.,45.,46.,47.,48.,49.,50.,51.,52.,53.,54.,55.,56.,57.,58.,59.,60.,61.,62.,63.,64.,65.,66.,67.,68.,69.,70.,71.,72.,73.,74.,75.,76.,77.,78.,79.,80.,81.,82.,83.,84.,85.,86.,87.,88.,89.,90.,91.,92.,93.,94.,95.,96.,97.,98.,99.,100.,101.,102.),.PIECEWISE_BEZIER_KNOTS.);
#3623=CARTESIAN_POINT('',(3.55541986531107,-0.470567928287002,-0.501857306304142));
#3624=CARTESIAN_POINT('',(3.6401905447468,-3.48240733785233,0.968824556947459));
#3625=CARTESIAN_POINT('',(3.55110380324832,-0.46897269710191,-0.499436931823553));
#3626=CARTESIAN_POINT('',(3.54675560088966,-0.467412118719474,-0.49705384534153));
#3627=CARTESIAN_POINT('',(3.63586222570648,-3.48085095691766,0.971200239327349));
#3628=CARTESIAN_POINT('',(3.63150212251159,-3.47932809994454,0.973539932291821));
#3629=CARTESIAN_POINT('',(3.54237812399903,-0.465884561163001,-0.494706454979999));
#3630=CARTESIAN_POINT('',(3.5380006471084,-0.464357003606529,-0.492359064618468));
#3631=CARTESIAN_POINT('',(3.53359391876496,-0.462862440014562,-0.490047341250461));
#3632=CARTESIAN_POINT('',(3.6271130831882,-3.47783719117899,0.975845163042103));
#3633=CARTESIAN_POINT('',(3.6227240438648,-3.47634628241345,0.978150393792385));
#3634=CARTESIAN_POINT('',(3.61830609121731,-3.47488729586491,0.980421190453611));
#3635=CARTESIAN_POINT('',(3.52915957755871,-0.46140041266096,-0.487770939778541));
#3636=CARTESIAN_POINT('',(3.52472523635246,-0.459938385307357,-0.485494538306622));
#3637=CARTESIAN_POINT('',(3.52026331263879,-0.458508889230286,-0.483253456519162));
#3638=CARTESIAN_POINT('',(3.61386085826469,-3.47345979146542,0.982657877809794));
#3639=CARTESIAN_POINT('',(3.60941562531206,-3.47203228706593,0.984894565165978));
#3640=CARTESIAN_POINT('',(3.60494314234031,-3.47063626007358,0.987097145175761));
#3641=CARTESIAN_POINT('',(3.51577420157171,-0.457112872255888,-0.481048869068782));
#3642=CARTESIAN_POINT('',(3.51128509050463,-0.455716855281489,-0.478844281618402));
#3643=CARTESIAN_POINT('',(3.50676878854711,-0.454354398036315,-0.476676283914928));
#3644=CARTESIAN_POINT('',(3.60044381333488,-3.46927263032202,0.989264475388193));
#3645=CARTESIAN_POINT('',(3.59594448432945,-3.46790900057045,0.991431805600625));
#3646=CARTESIAN_POINT('',(3.59141830653106,-3.46657784622099,0.993563793441821));
#3647=CARTESIAN_POINT('',(3.50222446762506,-0.453028146894084,-0.474547921093497));
#3648=CARTESIAN_POINT('',(3.49768014670301,-0.451701895751852,-0.472419558272065));
#3649=CARTESIAN_POINT('',(3.49310768487864,-0.450412144499888,-0.47033116474416));
#3650=CARTESIAN_POINT('',(3.58686447790232,-3.46528173112035,0.995657488713085));
#3651=CARTESIAN_POINT('',(3.58231064927358,-3.46398561601971,0.997751183984349));
#3652=CARTESIAN_POINT('',(3.57772905078858,-3.46272482472558,0.999806262891696));
#3653=CARTESIAN_POINT('',(3.48850520349682,-0.449163295381967,-0.468287745232265));
#3654=CARTESIAN_POINT('',(3.483902722115,-0.447914446264046,-0.46624432572037));
#3655=CARTESIAN_POINT('',(3.47926997545683,-0.446707002181407,-0.464246448173793));
#3656=CARTESIAN_POINT('',(3.57311784746202,-3.46150362106391,1.00181787994411));
#3657=CARTESIAN_POINT('',(3.56850664413546,-3.46028241740225,1.00382949699652));
#3658=CARTESIAN_POINT('',(3.56386559525939,-3.45910128839141,1.00579710251587));
#3659=CARTESIAN_POINT('',(3.47460380884318,-0.445548316456852,-0.462302470248098));
#3660=CARTESIAN_POINT('',(3.47343726718977,-0.445258645025714,-0.461816475766674));
#3661=CARTESIAN_POINT('',(3.47226854121846,-0.444972251957986,-0.461334112950539));
#3662=CARTESIAN_POINT('',(3.5591916191108,-3.45796735610923,1.00771260486348));
#3663=CARTESIAN_POINT('',(3.55802312507365,-3.45768387303868,1.00819148045039));
#3664=CARTESIAN_POINT('',(3.55685247980031,-3.45740356347432,1.00866684499644));
#3665=CARTESIAN_POINT('',(3.4710977575977,-0.444688827666799,-0.460855029182069));
#3666=CARTESIAN_POINT('',(3.46992697397695,-0.444405403375611,-0.460375945413598));
#3667=CARTESIAN_POINT('',(3.46875406679048,-0.444125112518157,-0.459900328412912));
#3668=CARTESIAN_POINT('',(3.55567980689206,-3.45712612755115,1.00913903993554));
#3669=CARTESIAN_POINT('',(3.55450713398381,-3.45684869162798,1.00961123487463));
#3670=CARTESIAN_POINT('',(3.55333236915465,-3.4565742888358,1.01008007843105));
#3671=CARTESIAN_POINT('',(3.46757884108559,-0.443848446163431,-0.459428738229681));
#3672=CARTESIAN_POINT('',(3.46522838967582,-0.443295113453977,-0.458485557863219));
#3673=CARTESIAN_POINT('',(3.4628692464039,-0.442754747760568,-0.457556735604714));
#3674=CARTESIAN_POINT('',(3.55215532231279,-3.45630339483619,1.01054502827931));
#3675=CARTESIAN_POINT('',(3.54980122862908,-3.45576160683698,1.01147492797585));
#3676=CARTESIAN_POINT('',(3.54743857396961,-3.45523237099062,1.01239094680993));
#3677=CARTESIAN_POINT('',(3.460500375687,-0.442230158892648,-0.456645485662218));
#3678=CARTESIAN_POINT('',(3.45931594032855,-0.441967864458688,-0.45618986069097));
#3679=CARTESIAN_POINT('',(3.45812925772324,-0.441708984791379,-0.455738021882936));
#3680=CARTESIAN_POINT('',(3.54506635050785,-3.45471840912897,1.01328997178014));
#3681=CARTESIAN_POINT('',(3.54388023877696,-3.45446142819815,1.01373948426525));
#3682=CARTESIAN_POINT('',(3.54269191423741,-3.45420775287721,1.01418533615764));
#3683=CARTESIAN_POINT('',(3.45694010433984,-0.441454185624536,-0.455290733438167));
#3684=CARTESIAN_POINT('',(3.45575095095644,-0.441199386457692,-0.454843444993398));
#3685=CARTESIAN_POINT('',(3.45455923922075,-0.440948940546488,-0.454401020496009));
#3686=CARTESIAN_POINT('',(3.54150115991872,-3.45395802810466,1.01462678717953));
#3687=CARTESIAN_POINT('',(3.54031040560003,-3.4537083033321,1.01506823820143));
#3688=CARTESIAN_POINT('',(3.53911713661313,-3.45346279335223,1.01550498455936));
#3689=CARTESIAN_POINT('',(3.45336508089766,-0.440702467046563,-0.453963020815926));
#3690=CARTESIAN_POINT('',(3.45217092257457,-0.440455993546637,-0.453525021135842));
#3691=CARTESIAN_POINT('',(3.45097433447198,-0.44021345229812,-0.453091400576917));
#3692=CARTESIAN_POINT('',(3.5379214609812,-3.45322112918051,1.01593745174021));
#3693=CARTESIAN_POINT('',(3.53672578534928,-3.4529794650088,1.01636991892106));
#3694=CARTESIAN_POINT('',(3.5355277194821,-3.45274160774735,1.01679815116923));
#3695=CARTESIAN_POINT('',(3.44977508791093,-0.439975615752928,-0.45266304956799));
#3696=CARTESIAN_POINT('',(3.44857584134988,-0.439737779207736,-0.452234698559063));
#3697=CARTESIAN_POINT('',(3.44737388071067,-0.439504833485308,-0.451811831582482));
#3698=CARTESIAN_POINT('',(3.53432704229125,-3.45250830578873,1.01722128573303));
#3699=CARTESIAN_POINT('',(3.53312636510041,-3.4522750038301,1.01764442029684));
#3700=CARTESIAN_POINT('',(3.53192302279549,-3.45204643749552,1.01806224936399));
#3701=CARTESIAN_POINT('',(3.44616937515175,-0.4392761642914,-0.451393738980381));
#3702=CARTESIAN_POINT('',(3.44135135291611,-0.438361487515771,-0.449721368571975));
#3703=CARTESIAN_POINT('',(3.43649028890946,-0.437523363841988,-0.448134768417288));
#3704=CARTESIAN_POINT('',(3.53071717850762,-3.4518220115953,1.01847546061509));
#3705=CARTESIAN_POINT('',(3.52589380135611,-3.45092430799441,1.02012830561951));
#3706=CARTESIAN_POINT('',(3.52102814923876,-3.45010072699632,1.02169817633952));
#3707=CARTESIAN_POINT('',(3.43158219812336,-0.436781496933224,-0.446656875968355));
#3708=CARTESIAN_POINT('',(3.43035517542683,-0.436596030206033,-0.446287402856122));
#3709=CARTESIAN_POINT('',(3.42912513100586,-0.436417336993294,-0.445925614337701));
#3710=CARTESIAN_POINT('',(3.5161164294473,-3.44937036274114,1.02316283649917));
#3711=CARTESIAN_POINT('',(3.51488849949943,-3.44918777167735,1.02352900153908));
#3712=CARTESIAN_POINT('',(3.51365761511335,-3.44901174085464,1.02388772732812));
#3713=CARTESIAN_POINT('',(3.42789213622991,-0.436244654345959,-0.445570612176173));
#3714=CARTESIAN_POINT('',(3.42665914145397,-0.436071971698624,-0.445215610014644));
#3715=CARTESIAN_POINT('',(3.42542319012143,-0.435905459951275,-0.44486758404378));
#3716=CARTESIAN_POINT('',(3.51242384027164,-3.44884153073774,1.02423988516876));
#3717=CARTESIAN_POINT('',(3.51119006542994,-3.44867132062083,1.02459204300939));
#3718=CARTESIAN_POINT('',(3.50995339547708,-3.44850708664379,1.02493744870525));
#3719=CARTESIAN_POINT('',(3.42418417034896,-0.435746494822719,-0.444528155969097));
#3720=CARTESIAN_POINT('',(3.42170613080401,-0.435428564565606,-0.443849299819731));
#3721=CARTESIAN_POINT('',(3.41921592516951,-0.435138231242007,-0.443201770187957));
#3722=CARTESIAN_POINT('',(3.50871373183743,-3.4483501623447,1.0252745290742));
#3723=CARTESIAN_POINT('',(3.50623440455813,-3.44803631374652,1.02594868981208));
#3724=CARTESIAN_POINT('',(3.503743185226,-3.44774919348312,1.02659252324091));
#3725=CARTESIAN_POINT('',(3.41671347776362,-0.434880706062145,-0.442591752357149));
#3726=CARTESIAN_POINT('',(3.41546225406067,-0.434751943472214,-0.442286743441745));
#3727=CARTESIAN_POINT('',(3.41420794740255,-0.434630542425144,-0.441990110663244));
#3728=CARTESIAN_POINT('',(3.50124004832016,-3.44749385377237,1.0272000269771));
#3729=CARTESIAN_POINT('',(3.49998847986724,-3.44736618391699,1.0275037788452));
#3730=CARTESIAN_POINT('',(3.4987339014431,-3.4472456442713,1.02779942069476));
#3731=CARTESIAN_POINT('',(3.41295066186503,-0.434518317299123,-0.441704023380393));
#3732=CARTESIAN_POINT('',(3.41232201909627,-0.434462204736113,-0.441560979738968));
#3733=CARTESIAN_POINT('',(3.41169264568223,-0.434408542462293,-0.441420759982383));
#3734=CARTESIAN_POINT('',(3.49747643449489,-3.44713399415255,1.02808484650741));
#3735=CARTESIAN_POINT('',(3.49684770102078,-3.44707816909318,1.02822755941374));
#3736=CARTESIAN_POINT('',(3.4962182609831,-3.44702471799252,1.02836753624339));
#3737=CARTESIAN_POINT('',(3.41106250052288,-0.43435696134686,-0.44128292034005));
#3738=CARTESIAN_POINT('',(3.41043235536353,-0.434305380231428,-0.441145080697717));
#3739=CARTESIAN_POINT('',(3.40980143815785,-0.434255849141957,-0.441009584126509));
#3740=CARTESIAN_POINT('',(3.49558806976192,-3.44697328287669,1.02850520793239));
#3741=CARTESIAN_POINT('',(3.49495787854073,-3.44692184776087,1.02864287962139));
#3742=CARTESIAN_POINT('',(3.49432693553587,-3.44687239844558,1.02877828212215));
#3743=CARTESIAN_POINT('',(3.40916978371064,-0.434208627532453,-0.440876743261623));
#3744=CARTESIAN_POINT('',(3.40853812926344,-0.43416140592295,-0.440743902396738));
#3745=CARTESIAN_POINT('',(3.40790573757472,-0.434116493793413,-0.440613717238176));
#3746=CARTESIAN_POINT('',(3.49369527802201,-3.44682518655628,1.02891111180522));
#3747=CARTESIAN_POINT('',(3.49306362050816,-3.44677797466698,1.0290439414883));
#3748=CARTESIAN_POINT('',(3.4924312484853,-3.44673300020366,1.02917419835367));
#3749=CARTESIAN_POINT('',(3.4072726434493,-0.434074150597848,-0.440486500421135));
#3750=CARTESIAN_POINT('',(3.40663954932389,-0.434031807402283,-0.440359283604094));
#3751=CARTESIAN_POINT('',(3.40600577969193,-0.433992197743475,-0.440235234059473));
#3752=CARTESIAN_POINT('',(3.49179819922813,-3.44669051479176,1.0293015787719));
#3753=CARTESIAN_POINT('',(3.49116514997095,-3.44664802937985,1.02942895919012));
#3754=CARTESIAN_POINT('',(3.49053145197308,-3.44660819266653,1.02955326993109));
#3755=CARTESIAN_POINT('',(3.40537124678745,-0.433954842767133,-0.440113771923089));
#3756=CARTESIAN_POINT('',(3.40410218097849,-0.43388013281445,-0.439870847650322));
#3757=CARTESIAN_POINT('',(3.4028301211838,-0.433814702184393,-0.439638589950304));
#3758=CARTESIAN_POINT('',(3.4898970129269,-3.44657054019283,1.02967507429904));
#3759=CARTESIAN_POINT('',(3.48862813483454,-3.44649523524542,1.02991868303493));
#3760=CARTESIAN_POINT('',(3.48735635411678,-3.44642892004099,1.03015195832136));
#3761=CARTESIAN_POINT('',(3.40155557840559,-0.433760918281108,-0.439419874972002));
#3762=CARTESIAN_POINT('',(3.40091830701649,-0.433734026329466,-0.43931051748285));
#3763=CARTESIAN_POINT('',(3.40028041736835,-0.433710071045033,-0.439204575675981));
#3764=CARTESIAN_POINT('',(3.48608220417408,-3.44637389098916,1.03037210567922));
#3765=CARTESIAN_POINT('',(3.48544512920273,-3.44634637646324,1.03048217935815));
#3766=CARTESIAN_POINT('',(3.48480746465045,-3.44632170770513,1.03058894192259));
#3767=CARTESIAN_POINT('',(3.39964179579438,-0.433688593959535,-0.439101490774265));
#3768=CARTESIAN_POINT('',(3.39900317422041,-0.433667116874037,-0.438998405872549));
#3769=CARTESIAN_POINT('',(3.39836387263422,-0.433648308293888,-0.438898410394378));
#3770=CARTESIAN_POINT('',(3.48416909252335,-3.44629943996198,1.03069293637189));
#3771=CARTESIAN_POINT('',(3.48353072039624,-3.44627717221884,1.03079693082119));
#3772=CARTESIAN_POINT('',(3.48289169440068,-3.44625749011461,1.03089793117386));
#3773=CARTESIAN_POINT('',(3.39772399281018,-0.43363250462834,-0.438801916583221));
#3774=CARTESIAN_POINT('',(3.3964442331621,-0.433600897297243,-0.438608928960906));
#3775=CARTESIAN_POINT('',(3.39516231095554,-0.433581835751304,-0.438430591668312));
#3776=CARTESIAN_POINT('',(3.48225211947302,-3.4462407200362,1.03099553671584));
#3777=CARTESIAN_POINT('',(3.48097296961771,-3.44620717987937,1.03119074779982));
#3778=CARTESIAN_POINT('',(3.47969177937837,-3.4461857982582,1.03137175403366));
#3779=CARTESIAN_POINT('',(3.39387797149717,-0.433574566116668,-0.438265977658332));
#3780=CARTESIAN_POINT('',(3.39323580176798,-0.43357093129935,-0.438183670653343));
#3781=CARTESIAN_POINT('',(3.39259309521624,-0.433570414471006,-0.438105004754448));
#3782=CARTESIAN_POINT('',(3.47840828699487,-3.44617584369814,1.03153945669702));
#3783=CARTESIAN_POINT('',(3.47776654080312,-3.44617086641811,1.0316233080287));
#3784=CARTESIAN_POINT('',(3.47712428815223,-3.44616891088584,1.03170362896714));
#3785=CARTESIAN_POINT('',(3.39195000211284,-0.433573396677987,-0.438030451153966));
#3786=CARTESIAN_POINT('',(3.39130690900943,-0.433576378884967,-0.437955897553484));
#3787=CARTESIAN_POINT('',(3.39066347044941,-0.433582964889779,-0.437885585771435));
#3788=CARTESIAN_POINT('',(3.47648168286965,-3.44617034687466,1.03177996128814));
#3789=CARTESIAN_POINT('',(3.47583907758707,-3.44617178286349,1.03185629360914));
#3790=CARTESIAN_POINT('',(3.47519616174582,-3.44617671203608,1.03192851135863));
#3791=CARTESIAN_POINT('',(3.39001945073133,-0.433592614457037,-0.437818845015429));
#3792=CARTESIAN_POINT('',(3.38937543101324,-0.433602264024295,-0.437752104259424));
#3793=CARTESIAN_POINT('',(3.38873092314877,-0.43361517694587,-0.437689183314081));
#3794=CARTESIAN_POINT('',(3.47455269461826,-3.44618461008832,1.03199726700217));
#3795=CARTESIAN_POINT('',(3.4739092274907,-3.44619250814057,1.03206602264572));
#3796=CARTESIAN_POINT('',(3.47326530394314,-3.44620356898579,1.03213107416118));
#3797=CARTESIAN_POINT('',(3.38808613850022,-0.433631783112567,-0.437630618851328));
#3798=CARTESIAN_POINT('',(3.38744135385168,-0.433648389279264,-0.437572054388576));
#3799=CARTESIAN_POINT('',(3.38679640478067,-0.433668899071671,-0.437518110129551));
#3800=CARTESIAN_POINT('',(3.47262113932048,-3.44621820989142,1.03219189939818));
#3801=CARTESIAN_POINT('',(3.47197697469782,-3.44623285079705,1.03225272463518));
#3802=CARTESIAN_POINT('',(3.4713326833043,-3.44625127598621,1.03230906695592));
#3803=CARTESIAN_POINT('',(3.38615109688073,-0.433692983764438,-0.437468371715082));
#3804=CARTESIAN_POINT('',(3.38486048108086,-0.433741153149973,-0.437368894886143));
#3805=CARTESIAN_POINT('',(3.38356834100271,-0.433803368134717,-0.437285928703634));
#3806=CARTESIAN_POINT('',(3.47068806771149,-3.44627316631212,1.0323613297007));
#3807=CARTESIAN_POINT('',(3.46939883652588,-3.44631694696393,1.03246585519026));
#3808=CARTESIAN_POINT('',(3.46810821720179,-3.44637434170033,1.03255436643417));
#3809=CARTESIAN_POINT('',(3.38227653455331,-0.4338828119197,-0.437223482610772));
#3810=CARTESIAN_POINT('',(3.38098472810391,-0.433962255704684,-0.437161036517911));
#3811=CARTESIAN_POINT('',(3.37969184977878,-0.434056715617106,-0.437116309662047));
#3812=CARTESIAN_POINT('',(3.46681809692692,-3.44644844091301,1.03262296075417));
#3813=CARTESIAN_POINT('',(3.46552797665206,-3.44652254012568,1.03269155507417));
#3814=CARTESIAN_POINT('',(3.46423692965009,-3.44661119539636,1.03274295940651));
#3815=CARTESIAN_POINT('',(3.37840056411448,-0.434170011583872,-0.43709416630998));
#3816=CARTESIAN_POINT('',(3.37775492128234,-0.434226659567254,-0.437083094633947));
#3817=CARTESIAN_POINT('',(3.377109179209,-0.434287361617683,-0.437076829904366));
#3818=CARTESIAN_POINT('',(3.46294765528464,-3.44671811626263,1.03277243647278));
#3819=CARTESIAN_POINT('',(3.46230301810192,-3.44677157669576,1.03278717500591));
#3820=CARTESIAN_POINT('',(3.4616583207296,-3.4468289674163,1.03279724898478));
#3821=CARTESIAN_POINT('',(3.37646383148272,-0.434352717504223,-0.437076144998552));
#3822=CARTESIAN_POINT('',(3.37581848375643,-0.434418073390764,-0.437075460092737));
#3823=CARTESIAN_POINT('',(3.37517369864192,-0.434488274846694,-0.437080603355082));
#3824=CARTESIAN_POINT('',(3.46101406217044,-3.44689087103126,1.03280190527476));
#3825=CARTESIAN_POINT('',(3.46036980361127,-3.44695277464621,1.03280656156474));
#3826=CARTESIAN_POINT('',(3.4597261538534,-3.44701937742623,1.03280555810547));
#3827=CARTESIAN_POINT('',(3.37452940732951,-0.434563281101912,-0.437091517966494));
#3828=CARTESIAN_POINT('',(3.3738851160171,-0.434638287357129,-0.437102432577906));
#3829=CARTESIAN_POINT('',(3.37324105607571,-0.434717792163716,-0.437118722636702));
#3830=CARTESIAN_POINT('',(3.45908304374427,-3.44709063968803,1.03279895046581));
#3831=CARTESIAN_POINT('',(3.45843993363514,-3.44716190194983,1.03279234282614));
#3832=CARTESIAN_POINT('',(3.45779709798641,-3.44723752618507,1.03278051685402));
#3833=CARTESIAN_POINT('',(3.37259785683337,-0.434802457694823,-0.437141251683347));
#3834=CARTESIAN_POINT('',(3.37195465759103,-0.43488712322593,-0.437163780729992));
#3835=CARTESIAN_POINT('',(3.37131255495288,-0.434977190037052,-0.437192863357377));
#3836=CARTESIAN_POINT('',(3.4571551720437,-3.44731815581016,1.03276263058616));
#3837=CARTESIAN_POINT('',(3.45651324610099,-3.44739878543524,1.03274474431829));
#3838=CARTESIAN_POINT('',(3.45587246791402,-3.44748465420816,1.03272049098144));
#3839=CARTESIAN_POINT('',(3.37067107648646,-0.435072205968341,-0.437227904717878));
#3840=CARTESIAN_POINT('',(3.37002959802003,-0.43516722189963,-0.437262946078379));
#3841=CARTESIAN_POINT('',(3.3693888764883,-0.435267303561355,-0.437304100907577));
#3842=CARTESIAN_POINT('',(3.45523236104002,-3.44757532268032,1.03269045080056));
#3843=CARTESIAN_POINT('',(3.45459225416602,-3.44766599115248,1.03266041061969));
#3844=CARTESIAN_POINT('',(3.45395295239438,-3.4477615726807,1.03262443260191));
#3845=CARTESIAN_POINT('',(3.36874970224508,-0.435373176386404,-0.437352327496972));
#3846=CARTESIAN_POINT('',(3.36811052800185,-0.435479049211453,-0.437400554086366));
#3847=CARTESIAN_POINT('',(3.36747263762166,-0.435590500825674,-0.437455567999611));
#3848=CARTESIAN_POINT('',(3.45331525248985,-3.44786277237756,1.03258158183155));
#3849=CARTESIAN_POINT('',(3.45267755258532,-3.44796397207442,1.03253873106118));
#3850=CARTESIAN_POINT('',(3.45204118926847,-3.44807058344212,1.03248928521462));
#3851=CARTESIAN_POINT('',(3.36683602367586,-0.435707485845941,-0.437517314388431));
#3852=CARTESIAN_POINT('',(3.36619940973006,-0.435824470866209,-0.43757906077725));
#3853=CARTESIAN_POINT('',(3.36556467852572,-0.435947476413407,-0.437648192304839));
#3854=CARTESIAN_POINT('',(3.45140615467958,-3.44818256246386,1.03243329756835));
#3855=CARTESIAN_POINT('',(3.45077112009069,-3.4482945414856,1.03237730992208));
#3856=CARTESIAN_POINT('',(3.45013802478774,-3.44841236180845,1.03231414331277));
#3857=CARTESIAN_POINT('',(3.36493162665929,-0.436076382765312,-0.437724541957755));
#3858=CARTESIAN_POINT('',(3.36429857479286,-0.436205289117216,-0.437800891610671));
#3859=CARTESIAN_POINT('',(3.36366705990086,-0.436339974102567,-0.437884296877175));
#3860=CARTESIAN_POINT('',(3.44950666436123,-3.44853590689864,1.03224396108596));
#3861=CARTESIAN_POINT('',(3.44887530393473,-3.44865945198882,1.03217377885915));
#3862=CARTESIAN_POINT('',(3.44824553494813,-3.4487886030763,1.03209673961393));
#3863=CARTESIAN_POINT('',(3.3630382791854,-0.436481283396015,-0.437975908386505));
#3864=CARTESIAN_POINT('',(3.3605231563236,-0.437046520569807,-0.438342354423827));
#3865=CARTESIAN_POINT('',(3.35804223536144,-0.43771209068759,-0.438832218020816));
#3866=CARTESIAN_POINT('',(3.44761856188014,-3.44892418277154,1.03201171925337));
#3867=CARTESIAN_POINT('',(3.4451106696082,-3.44946650155249,1.03167163781111));
#3868=CARTESIAN_POINT('',(3.44263791954014,-3.45010617284816,1.03121156740086));
#3869=CARTESIAN_POINT('',(3.3556335283099,-0.43849870845521,-0.439474738639283));
#3870=CARTESIAN_POINT('',(3.35442917478413,-0.43889201733902,-0.439795998948516));
#3871=CARTESIAN_POINT('',(3.35324304230214,-0.439315505439262,-0.440155345563361));
#3872=CARTESIAN_POINT('',(3.44023849572408,-3.45086336606792,1.03060289585266));
#3873=CARTESIAN_POINT('',(3.43903878381605,-3.45124196267779,1.03029856007856));
#3874=CARTESIAN_POINT('',(3.43785757012237,-3.45164985997217,1.02995714863421));
#3875=CARTESIAN_POINT('',(3.352082112915,-0.439771817402887,-0.440556770043413));
#3876=CARTESIAN_POINT('',(3.35092118352785,-0.440228129366511,-0.440958194523466));
#3877=CARTESIAN_POINT('',(3.34978559259375,-0.440717257319238,-0.441401703946874));
#3878=CARTESIAN_POINT('',(3.43670185713803,-3.45208963779809,1.02957474450382));
#3879=CARTESIAN_POINT('',(3.43554614415369,-3.452529415624,1.02919234037343));
#3880=CARTESIAN_POINT('',(3.43441606706452,-3.45300106665347,1.0287689358504));
#3881=CARTESIAN_POINT('',(3.34868384093204,-0.441241330067,-0.441890861144274));
#3882=CARTESIAN_POINT('',(3.34758208927032,-0.441765402814763,-0.442380018341674));
#3883=CARTESIAN_POINT('',(3.34651525586933,-0.442324633231406,-0.442915207386953));
#3884=CARTESIAN_POINT('',(3.43332014108951,-3.45350667405069,1.02830102060889));
#3885=CARTESIAN_POINT('',(3.4322242151145,-3.4540122814479,1.02783310536739));
#3886=CARTESIAN_POINT('',(3.43116352051846,-3.45455205404076,1.02732029998787));
#3887=CARTESIAN_POINT('',(3.34549337379708,-0.442920121653739,-0.44349895466682));
#3888=CARTESIAN_POINT('',(3.34447149172484,-0.443515610076071,-0.444082701946686));
#3889=CARTESIAN_POINT('',(3.34349543124142,-0.444147528583784,-0.444715317695358));
#3890=CARTESIAN_POINT('',(3.43014809378613,-3.45512708133631,1.02676009054183));
#3891=CARTESIAN_POINT('',(3.42913266705379,-3.45570210863185,1.0261998810958));
#3892=CARTESIAN_POINT('',(3.42816337947849,-3.45631255943474,1.02559196111653));
#3893=CARTESIAN_POINT('',(3.34257874904647,-0.444815186406101,-0.445397627158116));
#3894=CARTESIAN_POINT('',(3.34166206685153,-0.445482844228418,-0.446079936620874));
#3895=CARTESIAN_POINT('',(3.34080428781634,-0.446186401274347,-0.446812072178183));
#3896=CARTESIAN_POINT('',(3.42725377143894,-3.45695779470572,1.02493544584844));
#3897=CARTESIAN_POINT('',(3.4263441633994,-3.4576030299767,1.02427893058035));
#3898=CARTESIAN_POINT('',(3.42549376164368,-3.45828320367604,1.02357369448621));
#3899=CARTESIAN_POINT('',(3.34001977032114,-0.446922408255491,-0.447591677431412));
#3900=CARTESIAN_POINT('',(3.33923525282593,-0.447658415236636,-0.44837128268464));
#3901=CARTESIAN_POINT('',(3.33852436505895,-0.448426757391644,-0.449198265932489));
#3902=CARTESIAN_POINT('',(3.42471688113495,-3.45899500413192,1.0228219356549));
#3903=CARTESIAN_POINT('',(3.42394000062622,-3.45970680458779,1.02207017682359));
#3904=CARTESIAN_POINT('',(3.42323700818641,-3.46045012136963,1.02127198197442));
#3905=CARTESIAN_POINT('',(3.3378982918854,-0.449220778057372,-0.450066072828197));
#3906=CARTESIAN_POINT('',(3.33727221871186,-0.450014798723099,-0.450933879723904));
#3907=CARTESIAN_POINT('',(3.33673132458552,-0.450834272391638,-0.451842286470156));
#3908=CARTESIAN_POINT('',(3.42261901668985,-3.46121852599971,1.02043364295684));
#3909=CARTESIAN_POINT('',(3.42200102519328,-3.46198693062978,1.01959530393926));
#3910=CARTESIAN_POINT('',(3.4214683966652,-3.46278020529773,1.01871703569559));
#3911=CARTESIAN_POINT('',(3.33628111066283,-0.451670017124899,-0.452781046729267));
#3912=CARTESIAN_POINT('',(3.33583089674015,-0.452505761858161,-0.453719806988377));
#3913=CARTESIAN_POINT('',(3.33547132113882,-0.453357786014016,-0.454688925608931));
#3914=CARTESIAN_POINT('',(3.4210265400481,-3.4635894603509,1.01780874832758));
#3915=CARTESIAN_POINT('',(3.420584683431,-3.46439871540406,1.01690046095957));
#3916=CARTESIAN_POINT('',(3.42023355695283,-3.46522395885082,1.01596215002068));
#3917=CARTESIAN_POINT('',(3.33520061225555,-0.454215836691411,-0.455676));
#3918=CARTESIAN_POINT('',(3.41997129169128,-3.46605524625673,1.0150058632516));
#3919=CARTESIAN_POINT('',(3.33492990337228,-0.455073887368805,-0.456663074391069));
#3920=CARTESIAN_POINT('',(3.33474770844622,-0.45593908269389,-0.457669390809654));
#3921=CARTESIAN_POINT('',(3.41970902642973,-3.46688653366265,1.01404957648252));
#3922=CARTESIAN_POINT('',(3.41953528062684,-3.46772494827864,1.0130740677456));
#3923=CARTESIAN_POINT('',(3.33466203932326,-0.456801896222786,-0.458684598313153));
#3924=CARTESIAN_POINT('',(3.3345763702003,-0.457664709751681,-0.459699805816652));
#3925=CARTESIAN_POINT('',(3.33458726169237,-0.458525155537092,-0.4607239253369));
#3926=CARTESIAN_POINT('',(3.41945796880946,-3.46856127212744,1.0120893331332));
#3927=CARTESIAN_POINT('',(3.41938065699208,-3.46939759597624,1.0111045985208));
#3928=CARTESIAN_POINT('',(3.41939981408242,-3.47023184276105,1.01011061750314));
#3929=CARTESIAN_POINT('',(3.33469512554246,-0.459373673733209,-0.461745643255491));
#3930=CARTESIAN_POINT('',(3.33480298939255,-0.460222191929327,-0.462767361174083));
#3931=CARTESIAN_POINT('',(3.33500761686697,-0.461058514466962,-0.463786333492834));
#3932=CARTESIAN_POINT('',(3.41951575960949,-3.47105474492152,1.00911836746267));
#3933=CARTESIAN_POINT('',(3.41963170513656,-3.47187764708199,1.00812611742221));
#3934=CARTESIAN_POINT('',(3.41984422793815,-3.47268894424646,1.00713593350213));
#3935=CARTESIAN_POINT('',(3.33530243926433,-0.461874666415184,-0.464792282834935));
#3936=CARTESIAN_POINT('',(3.33559726166169,-0.462690818363406,-0.465798232177035));
#3937=CARTESIAN_POINT('',(3.33598199840482,-0.463486636787639,-0.466790930791162));
#3938=CARTESIAN_POINT('',(3.42014668732198,-3.47348088966941,1.00615783058195));
#3939=CARTESIAN_POINT('',(3.42044914670582,-3.47427283509236,1.00517972766177));
#3940=CARTESIAN_POINT('',(3.42084126072842,-3.47504527017,1.00421392851082));
#3941=CARTESIAN_POINT('',(3.33644507508026,-0.464256746793928,-0.467762584015352));
#3942=CARTESIAN_POINT('',(3.33690815175569,-0.465026856800218,-0.468734237239542));
#3943=CARTESIAN_POINT('',(3.33744992314983,-0.465771479921829,-0.469685151492469));
#3944=CARTESIAN_POINT('',(3.42131141155925,-3.47579295762496,1.00326806948129));
#3945=CARTESIAN_POINT('',(3.42178156239009,-3.47654064507991,1.00232221045177));
#3946=CARTESIAN_POINT('',(3.42233010669235,-3.4772638004967,1.00139599196825));
#3947=CARTESIAN_POINT('',(3.33805787908548,-0.466487989826259,-0.470610685638036));
#3948=CARTESIAN_POINT('',(3.33866583502114,-0.467204499730688,-0.471536219783603));
#3949=CARTESIAN_POINT('',(3.33933903898481,-0.467892934338028,-0.47243630516471));
#3950=CARTESIAN_POINT('',(3.42294451796791,-3.47795984927434,1.00049399565651));
#3951=CARTESIAN_POINT('',(3.42355892924347,-3.47865589805198,0.99959199934478));
#3952=CARTESIAN_POINT('',(3.4242382720121,-3.47932487483554,0.998714297629427));
#3953=CARTESIAN_POINT('',(3.34006723882353,-0.468552887732625,-0.473309214234804));
#3954=CARTESIAN_POINT('',(3.34079543866225,-0.469212841127222,-0.474182123304898));
#3955=CARTESIAN_POINT('',(3.34157747353862,-0.469844359867602,-0.475027770432896));
#3956=CARTESIAN_POINT('',(3.42497229753753,-3.47996636287959,0.99786263051523));
#3957=CARTESIAN_POINT('',(3.42570632306296,-3.48060785092364,0.997010963401033));
#3958=CARTESIAN_POINT('',(3.42649387178426,-3.48122189274076,0.996185421173408));
#3959=CARTESIAN_POINT('',(3.34240391930644,-0.470448241764907,-0.475845959475986));
#3960=CARTESIAN_POINT('',(3.34323036507425,-0.471052123662212,-0.476664148519077));
#3961=CARTESIAN_POINT('',(3.34410109742691,-0.471628341561095,-0.477454832102134));
#3962=CARTESIAN_POINT('',(3.42732553395487,-3.48180924050035,0.995386252479979));
#3963=CARTESIAN_POINT('',(3.42815719612549,-3.48239658825995,0.99458708378655));
#3964=CARTESIAN_POINT('',(3.42903284726646,-3.48295721535297,0.993814335373996));
#3965=CARTESIAN_POINT('',(3.34500782341863,-0.472178405883662,-0.478218798525737));
#3966=CARTESIAN_POINT('',(3.34682127540206,-0.473278534528797,-0.479746731372941));
#3967=CARTESIAN_POINT('',(3.3487782663047,-0.474273635967295,-0.481167251869068));
#3968=CARTESIAN_POINT('',(3.42994421487591,-3.4834925674016,0.993067293485527));
#3969=CARTESIAN_POINT('',(3.43176695009483,-3.48456327149887,0.991573209708588));
#3970=CARTESIAN_POINT('',(3.43373211189156,-3.48553247411526,0.990182482399196));
#3971=CARTESIAN_POINT('',(3.35082975283294,-0.475177960727623,-0.482491343453212));
#3972=CARTESIAN_POINT('',(3.351342624465,-0.475404041917705,-0.482822366349248));
#3973=CARTESIAN_POINT('',(3.3518621892679,-0.475624198814996,-0.483147159974095));
#3974=CARTESIAN_POINT('',(3.43579082900966,-3.48641388048275,0.988884755410119));
#3975=CARTESIAN_POINT('',(3.43630550828919,-3.48663423207462,0.98856032366285));
#3976=CARTESIAN_POINT('',(3.43682681899749,-3.48684885507404,0.988241896059286));
#3977=CARTESIAN_POINT('',(3.35238678345385,-0.475839064655099,-0.483466274990145));
#3978=CARTESIAN_POINT('',(3.35291137763981,-0.476053930495202,-0.483785390006196));
#3979=CARTESIAN_POINT('',(3.35344121237858,-0.476263409358,-0.484098738039761));
#3980=CARTESIAN_POINT('',(3.43735310462338,-3.48705835965242,0.987928948469342));
#3981=CARTESIAN_POINT('',(3.43787939024926,-3.4872678642308,0.987616000879399));
#3982=CARTESIAN_POINT('',(3.43841086088942,-3.48747215786925,0.987308617764107));
#3983=CARTESIAN_POINT('',(3.35397655557562,-0.476467416517703,-0.484406250913744));
#3984=CARTESIAN_POINT('',(3.35451189877266,-0.476671423677406,-0.484713763787728));
#3985=CARTESIAN_POINT('',(3.35505187154731,-0.476870335974233,-0.485015782712493));
#3986=CARTESIAN_POINT('',(3.43894778344337,-3.48767115903043,0.987006863632677));
#3987=CARTESIAN_POINT('',(3.43948470599732,-3.4878701601916,0.986705109501247));
#3988=CARTESIAN_POINT('',(3.44002620583531,-3.48806423224191,0.986408658643161));
#3989=CARTESIAN_POINT('',(3.35559650896873,-0.477064111180675,-0.485312261751812));
#3990=CARTESIAN_POINT('',(3.35614114639016,-0.477257886387117,-0.485608740791131));
#3991=CARTESIAN_POINT('',(3.35669083076175,-0.477446360076773,-0.485899530921897));
#3992=CARTESIAN_POINT('',(3.44057231759543,-3.48825333432016,0.986117555422873));
#3993=CARTESIAN_POINT('',(3.44111842935555,-3.48844243639842,0.985826452202585));
#3994=CARTESIAN_POINT('',(3.44166953348723,-3.48862640995457,0.985540838883234));
#3995=CARTESIAN_POINT('',(3.35724436065241,-0.477630109785157,-0.486185172746293));
#3996=CARTESIAN_POINT('',(3.35779789054307,-0.47781385949354,-0.48647081457069));
#3997=CARTESIAN_POINT('',(3.35835506737263,-0.477992977227471,-0.486751393339646));
#3998=CARTESIAN_POINT('',(3.44222443497031,-3.48880581220383,0.985260198238466));
#3999=CARTESIAN_POINT('',(3.44277933645339,-3.48898521445308,0.984979557593699));
#4000=CARTESIAN_POINT('',(3.44333783773414,-3.48916013414881,0.984703808115271));
#4001=CARTESIAN_POINT('',(3.35891662072104,-0.478167100080954,-0.487026566274788));
#4002=CARTESIAN_POINT('',(3.35947817406945,-0.478341222934436,-0.487301739209931));
#4003=CARTESIAN_POINT('',(3.36004373051877,-0.478510546218481,-0.487571693125427));
#4004=CARTESIAN_POINT('',(3.44390066438218,-3.48933022109627,0.984433277958911));
#4005=CARTESIAN_POINT('',(3.44446349103022,-3.48950030804373,0.984162747802552));
#4006=CARTESIAN_POINT('',(3.44503027177219,-3.48966575075643,0.983897257973732));
#4007=CARTESIAN_POINT('',(3.36061228129419,-0.478675610471063,-0.487836948041692));
#4008=CARTESIAN_POINT('',(3.36118083206961,-0.478840674723644,-0.488102202957957));
#4009=CARTESIAN_POINT('',(3.36175281640277,-0.479001225797889,-0.488362510116214));
#4010=CARTESIAN_POINT('',(3.44560000375089,-3.48982707101559,0.983636310029211));
#4011=CARTESIAN_POINT('',(3.44616973572959,-3.48998839127476,0.983375362084689));
#4012=CARTESIAN_POINT('',(3.4467428554194,-3.49014534367309,0.983119194729511));
#4013=CARTESIAN_POINT('',(3.36232832508969,-0.479157234775006,-0.488617846167648));
#4014=CARTESIAN_POINT('',(3.36290383377661,-0.479313243752122,-0.488873182219082));
#4015=CARTESIAN_POINT('',(3.36348258804413,-0.479464869171177,-0.489123701761542));
#4016=CARTESIAN_POINT('',(3.44731945327344,-3.49029790037862,0.982867830062241));
#4017=CARTESIAN_POINT('',(3.44789605112748,-3.49045045708415,0.982616465394971));
#4018=CARTESIAN_POINT('',(3.44847585009602,-3.49059877117332,0.982369755101801));
#4019=CARTESIAN_POINT('',(3.36406374711774,-0.479612611719881,-0.489369897848423));
#4020=CARTESIAN_POINT('',(3.36522606526497,-0.47990809681729,-0.489862290022185));
#4021=CARTESIAN_POINT('',(3.36640151638506,-0.480185839292961,-0.490335186746404));
#4022=CARTESIAN_POINT('',(3.44905801481906,-3.49074332617177,0.982127225872021));
#4023=CARTESIAN_POINT('',(3.45022234426512,-3.49103243616869,0.981642167412462));
#4024=CARTESIAN_POINT('',(3.45139962670838,-3.49130437400262,0.981175948164719));
#4025=CARTESIAN_POINT('',(3.36758520277873,-0.480449097549896,-0.49079186644138));
#4026=CARTESIAN_POINT('',(3.36876888917239,-0.480712355806831,-0.491248546136355));
#4027=CARTESIAN_POINT('',(3.36996351620581,-0.480959222419537,-0.491687070023823));
#4028=CARTESIAN_POINT('',(3.45258499927658,-3.49156228768724,0.980725416696881));
#4029=CARTESIAN_POINT('',(3.45377037184478,-3.49182020137186,0.980274885229044));
#4030=CARTESIAN_POINT('',(3.45496651963225,-3.49206224773623,0.979841906402978));
#4031=CARTESIAN_POINT('',(3.37116534844975,-0.481192465263201,-0.492110274590638));
#4032=CARTESIAN_POINT('',(3.37176626457173,-0.481309086685034,-0.492321876874045));
#4033=CARTESIAN_POINT('',(3.37236904236956,-0.481422244798432,-0.492529588468968));
#4034=CARTESIAN_POINT('',(3.45616973649046,-3.49229110184617,0.979423750496787));
#4035=CARTESIAN_POINT('',(3.45677134491957,-3.49240552890114,0.979214672543691));
#4036=CARTESIAN_POINT('',(3.45737478039489,-3.4925166024113,0.979009359010482));
#4037=CARTESIAN_POINT('',(3.3729740700228,-0.481531654137206,-0.492733117188035));
#4038=CARTESIAN_POINT('',(3.37357909767603,-0.481641063475981,-0.492936645907101));
#4039=CARTESIAN_POINT('',(3.37418613825848,-0.481746908484812,-0.493136182223691));
#4040=CARTESIAN_POINT('',(3.45798042807401,-3.492624046489,0.978808091065661));
#4041=CARTESIAN_POINT('',(3.45858607575313,-3.49273149056671,0.978606823120841));
#4042=CARTESIAN_POINT('',(3.45919370065248,-3.49283548349919,0.978409417374371));
#4043=CARTESIAN_POINT('',(3.37479472503823,-0.481849568703507,-0.493332120609279));
#4044=CARTESIAN_POINT('',(3.37540331181798,-0.481952228922203,-0.493528058994867));
#4045=CARTESIAN_POINT('',(3.37601323286135,-0.482051881499317,-0.493720584285191));
#4046=CARTESIAN_POINT('',(3.45980284002276,-3.49293639220287,0.978215493876322));
#4047=CARTESIAN_POINT('',(3.46041197939304,-3.49303730090655,0.978021570378272));
#4048=CARTESIAN_POINT('',(3.46102242315518,-3.49313529665145,0.977830951055385));
#4049=CARTESIAN_POINT('',(3.37662504615721,-0.482148045133897,-0.493909192129512));
#4050=CARTESIAN_POINT('',(3.37723685945307,-0.482244208768478,-0.494097799973834));
#4051=CARTESIAN_POINT('',(3.37785046119722,-0.482336977463728,-0.494282589505925));
#4052=CARTESIAN_POINT('',(3.46163472427187,-3.49322991406787,0.977644121931583));
#4053=CARTESIAN_POINT('',(3.46224702538856,-3.49332453148429,0.97745729280778));
#4054=CARTESIAN_POINT('',(3.46286108103356,-3.49341586147562,0.977274158315234));
#4055=CARTESIAN_POINT('',(3.37846547306704,-0.48242669301598,-0.494463921068853));
#4056=CARTESIAN_POINT('',(3.37969549680668,-0.482606124120485,-0.49482658419471));
#4057=CARTESIAN_POINT('',(3.38093048417013,-0.482773952391197,-0.495176058027528));
#4058=CARTESIAN_POINT('',(3.46347651644081,-3.49350423456516,0.977094371078997));
#4059=CARTESIAN_POINT('',(3.46470738725532,-3.49368098074424,0.976734796606523));
#4060=CARTESIAN_POINT('',(3.46594310658599,-3.49384648893972,0.97638799171495));
#4061=CARTESIAN_POINT('',(3.38217114298585,-0.482929495425054,-0.495511617366825));
#4062=CARTESIAN_POINT('',(3.38279147239371,-0.483007266941982,-0.495679397036474));
#4063=CARTESIAN_POINT('',(3.38341310269282,-0.483082087203991,-0.495843826583891));
#4064=CARTESIAN_POINT('',(3.46718437519447,-3.49400009914784,0.976054655837313));
#4065=CARTESIAN_POINT('',(3.46780500949872,-3.49407690425191,0.975887987898495));
#4066=CARTESIAN_POINT('',(3.46842691538846,-3.49415085098984,0.975724563225576));
#4067=CARTESIAN_POINT('',(3.38403572935756,-0.483154262451057,-0.49600523304898));
#4068=CARTESIAN_POINT('',(3.3846583560223,-0.483226437698123,-0.496166639514068));
#4069=CARTESIAN_POINT('',(3.38528181218372,-0.48329614199125,-0.4963252095352));
#4070=CARTESIAN_POINT('',(3.46904979150006,-3.49422223557926,0.975564066308067));
#4071=CARTESIAN_POINT('',(3.46967266761166,-3.49429362016868,0.975403569390559));
#4072=CARTESIAN_POINT('',(3.47029634886895,-3.49436261098813,0.975245820127001));
#4073=CARTESIAN_POINT('',(3.38590648897,-0.48336295434505,-0.496480490193798));
#4074=CARTESIAN_POINT('',(3.38715584254255,-0.483496579052651,-0.496791051510992));
#4075=CARTESIAN_POINT('',(3.38841000750402,-0.483618729926166,-0.497088558387134));
#4076=CARTESIAN_POINT('',(3.47092122207298,-3.49442880076765,0.975091255658183));
#4077=CARTESIAN_POINT('',(3.47217096848105,-3.4945611803267,0.974782126720548));
#4078=CARTESIAN_POINT('',(3.47342541251943,-3.49468244662584,0.974485637430814));
#4079=CARTESIAN_POINT('',(3.38966703664128,-0.483731591838188,-0.497375371468599));
#4080=CARTESIAN_POINT('',(3.3902955512099,-0.483788022794199,-0.497518778009331));
#4081=CARTESIAN_POINT('',(3.39092472755623,-0.48384219153138,-0.49765957585775));
#4082=CARTESIAN_POINT('',(3.47468262937329,-3.49479471354314,0.974199508812479));
#4083=CARTESIAN_POINT('',(3.47531123780022,-3.4948508470018,0.974056444503311));
#4084=CARTESIAN_POINT('',(3.47594048578063,-3.49490478868446,0.973915907851237));
#4085=CARTESIAN_POINT('',(3.39155494466221,-0.483893653853192,-0.497797283029528));
#4086=CARTESIAN_POINT('',(3.39218516176818,-0.483945116175005,-0.497934990201306));
#4087=CARTESIAN_POINT('',(3.39281629245193,-0.48399402524085,-0.498069773309123));
#4088=CARTESIAN_POINT('',(3.47657074775485,-3.49495610878993,0.973778364280642));
#4089=CARTESIAN_POINT('',(3.47720100972906,-3.49500742889541,0.973640820710047));
#4090=CARTESIAN_POINT('',(3.47783216007868,-3.49505627562747,0.973506109309046));
#4091=CARTESIAN_POINT('',(3.39344814353765,-0.48404062357633,-0.498201897179261));
#4092=CARTESIAN_POINT('',(3.39407999462338,-0.484087221911809,-0.4983340210494));
#4093=CARTESIAN_POINT('',(3.39471256611107,-0.484131509516923,-0.49846348568186));
#4094=CARTESIAN_POINT('',(3.47846400809775,-3.49510288368315,0.973373974257094));
#4095=CARTESIAN_POINT('',(3.47909585611682,-3.49514949173883,0.973241839205142));
#4096=CARTESIAN_POINT('',(3.47972840180533,-3.49519386111813,0.973112280502239));
#4097=CARTESIAN_POINT('',(3.39534566482491,-0.484173728917274,-0.498590555902926));
#4098=CARTESIAN_POINT('',(3.39597876353876,-0.484215948317625,-0.498717626123993));
#4099=CARTESIAN_POINT('',(3.39661240896046,-0.484256069849728,-0.498842269039096));
#4100=CARTESIAN_POINT('',(3.48036145445734,-3.49523622651809,0.972985042327838));
#4101=CARTESIAN_POINT('',(3.48099450710935,-3.49527859191805,0.972857804153437));
#4102=CARTESIAN_POINT('',(3.48162808590743,-3.49531892462331,0.972732918311402));
#4103=CARTESIAN_POINT('',(3.39724686789324,-0.484293747245731,-0.498964105446814));
#4104=CARTESIAN_POINT('',(3.39851578575878,-0.484369102037737,-0.49920777826225));
#4105=CARTESIAN_POINT('',(3.39978751846343,-0.484435268728097,-0.499440871181798));
#4106=CARTESIAN_POINT('',(3.48226245413485,-3.49535688952295,0.972610751168584));
#4107=CARTESIAN_POINT('',(3.48353119058969,-3.49543281932223,0.972366416882948));
#4108=CARTESIAN_POINT('',(3.48480265152833,-3.49549984741397,0.97213233303446));
#4109=CARTESIAN_POINT('',(3.40106084805507,-0.484493963529553,-0.499665276326977));
#4110=CARTESIAN_POINT('',(3.40360750723836,-0.484611353132466,-0.500114086617335));
#4111=CARTESIAN_POINT('',(3.40616271269469,-0.484695660187262,-0.50052461013842));
#4112=CARTESIAN_POINT('',(3.48607563637,-3.49555963494998,0.971906670841976));
#4113=CARTESIAN_POINT('',(3.48862160605334,-3.495679210022,0.971455346457006));
#4114=CARTESIAN_POINT('',(3.49117579781203,-3.49576673013699,0.971041126732975));
#4115=CARTESIAN_POINT('',(3.40872332370944,-0.484751868314179,-0.500902389417738));
#4116=CARTESIAN_POINT('',(3.41000362921681,-0.484779972377637,-0.501091279057398));
#4117=CARTESIAN_POINT('',(3.41128565956905,-0.484800430055414,-0.50127128904088));
#4118=CARTESIAN_POINT('',(3.49373512109243,-3.49582701992284,0.970658652042172));
#4119=CARTESIAN_POINT('',(3.49501478273263,-3.49585716481577,0.97046741469677));
#4120=CARTESIAN_POINT('',(3.49629609446454,-3.49587990026385,0.970284784438284));
#4121=CARTESIAN_POINT('',(3.41256867333854,-0.484814570320333,-0.501443909054472));
#4122=CARTESIAN_POINT('',(3.41385168710803,-0.484828710585252,-0.501616529068064));
#4123=CARTESIAN_POINT('',(3.41513559135942,-0.484836687331595,-0.50178193075695));
#4124=CARTESIAN_POINT('',(3.49757832816827,-3.4958965130592,0.970109320103798));
#4125=CARTESIAN_POINT('',(3.49886056187201,-3.49591312585455,0.969933855769313));
#4126=CARTESIAN_POINT('',(3.50014362615829,-3.49592376499093,0.96976539135105));
#4127=CARTESIAN_POINT('',(3.41642078838095,-0.484837762182255,-0.501939285279873));
#4128=CARTESIAN_POINT('',(3.42156157646709,-0.484842061584893,-0.502568703371566));
#4129=CARTESIAN_POINT('',(3.42671683705577,-0.484747686947404,-0.503082586929178));
#4130=CARTESIAN_POINT('',(3.50142791592848,-3.49592771550498,0.969604728755805));
#4131=CARTESIAN_POINT('',(3.50656507500926,-3.49594351756121,0.968962078374828));
#4132=CARTESIAN_POINT('',(3.51171574748723,-3.49586368559941,0.96843146538254));
#4133=CARTESIAN_POINT('',(3.43187822457711,-0.484574018145202,-0.503502958968709));
#4134=CARTESIAN_POINT('',(3.43316857145745,-0.484530600944652,-0.503608051978592));
#4135=CARTESIAN_POINT('',(3.43445912658676,-0.484482733709162,-0.503707880600044));
#4136=CARTESIAN_POINT('',(3.51687178009272,-3.49570698997195,0.967991567939019));
#4137=CARTESIAN_POINT('',(3.51816078824409,-3.49566781606508,0.967881593578138));
#4138=CARTESIAN_POINT('',(3.5194499617077,-3.49562432821745,0.967776727047256));
#4139=CARTESIAN_POINT('',(3.43575010728916,-0.484429805720969,-0.503801745275826));
#4140=CARTESIAN_POINT('',(3.43704108799157,-0.484376877732776,-0.503895609951607));
#4141=CARTESIAN_POINT('',(3.43833243258994,-0.484319074661532,-0.50398372389379));
#4142=CARTESIAN_POINT('',(3.52073951178031,-3.49557593481582,0.967677645926353));
#4143=CARTESIAN_POINT('',(3.52202906185291,-3.49552754141419,0.967578564805449));
#4144=CARTESIAN_POINT('',(3.5233189286867,-3.49547442233002,0.967485062552514));
#4145=CARTESIAN_POINT('',(3.43962388304491,-0.484257166779034,-0.504066971374158));
#4146=CARTESIAN_POINT('',(3.44091533349987,-0.484195258896535,-0.504150218854525));
#4147=CARTESIAN_POINT('',(3.44220689853325,-0.484129205442492,-0.504228552481228));
#4148=CARTESIAN_POINT('',(3.52460886183283,-3.49541732377573,0.967396282572913));
#4149=CARTESIAN_POINT('',(3.52589879497897,-3.49536022522145,0.967307502593312));
#4150=CARTESIAN_POINT('',(3.52718880276113,-3.49529910769873,0.967223490827151));
#4151=CARTESIAN_POINT('',(3.44349870630349,-0.484058626789825,-0.504301536562022));
#4152=CARTESIAN_POINT('',(3.44479051407372,-0.483988048137158,-0.504374520642816));
#4153=CARTESIAN_POINT('',(3.4460824799807,-0.483913217261876,-0.504442469385497));
#4154=CARTESIAN_POINT('',(3.52847900959608,-3.49523360344035,0.967144669323478));
#4155=CARTESIAN_POINT('',(3.52976921643102,-3.49516809918198,0.967065847819807));
#4156=CARTESIAN_POINT('',(3.53105954040375,-3.49509847265306,0.966991912161487));
#4157=CARTESIAN_POINT('',(3.4473744068692,-0.483834801856313,-0.504506152521328));
#4158=CARTESIAN_POINT('',(3.44995826064621,-0.483677971045187,-0.504633518792991));
#4159=CARTESIAN_POINT('',(3.45254255938675,-0.483504674150092,-0.504741366156265));
#4160=CARTESIAN_POINT('',(3.53234979091982,-3.49502537075063,0.966922116539515));
#4161=CARTESIAN_POINT('',(3.53493029195197,-3.49487916694578,0.966782525295572));
#4162=CARTESIAN_POINT('',(3.53751107930495,-3.49471699989774,0.966661874507873));
#4163=CARTESIAN_POINT('',(3.45512655889763,-0.483317742617235,-0.504832969925378));
#4164=CARTESIAN_POINT('',(3.45641855865308,-0.483224276850807,-0.504878771809935));
#4165=CARTESIAN_POINT('',(3.4577105806925,-0.483127016077776,-0.504920065342817));
#4166=CARTESIAN_POINT('',(3.5400914365419,-3.49454161307512,0.966556990068828));
#4167=CARTESIAN_POINT('',(3.54138161516038,-3.49445391966381,0.966504547849306));
#4168=CARTESIAN_POINT('',(3.54267177955711,-3.49436254695605,0.966456480872159));
#4169=CARTESIAN_POINT('',(3.45900250827874,-0.48302645717493,-0.504957426975967));
#4170=CARTESIAN_POINT('',(3.46029443586498,-0.482925898272084,-0.504994788609117));
#4171=CARTESIAN_POINT('',(3.46158623037851,-0.4828222079235,-0.505028411786946));
#4172=CARTESIAN_POINT('',(3.54396181785585,-3.49426797642122,0.966412230409631));
#4173=CARTESIAN_POINT('',(3.54525185615459,-3.49417340588639,0.966367979947104));
#4174=CARTESIAN_POINT('',(3.54654173136609,-3.49407579904118,0.966327358499195));
#4175=CARTESIAN_POINT('',(3.46287796182322,-0.482715072334753,-0.505057932008931));
#4176=CARTESIAN_POINT('',(3.46804488760207,-0.482286529979768,-0.505176012896869));
#4177=CARTESIAN_POINT('',(3.47320998500099,-0.481806611947816,-0.505232802375279));
#4178=CARTESIAN_POINT('',(3.54783151042707,-3.49397485181302,0.966290719382691));
#4179=CARTESIAN_POINT('',(3.55299062667098,-3.49357106290041,0.966144162916674));
#4180=CARTESIAN_POINT('',(3.55814742185199,-3.49311745994026,0.966057101411036));
#4181=CARTESIAN_POINT('',(3.47837173064139,-0.481282792691781,-0.505237000193295));
#4182=CARTESIAN_POINT('',(3.4835334762818,-0.480758973435747,-0.505241198011311));
#4183=CARTESIAN_POINT('',(3.48869179457354,-0.480191768489556,-0.505193407795266));
#4184=CARTESIAN_POINT('',(3.56330044554766,-3.49262128614048,0.966021101133536));
#4185=CARTESIAN_POINT('',(3.56845346924333,-3.49212511234071,0.965985100856035));
#4186=CARTESIAN_POINT('',(3.57360265087444,-3.49158686735234,0.965999576451522));
#4187=CARTESIAN_POINT('',(3.49384576399625,-0.479585651167768,-0.50509883498458));
#4188=CARTESIAN_POINT('',(3.49899973341897,-0.47897953384598,-0.505004262173893));
#4189=CARTESIAN_POINT('',(3.50414928919573,-0.478334802180327,-0.504863253167028));
#4190=CARTESIAN_POINT('',(3.57874711259046,-3.49101088607215,0.966059481712041));
#4191=CARTESIAN_POINT('',(3.58389157430648,-3.49043490479195,0.96611938697256));
#4192=CARTESIAN_POINT('',(3.58903125424238,-3.48982147602201,0.966224386117146));
#4193=CARTESIAN_POINT('',(3.50929358988952,-0.47765410155228,-0.504678850296835));
#4194=CARTESIAN_POINT('',(3.51443789058332,-0.476973400924233,-0.504494447426641));
#4195=CARTESIAN_POINT('',(3.51957688985957,-0.476256808782468,-0.504266737128042));
#4196=CARTESIAN_POINT('',(3.59416533699783,-3.4891731626168,0.966371531749392));
#4197=CARTESIAN_POINT('',(3.59929941975327,-3.48852484921159,0.966518677381638));
#4198=CARTESIAN_POINT('',(3.60442785977144,-3.48784172615454,0.966707885902561));
#4199=CARTESIAN_POINT('',(3.52470962627969,-0.475505172221124,-0.503996609568002));
#4200=CARTESIAN_POINT('',(3.52984236269982,-0.474753535659779,-0.503726482007962));
#4201=CARTESIAN_POINT('',(3.53496881035728,-0.473966845539367,-0.503413923176392));
#4202=CARTESIAN_POINT('',(3.60954970444519,-3.48712461254731,0.966938299346864));
#4203=CARTESIAN_POINT('',(3.61467154911893,-3.48640749894008,0.967168712791169));
#4204=CARTESIAN_POINT('',(3.61978677247235,-3.48565638586309,0.967440344915958));
#4205=CARTESIAN_POINT('',(3.54008768788518,-0.473144427316179,-0.503057975643267));
#4206=CARTESIAN_POINT('',(3.54520656541307,-0.47232200909299,-0.502702028110143));
#4207=CARTESIAN_POINT('',(3.55031786735003,-0.471463833786329,-0.502302656763378));
#4208=CARTESIAN_POINT('',(3.62489408756748,-3.48487061643084,0.967754132837834));
#4209=CARTESIAN_POINT('',(3.63000140266261,-3.48408484699858,0.968067920759709));
#4210=CARTESIAN_POINT('',(3.63510080376334,-3.48326439310123,0.968423898588922));
#4211=GEOMETRIC_SET('VZHEQXVFXP, Struts, 1',(#3622));
#4212=GEOMETRICALLY_BOUNDED_SURFACE_SHAPE_REPRESENTATION('',(#4211),#12);
#4213=SHAPE_REPRESENTATION_RELATIONSHIP('','',#26,#4212);
#4214=B_SPLINE_SURFACE_WITH_KNOTS('Surf_XDQLFWUJVY, FuselageGeom, 0, 0',3,3,((#4215, #4215, #4215, #4215, #4215, #4215, #4215, #4215, #4215, #4215, #4215, #4215, #4215, #4215, #4215, #4215, #4215, #4215, #4215, #4215, #4215, #4215, #4215, #4215, #4215, #4215, #4215, #4215, #4215, #4215, #4215, #4215, #4215, #4215, #4215, #4215, #4215, #4215, #4215, #4215, #4215, #4215, #4215, #4215, #4215, #4215, #4215, #4215, #4215, #4215, #4215, #4215, #4215, #4215, #4215, #4215, #4215, #4215, #4215, #4215, #4215, #4215, #4215, #4215, #4215, #4215, #4215, #4215, #4215, #4215, #4215, #4215, #4215, #4215, #4215, #4215, #4215, #4215, #4215, #4215, #4215, #4215, #4215, #4215, #4215, #4215, #4215, #4215, #4215, #4215, #4215, #4215, #4215, #4215, #4215, #4215, #4215),(#4216, #4217, #4218, #4222, #4223, #4224, #4228, #4229, #4230, #4234, #4235, #4236, #4240, #4241, #4242, #4246, #4247, #4248, #4252, #4253, #4254, #4258, #4259, #4260, #4264, #4265, #4266, #4270, #4271, #4272, #4276, #4277, #4278, #4282, #4283, #4284, #4288, #4289, #4290, #4294, #4295, #4296, #4300, #4301, #4302, #4306, #4307, #4308, #4312, #4313, #4314, #4318, #4319, #4320, #4324, #4325, #4326, #4330, #4331, #4332, #4336, #4337, #4338, #4342, #4343, #4344, #4348, #4349, #4350, #4354, #4355, #4356, #4360, #4361, #4362, #4366, #4367, #4368, #4372, #4373, #4374, #4378, #4379, #4380, #4384, #4385, #4386, #4390, #4391, #4392, #4396, #4397, #4398, #4402, #4403, #4404, #4216),(#4219, #4220, #4221, #4225, #4226, #4227, #4231, #4232, #4233, #4237, #4238, #4239, #4243, #4244, #4245, #4249, #4250, #4251, #4255, #4256, #4257, #4261, #4262, #4263, #4267, #4268, #4269, #4273, #4274, #4275, #4279, #4280, #4281, #4285, #4286, #4287, #4291, #4292, #4293, #4297, #4298, #4299, #4303, #4304, #4305, #4309, #4310, #4311, #4315, #4316, #4317, #4321, #4322, #4323, #4327, #4328, #4329, #4333, #4334, #4335, #4339, #4340, #4341, #4345, #4346, #4347, #4351, #4352, #4353, #4357, #4358, #4359, #4363, #4364, #4365, #4369, #4370, #4371, #4375, #4376, #4377, #4381, #4382, #4383, #4387, #4388, #4389, #4393, #4394, #4395, #4399, #4400, #4401, #4405, #4406, #4407, #4219),(#4408, #4409, #4410, #4417, #4418, #4419, #4426, #4427, #4428, #4435, #4436, #4437, #4444, #4445, #4446, #4453, #4454, #4455, #4462, #4463, #4464, #4471, #4472, #4473, #4480, #4481, #4482, #4489, #4490, #4491, #4498, #4499, #4500, #4507, #4508, #4509, #4516, #4517, #4518, #4525, #4526, #4527, #4534, #4535, #4536, #4543, #4544, #4545, #4552, #4553, #4554, #4561, #4562, #4563, #4570, #4571, #4572, #4579, #4580, #4581, #4588, #4589, #4590, #4597, #4598, #4599, #4606, #4607, #4608, #4615, #4616, #4617, #4624, #4625, #4626, #4633, #4634, #4635, #4642, #4643, #4644, #4651, #4652, #4653, #4660, #4661, #4662, #4669, #4670, #4671, #4678, #4679, #4680, #4687, #4688, #4689, #4408),(#4411, #4412, #4413, #4420, #4421, #4422, #4429, #4430, #4431, #4438, #4439, #4440, #4447, #4448, #4449, #4456, #4457, #4458, #4465, #4466, #4467, #4474, #4475, #4476, #4483, #4484, #4485, #4492, #4493, #4494, #4501, #4502, #4503, #4510, #4511, #4512, #4519, #4520, #4521, #4528, #4529, #4530, #4537, #4538, #4539, #4546, #4547, #4548, #4555, #4556, #4557, #4564, #4565, #4566, #4573, #4574, #4575, #4582, #4583, #4584, #4591, #4592, #4593, #4600, #4601, #4602, #4609, #4610, #4611, #4618, #4619, #4620, #4627, #4628, #4629, #4636, #4637, #4638, #4645, #4646, #4647, #4654, #4655, #4656, #4663, #4664, #4665, #4672, #4673, #4674, #4681, #4682, #4683, #4690, #4691, #4692, #4411),(#4414, #4415, #4416, #4423, #4424, #4425, #4432, #4433, #4434, #4441, #4442, #4443, #4450, #4451, #4452, #4459, #4460, #4461, #4468, #4469, #4470, #4477, #4478, #4479, #4486, #4487, #4488, #4495, #4496, #4497, #4504, #4505, #4506, #4513, #4514, #4515, #4522, #4523, #4524, #4531, #4532, #4533, #4540, #4541, #4542, #4549, #4550, #4551, #4558, #4559, #4560, #4567, #4568, #4569, #4576, #4577, #4578, #4585, #4586, #4587, #4594, #4595, #4596, #4603, #4604, #4605, #4612, #4613, #4614, #4621, #4622, #4623, #4630, #4631, #4632, #4639, #4640, #4641, #4648, #4649, #4650, #4657, #4658, #4659, #4666, #4667, #4668, #4675, #4676, #4677, #4684, #4685, #4686, #4693, #4694, #4695, #4414),(#4696, #4697, #4698, #4705, #4706, #4707, #4714, #4715, #4716, #4723, #4724, #4725, #4732, #4733, #4734, #4741, #4742, #4743, #4750, #4751, #4752, #4759, #4760, #4761, #4768, #4769, #4770, #4777, #4778, #4779, #4786, #4787, #4788, #4795, #4796, #4797, #4804, #4805, #4806, #4813, #4814, #4815, #4822, #4823, #4824, #4831, #4832, #4833, #4840, #4841, #4842, #4849, #4850, #4851, #4858, #4859, #4860, #4867, #4868, #4869, #4876, #4877, #4878, #4885, #4886, #4887, #4894, #4895, #4896, #4903, #4904, #4905, #4912, #4913, #4914, #4921, #4922, #4923, #4930, #4931, #4932, #4939, #4940, #4941, #4948, #4949, #4950, #4957, #4958, #4959, #4966, #4967, #4968, #4975, #4976, #4977, #4696),(#4699, #4700, #4701, #4708, #4709, #4710, #4717, #4718, #4719, #4726, #4727, #4728, #4735, #4736, #4737, #4744, #4745, #4746, #4753, #4754, #4755, #4762, #4763, #4764, #4771, #4772, #4773, #4780, #4781, #4782, #4789, #4790, #4791, #4798, #4799, #4800, #4807, #4808, #4809, #4816, #4817, #4818, #4825, #4826, #4827, #4834, #4835, #4836, #4843, #4844, #4845, #4852, #4853, #4854, #4861, #4862, #4863, #4870, #4871, #4872, #4879, #4880, #4881, #4888, #4889, #4890, #4897, #4898, #4899, #4906, #4907, #4908, #4915, #4916, #4917, #4924, #4925, #4926, #4933, #4934, #4935, #4942, #4943, #4944, #4951, #4952, #4953, #4960, #4961, #4962, #4969, #4970, #4971, #4978, #4979, #4980, #4699),(#4702, #4703, #4704, #4711, #4712, #4713, #4720, #4721, #4722, #4729, #4730, #4731, #4738, #4739, #4740, #4747, #4748, #4749, #4756, #4757, #4758, #4765, #4766, #4767, #4774, #4775, #4776, #4783, #4784, #4785, #4792, #4793, #4794, #4801, #4802, #4803, #4810, #4811, #4812, #4819, #4820, #4821, #4828, #4829, #4830, #4837, #4838, #4839, #4846, #4847, #4848, #4855, #4856, #4857, #4864, #4865, #4866, #4873, #4874, #4875, #4882, #4883, #4884, #4891, #4892, #4893, #4900, #4901, #4902, #4909, #4910, #4911, #4918, #4919, #4920, #4927, #4928, #4929, #4936, #4937, #4938, #4945, #4946, #4947, #4954, #4955, #4956, #4963, #4964, #4965, #4972, #4973, #4974, #4981, #4982, #4983, #4702),(#4984, #4985, #4986, #4993, #4994, #4995, #5002, #5003, #5004, #5011, #5012, #5013, #5020, #5021, #5022, #5029, #5030, #5031, #5038, #5039, #5040, #5047, #5048, #5049, #5056, #5057, #5058, #5065, #5066, #5067, #5074, #5075, #5076, #5083, #5084, #5085, #5092, #5093, #5094, #5101, #5102, #5103, #5110, #5111, #5112, #5119, #5120, #5121, #5128, #5129, #5130, #5137, #5138, #5139, #5146, #5147, #5148, #5155, #5156, #5157, #5164, #5165, #5166, #5173, #5174, #5175, #5182, #5183, #5184, #5191, #5192, #5193, #5200, #5201, #5202, #5209, #5210, #5211, #5218, #5219, #5220, #5227, #5228, #5229, #5236, #5237, #5238, #5245, #5246, #5247, #5254, #5255, #5256, #5263, #5264, #5265, #4984),(#4987, #4988, #4989, #4996, #4997, #4998, #5005, #5006, #5007, #5014, #5015, #5016, #5023, #5024, #5025, #5032, #5033, #5034, #5041, #5042, #5043, #5050, #5051, #5052, #5059, #5060, #5061, #5068, #5069, #5070, #5077, #5078, #5079, #5086, #5087, #5088, #5095, #5096, #5097, #5104, #5105, #5106, #5113, #5114, #5115, #5122, #5123, #5124, #5131, #5132, #5133, #5140, #5141, #5142, #5149, #5150, #5151, #5158, #5159, #5160, #5167, #5168, #5169, #5176, #5177, #5178, #5185, #5186, #5187, #5194, #5195, #5196, #5203, #5204, #5205, #5212, #5213, #5214, #5221, #5222, #5223, #5230, #5231, #5232, #5239, #5240, #5241, #5248, #5249, #5250, #5257, #5258, #5259, #5266, #5267, #5268, #4987),(#4990, #4991, #4992, #4999, #5000, #5001, #5008, #5009, #5010, #5017, #5018, #5019, #5026, #5027, #5028, #5035, #5036, #5037, #5044, #5045, #5046, #5053, #5054, #5055, #5062, #5063, #5064, #5071, #5072, #5073, #5080, #5081, #5082, #5089, #5090, #5091, #5098, #5099, #5100, #5107, #5108, #5109, #5116, #5117, #5118, #5125, #5126, #5127, #5134, #5135, #5136, #5143, #5144, #5145, #5152, #5153, #5154, #5161, #5162, #5163, #5170, #5171, #5172, #5179, #5180, #5181, #5188, #5189, #5190, #5197, #5198, #5199, #5206, #5207, #5208, #5215, #5216, #5217, #5224, #5225, #5226, #5233, #5234, #5235, #5242, #5243, #5244, #5251, #5252, #5253, #5260, #5261, #5262, #5269, #5270, #5271, #4990),(#5272, #5273, #5274, #5281, #5282, #5283, #5290, #5291, #5292, #5299, #5300, #5301, #5308, #5309, #5310, #5317, #5318, #5319, #5326, #5327, #5328, #5335, #5336, #5337, #5344, #5345, #5346, #5353, #5354, #5355, #5362, #5363, #5364, #5371, #5372, #5373, #5380, #5381, #5382, #5389, #5390, #5391, #5398, #5399, #5400, #5407, #5408, #5409, #5416, #5417, #5418, #5425, #5426, #5427, #5434, #5435, #5436, #5443, #5444, #5445, #5452, #5453, #5454, #5461, #5462, #5463, #5470, #5471, #5472, #5479, #5480, #5481, #5488, #5489, #5490, #5497, #5498, #5499, #5506, #5507, #5508, #5515, #5516, #5517, #5524, #5525, #5526, #5533, #5534, #5535, #5542, #5543, #5544, #5551, #5552, #5553, #5272),(#5275, #5276, #5277, #5284, #5285, #5286, #5293, #5294, #5295, #5302, #5303, #5304, #5311, #5312, #5313, #5320, #5321, #5322, #5329, #5330, #5331, #5338, #5339, #5340, #5347, #5348, #5349, #5356, #5357, #5358, #5365, #5366, #5367, #5374, #5375, #5376, #5383, #5384, #5385, #5392, #5393, #5394, #5401, #5402, #5403, #5410, #5411, #5412, #5419, #5420, #5421, #5428, #5429, #5430, #5437, #5438, #5439, #5446, #5447, #5448, #5455, #5456, #5457, #5464, #5465, #5466, #5473, #5474, #5475, #5482, #5483, #5484, #5491, #5492, #5493, #5500, #5501, #5502, #5509, #5510, #5511, #5518, #5519, #5520, #5527, #5528, #5529, #5536, #5537, #5538, #5545, #5546, #5547, #5554, #5555, #5556, #5275),(#5278, #5279, #5280, #5287, #5288, #5289, #5296, #5297, #5298, #5305, #5306, #5307, #5314, #5315, #5316, #5323, #5324, #5325, #5332, #5333, #5334, #5341, #5342, #5343, #5350, #5351, #5352, #5359, #5360, #5361, #5368, #5369, #5370, #5377, #5378, #5379, #5386, #5387, #5388, #5395, #5396, #5397, #5404, #5405, #5406, #5413, #5414, #5415, #5422, #5423, #5424, #5431, #5432, #5433, #5440, #5441, #5442, #5449, #5450, #5451, #5458, #5459, #5460, #5467, #5468, #5469, #5476, #5477, #5478, #5485, #5486, #5487, #5494, #5495, #5496, #5503, #5504, #5505, #5512, #5513, #5514, #5521, #5522, #5523, #5530, #5531, #5532, #5539, #5540, #5541, #5548, #5549, #5550, #5557, #5558, #5559, #5278),(#5560, #5561, #5562, #5569, #5570, #5571, #5578, #5579, #5580, #5587, #5588, #5589, #5596, #5597, #5598, #5605, #5606, #5607, #5614, #5615, #5616, #5623, #5624, #5625, #5632, #5633, #5634, #5641, #5642, #5643, #5650, #5651, #5652, #5659, #5660, #5661, #5668, #5669, #5670, #5677, #5678, #5679, #5686, #5687, #5688, #5695, #5696, #5697, #5704, #5705, #5706, #5713, #5714, #5715, #5722, #5723, #5724, #5731, #5732, #5733, #5740, #5741, #5742, #5749, #5750, #5751, #5758, #5759, #5760, #5767, #5768, #5769, #5776, #5777, #5778, #5785, #5786, #5787, #5794, #5795, #5796, #5803, #5804, #5805, #5812, #5813, #5814, #5821, #5822, #5823, #5830, #5831, #5832, #5839, #5840, #5841, #5560),(#5563, #5564, #5565, #5572, #5573, #5574, #5581, #5582, #5583, #5590, #5591, #5592, #5599, #5600, #5601, #5608, #5609, #5610, #5617, #5618, #5619, #5626, #5627, #5628, #5635, #5636, #5637, #5644, #5645, #5646, #5653, #5654, #5655, #5662, #5663, #5664, #5671, #5672, #5673, #5680, #5681, #5682, #5689, #5690, #5691, #5698, #5699, #5700, #5707, #5708, #5709, #5716, #5717, #5718, #5725, #5726, #5727, #5734, #5735, #5736, #5743, #5744, #5745, #5752, #5753, #5754, #5761, #5762, #5763, #5770, #5771, #5772, #5779, #5780, #5781, #5788, #5789, #5790, #5797, #5798, #5799, #5806, #5807, #5808, #5815, #5816, #5817, #5824, #5825, #5826, #5833, #5834, #5835, #5842, #5843, #5844, #5563),(#5566, #5567, #5568, #5575, #5576, #5577, #5584, #5585, #5586, #5593, #5594, #5595, #5602, #5603, #5604, #5611, #5612, #5613, #5620, #5621, #5622, #5629, #5630, #5631, #5638, #5639, #5640, #5647, #5648, #5649, #5656, #5657, #5658, #5665, #5666, #5667, #5674, #5675, #5676, #5683, #5684, #5685, #5692, #5693, #5694, #5701, #5702, #5703, #5710, #5711, #5712, #5719, #5720, #5721, #5728, #5729, #5730, #5737, #5738, #5739, #5746, #5747, #5748, #5755, #5756, #5757, #5764, #5765, #5766, #5773, #5774, #5775, #5782, #5783, #5784, #5791, #5792, #5793, #5800, #5801, #5802, #5809, #5810, #5811, #5818, #5819, #5820, #5827, #5828, #5829, #5836, #5837, #5838, #5845, #5846, #5847, #5566),(#5848, #5849, #5850, #5857, #5858, #5859, #5866, #5867, #5868, #5875, #5876, #5877, #5884, #5885, #5886, #5893, #5894, #5895, #5902, #5903, #5904, #5911, #5912, #5913, #5920, #5921, #5922, #5929, #5930, #5931, #5938, #5939, #5940, #5947, #5948, #5949, #5956, #5957, #5958, #5965, #5966, #5967, #5974, #5975, #5976, #5983, #5984, #5985, #5992, #5993, #5994, #6001, #6002, #6003, #6010, #6011, #6012, #6019, #6020, #6021, #6028, #6029, #6030, #6037, #6038, #6039, #6046, #6047, #6048, #6055, #6056, #6057, #6064, #6065, #6066, #6073, #6074, #6075, #6082, #6083, #6084, #6091, #6092, #6093, #6100, #6101, #6102, #6109, #6110, #6111, #6118, #6119, #6120, #6127, #6128, #6129, #5848),(#5851, #5852, #5853, #5860, #5861, #5862, #5869, #5870, #5871, #5878, #5879, #5880, #5887, #5888, #5889, #5896, #5897, #5898, #5905, #5906, #5907, #5914, #5915, #5916, #5923, #5924, #5925, #5932, #5933, #5934, #5941, #5942, #5943, #5950, #5951, #5952, #5959, #5960, #5961, #5968, #5969, #5970, #5977, #5978, #5979, #5986, #5987, #5988, #5995, #5996, #5997, #6004, #6005, #6006, #6013, #6014, #6015, #6022, #6023, #6024, #6031, #6032, #6033, #6040, #6041, #6042, #6049, #6050, #6051, #6058, #6059, #6060, #6067, #6068, #6069, #6076, #6077, #6078, #6085, #6086, #6087, #6094, #6095, #6096, #6103, #6104, #6105, #6112, #6113, #6114, #6121, #6122, #6123, #6130, #6131, #6132, #5851),(#5854, #5855, #5856, #5863, #5864, #5865, #5872, #5873, #5874, #5881, #5882, #5883, #5890, #5891, #5892, #5899, #5900, #5901, #5908, #5909, #5910, #5917, #5918, #5919, #5926, #5927, #5928, #5935, #5936, #5937, #5944, #5945, #5946, #5953, #5954, #5955, #5962, #5963, #5964, #5971, #5972, #5973, #5980, #5981, #5982, #5989, #5990, #5991, #5998, #5999, #6000, #6007, #6008, #6009, #6016, #6017, #6018, #6025, #6026, #6027, #6034, #6035, #6036, #6043, #6044, #6045, #6052, #6053, #6054, #6061, #6062, #6063, #6070, #6071, #6072, #6079, #6080, #6081, #6088, #6089, #6090, #6097, #6098, #6099, #6106, #6107, #6108, #6115, #6116, #6117, #6124, #6125, #6126, #6133, #6134, #6135, #5854),(#6136, #6137, #6138, #6145, #6146, #6147, #6154, #6155, #6156, #6163, #6164, #6165, #6172, #6173, #6174, #6181, #6182, #6183, #6190, #6191, #6192, #6199, #6200, #6201, #6208, #6209, #6210, #6217, #6218, #6219, #6226, #6227, #6228, #6235, #6236, #6237, #6244, #6245, #6246, #6253, #6254, #6255, #6262, #6263, #6264, #6271, #6272, #6273, #6280, #6281, #6282, #6289, #6290, #6291, #6298, #6299, #6300, #6307, #6308, #6309, #6316, #6317, #6318, #6325, #6326, #6327, #6334, #6335, #6336, #6343, #6344, #6345, #6352, #6353, #6354, #6361, #6362, #6363, #6370, #6371, #6372, #6379, #6380, #6381, #6388, #6389, #6390, #6397, #6398, #6399, #6406, #6407, #6408, #6415, #6416, #6417, #6136),(#6139, #6140, #6141, #6148, #6149, #6150, #6157, #6158, #6159, #6166, #6167, #6168, #6175, #6176, #6177, #6184, #6185, #6186, #6193, #6194, #6195, #6202, #6203, #6204, #6211, #6212, #6213, #6220, #6221, #6222, #6229, #6230, #6231, #6238, #6239, #6240, #6247, #6248, #6249, #6256, #6257, #6258, #6265, #6266, #6267, #6274, #6275, #6276, #6283, #6284, #6285, #6292, #6293, #6294, #6301, #6302, #6303, #6310, #6311, #6312, #6319, #6320, #6321, #6328, #6329, #6330, #6337, #6338, #6339, #6346, #6347, #6348, #6355, #6356, #6357, #6364, #6365, #6366, #6373, #6374, #6375, #6382, #6383, #6384, #6391, #6392, #6393, #6400, #6401, #6402, #6409, #6410, #6411, #6418, #6419, #6420, #6139),(#6142, #6143, #6144, #6151, #6152, #6153, #6160, #6161, #6162, #6169, #6170, #6171, #6178, #6179, #6180, #6187, #6188, #6189, #6196, #6197, #6198, #6205, #6206, #6207, #6214, #6215, #6216, #6223, #6224, #6225, #6232, #6233, #6234, #6241, #6242, #6243, #6250, #6251, #6252, #6259, #6260, #6261, #6268, #6269, #6270, #6277, #6278, #6279, #6286, #6287, #6288, #6295, #6296, #6297, #6304, #6305, #6306, #6313, #6314, #6315, #6322, #6323, #6324, #6331, #6332, #6333, #6340, #6341, #6342, #6349, #6350, #6351, #6358, #6359, #6360, #6367, #6368, #6369, #6376, #6377, #6378, #6385, #6386, #6387, #6394, #6395, #6396, #6403, #6404, #6405, #6412, #6413, #6414, #6421, #6422, #6423, #6142),(#6424, #6425, #6426, #6433, #6434, #6435, #6442, #6443, #6444, #6451, #6452, #6453, #6460, #6461, #6462, #6469, #6470, #6471, #6478, #6479, #6480, #6487, #6488, #6489, #6496, #6497, #6498, #6505, #6506, #6507, #6514, #6515, #6516, #6523, #6524, #6525, #6532, #6533, #6534, #6541, #6542, #6543, #6550, #6551, #6552, #6559, #6560, #6561, #6568, #6569, #6570, #6577, #6578, #6579, #6586, #6587, #6588, #6595, #6596, #6597, #6604, #6605, #6606, #6613, #6614, #6615, #6622, #6623, #6624, #6631, #6632, #6633, #6640, #6641, #6642, #6649, #6650, #6651, #6658, #6659, #6660, #6667, #6668, #6669, #6676, #6677, #6678, #6685, #6686, #6687, #6694, #6695, #6696, #6703, #6704, #6705, #6424),(#6427, #6428, #6429, #6436, #6437, #6438, #6445, #6446, #6447, #6454, #6455, #6456, #6463, #6464, #6465, #6472, #6473, #6474, #6481, #6482, #6483, #6490, #6491, #6492, #6499, #6500, #6501, #6508, #6509, #6510, #6517, #6518, #6519, #6526, #6527, #6528, #6535, #6536, #6537, #6544, #6545, #6546, #6553, #6554, #6555, #6562, #6563, #6564, #6571, #6572, #6573, #6580, #6581, #6582, #6589, #6590, #6591, #6598, #6599, #6600, #6607, #6608, #6609, #6616, #6617, #6618, #6625, #6626, #6627, #6634, #6635, #6636, #6643, #6644, #6645, #6652, #6653, #6654, #6661, #6662, #6663, #6670, #6671, #6672, #6679, #6680, #6681, #6688, #6689, #6690, #6697, #6698, #6699, #6706, #6707, #6708, #6427),(#6430, #6431, #6432, #6439, #6440, #6441, #6448, #6449, #6450, #6457, #6458, #6459, #6466, #6467, #6468, #6475, #6476, #6477, #6484, #6485, #6486, #6493, #6494, #6495, #6502, #6503, #6504, #6511, #6512, #6513, #6520, #6521, #6522, #6529, #6530, #6531, #6538, #6539, #6540, #6547, #6548, #6549, #6556, #6557, #6558, #6565, #6566, #6567, #6574, #6575, #6576, #6583, #6584, #6585, #6592, #6593, #6594, #6601, #6602, #6603, #6610, #6611, #6612, #6619, #6620, #6621, #6628, #6629, #6630, #6637, #6638, #6639, #6646, #6647, #6648, #6655, #6656, #6657, #6664, #6665, #6666, #6673, #6674, #6675, #6682, #6683, #6684, #6691, #6692, #6693, #6700, #6701, #6702, #6709, #6710, #6711, #6430),(#6712, #6713, #6714, #6721, #6722, #6723, #6730, #6731, #6732, #6739, #6740, #6741, #6748, #6749, #6750, #6757, #6758, #6759, #6766, #6767, #6768, #6775, #6776, #6777, #6784, #6785, #6786, #6793, #6794, #6795, #6802, #6803, #6804, #6811, #6812, #6813, #6820, #6821, #6822, #6829, #6830, #6831, #6838, #6839, #6840, #6847, #6848, #6849, #6856, #6857, #6858, #6865, #6866, #6867, #6874, #6875, #6876, #6883, #6884, #6885, #6892, #6893, #6894, #6901, #6902, #6903, #6910, #6911, #6912, #6919, #6920, #6921, #6928, #6929, #6930, #6937, #6938, #6939, #6946, #6947, #6948, #6955, #6956, #6957, #6964, #6965, #6966, #6973, #6974, #6975, #6982, #6983, #6984, #6991, #6992, #6993, #6712),(#6715, #6716, #6717, #6724, #6725, #6726, #6733, #6734, #6735, #6742, #6743, #6744, #6751, #6752, #6753, #6760, #6761, #6762, #6769, #6770, #6771, #6778, #6779, #6780, #6787, #6788, #6789, #6796, #6797, #6798, #6805, #6806, #6807, #6814, #6815, #6816, #6823, #6824, #6825, #6832, #6833, #6834, #6841, #6842, #6843, #6850, #6851, #6852, #6859, #6860, #6861, #6868, #6869, #6870, #6877, #6878, #6879, #6886, #6887, #6888, #6895, #6896, #6897, #6904, #6905, #6906, #6913, #6914, #6915, #6922, #6923, #6924, #6931, #6932, #6933, #6940, #6941, #6942, #6949, #6950, #6951, #6958, #6959, #6960, #6967, #6968, #6969, #6976, #6977, #6978, #6985, #6986, #6987, #6994, #6995, #6996, #6715),(#6718, #6719, #6720, #6727, #6728, #6729, #6736, #6737, #6738, #6745, #6746, #6747, #6754, #6755, #6756, #6763, #6764, #6765, #6772, #6773, #6774, #6781, #6782, #6783, #6790, #6791, #6792, #6799, #6800, #6801, #6808, #6809, #6810, #6817, #6818, #6819, #6826, #6827, #6828, #6835, #6836, #6837, #6844, #6845, #6846, #6853, #6854, #6855, #6862, #6863, #6864, #6871, #6872, #6873, #6880, #6881, #6882, #6889, #6890, #6891, #6898, #6899, #6900, #6907, #6908, #6909, #6916, #6917, #6918, #6925, #6926, #6927, #6934, #6935, #6936, #6943, #6944, #6945, #6952, #6953, #6954, #6961, #6962, #6963, #6970, #6971, #6972, #6979, #6980, #6981, #6988, #6989, #6990, #6997, #6998, #6999, #6718),(#7000, #7001, #7002, #7010, #7011, #7012, #7019, #7020, #7021, #7028, #7029, #7030, #7037, #7038, #7039, #7046, #7047, #7048, #7055, #7056, #7057, #7064, #7065, #7066, #7073, #7074, #7075, #7082, #7083, #7084, #7091, #7092, #7093, #7100, #7101, #7102, #7109, #7110, #7111, #7118, #7119, #7120, #7127, #7128, #7129, #7136, #7137, #7138, #7145, #7146, #7147, #7154, #7155, #7156, #7163, #7164, #7165, #7172, #7173, #7174, #7181, #7182, #7183, #7190, #7191, #7192, #7199, #7200, #7201, #7208, #7209, #7210, #7217, #7218, #7219, #7226, #7227, #7228, #7235, #7236, #7237, #7244, #7245, #7246, #7253, #7254, #7255, #7262, #7263, #7264, #7271, #7272, #7273, #7280, #7281, #7282, #7000),(#7003, #7004, #7005, #7013, #7014, #7015, #7022, #7023, #7024, #7031, #7032, #7033, #7040, #7041, #7042, #7049, #7050, #7051, #7058, #7059, #7060, #7067, #7068, #7069, #7076, #7077, #7078, #7085, #7086, #7087, #7094, #7095, #7096, #7103, #7104, #7105, #7112, #7113, #7114, #7121, #7122, #7123, #7130, #7131, #7132, #7139, #7140, #7141, #7148, #7149, #7150, #7157, #7158, #7159, #7166, #7167, #7168, #7175, #7176, #7177, #7184, #7185, #7186, #7193, #7194, #7195, #7202, #7203, #7204, #7211, #7212, #7213, #7220, #7221, #7222, #7229, #7230, #7231, #7238, #7239, #7240, #7247, #7248, #7249, #7256, #7257, #7258, #7265, #7266, #7267, #7274, #7275, #7276, #7283, #7284, #7285, #7003),(#7006, #7007, #7008, #7016, #7017, #7018, #7025, #7026, #7027, #7034, #7035, #7036, #7043, #7044, #7045, #7052, #7053, #7054, #7061, #7062, #7063, #7070, #7071, #7072, #7079, #7080, #7081, #7088, #7089, #7090, #7097, #7098, #7099, #7106, #7107, #7108, #7115, #7116, #7117, #7124, #7125, #7126, #7133, #7134, #7135, #7142, #7143, #7144, #7151, #7152, #7153, #7160, #7161, #7162, #7169, #7170, #7171, #7178, #7179, #7180, #7187, #7188, #7189, #7196, #7197, #7198, #7205, #7206, #7207, #7214, #7215, #7216, #7223, #7224, #7225, #7232, #7233, #7234, #7241, #7242, #7243, #7250, #7251, #7252, #7259, #7260, #7261, #7268, #7269, #7270, #7277, #7278, #7279, #7286, #7287, #7288, #7006),(#7009, #7009, #7009, #7009, #7009, #7009, #7009, #7009, #7009, #7009, #7009, #7009, #7009, #7009, #7009, #7009, #7009, #7009, #7009, #7009, #7009, #7009, #7009, #7009, #7009, #7009, #7009, #7009, #7009, #7009, #7009, #7009, #7009, #7009, #7009, #7009, #7009, #7009, #7009, #7009, #7009, #7009, #7009, #7009, #7009, #7009, #7009, #7009, #7009, #7009, #7009, #7009, #7009, #7009, #7009, #7009, #7009, #7009, #7009, #7009, #7009, #7009, #7009, #7009, #7009, #7009, #7009, #7009, #7009, #7009, #7009, #7009, #7009, #7009, #7009, #7009, #7009, #7009, #7009, #7009, #7009, #7009, #7009, #7009, #7009, #7009, #7009, #7009, #7009, #7009, #7009, #7009, #7009, #7009, #7009, #7009, #7009)),.UNSPECIFIED.,.F.,.T.,.F.,(4,3,3,3,3,3,3,3,3,3,3,4),(4,3,3,3,3,3,3,3,3,3,3,3,3,3,3,3,3,3,3,3,3,3,3,3,3,3,3,3,3,3,3,3,4),(0.,1.,2.,3.,4.,5.,6.,7.,8.,9.,10.,11.),(0.,1.,2.,3.,4.,5.,6.,7.,8.,9.,10.,11.,12.,13.,14.,15.,16.,17.,18.,19.,20.,21.,22.,23.,24.,25.,26.,27.,28.,29.,30.,31.,32.),.PIECEWISE_BEZIER_KNOTS.);
#4215=CARTESIAN_POINT('',(-0.597673043478261,0.,0.));
#4216=CARTESIAN_POINT('',(-0.597673043478261,0.097641553879707,0.));
#4217=CARTESIAN_POINT('',(-0.597673043478261,0.097641553879707,0.00622763416335786));
#4218=CARTESIAN_POINT('',(-0.597673043478261,0.096975029906369,0.0126922935386475));
#4219=CARTESIAN_POINT('',(-0.093676800712386,0.245646097954581,0.03207512));
#4220=CARTESIAN_POINT('',(-0.093676800712386,0.245646097954581,0.0490551668809583));
#4221=CARTESIAN_POINT('',(-0.093676800712386,0.243922294771872,0.0656126997596858));
#4222=CARTESIAN_POINT('',(-0.597673043478261,0.0957127028287441,0.0190384403079712));
#4223=CARTESIAN_POINT('',(-0.597673043478261,0.0944503757511191,0.025384587077295));
#4224=CARTESIAN_POINT('',(-0.597673043478261,0.0925922455692072,0.0316122212406528));
#4225=CARTESIAN_POINT('',(-0.093676800712386,0.240642386817751,0.0816082514046702));
#4226=CARTESIAN_POINT('',(-0.093676800712386,0.23736247886363,0.0976038030496545));
#4227=CARTESIAN_POINT('',(-0.093676800712386,0.232530539036921,0.11301689761579));
#4228=CARTESIAN_POINT('',(-0.597673043478261,0.0902090331520593,0.0373658049801472));
#4229=CARTESIAN_POINT('',(-0.597673043478261,0.0878258207349115,0.0431193887196416));
#4230=CARTESIAN_POINT('',(-0.597673043478261,0.0847361148392094,0.0488368875192582));
#4231=CARTESIAN_POINT('',(-0.093676800712386,0.226308215664761,0.127706864435));
#4232=CARTESIAN_POINT('',(-0.093676800712386,0.220085892292601,0.142396831254211));
#4233=CARTESIAN_POINT('',(-0.093676800712386,0.21248117465342,0.156344382502156));
#4234=CARTESIAN_POINT('',(-0.597673043478261,0.0811413114608795,0.0542168909709161));
#4235=CARTESIAN_POINT('',(-0.597673043478261,0.0775465080825496,0.059596894422574));
#4236=CARTESIAN_POINT('',(-0.597673043478261,0.0734466072215918,0.0646394025262732));
#4237=CARTESIAN_POINT('',(-0.093676800712386,0.203650012019696,0.169406486885027));
#4238=CARTESIAN_POINT('',(-0.093676800712386,0.194818849385972,0.182468591267899));
#4239=CARTESIAN_POINT('',(-0.093676800712386,0.184772840392252,0.194627890202394));
#4240=CARTESIAN_POINT('',(-0.597673043478261,0.0690430048739325,0.0690430048739325));
#4241=CARTESIAN_POINT('',(-0.597673043478261,0.0646394025262731,0.0734466072215919));
#4242=CARTESIAN_POINT('',(-0.597673043478261,0.059596894422574,0.0775465080825496));
#4243=CARTESIAN_POINT('',(-0.093676800712386,0.173662805297323,0.205737925297323));
#4244=CARTESIAN_POINT('',(-0.093676800712386,0.162552770202394,0.216847960392252));
#4245=CARTESIAN_POINT('',(-0.093676800712386,0.150393471267899,0.226893969385972));
#4246=CARTESIAN_POINT('',(-0.597673043478261,0.0542168909709161,0.0811413114608795));
#4247=CARTESIAN_POINT('',(-0.597673043478261,0.0488368875192582,0.0847361148392094));
#4248=CARTESIAN_POINT('',(-0.597673043478261,0.0431193887196415,0.0878258207349115));
#4249=CARTESIAN_POINT('',(-0.093676800712386,0.137331366885027,0.235725132019696));
#4250=CARTESIAN_POINT('',(-0.093676800712386,0.124269262502156,0.24455629465342));
#4251=CARTESIAN_POINT('',(-0.093676800712386,0.110321711254211,0.252161012292601));
#4252=CARTESIAN_POINT('',(-0.597673043478261,0.0373658049801472,0.0902090331520594));
#4253=CARTESIAN_POINT('',(-0.597673043478261,0.0316122212406528,0.0925922455692072));
#4254=CARTESIAN_POINT('',(-0.597673043478261,0.0253845870772949,0.0944503757511192));
#4255=CARTESIAN_POINT('',(-0.093676800712386,0.0956317444350001,0.258383335664761));
#4256=CARTESIAN_POINT('',(-0.093676800712386,0.0809417776157895,0.264605659036921));
#4257=CARTESIAN_POINT('',(-0.093676800712386,0.0655286830496545,0.26943759886363));
#4258=CARTESIAN_POINT('',(-0.597673043478261,0.0190384403079712,0.0957127028287441));
#4259=CARTESIAN_POINT('',(-0.597673043478261,0.0126922935386475,0.0969750299063691));
#4260=CARTESIAN_POINT('',(-0.597673043478261,0.00622763416335784,0.097641553879707));
#4261=CARTESIAN_POINT('',(-0.093676800712386,0.0495331314046702,0.272717506817751));
#4262=CARTESIAN_POINT('',(-0.093676800712386,0.0335375797596858,0.275997414771873));
#4263=CARTESIAN_POINT('',(-0.093676800712386,0.0169800468809583,0.277721217954581));
#4264=CARTESIAN_POINT('',(-0.597673043478261,-1.79364624633836E-17,0.097641553879707));
#4265=CARTESIAN_POINT('',(-0.597673043478261,-0.00622763416335788,0.097641553879707));
#4266=CARTESIAN_POINT('',(-0.597673043478261,-0.0126922935386475,0.096975029906369));
#4267=CARTESIAN_POINT('',(-0.093676800712386,1.53458691004695E-18,0.277721217954581));
#4268=CARTESIAN_POINT('',(-0.093676800712386,-0.0169800468809583,0.277721217954581));
#4269=CARTESIAN_POINT('',(-0.093676800712386,-0.0335375797596858,0.275997414771873));
#4270=CARTESIAN_POINT('',(-0.597673043478261,-0.0190384403079712,0.0957127028287441));
#4271=CARTESIAN_POINT('',(-0.597673043478261,-0.025384587077295,0.0944503757511191));
#4272=CARTESIAN_POINT('',(-0.597673043478261,-0.0316122212406528,0.0925922455692072));
#4273=CARTESIAN_POINT('',(-0.093676800712386,-0.0495331314046702,0.272717506817751));
#4274=CARTESIAN_POINT('',(-0.093676800712386,-0.0655286830496545,0.26943759886363));
#4275=CARTESIAN_POINT('',(-0.093676800712386,-0.0809417776157895,0.264605659036921));
#4276=CARTESIAN_POINT('',(-0.597673043478261,-0.0373658049801472,0.0902090331520593));
#4277=CARTESIAN_POINT('',(-0.597673043478261,-0.0431193887196416,0.0878258207349115));
#4278=CARTESIAN_POINT('',(-0.597673043478261,-0.0488368875192582,0.0847361148392094));
#4279=CARTESIAN_POINT('',(-0.093676800712386,-0.0956317444350001,0.258383335664761));
#4280=CARTESIAN_POINT('',(-0.093676800712386,-0.110321711254211,0.252161012292601));
#4281=CARTESIAN_POINT('',(-0.093676800712386,-0.124269262502156,0.24455629465342));
#4282=CARTESIAN_POINT('',(-0.597673043478261,-0.0542168909709161,0.0811413114608795));
#4283=CARTESIAN_POINT('',(-0.597673043478261,-0.059596894422574,0.0775465080825496));
#4284=CARTESIAN_POINT('',(-0.597673043478261,-0.0646394025262732,0.0734466072215918));
#4285=CARTESIAN_POINT('',(-0.093676800712386,-0.137331366885027,0.235725132019696));
#4286=CARTESIAN_POINT('',(-0.093676800712386,-0.150393471267899,0.226893969385972));
#4287=CARTESIAN_POINT('',(-0.093676800712386,-0.162552770202394,0.216847960392252));
#4288=CARTESIAN_POINT('',(-0.597673043478261,-0.0690430048739325,0.0690430048739325));
#4289=CARTESIAN_POINT('',(-0.597673043478261,-0.0734466072215919,0.0646394025262731));
#4290=CARTESIAN_POINT('',(-0.597673043478261,-0.0775465080825496,0.059596894422574));
#4291=CARTESIAN_POINT('',(-0.093676800712386,-0.173662805297323,0.205737925297323));
#4292=CARTESIAN_POINT('',(-0.093676800712386,-0.184772840392252,0.194627890202394));
#4293=CARTESIAN_POINT('',(-0.093676800712386,-0.194818849385972,0.182468591267899));
#4294=CARTESIAN_POINT('',(-0.597673043478261,-0.0811413114608795,0.0542168909709161));
#4295=CARTESIAN_POINT('',(-0.597673043478261,-0.0847361148392094,0.0488368875192582));
#4296=CARTESIAN_POINT('',(-0.597673043478261,-0.0878258207349115,0.0431193887196415));
#4297=CARTESIAN_POINT('',(-0.093676800712386,-0.203650012019696,0.169406486885027));
#4298=CARTESIAN_POINT('',(-0.093676800712386,-0.21248117465342,0.156344382502156));
#4299=CARTESIAN_POINT('',(-0.093676800712386,-0.220085892292601,0.142396831254211));
#4300=CARTESIAN_POINT('',(-0.597673043478261,-0.0902090331520594,0.0373658049801471));
#4301=CARTESIAN_POINT('',(-0.597673043478261,-0.0925922455692072,0.0316122212406528));
#4302=CARTESIAN_POINT('',(-0.597673043478261,-0.0944503757511192,0.0253845870772949));
#4303=CARTESIAN_POINT('',(-0.093676800712386,-0.226308215664761,0.127706864435));
#4304=CARTESIAN_POINT('',(-0.093676800712386,-0.232530539036921,0.11301689761579));
#4305=CARTESIAN_POINT('',(-0.093676800712386,-0.23736247886363,0.0976038030496545));
#4306=CARTESIAN_POINT('',(-0.597673043478261,-0.0957127028287441,0.0190384403079712));
#4307=CARTESIAN_POINT('',(-0.597673043478261,-0.0969750299063691,0.0126922935386474));
#4308=CARTESIAN_POINT('',(-0.597673043478261,-0.097641553879707,0.00622763416335784));
#4309=CARTESIAN_POINT('',(-0.093676800712386,-0.240642386817751,0.0816082514046702));
#4310=CARTESIAN_POINT('',(-0.093676800712386,-0.243922294771872,0.0656126997596858));
#4311=CARTESIAN_POINT('',(-0.093676800712386,-0.245646097954581,0.0490551668809583));
#4312=CARTESIAN_POINT('',(-0.597673043478261,-0.097641553879707,-1.19576416422557E-17));
#4313=CARTESIAN_POINT('',(-0.597673043478261,-0.097641553879707,-0.00622763416335787));
#4314=CARTESIAN_POINT('',(-0.597673043478261,-0.0969750299063691,-0.0126922935386475));
#4315=CARTESIAN_POINT('',(-0.093676800712386,-0.245646097954581,0.03207512));
#4316=CARTESIAN_POINT('',(-0.093676800712386,-0.245646097954581,0.0150950731190417));
#4317=CARTESIAN_POINT('',(-0.093676800712386,-0.243922294771872,-0.0014624597596858));
#4318=CARTESIAN_POINT('',(-0.597673043478261,-0.0957127028287441,-0.0190384403079712));
#4319=CARTESIAN_POINT('',(-0.597673043478261,-0.0944503757511192,-0.0253845870772949));
#4320=CARTESIAN_POINT('',(-0.597673043478261,-0.0925922455692072,-0.0316122212406528));
#4321=CARTESIAN_POINT('',(-0.093676800712386,-0.240642386817751,-0.0174580114046701));
#4322=CARTESIAN_POINT('',(-0.093676800712386,-0.23736247886363,-0.0334535630496545));
#4323=CARTESIAN_POINT('',(-0.093676800712386,-0.232530539036921,-0.0488666576157895));
#4324=CARTESIAN_POINT('',(-0.597673043478261,-0.0902090331520594,-0.0373658049801471));
#4325=CARTESIAN_POINT('',(-0.597673043478261,-0.0878258207349115,-0.0431193887196415));
#4326=CARTESIAN_POINT('',(-0.597673043478261,-0.0847361148392094,-0.0488368875192582));
#4327=CARTESIAN_POINT('',(-0.093676800712386,-0.226308215664761,-0.0635566244350001));
#4328=CARTESIAN_POINT('',(-0.093676800712386,-0.2200858922926,-0.0782465912542106));
#4329=CARTESIAN_POINT('',(-0.093676800712386,-0.21248117465342,-0.0921941425021558));
#4330=CARTESIAN_POINT('',(-0.597673043478261,-0.0811413114608795,-0.0542168909709161));
#4331=CARTESIAN_POINT('',(-0.597673043478261,-0.0775465080825496,-0.059596894422574));
#4332=CARTESIAN_POINT('',(-0.597673043478261,-0.0734466072215918,-0.0646394025262731));
#4333=CARTESIAN_POINT('',(-0.093676800712386,-0.203650012019696,-0.105256246885027));
#4334=CARTESIAN_POINT('',(-0.093676800712386,-0.194818849385972,-0.118318351267899));
#4335=CARTESIAN_POINT('',(-0.093676800712386,-0.184772840392252,-0.130477650202394));
#4336=CARTESIAN_POINT('',(-0.597673043478261,-0.0690430048739325,-0.0690430048739325));
#4337=CARTESIAN_POINT('',(-0.597673043478261,-0.0646394025262731,-0.0734466072215919));
#4338=CARTESIAN_POINT('',(-0.597673043478261,-0.059596894422574,-0.0775465080825496));
#4339=CARTESIAN_POINT('',(-0.093676800712386,-0.173662805297323,-0.141587685297323));
#4340=CARTESIAN_POINT('',(-0.093676800712386,-0.162552770202394,-0.152697720392252));
#4341=CARTESIAN_POINT('',(-0.093676800712386,-0.150393471267899,-0.162743729385972));
#4342=CARTESIAN_POINT('',(-0.597673043478261,-0.0542168909709161,-0.0811413114608795));
#4343=CARTESIAN_POINT('',(-0.597673043478261,-0.0488368875192582,-0.0847361148392094));
#4344=CARTESIAN_POINT('',(-0.597673043478261,-0.0431193887196415,-0.0878258207349115));
#4345=CARTESIAN_POINT('',(-0.093676800712386,-0.137331366885027,-0.171574892019696));
#4346=CARTESIAN_POINT('',(-0.093676800712386,-0.124269262502156,-0.18040605465342));
#4347=CARTESIAN_POINT('',(-0.093676800712386,-0.110321711254211,-0.188010772292601));
#4348=CARTESIAN_POINT('',(-0.597673043478261,-0.0373658049801471,-0.0902090331520593));
#4349=CARTESIAN_POINT('',(-0.597673043478261,-0.0316122212406528,-0.0925922455692072));
#4350=CARTESIAN_POINT('',(-0.597673043478261,-0.0253845870772949,-0.0944503757511191));
#4351=CARTESIAN_POINT('',(-0.093676800712386,-0.0956317444350001,-0.194233095664761));
#4352=CARTESIAN_POINT('',(-0.093676800712386,-0.0809417776157895,-0.200455419036921));
#4353=CARTESIAN_POINT('',(-0.093676800712386,-0.0655286830496545,-0.20528735886363));
#4354=CARTESIAN_POINT('',(-0.597673043478261,-0.0190384403079712,-0.0957127028287441));
#4355=CARTESIAN_POINT('',(-0.597673043478261,-0.0126922935386474,-0.096975029906369));
#4356=CARTESIAN_POINT('',(-0.597673043478261,-0.00622763416335785,-0.097641553879707));
#4357=CARTESIAN_POINT('',(-0.093676800712386,-0.0495331314046702,-0.208567266817751));
#4358=CARTESIAN_POINT('',(-0.093676800712386,-0.0335375797596858,-0.211847174771872));
#4359=CARTESIAN_POINT('',(-0.093676800712386,-0.0169800468809583,-0.213570977954581));
#4360=CARTESIAN_POINT('',(-0.597673043478261,5.97882082112785E-18,-0.097641553879707));
#4361=CARTESIAN_POINT('',(-0.597673043478261,0.00622763416335786,-0.097641553879707));
#4362=CARTESIAN_POINT('',(-0.597673043478261,0.0126922935386475,-0.0969750299063691));
#4363=CARTESIAN_POINT('',(-0.093676800712386,-5.11528970015652E-19,-0.213570977954581));
#4364=CARTESIAN_POINT('',(-0.093676800712386,0.0169800468809583,-0.213570977954581));
#4365=CARTESIAN_POINT('',(-0.093676800712386,0.0335375797596858,-0.211847174771872));
#4366=CARTESIAN_POINT('',(-0.597673043478261,0.0190384403079712,-0.0957127028287441));
#4367=CARTESIAN_POINT('',(-0.597673043478261,0.0253845870772949,-0.0944503757511192));
#4368=CARTESIAN_POINT('',(-0.597673043478261,0.0316122212406528,-0.0925922455692072));
#4369=CARTESIAN_POINT('',(-0.093676800712386,0.0495331314046702,-0.208567266817751));
#4370=CARTESIAN_POINT('',(-0.093676800712386,0.0655286830496545,-0.20528735886363));
#4371=CARTESIAN_POINT('',(-0.093676800712386,0.0809417776157895,-0.200455419036921));
#4372=CARTESIAN_POINT('',(-0.597673043478261,0.0373658049801471,-0.0902090331520594));
#4373=CARTESIAN_POINT('',(-0.597673043478261,0.0431193887196415,-0.0878258207349115));
#4374=CARTESIAN_POINT('',(-0.597673043478261,0.0488368875192582,-0.0847361148392094));
#4375=CARTESIAN_POINT('',(-0.093676800712386,0.0956317444350001,-0.194233095664761));
#4376=CARTESIAN_POINT('',(-0.093676800712386,0.110321711254211,-0.1880107722926));
#4377=CARTESIAN_POINT('',(-0.093676800712386,0.124269262502156,-0.18040605465342));
#4378=CARTESIAN_POINT('',(-0.597673043478261,0.0542168909709161,-0.0811413114608795));
#4379=CARTESIAN_POINT('',(-0.597673043478261,0.059596894422574,-0.0775465080825496));
#4380=CARTESIAN_POINT('',(-0.597673043478261,0.0646394025262731,-0.0734466072215919));
#4381=CARTESIAN_POINT('',(-0.093676800712386,0.137331366885027,-0.171574892019696));
#4382=CARTESIAN_POINT('',(-0.093676800712386,0.150393471267899,-0.162743729385972));
#4383=CARTESIAN_POINT('',(-0.093676800712386,0.162552770202394,-0.152697720392252));
#4384=CARTESIAN_POINT('',(-0.597673043478261,0.0690430048739325,-0.0690430048739325));
#4385=CARTESIAN_POINT('',(-0.597673043478261,0.0734466072215919,-0.0646394025262731));
#4386=CARTESIAN_POINT('',(-0.597673043478261,0.0775465080825496,-0.059596894422574));
#4387=CARTESIAN_POINT('',(-0.093676800712386,0.173662805297323,-0.141587685297323));
#4388=CARTESIAN_POINT('',(-0.093676800712386,0.184772840392252,-0.130477650202394));
#4389=CARTESIAN_POINT('',(-0.093676800712386,0.194818849385972,-0.118318351267899));
#4390=CARTESIAN_POINT('',(-0.597673043478261,0.0811413114608795,-0.0542168909709161));
#4391=CARTESIAN_POINT('',(-0.597673043478261,0.0847361148392094,-0.0488368875192582));
#4392=CARTESIAN_POINT('',(-0.597673043478261,0.0878258207349115,-0.0431193887196415));
#4393=CARTESIAN_POINT('',(-0.093676800712386,0.203650012019696,-0.105256246885027));
#4394=CARTESIAN_POINT('',(-0.093676800712386,0.21248117465342,-0.0921941425021558));
#4395=CARTESIAN_POINT('',(-0.093676800712386,0.220085892292601,-0.0782465912542106));
#4396=CARTESIAN_POINT('',(-0.597673043478261,0.0902090331520594,-0.0373658049801471));
#4397=CARTESIAN_POINT('',(-0.597673043478261,0.0925922455692072,-0.0316122212406528));
#4398=CARTESIAN_POINT('',(-0.597673043478261,0.0944503757511192,-0.0253845870772949));
#4399=CARTESIAN_POINT('',(-0.093676800712386,0.226308215664761,-0.0635566244350001));
#4400=CARTESIAN_POINT('',(-0.093676800712386,0.232530539036921,-0.0488666576157895));
#4401=CARTESIAN_POINT('',(-0.093676800712386,0.23736247886363,-0.0334535630496545));
#4402=CARTESIAN_POINT('',(-0.597673043478261,0.0957127028287441,-0.0190384403079712));
#4403=CARTESIAN_POINT('',(-0.597673043478261,0.0969750299063691,-0.0126922935386475));
#4404=CARTESIAN_POINT('',(-0.597673043478261,0.097641553879707,-0.00622763416335786));
#4405=CARTESIAN_POINT('',(-0.093676800712386,0.240642386817751,-0.0174580114046701));
#4406=CARTESIAN_POINT('',(-0.093676800712386,0.243922294771872,-0.0014624597596858));
#4407=CARTESIAN_POINT('',(-0.093676800712386,0.245646097954581,0.0150950731190417));
#4408=CARTESIAN_POINT('',(-0.0707246434782612,0.254,0.03207512));
#4409=CARTESIAN_POINT('',(-0.0707246434782612,0.254,0.049598422027669));
#4410=CARTESIAN_POINT('',(-0.0707246434782612,0.252221662753459,0.0667096485484207));
#4411=CARTESIAN_POINT('',(-0.0485879166694677,0.264322525237425,0.03207512));
#4412=CARTESIAN_POINT('',(-0.0485879166694677,0.264322525237425,0.0502696969518653));
#4413=CARTESIAN_POINT('',(-0.0485879166694677,0.262476802804039,0.0680650967562541));
#4414=CARTESIAN_POINT('',(-0.0255851513622741,0.273078299385377,0.03207512));
#4415=CARTESIAN_POINT('',(-0.0255851513622741,0.273078299385377,0.0509396513609037));
#4416=CARTESIAN_POINT('',(-0.0255851513622741,0.271163396317848,0.0693430004762644));
#4417=CARTESIAN_POINT('',(-0.0707246434782612,0.248835770977829,0.0832380168448022));
#4418=CARTESIAN_POINT('',(-0.0707246434782612,0.245449879202199,0.0997663851411836));
#4419=CARTESIAN_POINT('',(-0.0707246434782612,0.240456432897481,0.115711895213195));
#4420=CARTESIAN_POINT('',(-0.0485879166694677,0.258959951787287,0.0852518416173911));
#4421=CARTESIAN_POINT('',(-0.0485879166694677,0.255443100770534,0.102438586478528));
#4422=CARTESIAN_POINT('',(-0.0485879166694677,0.250250088480222,0.119041977438575));
#4423=CARTESIAN_POINT('',(-0.0255851513622741,0.267519117165673,0.087121003920686));
#4424=CARTESIAN_POINT('',(-0.0255851513622741,0.263874838013499,0.104899007365108));
#4425=CARTESIAN_POINT('',(-0.0255851513622741,0.258504264886914,0.122036170324084));
#4426=CARTESIAN_POINT('',(-0.0707246434782612,0.234026214781128,0.130903764343383));
#4427=CARTESIAN_POINT('',(-0.0707246434782612,0.227595996664774,0.146095633473571));
#4428=CARTESIAN_POINT('',(-0.0707246434782612,0.219729006736785,0.160533861661935));
#4429=CARTESIAN_POINT('',(-0.0485879166694677,0.243562984571816,0.134854023731916));
#4430=CARTESIAN_POINT('',(-0.0485879166694677,0.236875880663411,0.150666070025257));
#4431=CARTESIAN_POINT('',(-0.0485879166694677,0.228684813159987,0.165710604712473));
#4432=CARTESIAN_POINT('',(-0.0255851513622741,0.251588346450726,0.138367418688133));
#4433=CARTESIAN_POINT('',(-0.0255851513622741,0.244672428014538,0.154698667052181));
#4434=CARTESIAN_POINT('',(-0.0255851513622741,0.23621721004545,0.17020940502519));
#4435=CARTESIAN_POINT('',(-0.0707246434782612,0.210596027714614,0.174047666191024));
#4436=CARTESIAN_POINT('',(-0.0707246434782612,0.201463048692443,0.187561470720112));
#4437=CARTESIAN_POINT('',(-0.0707246434782612,0.19106408057609,0.200150851589924));
#4438=CARTESIAN_POINT('',(-0.0485879166694677,0.21917889377176,0.179782553942531));
#4439=CARTESIAN_POINT('',(-0.0485879166694677,0.209672974383533,0.193854503172589));
#4440=CARTESIAN_POINT('',(-0.0485879166694677,0.198837871221382,0.206975316133337));
#4441=CARTESIAN_POINT('',(-0.0255851513622741,0.226399328526942,0.18473277212658));
#4442=CARTESIAN_POINT('',(-0.0255851513622741,0.216581447008435,0.19925613922797));
#4443=CARTESIAN_POINT('',(-0.0255851513622741,0.20540967904787,0.212778999588283));
#4444=CARTESIAN_POINT('',(-0.0707246434782612,0.179569906083007,0.211645026083007));
#4445=CARTESIAN_POINT('',(-0.0707246434782612,0.168075731589924,0.22313920057609));
#4446=CARTESIAN_POINT('',(-0.0707246434782612,0.155486350720112,0.233538168692443));
#4447=CARTESIAN_POINT('',(-0.0485879166694677,0.18686903367736,0.21894415367736));
#4448=CARTESIAN_POINT('',(-0.0485879166694677,0.174900196133337,0.230912991221382));
#4449=CARTESIAN_POINT('',(-0.0485879166694677,0.161779383172589,0.241748094383533));
#4450=CARTESIAN_POINT('',(-0.0255851513622741,0.193056779318076,0.225131899318076));
#4451=CARTESIAN_POINT('',(-0.0255851513622741,0.180703879588283,0.23748479904787));
#4452=CARTESIAN_POINT('',(-0.0255851513622741,0.16718101922797,0.248656567008434));
#4453=CARTESIAN_POINT('',(-0.0707246434782612,0.141972546191024,0.242671147714614));
#4454=CARTESIAN_POINT('',(-0.0707246434782612,0.128458741661935,0.251804126736785));
#4455=CARTESIAN_POINT('',(-0.0707246434782612,0.114020513473571,0.259671116664774));
#4456=CARTESIAN_POINT('',(-0.0485879166694677,0.147707433942531,0.25125401377176));
#4457=CARTESIAN_POINT('',(-0.0485879166694677,0.133635484712473,0.260759933159987));
#4458=CARTESIAN_POINT('',(-0.0485879166694677,0.118590950025257,0.268951000663411));
#4459=CARTESIAN_POINT('',(-0.0255851513622741,0.15265765212658,0.258474448526942));
#4460=CARTESIAN_POINT('',(-0.0255851513622741,0.13813428502519,0.26829233004545));
#4461=CARTESIAN_POINT('',(-0.0255851513622741,0.122623547052181,0.276747548014538));
#4462=CARTESIAN_POINT('',(-0.0707246434782612,0.0988286443433828,0.266101334781128));
#4463=CARTESIAN_POINT('',(-0.0707246434782612,0.0836367752131948,0.272531552897481));
#4464=CARTESIAN_POINT('',(-0.0707246434782612,0.0676912651411836,0.277524999202199));
#4465=CARTESIAN_POINT('',(-0.0485879166694677,0.102778903731916,0.275638104571816));
#4466=CARTESIAN_POINT('',(-0.0485879166694677,0.0869668574385751,0.282325208480222));
#4467=CARTESIAN_POINT('',(-0.0485879166694677,0.0703634664785281,0.287518220770534));
#4468=CARTESIAN_POINT('',(-0.0255851513622741,0.106292298688133,0.283663466450726));
#4469=CARTESIAN_POINT('',(-0.0255851513622741,0.0899610503240841,0.290579384886914));
#4470=CARTESIAN_POINT('',(-0.0255851513622741,0.0728238873651075,0.295949958013499));
#4471=CARTESIAN_POINT('',(-0.0707246434782612,0.0511628968448022,0.280910890977829));
#4472=CARTESIAN_POINT('',(-0.0707246434782612,0.0346345285484207,0.284296782753459));
#4473=CARTESIAN_POINT('',(-0.0707246434782612,0.017523302027669,0.28607512));
#4474=CARTESIAN_POINT('',(-0.0485879166694677,0.0531767216173911,0.291035071787287));
#4475=CARTESIAN_POINT('',(-0.0485879166694677,0.0359899767562541,0.294551922804039));
#4476=CARTESIAN_POINT('',(-0.0485879166694677,0.0181945769518653,0.296397645237426));
#4477=CARTESIAN_POINT('',(-0.0255851513622741,0.055045883920686,0.299594237165673));
#4478=CARTESIAN_POINT('',(-0.0255851513622741,0.0372678804762645,0.303238516317848));
#4479=CARTESIAN_POINT('',(-0.0255851513622741,0.0188645313609037,0.305153419385377));
#4480=CARTESIAN_POINT('',(-0.0707246434782612,2.56790659251631E-34,0.28607512));
#4481=CARTESIAN_POINT('',(-0.0707246434782612,-0.017523302027669,0.28607512));
#4482=CARTESIAN_POINT('',(-0.0707246434782612,-0.0346345285484207,0.284296782753459));
#4483=CARTESIAN_POINT('',(-0.0485879166694677,-1.89621712366963E-18,0.296397645237426));
#4484=CARTESIAN_POINT('',(-0.0485879166694677,-0.0181945769518653,0.296397645237426));
#4485=CARTESIAN_POINT('',(-0.0485879166694677,-0.0359899767562541,0.294551922804039));
#4486=CARTESIAN_POINT('',(-0.0255851513622741,1.16127756342991E-18,0.305153419385377));
#4487=CARTESIAN_POINT('',(-0.0255851513622741,-0.0188645313609037,0.305153419385377));
#4488=CARTESIAN_POINT('',(-0.0255851513622741,-0.0372678804762645,0.303238516317848));
#4489=CARTESIAN_POINT('',(-0.0707246434782612,-0.0511628968448022,0.280910890977829));
#4490=CARTESIAN_POINT('',(-0.0707246434782612,-0.0676912651411836,0.277524999202199));
#4491=CARTESIAN_POINT('',(-0.0707246434782612,-0.0836367752131949,0.272531552897481));
#4492=CARTESIAN_POINT('',(-0.0485879166694677,-0.0531767216173911,0.291035071787287));
#4493=CARTESIAN_POINT('',(-0.0485879166694677,-0.0703634664785281,0.287518220770534));
#4494=CARTESIAN_POINT('',(-0.0485879166694677,-0.0869668574385751,0.282325208480222));
#4495=CARTESIAN_POINT('',(-0.0255851513622741,-0.055045883920686,0.299594237165673));
#4496=CARTESIAN_POINT('',(-0.0255851513622741,-0.0728238873651075,0.295949958013499));
#4497=CARTESIAN_POINT('',(-0.0255851513622741,-0.0899610503240842,0.290579384886914));
#4498=CARTESIAN_POINT('',(-0.0707246434782612,-0.0988286443433828,0.266101334781128));
#4499=CARTESIAN_POINT('',(-0.0707246434782612,-0.114020513473571,0.259671116664774));
#4500=CARTESIAN_POINT('',(-0.0707246434782612,-0.128458741661935,0.251804126736785));
#4501=CARTESIAN_POINT('',(-0.0485879166694677,-0.102778903731916,0.275638104571816));
#4502=CARTESIAN_POINT('',(-0.0485879166694677,-0.118590950025257,0.268951000663411));
#4503=CARTESIAN_POINT('',(-0.0485879166694677,-0.133635484712473,0.260759933159987));
#4504=CARTESIAN_POINT('',(-0.0255851513622741,-0.106292298688133,0.283663466450726));
#4505=CARTESIAN_POINT('',(-0.0255851513622741,-0.122623547052181,0.276747548014538));
#4506=CARTESIAN_POINT('',(-0.0255851513622741,-0.13813428502519,0.26829233004545));
#4507=CARTESIAN_POINT('',(-0.0707246434782612,-0.141972546191024,0.242671147714614));
#4508=CARTESIAN_POINT('',(-0.0707246434782612,-0.155486350720112,0.233538168692443));
#4509=CARTESIAN_POINT('',(-0.0707246434782612,-0.168075731589924,0.22313920057609));
#4510=CARTESIAN_POINT('',(-0.0485879166694677,-0.147707433942531,0.25125401377176));
#4511=CARTESIAN_POINT('',(-0.0485879166694677,-0.161779383172589,0.241748094383533));
#4512=CARTESIAN_POINT('',(-0.0485879166694677,-0.174900196133337,0.230912991221382));
#4513=CARTESIAN_POINT('',(-0.0255851513622741,-0.15265765212658,0.258474448526942));
#4514=CARTESIAN_POINT('',(-0.0255851513622741,-0.16718101922797,0.248656567008434));
#4515=CARTESIAN_POINT('',(-0.0255851513622741,-0.180703879588283,0.237484799047869));
#4516=CARTESIAN_POINT('',(-0.0707246434782612,-0.179569906083007,0.211645026083007));
#4517=CARTESIAN_POINT('',(-0.0707246434782612,-0.19106408057609,0.200150851589924));
#4518=CARTESIAN_POINT('',(-0.0707246434782612,-0.201463048692443,0.187561470720112));
#4519=CARTESIAN_POINT('',(-0.0485879166694677,-0.18686903367736,0.21894415367736));
#4520=CARTESIAN_POINT('',(-0.0485879166694677,-0.198837871221382,0.206975316133337));
#4521=CARTESIAN_POINT('',(-0.0485879166694677,-0.209672974383533,0.193854503172589));
#4522=CARTESIAN_POINT('',(-0.0255851513622741,-0.193056779318076,0.225131899318076));
#4523=CARTESIAN_POINT('',(-0.0255851513622741,-0.20540967904787,0.212778999588283));
#4524=CARTESIAN_POINT('',(-0.0255851513622741,-0.216581447008434,0.19925613922797));
#4525=CARTESIAN_POINT('',(-0.0707246434782612,-0.210596027714614,0.174047666191024));
#4526=CARTESIAN_POINT('',(-0.0707246434782612,-0.219729006736785,0.160533861661935));
#4527=CARTESIAN_POINT('',(-0.0707246434782612,-0.227595996664774,0.146095633473571));
#4528=CARTESIAN_POINT('',(-0.0485879166694677,-0.21917889377176,0.179782553942531));
#4529=CARTESIAN_POINT('',(-0.0485879166694677,-0.228684813159987,0.165710604712473));
#4530=CARTESIAN_POINT('',(-0.0485879166694677,-0.236875880663411,0.150666070025257));
#4531=CARTESIAN_POINT('',(-0.0255851513622741,-0.226399328526942,0.18473277212658));
#4532=CARTESIAN_POINT('',(-0.0255851513622741,-0.23621721004545,0.17020940502519));
#4533=CARTESIAN_POINT('',(-0.0255851513622741,-0.244672428014538,0.154698667052181));
#4534=CARTESIAN_POINT('',(-0.0707246434782612,-0.234026214781128,0.130903764343383));
#4535=CARTESIAN_POINT('',(-0.0707246434782612,-0.240456432897481,0.115711895213195));
#4536=CARTESIAN_POINT('',(-0.0707246434782612,-0.245449879202199,0.0997663851411836));
#4537=CARTESIAN_POINT('',(-0.0485879166694677,-0.243562984571816,0.134854023731916));
#4538=CARTESIAN_POINT('',(-0.0485879166694677,-0.250250088480222,0.119041977438575));
#4539=CARTESIAN_POINT('',(-0.0485879166694677,-0.255443100770534,0.102438586478528));
#4540=CARTESIAN_POINT('',(-0.0255851513622741,-0.251588346450726,0.138367418688133));
#4541=CARTESIAN_POINT('',(-0.0255851513622741,-0.258504264886914,0.122036170324084));
#4542=CARTESIAN_POINT('',(-0.0255851513622741,-0.263874838013499,0.104899007365108));
#4543=CARTESIAN_POINT('',(-0.0707246434782612,-0.248835770977829,0.0832380168448022));
#4544=CARTESIAN_POINT('',(-0.0707246434782612,-0.252221662753459,0.0667096485484207));
#4545=CARTESIAN_POINT('',(-0.0707246434782612,-0.254,0.049598422027669));
#4546=CARTESIAN_POINT('',(-0.0485879166694677,-0.258959951787287,0.0852518416173911));
#4547=CARTESIAN_POINT('',(-0.0485879166694677,-0.262476802804039,0.0680650967562541));
#4548=CARTESIAN_POINT('',(-0.0485879166694677,-0.264322525237425,0.0502696969518653));
#4549=CARTESIAN_POINT('',(-0.0255851513622741,-0.267519117165673,0.087121003920686));
#4550=CARTESIAN_POINT('',(-0.0255851513622741,-0.271163396317848,0.0693430004762644));
#4551=CARTESIAN_POINT('',(-0.0255851513622741,-0.273078299385377,0.0509396513609037));
#4552=CARTESIAN_POINT('',(-0.0707246434782612,-0.254,0.03207512));
#4553=CARTESIAN_POINT('',(-0.0707246434782612,-0.254,0.014551817972331));
#4554=CARTESIAN_POINT('',(-0.0707246434782612,-0.252221662753459,-0.00255940854842068));
#4555=CARTESIAN_POINT('',(-0.0485879166694677,-0.264322525237425,0.03207512));
#4556=CARTESIAN_POINT('',(-0.0485879166694677,-0.264322525237425,0.0138805430481347));
#4557=CARTESIAN_POINT('',(-0.0485879166694677,-0.262476802804039,-0.0039148567562541));
#4558=CARTESIAN_POINT('',(-0.0255851513622741,-0.273078299385377,0.03207512));
#4559=CARTESIAN_POINT('',(-0.0255851513622741,-0.273078299385377,0.0132105886390963));
#4560=CARTESIAN_POINT('',(-0.0255851513622741,-0.271163396317848,-0.00519276047626444));
#4561=CARTESIAN_POINT('',(-0.0707246434782612,-0.248835770977829,-0.0190877768448022));
#4562=CARTESIAN_POINT('',(-0.0707246434782612,-0.245449879202199,-0.0356161451411836));
#4563=CARTESIAN_POINT('',(-0.0707246434782612,-0.240456432897481,-0.0515616552131948));
#4564=CARTESIAN_POINT('',(-0.0485879166694677,-0.258959951787287,-0.0211016016173911));
#4565=CARTESIAN_POINT('',(-0.0485879166694677,-0.255443100770534,-0.0382883464785281));
#4566=CARTESIAN_POINT('',(-0.0485879166694677,-0.250250088480222,-0.054891737438575));
#4567=CARTESIAN_POINT('',(-0.0255851513622741,-0.267519117165673,-0.022970763920686));
#4568=CARTESIAN_POINT('',(-0.0255851513622741,-0.263874838013499,-0.0407487673651075));
#4569=CARTESIAN_POINT('',(-0.0255851513622741,-0.258504264886914,-0.0578859303240841));
#4570=CARTESIAN_POINT('',(-0.0707246434782612,-0.234026214781128,-0.0667535243433828));
#4571=CARTESIAN_POINT('',(-0.0707246434782612,-0.227595996664774,-0.0819453934735707));
#4572=CARTESIAN_POINT('',(-0.0707246434782612,-0.219729006736785,-0.0963836216619353));
#4573=CARTESIAN_POINT('',(-0.0485879166694677,-0.243562984571816,-0.070703783731916));
#4574=CARTESIAN_POINT('',(-0.0485879166694677,-0.236875880663411,-0.086515830025257));
#4575=CARTESIAN_POINT('',(-0.0485879166694677,-0.228684813159987,-0.101560364712473));
#4576=CARTESIAN_POINT('',(-0.0255851513622741,-0.251588346450726,-0.0742171786881325));
#4577=CARTESIAN_POINT('',(-0.0255851513622741,-0.244672428014538,-0.0905484270521809));
#4578=CARTESIAN_POINT('',(-0.0255851513622741,-0.23621721004545,-0.10605916502519));
#4579=CARTESIAN_POINT('',(-0.0707246434782612,-0.210596027714614,-0.109897426191024));
#4580=CARTESIAN_POINT('',(-0.0707246434782612,-0.201463048692443,-0.123411230720112));
#4581=CARTESIAN_POINT('',(-0.0707246434782612,-0.19106408057609,-0.136000611589924));
#4582=CARTESIAN_POINT('',(-0.0485879166694677,-0.21917889377176,-0.115632313942531));
#4583=CARTESIAN_POINT('',(-0.0485879166694677,-0.209672974383533,-0.129704263172589));
#4584=CARTESIAN_POINT('',(-0.0485879166694677,-0.198837871221382,-0.142825076133337));
#4585=CARTESIAN_POINT('',(-0.0255851513622741,-0.226399328526942,-0.12058253212658));
#4586=CARTESIAN_POINT('',(-0.0255851513622741,-0.216581447008434,-0.13510589922797));
#4587=CARTESIAN_POINT('',(-0.0255851513622741,-0.20540967904787,-0.148628759588283));
#4588=CARTESIAN_POINT('',(-0.0707246434782612,-0.179569906083007,-0.147494786083007));
#4589=CARTESIAN_POINT('',(-0.0707246434782612,-0.168075731589924,-0.15898896057609));
#4590=CARTESIAN_POINT('',(-0.0707246434782612,-0.155486350720112,-0.169387928692443));
#4591=CARTESIAN_POINT('',(-0.0485879166694677,-0.18686903367736,-0.15479391367736));
#4592=CARTESIAN_POINT('',(-0.0485879166694677,-0.174900196133337,-0.166762751221382));
#4593=CARTESIAN_POINT('',(-0.0485879166694677,-0.161779383172589,-0.177597854383533));
#4594=CARTESIAN_POINT('',(-0.0255851513622741,-0.193056779318076,-0.160981659318076));
#4595=CARTESIAN_POINT('',(-0.0255851513622741,-0.180703879588283,-0.17333455904787));
#4596=CARTESIAN_POINT('',(-0.0255851513622741,-0.16718101922797,-0.184506327008434));
#4597=CARTESIAN_POINT('',(-0.0707246434782612,-0.141972546191024,-0.178520907714614));
#4598=CARTESIAN_POINT('',(-0.0707246434782612,-0.128458741661935,-0.187653886736785));
#4599=CARTESIAN_POINT('',(-0.0707246434782612,-0.114020513473571,-0.195520876664774));
#4600=CARTESIAN_POINT('',(-0.0485879166694677,-0.147707433942531,-0.18710377377176));
#4601=CARTESIAN_POINT('',(-0.0485879166694677,-0.133635484712473,-0.196609693159987));
#4602=CARTESIAN_POINT('',(-0.0485879166694677,-0.118590950025257,-0.204800760663411));
#4603=CARTESIAN_POINT('',(-0.0255851513622741,-0.15265765212658,-0.194324208526942));
#4604=CARTESIAN_POINT('',(-0.0255851513622741,-0.13813428502519,-0.20414209004545));
#4605=CARTESIAN_POINT('',(-0.0255851513622741,-0.122623547052181,-0.212597308014538));
#4606=CARTESIAN_POINT('',(-0.0707246434782612,-0.0988286443433828,-0.201951094781128));
#4607=CARTESIAN_POINT('',(-0.0707246434782612,-0.0836367752131948,-0.208381312897481));
#4608=CARTESIAN_POINT('',(-0.0707246434782612,-0.0676912651411836,-0.213374759202199));
#4609=CARTESIAN_POINT('',(-0.0485879166694677,-0.102778903731916,-0.211487864571816));
#4610=CARTESIAN_POINT('',(-0.0485879166694677,-0.086966857438575,-0.218174968480222));
#4611=CARTESIAN_POINT('',(-0.0485879166694677,-0.0703634664785281,-0.223367980770534));
#4612=CARTESIAN_POINT('',(-0.0255851513622741,-0.106292298688133,-0.219513226450726));
#4613=CARTESIAN_POINT('',(-0.0255851513622741,-0.0899610503240841,-0.226429144886914));
#4614=CARTESIAN_POINT('',(-0.0255851513622741,-0.0728238873651075,-0.231799718013499));
#4615=CARTESIAN_POINT('',(-0.0707246434782612,-0.0511628968448022,-0.216760650977829));
#4616=CARTESIAN_POINT('',(-0.0707246434782612,-0.0346345285484207,-0.220146542753459));
#4617=CARTESIAN_POINT('',(-0.0707246434782612,-0.017523302027669,-0.22192488));
#4618=CARTESIAN_POINT('',(-0.0485879166694677,-0.0531767216173911,-0.226884831787287));
#4619=CARTESIAN_POINT('',(-0.0485879166694677,-0.0359899767562541,-0.230401682804039));
#4620=CARTESIAN_POINT('',(-0.0485879166694677,-0.0181945769518653,-0.232247405237425));
#4621=CARTESIAN_POINT('',(-0.0255851513622741,-0.055045883920686,-0.235443997165673));
#4622=CARTESIAN_POINT('',(-0.0255851513622741,-0.0372678804762644,-0.239088276317848));
#4623=CARTESIAN_POINT('',(-0.0255851513622741,-0.0188645313609037,-0.241003179385377));
#4624=CARTESIAN_POINT('',(-0.0707246434782612,0.,-0.22192488));
#4625=CARTESIAN_POINT('',(-0.0707246434782612,0.017523302027669,-0.22192488));
#4626=CARTESIAN_POINT('',(-0.0707246434782612,0.0346345285484207,-0.220146542753459));
#4627=CARTESIAN_POINT('',(-0.0485879166694677,6.32072374556544E-19,-0.232247405237425));
#4628=CARTESIAN_POINT('',(-0.0485879166694677,0.0181945769518653,-0.232247405237425));
#4629=CARTESIAN_POINT('',(-0.0485879166694677,0.0359899767562541,-0.230401682804039));
#4630=CARTESIAN_POINT('',(-0.0255851513622741,-3.87092521143303E-19,-0.241003179385377));
#4631=CARTESIAN_POINT('',(-0.0255851513622741,0.0188645313609037,-0.241003179385377));
#4632=CARTESIAN_POINT('',(-0.0255851513622741,0.0372678804762644,-0.239088276317848));
#4633=CARTESIAN_POINT('',(-0.0707246434782612,0.0511628968448022,-0.216760650977829));
#4634=CARTESIAN_POINT('',(-0.0707246434782612,0.0676912651411836,-0.213374759202199));
#4635=CARTESIAN_POINT('',(-0.0707246434782612,0.0836367752131948,-0.208381312897481));
#4636=CARTESIAN_POINT('',(-0.0485879166694677,0.0531767216173911,-0.226884831787287));
#4637=CARTESIAN_POINT('',(-0.0485879166694677,0.0703634664785281,-0.223367980770534));
#4638=CARTESIAN_POINT('',(-0.0485879166694677,0.0869668574385751,-0.218174968480222));
#4639=CARTESIAN_POINT('',(-0.0255851513622741,0.055045883920686,-0.235443997165673));
#4640=CARTESIAN_POINT('',(-0.0255851513622741,0.0728238873651075,-0.231799718013499));
#4641=CARTESIAN_POINT('',(-0.0255851513622741,0.0899610503240842,-0.226429144886914));
#4642=CARTESIAN_POINT('',(-0.0707246434782612,0.0988286443433828,-0.201951094781128));
#4643=CARTESIAN_POINT('',(-0.0707246434782612,0.114020513473571,-0.195520876664774));
#4644=CARTESIAN_POINT('',(-0.0707246434782612,0.128458741661935,-0.187653886736785));
#4645=CARTESIAN_POINT('',(-0.0485879166694677,0.102778903731916,-0.211487864571816));
#4646=CARTESIAN_POINT('',(-0.0485879166694677,0.118590950025257,-0.204800760663411));
#4647=CARTESIAN_POINT('',(-0.0485879166694677,0.133635484712473,-0.196609693159987));
#4648=CARTESIAN_POINT('',(-0.0255851513622741,0.106292298688133,-0.219513226450726));
#4649=CARTESIAN_POINT('',(-0.0255851513622741,0.122623547052181,-0.212597308014538));
#4650=CARTESIAN_POINT('',(-0.0255851513622741,0.13813428502519,-0.20414209004545));
#4651=CARTESIAN_POINT('',(-0.0707246434782612,0.141972546191024,-0.178520907714614));
#4652=CARTESIAN_POINT('',(-0.0707246434782612,0.155486350720112,-0.169387928692443));
#4653=CARTESIAN_POINT('',(-0.0707246434782612,0.168075731589924,-0.15898896057609));
#4654=CARTESIAN_POINT('',(-0.0485879166694677,0.147707433942531,-0.18710377377176));
#4655=CARTESIAN_POINT('',(-0.0485879166694677,0.161779383172589,-0.177597854383533));
#4656=CARTESIAN_POINT('',(-0.0485879166694677,0.174900196133337,-0.166762751221382));
#4657=CARTESIAN_POINT('',(-0.0255851513622741,0.15265765212658,-0.194324208526942));
#4658=CARTESIAN_POINT('',(-0.0255851513622741,0.16718101922797,-0.184506327008434));
#4659=CARTESIAN_POINT('',(-0.0255851513622741,0.180703879588283,-0.17333455904787));
#4660=CARTESIAN_POINT('',(-0.0707246434782612,0.179569906083007,-0.147494786083007));
#4661=CARTESIAN_POINT('',(-0.0707246434782612,0.19106408057609,-0.136000611589924));
#4662=CARTESIAN_POINT('',(-0.0707246434782612,0.201463048692443,-0.123411230720112));
#4663=CARTESIAN_POINT('',(-0.0485879166694677,0.18686903367736,-0.15479391367736));
#4664=CARTESIAN_POINT('',(-0.0485879166694677,0.198837871221382,-0.142825076133337));
#4665=CARTESIAN_POINT('',(-0.0485879166694677,0.209672974383533,-0.129704263172589));
#4666=CARTESIAN_POINT('',(-0.0255851513622741,0.193056779318076,-0.160981659318076));
#4667=CARTESIAN_POINT('',(-0.0255851513622741,0.20540967904787,-0.148628759588283));
#4668=CARTESIAN_POINT('',(-0.0255851513622741,0.216581447008435,-0.13510589922797));
#4669=CARTESIAN_POINT('',(-0.0707246434782612,0.210596027714614,-0.109897426191024));
#4670=CARTESIAN_POINT('',(-0.0707246434782612,0.219729006736785,-0.0963836216619353));
#4671=CARTESIAN_POINT('',(-0.0707246434782612,0.227595996664774,-0.0819453934735707));
#4672=CARTESIAN_POINT('',(-0.0485879166694677,0.21917889377176,-0.115632313942531));
#4673=CARTESIAN_POINT('',(-0.0485879166694677,0.228684813159987,-0.101560364712473));
#4674=CARTESIAN_POINT('',(-0.0485879166694677,0.236875880663411,-0.086515830025257));
#4675=CARTESIAN_POINT('',(-0.0255851513622741,0.226399328526942,-0.12058253212658));
#4676=CARTESIAN_POINT('',(-0.0255851513622741,0.23621721004545,-0.10605916502519));
#4677=CARTESIAN_POINT('',(-0.0255851513622741,0.244672428014538,-0.0905484270521809));
#4678=CARTESIAN_POINT('',(-0.0707246434782612,0.234026214781128,-0.0667535243433828));
#4679=CARTESIAN_POINT('',(-0.0707246434782612,0.240456432897481,-0.0515616552131948));
#4680=CARTESIAN_POINT('',(-0.0707246434782612,0.245449879202199,-0.0356161451411836));
#4681=CARTESIAN_POINT('',(-0.0485879166694677,0.243562984571816,-0.070703783731916));
#4682=CARTESIAN_POINT('',(-0.0485879166694677,0.250250088480222,-0.054891737438575));
#4683=CARTESIAN_POINT('',(-0.0485879166694677,0.255443100770534,-0.0382883464785281));
#4684=CARTESIAN_POINT('',(-0.0255851513622741,0.251588346450726,-0.0742171786881325));
#4685=CARTESIAN_POINT('',(-0.0255851513622741,0.258504264886914,-0.0578859303240841));
#4686=CARTESIAN_POINT('',(-0.0255851513622741,0.263874838013499,-0.0407487673651075));
#4687=CARTESIAN_POINT('',(-0.0707246434782612,0.248835770977829,-0.0190877768448021));
#4688=CARTESIAN_POINT('',(-0.0707246434782612,0.252221662753459,-0.00255940854842068));
#4689=CARTESIAN_POINT('',(-0.0707246434782612,0.254,0.014551817972331));
#4690=CARTESIAN_POINT('',(-0.0485879166694677,0.258959951787287,-0.0211016016173911));
#4691=CARTESIAN_POINT('',(-0.0485879166694677,0.262476802804039,-0.00391485675625409));
#4692=CARTESIAN_POINT('',(-0.0485879166694677,0.264322525237425,0.0138805430481347));
#4693=CARTESIAN_POINT('',(-0.0255851513622741,0.267519117165673,-0.022970763920686));
#4694=CARTESIAN_POINT('',(-0.0255851513622741,0.271163396317848,-0.00519276047626444));
#4695=CARTESIAN_POINT('',(-0.0255851513622741,0.273078299385377,0.0132105886390963));
#4696=CARTESIAN_POINT('',(-0.00199224347826121,0.2794,0.03207512));
#4697=CARTESIAN_POINT('',(-0.00199224347826121,0.2794,0.0513507522304359));
#4698=CARTESIAN_POINT('',(-0.00199224347826121,0.277443829028804,0.0701731014032628));
#4699=CARTESIAN_POINT('',(0.019160579047665,0.291612587779464,0.03207512));
#4700=CARTESIAN_POINT('',(0.019160579047665,0.291612587779464,0.0521449381246178));
#4701=CARTESIAN_POINT('',(0.019160579047665,0.289576693340372,0.0717767332508911));
#4702=CARTESIAN_POINT('',(0.0515870270971839,0.484968667005619,0.126672072529699));
#4703=CARTESIAN_POINT('',(0.0514971113752427,0.485123416759505,0.147647443182167));
#4704=CARTESIAN_POINT('',(0.0513659350173121,0.482012493612282,0.165904210396972));
#4705=CARTESIAN_POINT('',(-0.00199224347826121,0.273719348075612,0.0883543065292824));
#4706=CARTESIAN_POINT('',(-0.00199224347826121,0.269994867122419,0.106535511655302));
#4707=CARTESIAN_POINT('',(-0.00199224347826121,0.264502076187229,0.124075572734514));
#4708=CARTESIAN_POINT('',(0.019160579047665,0.285697274405342,0.0907368642118282));
#4709=CARTESIAN_POINT('',(0.019160579047665,0.281817855470313,0.109696995172765));
#4710=CARTESIAN_POINT('',(0.019160579047665,0.276088957859595,0.128015395651376));
#4711=CARTESIAN_POINT('',(0.0510475327655372,0.476161748897062,0.1822745228168));
#4712=CARTESIAN_POINT('',(0.0507291305137623,0.470311004181843,0.198644835236627));
#4713=CARTESIAN_POINT('',(0.0502066295402189,0.461828132006823,0.212794696813635));
#4714=CARTESIAN_POINT('',(-0.00199224347826121,0.25742883625924,0.140786628777721));
#4715=CARTESIAN_POINT('',(-0.00199224347826121,0.250355596331251,0.157497684820928));
#4716=CARTESIAN_POINT('',(-0.00199224347826121,0.241701907410464,0.173379735828129));
#4717=CARTESIAN_POINT('',(0.019160579047665,0.268711796147684,0.145460183787226));
#4718=CARTESIAN_POINT('',(0.019160579047665,0.261334634435774,0.162904971923077));
#4719=CARTESIAN_POINT('',(0.019160579047665,0.252297529078957,0.179504344629006));
#4720=CARTESIAN_POINT('',(0.0496766135865342,0.450530380461459,0.225420922662901));
#4721=CARTESIAN_POINT('',(0.0491465976328495,0.439232628916095,0.238047148512166));
#4722=CARTESIAN_POINT('',(0.0484830189828105,0.425487292481896,0.248953246766313));
#4723=CARTESIAN_POINT('',(-0.00199224347826121,0.231655630486076,0.188244920810126));
#4724=CARTESIAN_POINT('',(-0.00199224347826121,0.221609353561687,0.203110105792123));
#4725=CARTESIAN_POINT('',(-0.00199224347826121,0.210170488633699,0.216958424748916));
#4726=CARTESIAN_POINT('',(0.019160579047665,0.241810026112277,0.195029871048535));
#4727=CARTESIAN_POINT('',(0.019160579047665,0.231322523145598,0.210555397468064));
#4728=CARTESIAN_POINT('',(0.019160579047665,0.219367666499692,0.225032454152313));
#4729=CARTESIAN_POINT('',(0.0478674370434288,0.409041421372038,0.258558853526625));
#4730=CARTESIAN_POINT('',(0.0472518551040471,0.392595550262179,0.268164460286936));
#4731=CARTESIAN_POINT('',(0.0465767769246078,0.373826334800094,0.276458868038668));
#4732=CARTESIAN_POINT('',(-0.00199224347826121,0.197526896691308,0.229602016691308));
#4733=CARTESIAN_POINT('',(-0.00199224347826121,0.184883304748917,0.242245608633699));
#4734=CARTESIAN_POINT('',(-0.00199224347826121,0.171034985792123,0.253684473561687));
#4735=CARTESIAN_POINT('',(0.019160579047665,0.206162500326002,0.238237620326002));
#4736=CARTESIAN_POINT('',(0.019160579047665,0.192957334152313,0.251442786499692));
#4737=CARTESIAN_POINT('',(0.019160579047665,0.178480277468064,0.263397643145597));
#4738=CARTESIAN_POINT('',(0.0459831219502443,0.352521335549468,0.283581538839004));
#4739=CARTESIAN_POINT('',(0.0453894669758808,0.331216336298843,0.29070420963934));
#4740=CARTESIAN_POINT('',(0.0448003772454098,0.307687206703008,0.296816605327101));
#4741=CARTESIAN_POINT('',(-0.00199224347826121,0.156169800810126,0.263730750486076));
#4742=CARTESIAN_POINT('',(-0.00199224347826121,0.141304615828129,0.273777027410464));
#4743=CARTESIAN_POINT('',(-0.00199224347826121,0.125422564820928,0.282430716331251));
#4744=CARTESIAN_POINT('',(0.019160579047665,0.162954751048535,0.273885146112277));
#4745=CARTESIAN_POINT('',(0.019160579047665,0.147429224629006,0.284372649078957));
#4746=CARTESIAN_POINT('',(0.019160579047665,0.130829851923077,0.293409754435774));
#4747=CARTESIAN_POINT('',(0.0443055071972478,0.281877607615443,0.301821853942875));
#4748=CARTESIAN_POINT('',(0.0438106371490856,0.256068008527878,0.306827102558648));
#4749=CARTESIAN_POINT('',(0.0433650968825187,0.228154177950485,0.311013138509452));
#4750=CARTESIAN_POINT('',(-0.00199224347826121,0.108711508777721,0.28950395625924));
#4751=CARTESIAN_POINT('',(-0.00199224347826121,0.0920004527345143,0.296577196187229));
#4752=CARTESIAN_POINT('',(-0.00199224347826121,0.074460391655302,0.302069987122419));
#4753=CARTESIAN_POINT('',(0.019160579047665,0.113385063787226,0.300786916147684));
#4754=CARTESIAN_POINT('',(0.019160579047665,0.0959402756513756,0.308164077859595));
#4755=CARTESIAN_POINT('',(0.019160579047665,0.0776218751727654,0.313892975470313));
#4756=CARTESIAN_POINT('',(0.0430139016612716,0.198329922771237,0.31414000614788));
#4757=CARTESIAN_POINT('',(0.0426627064400247,0.168505667591989,0.317266873786308));
#4758=CARTESIAN_POINT('',(0.0423822518399808,0.136764275706848,0.319674816224801));
#4759=CARTESIAN_POINT('',(-0.00199224347826121,0.0562791865292824,0.305794468075612));
#4760=CARTESIAN_POINT('',(-0.00199224347826121,0.0380979814032628,0.309518949028804));
#4761=CARTESIAN_POINT('',(-0.00199224347826121,0.0192756322304359,0.31147512));
#4762=CARTESIAN_POINT('',(0.019160579047665,0.0586617442118282,0.317772394405342));
#4763=CARTESIAN_POINT('',(0.019160579047665,0.0397016132508911,0.321651813340372));
#4764=CARTESIAN_POINT('',(0.019160579047665,0.0200698181246178,0.323687707779464));
#4765=CARTESIAN_POINT('',(0.0421983358697658,0.103598258287115,0.321110035387678));
#4766=CARTESIAN_POINT('',(0.0420144198995508,0.0704322408673826,0.322545254550554));
#4767=CARTESIAN_POINT('',(0.0419104058399817,0.0356454233944741,0.323278296739376));
#4768=CARTESIAN_POINT('',(-0.00199224347826121,0.,0.31147512));
#4769=CARTESIAN_POINT('',(-0.00199224347826121,-0.0192756322304359,0.31147512));
#4770=CARTESIAN_POINT('',(-0.00199224347826121,-0.0380979814032628,0.309518949028805));
#4771=CARTESIAN_POINT('',(0.019160579047665,-2.24341598001398E-18,0.323687707779464));
#4772=CARTESIAN_POINT('',(0.019160579047665,-0.0200698181246178,0.323687707779464));
#4773=CARTESIAN_POINT('',(0.019160579047665,-0.0397016132508911,0.321651813340372));
#4774=CARTESIAN_POINT('',(0.0419104058399817,4.60526641765078E-18,0.323278296739376));
#4775=CARTESIAN_POINT('',(0.0419104058399817,-0.0356454233944741,0.323278296739376));
#4776=CARTESIAN_POINT('',(0.0420144198995508,-0.0704322408673827,0.322545254550554));
#4777=CARTESIAN_POINT('',(-0.00199224347826121,-0.0562791865292824,0.305794468075612));
#4778=CARTESIAN_POINT('',(-0.00199224347826121,-0.074460391655302,0.302069987122419));
#4779=CARTESIAN_POINT('',(-0.00199224347826121,-0.0920004527345143,0.296577196187229));
#4780=CARTESIAN_POINT('',(0.019160579047665,-0.0586617442118282,0.317772394405342));
#4781=CARTESIAN_POINT('',(0.019160579047665,-0.0776218751727654,0.313892975470313));
#4782=CARTESIAN_POINT('',(0.019160579047665,-0.0959402756513756,0.308164077859595));
#4783=CARTESIAN_POINT('',(0.0421983358697658,-0.103598258287115,0.321110035387678));
#4784=CARTESIAN_POINT('',(0.0423822518399808,-0.136764275706848,0.319674816224801));
#4785=CARTESIAN_POINT('',(0.0426627064400247,-0.168505667591989,0.317266873786308));
#4786=CARTESIAN_POINT('',(-0.00199224347826121,-0.108711508777721,0.28950395625924));
#4787=CARTESIAN_POINT('',(-0.00199224347826121,-0.125422564820928,0.282430716331251));
#4788=CARTESIAN_POINT('',(-0.00199224347826121,-0.141304615828129,0.273777027410464));
#4789=CARTESIAN_POINT('',(0.019160579047665,-0.113385063787226,0.300786916147684));
#4790=CARTESIAN_POINT('',(0.019160579047665,-0.130829851923077,0.293409754435774));
#4791=CARTESIAN_POINT('',(0.019160579047665,-0.147429224629006,0.284372649078957));
#4792=CARTESIAN_POINT('',(0.0430139016612716,-0.198329922771237,0.31414000614788));
#4793=CARTESIAN_POINT('',(0.0433650968825187,-0.228154177950485,0.311013138509452));
#4794=CARTESIAN_POINT('',(0.0438106371490856,-0.256068008527878,0.306827102558648));
#4795=CARTESIAN_POINT('',(-0.00199224347826121,-0.156169800810126,0.263730750486076));
#4796=CARTESIAN_POINT('',(-0.00199224347826121,-0.171034985792123,0.253684473561687));
#4797=CARTESIAN_POINT('',(-0.00199224347826121,-0.184883304748916,0.242245608633699));
#4798=CARTESIAN_POINT('',(0.019160579047665,-0.162954751048535,0.273885146112277));
#4799=CARTESIAN_POINT('',(0.019160579047665,-0.178480277468064,0.263397643145597));
#4800=CARTESIAN_POINT('',(0.019160579047665,-0.192957334152313,0.251442786499692));
#4801=CARTESIAN_POINT('',(0.0443055071972478,-0.281877607615443,0.301821853942875));
#4802=CARTESIAN_POINT('',(0.0448003772454098,-0.307687206703008,0.296816605327101));
#4803=CARTESIAN_POINT('',(0.0453894669758808,-0.331216336298843,0.29070420963934));
#4804=CARTESIAN_POINT('',(-0.00199224347826121,-0.197526896691308,0.229602016691308));
#4805=CARTESIAN_POINT('',(-0.00199224347826121,-0.210170488633699,0.216958424748917));
#4806=CARTESIAN_POINT('',(-0.00199224347826121,-0.221609353561687,0.203110105792123));
#4807=CARTESIAN_POINT('',(0.019160579047665,-0.206162500326002,0.238237620326002));
#4808=CARTESIAN_POINT('',(0.019160579047665,-0.219367666499692,0.225032454152313));
#4809=CARTESIAN_POINT('',(0.019160579047665,-0.231322523145597,0.210555397468064));
#4810=CARTESIAN_POINT('',(0.0459831219502443,-0.352521335549468,0.283581538839004));
#4811=CARTESIAN_POINT('',(0.0465767769246078,-0.373826334800094,0.276458868038668));
#4812=CARTESIAN_POINT('',(0.0472518551040471,-0.392595550262179,0.268164460286936));
#4813=CARTESIAN_POINT('',(-0.00199224347826121,-0.231655630486076,0.188244920810126));
#4814=CARTESIAN_POINT('',(-0.00199224347826121,-0.241701907410464,0.173379735828129));
#4815=CARTESIAN_POINT('',(-0.00199224347826121,-0.250355596331252,0.157497684820928));
#4816=CARTESIAN_POINT('',(0.019160579047665,-0.241810026112277,0.195029871048535));
#4817=CARTESIAN_POINT('',(0.019160579047665,-0.252297529078957,0.179504344629006));
#4818=CARTESIAN_POINT('',(0.019160579047665,-0.261334634435774,0.162904971923077));
#4819=CARTESIAN_POINT('',(0.0478674370434288,-0.409041421372038,0.258558853526625));
#4820=CARTESIAN_POINT('',(0.0484830189828105,-0.425487292481896,0.248953246766313));
#4821=CARTESIAN_POINT('',(0.0491465976328495,-0.439232628916095,0.238047148512166));
#4822=CARTESIAN_POINT('',(-0.00199224347826121,-0.25742883625924,0.140786628777721));
#4823=CARTESIAN_POINT('',(-0.00199224347826121,-0.264502076187229,0.124075572734514));
#4824=CARTESIAN_POINT('',(-0.00199224347826121,-0.269994867122419,0.106535511655302));
#4825=CARTESIAN_POINT('',(0.019160579047665,-0.268711796147685,0.145460183787226));
#4826=CARTESIAN_POINT('',(0.019160579047665,-0.276088957859595,0.128015395651376));
#4827=CARTESIAN_POINT('',(0.019160579047665,-0.281817855470313,0.109696995172765));
#4828=CARTESIAN_POINT('',(0.0496766135865342,-0.450530380461459,0.225420922662901));
#4829=CARTESIAN_POINT('',(0.0502066295402189,-0.461828132006823,0.212794696813635));
#4830=CARTESIAN_POINT('',(0.0507291305137623,-0.470311004181843,0.198644835236627));
#4831=CARTESIAN_POINT('',(-0.00199224347826121,-0.273719348075612,0.0883543065292824));
#4832=CARTESIAN_POINT('',(-0.00199224347826121,-0.277443829028804,0.0701731014032627));
#4833=CARTESIAN_POINT('',(-0.00199224347826121,-0.2794,0.0513507522304359));
#4834=CARTESIAN_POINT('',(0.019160579047665,-0.285697274405342,0.0907368642118282));
#4835=CARTESIAN_POINT('',(0.019160579047665,-0.289576693340372,0.0717767332508911));
#4836=CARTESIAN_POINT('',(0.019160579047665,-0.291612587779464,0.0521449381246178));
#4837=CARTESIAN_POINT('',(0.0510475327655372,-0.476161748897062,0.1822745228168));
#4838=CARTESIAN_POINT('',(0.0513659350173121,-0.482012493612282,0.165904210396972));
#4839=CARTESIAN_POINT('',(0.0514971113752427,-0.485123416759505,0.147647443182167));
#4840=CARTESIAN_POINT('',(-0.00199224347826121,-0.2794,0.03207512));
#4841=CARTESIAN_POINT('',(-0.00199224347826121,-0.2794,0.0127994877695642));
#4842=CARTESIAN_POINT('',(-0.00199224347826121,-0.277443829028804,-0.00602286140326274));
#4843=CARTESIAN_POINT('',(0.019160579047665,-0.291612587779464,0.03207512));
#4844=CARTESIAN_POINT('',(0.019160579047665,-0.291612587779464,0.0120053018753822));
#4845=CARTESIAN_POINT('',(0.019160579047665,-0.289576693340372,-0.00762649325089106));
#4846=CARTESIAN_POINT('',(0.0515870270971839,-0.484968667005619,0.126672072529699));
#4847=CARTESIAN_POINT('',(0.0516769428191249,-0.484813917251733,0.10569670187723));
#4848=CARTESIAN_POINT('',(0.0515870270971839,-0.480601664457819,0.0834447403628369));
#4849=CARTESIAN_POINT('',(-0.00199224347826121,-0.273719348075612,-0.0242040665292824));
#4850=CARTESIAN_POINT('',(-0.00199224347826121,-0.269994867122419,-0.042385271655302));
#4851=CARTESIAN_POINT('',(-0.00199224347826121,-0.264502076187229,-0.0599253327345143));
#4852=CARTESIAN_POINT('',(0.019160579047665,-0.285697274405342,-0.0265866242118282));
#4853=CARTESIAN_POINT('',(0.019160579047665,-0.281817855470313,-0.0455467551727653));
#4854=CARTESIAN_POINT('',(0.019160579047665,-0.276088957859595,-0.0638651556513756));
#4855=CARTESIAN_POINT('',(0.0515870270971839,-0.472564166779997,0.0603684308489581));
#4856=CARTESIAN_POINT('',(0.0515870270971839,-0.464526669102175,0.0372921213350794));
#4857=CARTESIAN_POINT('',(0.0515870270971839,-0.452842288723364,0.0135409531586004));
#4858=CARTESIAN_POINT('',(-0.00199224347826121,-0.25742883625924,-0.076636388777721));
#4859=CARTESIAN_POINT('',(-0.00199224347826121,-0.250355596331251,-0.0933474448209277));
#4860=CARTESIAN_POINT('',(-0.00199224347826121,-0.241701907410464,-0.109229495828129));
#4861=CARTESIAN_POINT('',(0.019160579047665,-0.268711796147684,-0.0813099437872262));
#4862=CARTESIAN_POINT('',(0.019160579047665,-0.261334634435774,-0.0987547319230768));
#4863=CARTESIAN_POINT('',(0.019160579047665,-0.252297529078957,-0.115354104629006));
#4864=CARTESIAN_POINT('',(0.0515870270971839,-0.438172457998344,-0.0103335090345321));
#4865=CARTESIAN_POINT('',(0.0515870270971839,-0.423502627273324,-0.0342079712276645));
#4866=CARTESIAN_POINT('',(0.0515870270971839,-0.405893663647758,-0.0580939072319576));
#4867=CARTESIAN_POINT('',(-0.00199224347826121,-0.231655630486076,-0.124094680810126));
#4868=CARTESIAN_POINT('',(-0.00199224347826121,-0.221609353561687,-0.138959865792123));
#4869=CARTESIAN_POINT('',(-0.00199224347826121,-0.210170488633699,-0.152808184748916));
#4870=CARTESIAN_POINT('',(0.019160579047665,-0.241810026112277,-0.130879631048535));
#4871=CARTESIAN_POINT('',(0.019160579047665,-0.231322523145597,-0.146405157468064));
#4872=CARTESIAN_POINT('',(0.019160579047665,-0.219367666499692,-0.160882214152313));
#4873=CARTESIAN_POINT('',(0.0515870270971839,-0.385973959489537,-0.0814260667907951));
#4874=CARTESIAN_POINT('',(0.0515870270971839,-0.366054255331316,-0.104758226349633));
#4875=CARTESIAN_POINT('',(0.0515870270971839,-0.34389105314927,-0.127435973936805));
#4876=CARTESIAN_POINT('',(-0.00199224347826121,-0.197526896691308,-0.165451776691308));
#4877=CARTESIAN_POINT('',(-0.00199224347826121,-0.184883304748917,-0.178095368633699));
#4878=CARTESIAN_POINT('',(-0.00199224347826121,-0.171034985792123,-0.189534233561687));
#4879=CARTESIAN_POINT('',(0.019160579047665,-0.206162500326002,-0.174087380326002));
#4880=CARTESIAN_POINT('',(0.019160579047665,-0.192957334152313,-0.187292546499692));
#4881=CARTESIAN_POINT('',(0.019160579047665,-0.178480277468064,-0.199247403145597));
#4882=CARTESIAN_POINT('',(0.0515870270971839,-0.320083010108678,-0.148874190868515));
#4883=CARTESIAN_POINT('',(0.0515870270971839,-0.296274967068087,-0.170312407800226));
#4884=CARTESIAN_POINT('',(0.0515870270971839,-0.270907666649041,-0.190425510596384));
#4885=CARTESIAN_POINT('',(-0.00199224347826121,-0.156169800810126,-0.199580510486076));
#4886=CARTESIAN_POINT('',(-0.00199224347826121,-0.141304615828129,-0.209626787410464));
#4887=CARTESIAN_POINT('',(-0.00199224347826121,-0.125422564820928,-0.218280476331251));
#4888=CARTESIAN_POINT('',(0.019160579047665,-0.162954751048535,-0.209734906112277));
#4889=CARTESIAN_POINT('',(0.019160579047665,-0.147429224629006,-0.220222409078957));
#4890=CARTESIAN_POINT('',(0.019160579047665,-0.130829851923077,-0.229259514435774));
#4891=CARTESIAN_POINT('',(0.0515870270971839,-0.244554478305646,-0.208603092862017));
#4892=CARTESIAN_POINT('',(0.0515870270971839,-0.218201289962251,-0.226780675127651));
#4893=CARTESIAN_POINT('',(0.0515870270971839,-0.190962849220716,-0.242955494353932));
#4894=CARTESIAN_POINT('',(-0.00199224347826121,-0.108711508777721,-0.22535371625924));
#4895=CARTESIAN_POINT('',(-0.00199224347826121,-0.0920004527345143,-0.232426956187229));
#4896=CARTESIAN_POINT('',(-0.00199224347826121,-0.0744603916553019,-0.237919747122419));
#4897=CARTESIAN_POINT('',(0.019160579047665,-0.113385063787226,-0.236636676147684));
#4898=CARTESIAN_POINT('',(0.019160579047665,-0.0959402756513756,-0.244013837859595));
#4899=CARTESIAN_POINT('',(0.019160579047665,-0.0776218751727653,-0.249742735470313));
#4900=CARTESIAN_POINT('',(0.0515870270971839,-0.163392657107966,-0.256487408943276));
#4901=CARTESIAN_POINT('',(0.0515870270971839,-0.135822464995217,-0.270019323532621));
#4902=CARTESIAN_POINT('',(0.0515870270971839,-0.108032341716746,-0.280862016039367));
#4903=CARTESIAN_POINT('',(-0.00199224347826121,-0.0562791865292824,-0.241644228075612));
#4904=CARTESIAN_POINT('',(-0.00199224347826121,-0.0380979814032627,-0.245368709028804));
#4905=CARTESIAN_POINT('',(-0.00199224347826121,-0.0192756322304359,-0.24732488));
#4906=CARTESIAN_POINT('',(0.019160579047665,-0.0586617442118282,-0.253622154405342));
#4907=CARTESIAN_POINT('',(0.019160579047665,-0.039701613250891,-0.257501573340372));
#4908=CARTESIAN_POINT('',(0.019160579047665,-0.0200698181246178,-0.259537467779464));
#4909=CARTESIAN_POINT('',(0.0515870270971839,-0.0805621026888081,-0.288342304879043));
#4910=CARTESIAN_POINT('',(0.0515870270971839,-0.0530918636608705,-0.295822593718719));
#4911=CARTESIAN_POINT('',(0.0515870270971839,-0.026060216580455,-0.299916866462291));
#4912=CARTESIAN_POINT('',(-0.00199224347826121,0.,-0.24732488));
#4913=CARTESIAN_POINT('',(-0.00199224347826121,0.0192756322304359,-0.24732488));
#4914=CARTESIAN_POINT('',(-0.00199224347826121,0.0380979814032628,-0.245368709028804));
#4915=CARTESIAN_POINT('',(0.019160579047665,7.47805326671327E-19,-0.259537467779464));
#4916=CARTESIAN_POINT('',(0.019160579047665,0.0200698181246178,-0.259537467779464));
#4917=CARTESIAN_POINT('',(0.019160579047665,0.0397016132508911,-0.257501573340372));
#4918=CARTESIAN_POINT('',(0.0515870270971839,-2.96556384650042E-18,-0.299916866462291));
#4919=CARTESIAN_POINT('',(0.0515870270971839,0.026060216580455,-0.299916866462291));
#4920=CARTESIAN_POINT('',(0.0515870270971839,0.0530918636608705,-0.295822593718719));
#4921=CARTESIAN_POINT('',(-0.00199224347826121,0.0562791865292824,-0.241644228075612));
#4922=CARTESIAN_POINT('',(-0.00199224347826121,0.074460391655302,-0.237919747122419));
#4923=CARTESIAN_POINT('',(-0.00199224347826121,0.0920004527345143,-0.232426956187229));
#4924=CARTESIAN_POINT('',(0.019160579047665,0.0586617442118282,-0.253622154405342));
#4925=CARTESIAN_POINT('',(0.019160579047665,0.0776218751727654,-0.249742735470313));
#4926=CARTESIAN_POINT('',(0.019160579047665,0.0959402756513756,-0.244013837859595));
#4927=CARTESIAN_POINT('',(0.0515870270971839,0.0805621026888081,-0.288342304879043));
#4928=CARTESIAN_POINT('',(0.0515870270971839,0.108032341716746,-0.280862016039367));
#4929=CARTESIAN_POINT('',(0.0515870270971839,0.135822464995217,-0.270019323532621));
#4930=CARTESIAN_POINT('',(-0.00199224347826121,0.108711508777721,-0.22535371625924));
#4931=CARTESIAN_POINT('',(-0.00199224347826121,0.125422564820928,-0.218280476331251));
#4932=CARTESIAN_POINT('',(-0.00199224347826121,0.141304615828129,-0.209626787410464));
#4933=CARTESIAN_POINT('',(0.019160579047665,0.113385063787226,-0.236636676147684));
#4934=CARTESIAN_POINT('',(0.019160579047665,0.130829851923077,-0.229259514435774));
#4935=CARTESIAN_POINT('',(0.019160579047665,0.147429224629006,-0.220222409078957));
#4936=CARTESIAN_POINT('',(0.0515870270971839,0.163392657107966,-0.256487408943276));
#4937=CARTESIAN_POINT('',(0.0515870270971839,0.190962849220716,-0.242955494353932));
#4938=CARTESIAN_POINT('',(0.0515870270971839,0.218201289962251,-0.226780675127651));
#4939=CARTESIAN_POINT('',(-0.00199224347826121,0.156169800810126,-0.199580510486076));
#4940=CARTESIAN_POINT('',(-0.00199224347826121,0.171034985792123,-0.189534233561687));
#4941=CARTESIAN_POINT('',(-0.00199224347826121,0.184883304748917,-0.178095368633699));
#4942=CARTESIAN_POINT('',(0.019160579047665,0.162954751048535,-0.209734906112277));
#4943=CARTESIAN_POINT('',(0.019160579047665,0.178480277468064,-0.199247403145597));
#4944=CARTESIAN_POINT('',(0.019160579047665,0.192957334152313,-0.187292546499692));
#4945=CARTESIAN_POINT('',(0.0515870270971839,0.244554478305646,-0.208603092862017));
#4946=CARTESIAN_POINT('',(0.0515870270971839,0.270907666649041,-0.190425510596384));
#4947=CARTESIAN_POINT('',(0.0515870270971839,0.296274967068087,-0.170312407800226));
#4948=CARTESIAN_POINT('',(-0.00199224347826121,0.197526896691308,-0.165451776691308));
#4949=CARTESIAN_POINT('',(-0.00199224347826121,0.210170488633699,-0.152808184748916));
#4950=CARTESIAN_POINT('',(-0.00199224347826121,0.221609353561687,-0.138959865792123));
#4951=CARTESIAN_POINT('',(0.019160579047665,0.206162500326002,-0.174087380326002));
#4952=CARTESIAN_POINT('',(0.019160579047665,0.219367666499692,-0.160882214152313));
#4953=CARTESIAN_POINT('',(0.019160579047665,0.231322523145598,-0.146405157468064));
#4954=CARTESIAN_POINT('',(0.0515870270971839,0.320083010108678,-0.148874190868515));
#4955=CARTESIAN_POINT('',(0.0515870270971839,0.34389105314927,-0.127435973936805));
#4956=CARTESIAN_POINT('',(0.0515870270971839,0.366054255331316,-0.104758226349633));
#4957=CARTESIAN_POINT('',(-0.00199224347826121,0.231655630486076,-0.124094680810126));
#4958=CARTESIAN_POINT('',(-0.00199224347826121,0.241701907410464,-0.109229495828129));
#4959=CARTESIAN_POINT('',(-0.00199224347826121,0.250355596331252,-0.0933474448209277));
#4960=CARTESIAN_POINT('',(0.019160579047665,0.241810026112277,-0.130879631048535));
#4961=CARTESIAN_POINT('',(0.019160579047665,0.252297529078957,-0.115354104629006));
#4962=CARTESIAN_POINT('',(0.019160579047665,0.261334634435774,-0.0987547319230768));
#4963=CARTESIAN_POINT('',(0.0515870270971839,0.385973959489537,-0.0814260667907951));
#4964=CARTESIAN_POINT('',(0.0515870270971839,0.405893663647758,-0.0580939072319576));
#4965=CARTESIAN_POINT('',(0.0515870270971839,0.423502627273324,-0.0342079712276645));
#4966=CARTESIAN_POINT('',(-0.00199224347826121,0.25742883625924,-0.076636388777721));
#4967=CARTESIAN_POINT('',(-0.00199224347826121,0.264502076187229,-0.0599253327345143));
#4968=CARTESIAN_POINT('',(-0.00199224347826121,0.269994867122419,-0.042385271655302));
#4969=CARTESIAN_POINT('',(0.019160579047665,0.268711796147685,-0.0813099437872262));
#4970=CARTESIAN_POINT('',(0.019160579047665,0.276088957859595,-0.0638651556513756));
#4971=CARTESIAN_POINT('',(0.019160579047665,0.281817855470313,-0.0455467551727653));
#4972=CARTESIAN_POINT('',(0.0515870270971839,0.438172457998344,-0.010333509034532));
#4973=CARTESIAN_POINT('',(0.0515870270971839,0.452842288723363,0.0135409531586004));
#4974=CARTESIAN_POINT('',(0.0515870270971839,0.464526669102174,0.0372921213350794));
#4975=CARTESIAN_POINT('',(-0.00199224347826121,0.273719348075612,-0.0242040665292823));
#4976=CARTESIAN_POINT('',(-0.00199224347826121,0.277443829028804,-0.00602286140326274));
#4977=CARTESIAN_POINT('',(-0.00199224347826121,0.2794,0.0127994877695641));
#4978=CARTESIAN_POINT('',(0.019160579047665,0.285697274405342,-0.0265866242118282));
#4979=CARTESIAN_POINT('',(0.019160579047665,0.289576693340372,-0.00762649325089105));
#4980=CARTESIAN_POINT('',(0.019160579047665,0.291612587779464,0.0120053018753822));
#4981=CARTESIAN_POINT('',(0.0515870270971839,0.472564166779997,0.0603684308489581));
#4982=CARTESIAN_POINT('',(0.0515870270971839,0.480601664457819,0.0834447403628368));
#4983=CARTESIAN_POINT('',(0.0516769428191249,0.484813917251733,0.10569670187723));
#4984=CARTESIAN_POINT('',(0.135472556521739,0.5334,0.126672072529699));
#4985=CARTESIAN_POINT('',(0.135472556521739,0.5334,0.150766156325452));
#4986=CARTESIAN_POINT('',(0.135472556521739,0.529733632670454,0.172300408655501));
#4987=CARTESIAN_POINT('',(0.219358085946294,0.581831332994381,0.126672072529699));
#4988=CARTESIAN_POINT('',(0.219453710441902,0.581670978698011,0.154082877415309));
#4989=CARTESIAN_POINT('',(0.220778023293324,0.578724627478343,0.178583251611005));
#4990=CARTESIAN_POINT('',(1.25735419620924,0.74925032677347,-0.0458216));
#4991=CARTESIAN_POINT('',(1.25735419620924,0.74925032677347,0.0227945602148204));
#4992=CARTESIAN_POINT('',(1.25729415004268,0.744691849810134,0.0816766623934298));
#4993=CARTESIAN_POINT('',(0.135472556521739,0.522733988884943,0.191538317326963));
#4994=CARTESIAN_POINT('',(0.135472556521739,0.515734345099432,0.210776225998425));
#4995=CARTESIAN_POINT('',(0.135472556521739,0.505401424857955,0.2277177910113));
#4996=CARTESIAN_POINT('',(0.222962542288755,0.572275774754042,0.201392791238401));
#4997=CARTESIAN_POINT('',(0.225147061284186,0.565826922029742,0.224202330865797));
#4998=CARTESIAN_POINT('',(0.228642291676876,0.556559368126064,0.244886563710949));
#4999=CARTESIAN_POINT('',(1.25721421109142,0.735623979508786,0.133031082349007));
#5000=CARTESIAN_POINT('',(1.25713427214017,0.726556109207438,0.184385502304583));
#5001=CARTESIAN_POINT('',(1.25699906968819,0.713426547718679,0.227708373197918));
#5002=CARTESIAN_POINT('',(0.135472556521739,0.492068319034091,0.242626500172705));
#5003=CARTESIAN_POINT('',(0.135472556521739,0.478735213210227,0.257535209334111));
#5004=CARTESIAN_POINT('',(0.135472556521739,0.462401921803977,0.270411062644047));
#5005=CARTESIAN_POINT('',(0.23246519991888,0.543804398395736,0.264056285908309));
#5006=CARTESIAN_POINT('',(0.236288108160885,0.531049428665409,0.28322600810567));
#5007=CARTESIAN_POINT('',(0.241094049950833,0.515473673132343,0.300841714731593));
#5008=CARTESIAN_POINT('',(1.25687456250171,0.695888870590383,0.264793109506188));
#5009=CARTESIAN_POINT('',(1.25675005531523,0.678351193462087,0.301877845814457));
#5010=CARTESIAN_POINT('',(1.25659540231593,0.657002004414176,0.332516293744226));
#5011=CARTESIAN_POINT('',(0.135472556521739,0.44340153568892,0.281517547909631));
#5012=CARTESIAN_POINT('',(0.135472556521739,0.424401149573864,0.292624033175215));
#5013=CARTESIAN_POINT('',(0.135472556521739,0.40273366875,0.301961150396447));
#5014=CARTESIAN_POINT('',(0.245899991740782,0.496412138119237,0.316938100036801));
#5015=CARTESIAN_POINT('',(0.25070593353073,0.47735060310613,0.333034485342009));
#5016=CARTESIAN_POINT('',(0.256167231019308,0.455387877004358,0.347934271295307));
#5017=CARTESIAN_POINT('',(1.25646716797253,0.631443682364011,0.358027689971351));
#5018=CARTESIAN_POINT('',(1.25633893362914,0.605885360313846,0.383539086198476));
#5019=CARTESIAN_POINT('',(1.25620711878407,0.576684307991926,0.404018102857921));
#5020=CARTESIAN_POINT('',(0.135472556521739,0.378732184090909,0.309792387380445));
#5021=CARTESIAN_POINT('',(0.135472556521739,0.354730699431818,0.317623624364442));
#5022=CARTESIAN_POINT('',(0.135472556521739,0.3283952109375,0.323948981111205));
#5023=CARTESIAN_POINT('',(0.261300850658571,0.430101370064255,0.361161573353791));
#5024=CARTESIAN_POINT('',(0.266434470297834,0.404814863124152,0.374388875412274));
#5025=CARTESIAN_POINT('',(0.271895767786412,0.376561907261083,0.386557775931581));
#5026=CARTESIAN_POINT('',(1.25610515644135,0.543584703914393,0.420349676641666));
#5027=CARTESIAN_POINT('',(1.25600319409864,0.510485099836859,0.43668125042541));
#5028=CARTESIAN_POINT('',(1.25591804732459,0.473904238794628,0.44921409833803));
#5029=CARTESIAN_POINT('',(0.135472556521739,0.300058809481534,0.329031945427851));
#5030=CARTESIAN_POINT('',(0.135472556521739,0.271722408025568,0.334114909744497));
#5031=CARTESIAN_POINT('',(0.135472556521739,0.241385093607955,0.337955481631026));
#5032=CARTESIAN_POINT('',(0.276701709576361,0.345359278225779,0.396828888001935));
#5033=CARTESIAN_POINT('',(0.281507651366309,0.314156649190474,0.407100000072289));
#5034=CARTESIAN_POINT('',(0.286313593156258,0.280025162373111,0.416259639611554));
#5035=CARTESIAN_POINT('',(1.25585539391625,0.43389182352381,0.458505322446543));
#5036=CARTESIAN_POINT('',(1.25579274050791,0.393879408252993,0.467796546555056));
#5037=CARTESIAN_POINT('',(1.25575653118291,0.350611340926247,0.474360312371032));
#5038=CARTESIAN_POINT('',(0.135472556521739,0.209379957102273,0.340817148894555));
#5039=CARTESIAN_POINT('',(0.135472556521739,0.177374820596591,0.343678816158084));
#5040=CARTESIAN_POINT('',(0.135472556521739,0.143701862002841,0.345561578798613));
#5041=CARTESIAN_POINT('',(0.290136501398262,0.243551777599588,0.423315221390151));
#5042=CARTESIAN_POINT('',(0.293959409640266,0.207078392826064,0.430370803168748));
#5043=CARTESIAN_POINT('',(0.297454640032956,0.167888144556254,0.436127909547575));
#5044=CARTESIAN_POINT('',(1.25572923599131,0.304555977914488,0.478585211065471));
#5045=CARTESIAN_POINT('',(1.25570194079971,0.258500614902728,0.48281010975991));
#5046=CARTESIAN_POINT('',(1.25569840451446,0.2095390350015,0.485258737858935));
#5047=CARTESIAN_POINT('',(0.135472556521739,0.108694172194602,0.34672892462326));
#5048=CARTESIAN_POINT('',(0.135472556521739,0.0736864823863636,0.347896270447907));
#5049=CARTESIAN_POINT('',(0.135472556521739,0.0373440613636363,0.348348199456672));
#5050=CARTESIAN_POINT('',(0.299639159028387,0.127185151331796,0.439689354287749));
#5051=CARTESIAN_POINT('',(0.301823678023818,0.0864821581073383,0.443250799027924));
#5052=CARTESIAN_POINT('',(0.303243615370849,0.0435077210760343,0.445210865445434));
#5053=CARTESIAN_POINT('',(1.25569162276666,0.158605411078252,0.486342904385902));
#5054=CARTESIAN_POINT('',(1.25568484101886,0.107671787155004,0.487427070912869));
#5055=CARTESIAN_POINT('',(1.25568854550452,0.054355097963584,0.4875784));
#5056=CARTESIAN_POINT('',(0.135472556521739,2.05432527401305E-33,0.348348199456672));
#5057=CARTESIAN_POINT('',(0.135472556521739,-0.0373440613636364,0.348348199456672));
#5058=CARTESIAN_POINT('',(0.135472556521739,-0.0736864823863637,0.347896270447907));
#5059=CARTESIAN_POINT('',(0.303243615370849,-1.77933830790025E-17,0.445210865445434));
#5060=CARTESIAN_POINT('',(0.303243615370849,-0.0435077210760343,0.445210865445434));
#5061=CARTESIAN_POINT('',(0.301823678023818,-0.0864821581073383,0.443250799027924));
#5062=CARTESIAN_POINT('',(1.25568854550452,0.,0.4875784));
#5063=CARTESIAN_POINT('',(1.25568854550452,-0.0543550979635839,0.4875784));
#5064=CARTESIAN_POINT('',(1.25568484101886,-0.107671787155004,0.487427070912869));
#5065=CARTESIAN_POINT('',(0.135472556521739,-0.108694172194602,0.34672892462326));
#5066=CARTESIAN_POINT('',(0.135472556521739,-0.143701862002841,0.345561578798613));
#5067=CARTESIAN_POINT('',(0.135472556521739,-0.177374820596591,0.343678816158084));
#5068=CARTESIAN_POINT('',(0.299639159028387,-0.127185151331796,0.439689354287749));
#5069=CARTESIAN_POINT('',(0.297454640032956,-0.167888144556254,0.436127909547575));
#5070=CARTESIAN_POINT('',(0.293959409640266,-0.207078392826064,0.430370803168748));
#5071=CARTESIAN_POINT('',(1.25569162276666,-0.158605411078252,0.486342904385902));
#5072=CARTESIAN_POINT('',(1.25569840451446,-0.2095390350015,0.485258737858935));
#5073=CARTESIAN_POINT('',(1.25570194079971,-0.258500614902728,0.48281010975991));
#5074=CARTESIAN_POINT('',(0.135472556521739,-0.209379957102273,0.340817148894555));
#5075=CARTESIAN_POINT('',(0.135472556521739,-0.241385093607955,0.337955481631026));
#5076=CARTESIAN_POINT('',(0.135472556521739,-0.271722408025568,0.334114909744497));
#5077=CARTESIAN_POINT('',(0.290136501398262,-0.243551777599588,0.423315221390151));
#5078=CARTESIAN_POINT('',(0.286313593156258,-0.280025162373111,0.416259639611554));
#5079=CARTESIAN_POINT('',(0.281507651366309,-0.314156649190474,0.407100000072289));
#5080=CARTESIAN_POINT('',(1.25572923599131,-0.304555977914488,0.478585211065471));
#5081=CARTESIAN_POINT('',(1.25575653118291,-0.350611340926247,0.474360312371032));
#5082=CARTESIAN_POINT('',(1.25579274050791,-0.393879408252993,0.467796546555056));
#5083=CARTESIAN_POINT('',(0.135472556521739,-0.300058809481534,0.329031945427851));
#5084=CARTESIAN_POINT('',(0.135472556521739,-0.3283952109375,0.323948981111205));
#5085=CARTESIAN_POINT('',(0.135472556521739,-0.354730699431818,0.317623624364442));
#5086=CARTESIAN_POINT('',(0.276701709576361,-0.345359278225779,0.396828888001935));
#5087=CARTESIAN_POINT('',(0.271895767786412,-0.376561907261083,0.386557775931581));
#5088=CARTESIAN_POINT('',(0.266434470297834,-0.404814863124152,0.374388875412274));
#5089=CARTESIAN_POINT('',(1.25585539391625,-0.43389182352381,0.458505322446543));
#5090=CARTESIAN_POINT('',(1.25591804732459,-0.473904238794628,0.44921409833803));
#5091=CARTESIAN_POINT('',(1.25600319409864,-0.510485099836859,0.43668125042541));
#5092=CARTESIAN_POINT('',(0.135472556521739,-0.378732184090909,0.309792387380445));
#5093=CARTESIAN_POINT('',(0.135472556521739,-0.40273366875,0.301961150396447));
#5094=CARTESIAN_POINT('',(0.135472556521739,-0.424401149573864,0.292624033175215));
#5095=CARTESIAN_POINT('',(0.261300850658571,-0.430101370064255,0.361161573353791));
#5096=CARTESIAN_POINT('',(0.256167231019308,-0.455387877004358,0.347934271295307));
#5097=CARTESIAN_POINT('',(0.25070593353073,-0.47735060310613,0.333034485342009));
#5098=CARTESIAN_POINT('',(1.25610515644135,-0.543584703914393,0.420349676641666));
#5099=CARTESIAN_POINT('',(1.25620711878407,-0.576684307991926,0.404018102857921));
#5100=CARTESIAN_POINT('',(1.25633893362914,-0.605885360313846,0.383539086198476));
#5101=CARTESIAN_POINT('',(0.135472556521739,-0.443401535688921,0.281517547909631));
#5102=CARTESIAN_POINT('',(0.135472556521739,-0.462401921803977,0.270411062644047));
#5103=CARTESIAN_POINT('',(0.135472556521739,-0.478735213210227,0.257535209334111));
#5104=CARTESIAN_POINT('',(0.245899991740782,-0.496412138119237,0.316938100036801));
#5105=CARTESIAN_POINT('',(0.241094049950833,-0.515473673132344,0.300841714731593));
#5106=CARTESIAN_POINT('',(0.236288108160885,-0.531049428665409,0.28322600810567));
#5107=CARTESIAN_POINT('',(1.25646716797253,-0.631443682364011,0.358027689971351));
#5108=CARTESIAN_POINT('',(1.25659540231593,-0.657002004414176,0.332516293744226));
#5109=CARTESIAN_POINT('',(1.25675005531523,-0.678351193462087,0.301877845814457));
#5110=CARTESIAN_POINT('',(0.135472556521739,-0.492068319034091,0.242626500172705));
#5111=CARTESIAN_POINT('',(0.135472556521739,-0.505401424857955,0.2277177910113));
#5112=CARTESIAN_POINT('',(0.135472556521739,-0.515734345099432,0.210776225998425));
#5113=CARTESIAN_POINT('',(0.23246519991888,-0.543804398395736,0.264056285908309));
#5114=CARTESIAN_POINT('',(0.228642291676876,-0.556559368126064,0.244886563710948));
#5115=CARTESIAN_POINT('',(0.225147061284186,-0.565826922029742,0.224202330865797));
#5116=CARTESIAN_POINT('',(1.25687456250171,-0.695888870590383,0.264793109506188));
#5117=CARTESIAN_POINT('',(1.25699906968819,-0.713426547718679,0.227708373197918));
#5118=CARTESIAN_POINT('',(1.25713427214017,-0.726556109207439,0.184385502304583));
#5119=CARTESIAN_POINT('',(0.135472556521739,-0.522733988884943,0.191538317326963));
#5120=CARTESIAN_POINT('',(0.135472556521739,-0.529733632670454,0.172300408655501));
#5121=CARTESIAN_POINT('',(0.135472556521739,-0.5334,0.150766156325452));
#5122=CARTESIAN_POINT('',(0.222962542288755,-0.572275774754042,0.201392791238401));
#5123=CARTESIAN_POINT('',(0.220778023293324,-0.578724627478343,0.178583251611005));
#5124=CARTESIAN_POINT('',(0.219453710441902,-0.581670978698011,0.154082877415308));
#5125=CARTESIAN_POINT('',(1.25721421109142,-0.735623979508786,0.133031082349007));
#5126=CARTESIAN_POINT('',(1.25729415004268,-0.744691849810134,0.0816766623934298));
#5127=CARTESIAN_POINT('',(1.25735419620924,-0.74925032677347,0.0227945602148204));
#5128=CARTESIAN_POINT('',(0.135472556521739,-0.5334,0.126672072529699));
#5129=CARTESIAN_POINT('',(0.135472556521739,-0.5334,0.102577988733946));
#5130=CARTESIAN_POINT('',(0.135472556521739,-0.528716838920455,0.0770852341373438));
#5131=CARTESIAN_POINT('',(0.219358085946294,-0.581831332994381,0.126672072529699));
#5132=CARTESIAN_POINT('',(0.219262461450686,-0.581991687290751,0.0992612676440891));
#5133=CARTESIAN_POINT('',(0.220599475000934,-0.578066412959912,0.0708610096307224));
#5134=CARTESIAN_POINT('',(1.25735419620924,-0.74925032677347,-0.0458216));
#5135=CARTESIAN_POINT('',(1.25735419620924,-0.74925032677347,-0.11037058521482));
#5136=CARTESIAN_POINT('',(1.25729415004268,-0.744691849810134,-0.16620230614343));
#5137=CARTESIAN_POINT('',(0.135472556521739,-0.520064905291193,0.050919946499414));
#5138=CARTESIAN_POINT('',(0.135472556521739,-0.511412971661932,0.0247546588614842));
#5139=CARTESIAN_POINT('',(0.135472556521739,-0.498792265482955,-0.00208316181777358));
#5140=CARTESIAN_POINT('',(0.222388795315109,-0.57056881693851,0.040874093871713));
#5141=CARTESIAN_POINT('',(0.224178115629283,-0.563071220917109,0.0108871781127036));
#5142=CARTESIAN_POINT('',(0.227117770218126,-0.552495975337615,-0.01995803403917));
#5143=CARTESIAN_POINT('',(1.25721421109142,-0.735623979508786,-0.215332489770882));
#5144=CARTESIAN_POINT('',(1.25713427214017,-0.726556109207438,-0.264462673398333));
#5145=CARTESIAN_POINT('',(1.25699906968819,-0.713426547718679,-0.306387452885418));
#5146=CARTESIAN_POINT('',(0.135472556521739,-0.482917175284091,-0.0288673777788384));
#5147=CARTESIAN_POINT('',(0.135472556521739,-0.467042085085227,-0.0556515937399032));
#5148=CARTESIAN_POINT('',(0.135472556521739,-0.447912610866477,-0.0823822049827752));
#5149=CARTESIAN_POINT('',(0.230094007831342,-0.538274533925631,-0.0517971465053159));
#5150=CARTESIAN_POINT('',(0.233070245444558,-0.524053092513648,-0.0836362589714617));
#5151=CARTESIAN_POINT('',(0.236804882976412,-0.507140781988615,-0.116155205075326));
#5152=CARTESIAN_POINT('',(1.25687456250171,-0.695888870590383,-0.342709593881188));
#5153=CARTESIAN_POINT('',(1.25675005531523,-0.678351193462087,-0.379031734876957));
#5154=CARTESIAN_POINT('',(1.25659540231593,-0.657002004414176,-0.409543083587976));
#5155=CARTESIAN_POINT('',(0.135472556521739,-0.42624314115767,-0.108333073747933));
#5156=CARTESIAN_POINT('',(0.135472556521739,-0.404573671448864,-0.134283942513092));
#5157=CARTESIAN_POINT('',(0.135472556521739,-0.38036420625,-0.159455068800536));
#5158=CARTESIAN_POINT('',(0.240246220994403,-0.486668945526267,-0.14870830540612));
#5159=CARTESIAN_POINT('',(0.243687559012394,-0.46619710906392,-0.181261405736915));
#5160=CARTESIAN_POINT('',(0.247461185547795,-0.443220973005253,-0.214124512848871));
#5161=CARTESIAN_POINT('',(1.25646716797253,-0.631443682364011,-0.435372227861976));
#5162=CARTESIAN_POINT('',(1.25633893362914,-0.605885360313846,-0.461201372135976));
#5163=CARTESIAN_POINT('',(1.25620711878407,-0.576684307991926,-0.482442984107921));
#5164=CARTESIAN_POINT('',(0.135472556521739,-0.354329134090909,-0.183120314850746));
#5165=CARTESIAN_POINT('',(0.135472556521739,-0.328294061931818,-0.206785560900956));
#5166=CARTESIAN_POINT('',(0.135472556521739,-0.3004333828125,-0.228944926713931));
#5167=CARTESIAN_POINT('',(0.250742035939287,-0.416872292211207,-0.245663472971043));
#5168=CARTESIAN_POINT('',(0.254022886330779,-0.39052361141716,-0.277202433093216));
#5169=CARTESIAN_POINT('',(0.25725269724405,-0.361683139175545,-0.30835278446113));
#5170=CARTESIAN_POINT('',(1.25610515644135,-0.543584703914393,-0.499791351641665));
#5171=CARTESIAN_POINT('',(1.25600319409864,-0.510485099836859,-0.51713971917541));
#5172=CARTESIAN_POINT('',(1.25591804732459,-0.473904238794628,-0.53094355927553));
#5173=CARTESIAN_POINT('',(0.135472556521739,-0.271461485262784,-0.248872274530151));
#5174=CARTESIAN_POINT('',(0.135472556521739,-0.242489587713068,-0.268799622346371));
#5175=CARTESIAN_POINT('',(0.135472556521739,-0.212406471732954,-0.286494952165835));
#5176=CARTESIAN_POINT('',(0.259931323343356,-0.330005637821646,-0.336489790620112));
#5177=CARTESIAN_POINT('',(0.262609949442662,-0.298328136467748,-0.364626796779094));
#5178=CARTESIAN_POINT('',(0.264966784483623,-0.26416430302784,-0.391235858303));
#5179=CARTESIAN_POINT('',(1.25585539391625,-0.43389182352381,-0.541569325180918));
#5180=CARTESIAN_POINT('',(1.25579274050791,-0.393879408252993,-0.552195091086306));
#5181=CARTESIAN_POINT('',(1.25575653118291,-0.350611340926247,-0.560156948308533));
#5182=CARTESIAN_POINT('',(0.135472556521739,-0.181926525852273,-0.301232126229024));
#5183=CARTESIAN_POINT('',(0.135472556521739,-0.151446579971591,-0.315969300292212));
#5184=CARTESIAN_POINT('',(0.135472556521739,-0.120569804190341,-0.327748318599124));
#5185=CARTESIAN_POINT('',(0.266813792535123,-0.228236061147474,-0.413033234405895));
#5186=CARTESIAN_POINT('',(0.268660800586623,-0.192307819267109,-0.434830610508791));
#5187=CARTESIAN_POINT('',(0.270072828333098,-0.154142436633635,-0.45352981563532));
#5188=CARTESIAN_POINT('',(1.25572923599131,-0.304555977914488,-0.565652839190471));
#5189=CARTESIAN_POINT('',(1.25570194079971,-0.258500614902728,-0.57114873007241));
#5190=CARTESIAN_POINT('',(1.25569840451446,-0.2095390350015,-0.574741251140185));
#5191=CARTESIAN_POINT('',(0.135472556521739,-0.0900105870383523,-0.335843043390239));
#5192=CARTESIAN_POINT('',(0.135472556521739,-0.0594513698863636,-0.343937768181354));
#5193=CARTESIAN_POINT('',(0.135472556521739,-0.0292097113636364,-0.348348199456672));
#5194=CARTESIAN_POINT('',(0.271013371652354,-0.115864963599113,-0.465821771718444));
#5195=CARTESIAN_POINT('',(0.271953914971611,-0.0775874905645906,-0.478113727801567));
#5196=CARTESIAN_POINT('',(0.272457052450661,-0.0378278368838899,-0.485332695385594));
#5197=CARTESIAN_POINT('',(1.25569162276666,-0.158605411078252,-0.576651562589027));
#5198=CARTESIAN_POINT('',(1.25568484101886,-0.107671787155004,-0.578561874037869));
#5199=CARTESIAN_POINT('',(1.25568854550452,-0.0543550979635839,-0.5792216));
#5200=CARTESIAN_POINT('',(0.135472556521739,0.,-0.348348199456672));
#5201=CARTESIAN_POINT('',(0.135472556521739,0.0292097113636363,-0.348348199456672));
#5202=CARTESIAN_POINT('',(0.135472556521739,0.0594513698863636,-0.343937768181354));
#5203=CARTESIAN_POINT('',(0.272457052450661,8.38788122360843E-18,-0.485332695385594));
#5204=CARTESIAN_POINT('',(0.272457052450661,0.0378278368838899,-0.485332695385594));
#5205=CARTESIAN_POINT('',(0.271953914971611,0.0775874905645906,-0.478113727801567));
#5206=CARTESIAN_POINT('',(1.25568854550452,0.,-0.5792216));
#5207=CARTESIAN_POINT('',(1.25568854550452,0.0543550979635839,-0.5792216));
#5208=CARTESIAN_POINT('',(1.25568484101886,0.107671787155004,-0.578561874037869));
#5209=CARTESIAN_POINT('',(0.135472556521739,0.0900105870383523,-0.335843043390239));
#5210=CARTESIAN_POINT('',(0.135472556521739,0.120569804190341,-0.327748318599124));
#5211=CARTESIAN_POINT('',(0.135472556521739,0.151446579971591,-0.315969300292212));
#5212=CARTESIAN_POINT('',(0.271013371652354,0.115864963599113,-0.465821771718444));
#5213=CARTESIAN_POINT('',(0.270072828333098,0.154142436633635,-0.45352981563532));
#5214=CARTESIAN_POINT('',(0.268660800586623,0.192307819267109,-0.434830610508791));
#5215=CARTESIAN_POINT('',(1.25569162276666,0.158605411078252,-0.576651562589027));
#5216=CARTESIAN_POINT('',(1.25569840451446,0.2095390350015,-0.574741251140185));
#5217=CARTESIAN_POINT('',(1.25570194079971,0.258500614902728,-0.57114873007241));
#5218=CARTESIAN_POINT('',(0.135472556521739,0.181926525852273,-0.301232126229024));
#5219=CARTESIAN_POINT('',(0.135472556521739,0.212406471732955,-0.286494952165835));
#5220=CARTESIAN_POINT('',(0.135472556521739,0.242489587713068,-0.268799622346371));
#5221=CARTESIAN_POINT('',(0.266813792535123,0.228236061147475,-0.413033234405895));
#5222=CARTESIAN_POINT('',(0.264966784483623,0.26416430302784,-0.391235858303));
#5223=CARTESIAN_POINT('',(0.262609949442662,0.298328136467748,-0.364626796779094));
#5224=CARTESIAN_POINT('',(1.25572923599131,0.304555977914488,-0.565652839190471));
#5225=CARTESIAN_POINT('',(1.25575653118291,0.350611340926247,-0.560156948308532));
#5226=CARTESIAN_POINT('',(1.25579274050791,0.393879408252993,-0.552195091086306));
#5227=CARTESIAN_POINT('',(0.135472556521739,0.271461485262784,-0.248872274530151));
#5228=CARTESIAN_POINT('',(0.135472556521739,0.3004333828125,-0.228944926713931));
#5229=CARTESIAN_POINT('',(0.135472556521739,0.328294061931818,-0.206785560900956));
#5230=CARTESIAN_POINT('',(0.259931323343356,0.330005637821646,-0.336489790620112));
#5231=CARTESIAN_POINT('',(0.25725269724405,0.361683139175545,-0.30835278446113));
#5232=CARTESIAN_POINT('',(0.254022886330779,0.39052361141716,-0.277202433093216));
#5233=CARTESIAN_POINT('',(1.25585539391625,0.43389182352381,-0.541569325180918));
#5234=CARTESIAN_POINT('',(1.25591804732459,0.473904238794628,-0.53094355927553));
#5235=CARTESIAN_POINT('',(1.25600319409864,0.510485099836859,-0.51713971917541));
#5236=CARTESIAN_POINT('',(0.135472556521739,0.354329134090909,-0.183120314850746));
#5237=CARTESIAN_POINT('',(0.135472556521739,0.38036420625,-0.159455068800536));
#5238=CARTESIAN_POINT('',(0.135472556521739,0.404573671448864,-0.134283942513092));
#5239=CARTESIAN_POINT('',(0.250742035939287,0.416872292211207,-0.245663472971043));
#5240=CARTESIAN_POINT('',(0.247461185547795,0.443220973005253,-0.214124512848871));
#5241=CARTESIAN_POINT('',(0.243687559012394,0.46619710906392,-0.181261405736915));
#5242=CARTESIAN_POINT('',(1.25610515644135,0.543584703914393,-0.499791351641665));
#5243=CARTESIAN_POINT('',(1.25620711878407,0.576684307991926,-0.482442984107921));
#5244=CARTESIAN_POINT('',(1.25633893362914,0.605885360313846,-0.461201372135976));
#5245=CARTESIAN_POINT('',(0.135472556521739,0.42624314115767,-0.108333073747933));
#5246=CARTESIAN_POINT('',(0.135472556521739,0.447912610866477,-0.0823822049827751));
#5247=CARTESIAN_POINT('',(0.135472556521739,0.467042085085227,-0.0556515937399032));
#5248=CARTESIAN_POINT('',(0.240246220994403,0.486668945526267,-0.14870830540612));
#5249=CARTESIAN_POINT('',(0.236804882976412,0.507140781988615,-0.116155205075326));
#5250=CARTESIAN_POINT('',(0.233070245444558,0.524053092513648,-0.0836362589714617));
#5251=CARTESIAN_POINT('',(1.25646716797253,0.631443682364011,-0.435372227861976));
#5252=CARTESIAN_POINT('',(1.25659540231593,0.657002004414176,-0.409543083587976));
#5253=CARTESIAN_POINT('',(1.25675005531523,0.678351193462087,-0.379031734876957));
#5254=CARTESIAN_POINT('',(0.135472556521739,0.482917175284091,-0.0288673777788384));
#5255=CARTESIAN_POINT('',(0.135472556521739,0.498792265482954,-0.00208316181777358));
#5256=CARTESIAN_POINT('',(0.135472556521739,0.511412971661932,0.0247546588614842));
#5257=CARTESIAN_POINT('',(0.230094007831342,0.538274533925631,-0.0517971465053159));
#5258=CARTESIAN_POINT('',(0.227117770218126,0.552495975337615,-0.01995803403917));
#5259=CARTESIAN_POINT('',(0.224178115629283,0.563071220917109,0.0108871781127036));
#5260=CARTESIAN_POINT('',(1.25687456250171,0.695888870590383,-0.342709593881188));
#5261=CARTESIAN_POINT('',(1.25699906968819,0.713426547718679,-0.306387452885418));
#5262=CARTESIAN_POINT('',(1.25713427214017,0.726556109207439,-0.264462673398333));
#5263=CARTESIAN_POINT('',(0.135472556521739,0.520064905291193,0.050919946499414));
#5264=CARTESIAN_POINT('',(0.135472556521739,0.528716838920455,0.0770852341373437));
#5265=CARTESIAN_POINT('',(0.135472556521739,0.5334,0.102577988733946));
#5266=CARTESIAN_POINT('',(0.222388795315109,0.57056881693851,0.040874093871713));
#5267=CARTESIAN_POINT('',(0.220599475000934,0.578066412959912,0.0708610096307224));
#5268=CARTESIAN_POINT('',(0.219262461450686,0.581991687290751,0.099261267644089));
#5269=CARTESIAN_POINT('',(1.25721421109142,0.735623979508786,-0.215332489770882));
#5270=CARTESIAN_POINT('',(1.25729415004268,0.744691849810134,-0.16620230614343));
#5271=CARTESIAN_POINT('',(1.25735419620924,0.74925032677347,-0.11037058521482));
#5272=CARTESIAN_POINT('',(1.69340695652174,0.7874,-0.0458216));
#5273=CARTESIAN_POINT('',(1.69340695652174,0.7874,0.0251690909090909));
#5274=CARTESIAN_POINT('',(1.69340695652174,0.781904604166667,0.0867464840909091));
#5275=CARTESIAN_POINT('',(2.12945971683423,0.82554967322653,-0.0458216));
#5276=CARTESIAN_POINT('',(2.12704227778045,0.827906364324074,0.0276568684822443));
#5277=CARTESIAN_POINT('',(2.1237932360552,0.82489673000644,0.0923202719949134));
#5278=CARTESIAN_POINT('',(2.7012403706695,0.829183866517326,0.556421636363637));
#5279=CARTESIAN_POINT('',(2.69857312605465,0.828964877837731,0.620470953744884));
#5280=CARTESIAN_POINT('',(2.69490934626076,0.831104988743088,0.675463598711952));
#5281=CARTESIAN_POINT('',(1.69340695652174,0.7714366953125,0.140154674431818));
#5282=CARTESIAN_POINT('',(1.69340695652174,0.760968786458333,0.193562864772727));
#5283=CARTESIAN_POINT('',(1.69340695652174,0.745528364583333,0.238801852272727));
#5284=CARTESIAN_POINT('',(2.11551826199994,0.816027475928548,0.149024332167463));
#5285=CARTESIAN_POINT('',(2.10724328794468,0.807158221850657,0.205728392340013));
#5286=CARTESIAN_POINT('',(2.09410721995865,0.793100625027367,0.254976429376393));
#5287=CARTESIAN_POINT('',(2.68515721853625,0.832893892203737,0.722738254475099));
#5288=CARTESIAN_POINT('',(2.67540509081174,0.834682795664385,0.770012910238245));
#5289=CARTESIAN_POINT('',(2.65980549040581,0.836029362587553,0.809387580071435));
#5290=CARTESIAN_POINT('',(1.69340695652174,0.7256383125,0.277115731818182));
#5291=CARTESIAN_POINT('',(1.69340695652174,0.705748260416667,0.315429611363636));
#5292=CARTESIAN_POINT('',(1.69340695652174,0.681408578125,0.346818382954545));
#5293=CARTESIAN_POINT('',(2.07980987250269,0.773379914384182,0.296890950808027));
#5294=CARTESIAN_POINT('',(2.06551252504672,0.753659203740998,0.338805472239661));
#5295=CARTESIAN_POINT('',(2.04757655619515,0.728610300176344,0.374225720985946));
#5296=CARTESIAN_POINT('',(2.64272760432243,0.835063289553947,0.842511353399903));
#5297=CARTESIAN_POINT('',(2.62564971823905,0.834097216520341,0.875635126728372));
#5298=CARTESIAN_POINT('',(2.6041722162115,0.830602679122605,0.902131620347084));
#5299=CARTESIAN_POINT('',(1.69340695652174,0.6531421484375,0.372526141477273));
#5300=CARTESIAN_POINT('',(1.69340695652174,0.62487571875,0.3982339));
#5301=CARTESIAN_POINT('',(1.69340695652174,0.592682541666667,0.418260645454545));
#5302=CARTESIAN_POINT('',(2.02973417726416,0.698748977694442,0.402999650529995));
#5303=CARTESIAN_POINT('',(2.01189179833318,0.668887655212541,0.431773580074044));
#5304=CARTESIAN_POINT('',(1.99166734076818,0.633883004998663,0.454667950330646));
#5305=CARTESIAN_POINT('',(2.58268990203598,0.822243456274828,0.923922676903297));
#5306=CARTESIAN_POINT('',(2.56120758786047,0.813884233427052,0.945713733459509));
#5307=CARTESIAN_POINT('',(2.53678312765832,0.800818604827225,0.962413888458597));
#5308=CARTESIAN_POINT('',(1.69340695652174,0.5570855,0.433850472727273));
#5309=CARTESIAN_POINT('',(1.69340695652174,0.521488458333333,0.4494403));
#5310=CARTESIAN_POINT('',(1.69340695652174,0.482487552083333,0.460593209090909));
#5311=CARTESIAN_POINT('',(1.97275559891676,0.595257745117776,0.472022717845049));
#5312=CARTESIAN_POINT('',(1.95384385706534,0.556632485236889,0.489377485359451));
#5313=CARTESIAN_POINT('',(1.93381739084212,0.513563055989253,0.501441945288935));
#5314=CARTESIAN_POINT('',(2.51383371926935,0.780053954740017,0.975699475194563));
#5315=CARTESIAN_POINT('',(2.49088431088038,0.75928930465281,0.988985061930529));
#5316=CARTESIAN_POINT('',(2.46646646449664,0.731323699778327,0.998793351589658));
#5317=CARTESIAN_POINT('',(1.69340695652174,0.4406056640625,0.468553294886364));
#5318=CARTESIAN_POINT('',(1.69340695652174,0.398723776041667,0.476513380681818));
#5319=CARTESIAN_POINT('',(1.69340695652174,0.35396090625,0.481280643181818));
#5320=CARTESIAN_POINT('',(1.91626372615565,0.468043184034119,0.509616445389138));
#5321=CARTESIAN_POINT('',(1.89871006146917,0.422523312078986,0.517790945489342));
#5322=CARTESIAN_POINT('',(1.88128150038449,0.373688212779808,0.521600924893293));
#5323=CARTESIAN_POINT('',(2.44499345170217,0.692801558024309,1.00607797977648));
#5324=CARTESIAN_POINT('',(2.4235204389077,0.654279416270291,1.0133626079633));
#5325=CARTESIAN_POINT('',(2.40205973439512,0.605740250129184,1.01857979582283));
#5326=CARTESIAN_POINT('',(1.69340695652174,0.3068399375,0.484099177272727));
#5327=CARTESIAN_POINT('',(1.69340695652174,0.25971896875,0.486917711363636));
#5328=CARTESIAN_POINT('',(1.69340695652174,0.210239901041667,0.487787517045455));
#5329=CARTESIAN_POINT('',(1.8674336107979,0.323184279011976,0.523557908218997));
#5330=CARTESIAN_POINT('',(1.85358572121131,0.272680345244144,0.525514891544701));
#5331=CARTESIAN_POINT('',(1.84104065512328,0.220103687824955,0.524593325056547));
#5332=CARTESIAN_POINT('',(2.38499564250252,0.544067106488636,1.02184902677288));
#5333=CARTESIAN_POINT('',(2.36793155060992,0.482393962848088,1.02511825772292));
#5334=CARTESIAN_POINT('',(2.35235064222565,0.407777549913977,1.0273156161392));
#5335=CARTESIAN_POINT('',(1.69340695652174,0.1589256171875,0.487952689204545));
#5336=CARTESIAN_POINT('',(1.69340695652174,0.107611333333333,0.488117861363636));
#5337=CARTESIAN_POINT('',(1.69340695652174,0.0544618333333334,0.4875784));
#5338=CARTESIAN_POINT('',(1.83317638863611,0.166065347052126,0.523846535116089));
#5339=CARTESIAN_POINT('',(1.82531212214893,0.112027006279297,0.523099745175632));
#5340=CARTESIAN_POINT('',(1.82024801187486,0.0568417432882087,0.521565358348981));
#5341=CARTESIAN_POINT('',(2.34260890034656,0.317908698453749,1.02813514793415));
#5342=CARTESIAN_POINT('',(2.33286715846747,0.228039846993522,1.02895467972911));
#5343=CARTESIAN_POINT('',(2.32654519122799,0.122536331302765,1.029208));
#5344=CARTESIAN_POINT('',(1.69340695652174,0.,0.4875784));
#5345=CARTESIAN_POINT('',(1.69340695652174,-0.0544618333333334,0.4875784));
#5346=CARTESIAN_POINT('',(1.69340695652174,-0.107611333333333,0.488117861363636));
#5347=CARTESIAN_POINT('',(1.82024801187486,-6.24330296322503E-18,0.521565358348981));
#5348=CARTESIAN_POINT('',(1.82024801187486,-0.0568417432882087,0.521565358348981));
#5349=CARTESIAN_POINT('',(1.82531212214893,-0.112027006279297,0.523099745175632));
#5350=CARTESIAN_POINT('',(2.32654519122799,0.,1.029208));
#5351=CARTESIAN_POINT('',(2.32654519122799,-0.122536331302765,1.029208));
#5352=CARTESIAN_POINT('',(2.33286715846748,-0.228039846993522,1.02895467972911));
#5353=CARTESIAN_POINT('',(1.69340695652174,-0.1589256171875,0.487952689204545));
#5354=CARTESIAN_POINT('',(1.69340695652174,-0.210239901041667,0.487787517045455));
#5355=CARTESIAN_POINT('',(1.69340695652174,-0.25971896875,0.486917711363636));
#5356=CARTESIAN_POINT('',(1.83317638863611,-0.166065347052126,0.523846535116089));
#5357=CARTESIAN_POINT('',(1.84104065512328,-0.220103687824955,0.524593325056547));
#5358=CARTESIAN_POINT('',(1.85358572121131,-0.272680345244144,0.525514891544701));
#5359=CARTESIAN_POINT('',(2.34260890034656,-0.31790869845375,1.02813514793415));
#5360=CARTESIAN_POINT('',(2.35235064222565,-0.407777549913977,1.0273156161392));
#5361=CARTESIAN_POINT('',(2.36793155060992,-0.482393962848088,1.02511825772292));
#5362=CARTESIAN_POINT('',(1.69340695652174,-0.3068399375,0.484099177272727));
#5363=CARTESIAN_POINT('',(1.69340695652174,-0.35396090625,0.481280643181818));
#5364=CARTESIAN_POINT('',(1.69340695652174,-0.398723776041667,0.476513380681818));
#5365=CARTESIAN_POINT('',(1.8674336107979,-0.323184279011976,0.523557908218997));
#5366=CARTESIAN_POINT('',(1.88128150038449,-0.373688212779808,0.521600924893293));
#5367=CARTESIAN_POINT('',(1.89871006146917,-0.422523312078986,0.517790945489342));
#5368=CARTESIAN_POINT('',(2.38499564250252,-0.544067106488636,1.02184902677288));
#5369=CARTESIAN_POINT('',(2.40205973439512,-0.605740250129184,1.01857979582283));
#5370=CARTESIAN_POINT('',(2.4235204389077,-0.654279416270291,1.0133626079633));
#5371=CARTESIAN_POINT('',(1.69340695652174,-0.4406056640625,0.468553294886364));
#5372=CARTESIAN_POINT('',(1.69340695652174,-0.482487552083333,0.460593209090909));
#5373=CARTESIAN_POINT('',(1.69340695652174,-0.521488458333333,0.4494403));
#5374=CARTESIAN_POINT('',(1.91626372615565,-0.468043184034119,0.509616445389138));
#5375=CARTESIAN_POINT('',(1.93381739084212,-0.513563055989253,0.501441945288935));
#5376=CARTESIAN_POINT('',(1.95384385706534,-0.556632485236889,0.489377485359451));
#5377=CARTESIAN_POINT('',(2.44499345170217,-0.692801558024309,1.00607797977648));
#5378=CARTESIAN_POINT('',(2.46646646449664,-0.731323699778327,0.998793351589658));
#5379=CARTESIAN_POINT('',(2.49088431088038,-0.75928930465281,0.988985061930529));
#5380=CARTESIAN_POINT('',(1.69340695652174,-0.5570855,0.433850472727273));
#5381=CARTESIAN_POINT('',(1.69340695652174,-0.592682541666667,0.418260645454545));
#5382=CARTESIAN_POINT('',(1.69340695652174,-0.62487571875,0.3982339));
#5383=CARTESIAN_POINT('',(1.97275559891676,-0.595257745117776,0.472022717845049));
#5384=CARTESIAN_POINT('',(1.99166734076818,-0.633883004998663,0.454667950330646));
#5385=CARTESIAN_POINT('',(2.01189179833318,-0.668887655212541,0.431773580074044));
#5386=CARTESIAN_POINT('',(2.51383371926935,-0.780053954740017,0.975699475194563));
#5387=CARTESIAN_POINT('',(2.53678312765832,-0.800818604827225,0.962413888458597));
#5388=CARTESIAN_POINT('',(2.56120758786047,-0.813884233427053,0.945713733459509));
#5389=CARTESIAN_POINT('',(1.69340695652174,-0.6531421484375,0.372526141477273));
#5390=CARTESIAN_POINT('',(1.69340695652174,-0.681408578125,0.346818382954546));
#5391=CARTESIAN_POINT('',(1.69340695652174,-0.705748260416667,0.315429611363636));
#5392=CARTESIAN_POINT('',(2.02973417726416,-0.698748977694443,0.402999650529995));
#5393=CARTESIAN_POINT('',(2.04757655619515,-0.728610300176344,0.374225720985946));
#5394=CARTESIAN_POINT('',(2.06551252504672,-0.753659203740998,0.338805472239661));
#5395=CARTESIAN_POINT('',(2.58268990203598,-0.822243456274829,0.923922676903297));
#5396=CARTESIAN_POINT('',(2.6041722162115,-0.830602679122605,0.902131620347085));
#5397=CARTESIAN_POINT('',(2.62564971823905,-0.834097216520341,0.875635126728372));
#5398=CARTESIAN_POINT('',(1.69340695652174,-0.7256383125,0.277115731818182));
#5399=CARTESIAN_POINT('',(1.69340695652174,-0.745528364583334,0.238801852272727));
#5400=CARTESIAN_POINT('',(1.69340695652174,-0.760968786458334,0.193562864772727));
#5401=CARTESIAN_POINT('',(2.07980987250269,-0.773379914384183,0.296890950808027));
#5402=CARTESIAN_POINT('',(2.09410721995865,-0.793100625027367,0.254976429376393));
#5403=CARTESIAN_POINT('',(2.10724328794468,-0.807158221850657,0.205728392340013));
#5404=CARTESIAN_POINT('',(2.64272760432243,-0.835063289553947,0.842511353399904));
#5405=CARTESIAN_POINT('',(2.65980549040581,-0.836029362587553,0.809387580071435));
#5406=CARTESIAN_POINT('',(2.67540509081174,-0.834682795664385,0.770012910238246));
#5407=CARTESIAN_POINT('',(1.69340695652174,-0.7714366953125,0.140154674431818));
#5408=CARTESIAN_POINT('',(1.69340695652174,-0.781904604166667,0.0867464840909091));
#5409=CARTESIAN_POINT('',(1.69340695652174,-0.7874,0.0251690909090909));
#5410=CARTESIAN_POINT('',(2.11551826199994,-0.816027475928549,0.149024332167463));
#5411=CARTESIAN_POINT('',(2.1237932360552,-0.82489673000644,0.0923202719949133));
#5412=CARTESIAN_POINT('',(2.12704227778045,-0.827906364324074,0.0276568684822443));
#5413=CARTESIAN_POINT('',(2.68515721853625,-0.832893892203736,0.722738254475099));
#5414=CARTESIAN_POINT('',(2.69490934626076,-0.831104988743087,0.675463598711952));
#5415=CARTESIAN_POINT('',(2.69857312605465,-0.828964877837731,0.620470953744884));
#5416=CARTESIAN_POINT('',(1.69340695652174,-0.7874,-0.0458216));
#5417=CARTESIAN_POINT('',(1.69340695652174,-0.7874,-0.112745115909091));
#5418=CARTESIAN_POINT('',(1.69340695652174,-0.781904604166667,-0.171272127840909));
#5419=CARTESIAN_POINT('',(2.12945971683423,-0.82554967322653,-0.0458216));
#5420=CARTESIAN_POINT('',(2.13187715588802,-0.823192982128987,-0.115232893482244));
#5421=CARTESIAN_POINT('',(2.12985649894674,-0.814993366053977,-0.175788198539876));
#5422=CARTESIAN_POINT('',(2.7012403706695,-0.829183866517326,0.556421636363637));
#5423=CARTESIAN_POINT('',(2.70390761528436,-0.829402855196921,0.457986203073298));
#5424=CARTESIAN_POINT('',(2.7012061902832,-0.829176920481098,0.366988065404269));
#5425=CARTESIAN_POINT('',(1.69340695652174,-0.7714366953125,-0.222456081853693));
#5426=CARTESIAN_POINT('',(1.69340695652174,-0.760968786458333,-0.273640035866477));
#5427=CARTESIAN_POINT('',(1.69340695652174,-0.745528364583333,-0.317480931960227));
#5428=CARTESIAN_POINT('',(2.13002289632266,-0.801887329343287,-0.228513089556969));
#5429=CARTESIAN_POINT('',(2.13018929369859,-0.788781292632598,-0.281237980574062));
#5430=CARTESIAN_POINT('',(2.13033411942685,-0.770469597590737,-0.326095824547199));
#5431=CARTESIAN_POINT('',(2.70116068622539,-0.827434013645655,0.282734535308355));
#5432=CARTESIAN_POINT('',(2.70111518216758,-0.825691106810212,0.198481005212441));
#5433=CARTESIAN_POINT('',(2.70103822018479,-0.822467086959051,0.12121534182922));
#5434=CARTESIAN_POINT('',(1.69340695652174,-0.7256383125,-0.355032216193182));
#5435=CARTESIAN_POINT('',(1.69340695652174,-0.705748260416667,-0.392583500426136));
#5436=CARTESIAN_POINT('',(1.69340695652174,-0.681408578125,-0.423845172798296));
#5437=CARTESIAN_POINT('',(2.13045810108977,-0.747959218587393,-0.364277838219036));
#5438=CARTESIAN_POINT('',(2.1305820827527,-0.725448839584049,-0.402459851890874));
#5439=CARTESIAN_POINT('',(2.13068270095566,-0.698450796744933,-0.433820889233824));
#5440=CARTESIAN_POINT('',(2.70096734632264,-0.815807802244725,0.0503492505324719));
#5441=CARTESIAN_POINT('',(2.7008964724605,-0.809148517530399,-0.0205168407642765));
#5442=CARTESIAN_POINT('',(2.70080843854324,-0.79939357573778,-0.0848648715267923));
#5443=CARTESIAN_POINT('',(1.69340695652174,-0.6531421484375,-0.449870679367898));
#5444=CARTESIAN_POINT('',(1.69340695652174,-0.62487571875,-0.4758961859375));
#5445=CARTESIAN_POINT('',(1.69340695652174,-0.592682541666667,-0.496685526704545));
#5446=CARTESIAN_POINT('',(2.13076678630021,-0.667870820948222,-0.459712063704472));
#5447=CARTESIAN_POINT('',(2.13085087164475,-0.637290845151511,-0.485603238175119));
#5448=CARTESIAN_POINT('',(2.13091231248165,-0.602924160631472,-0.50578841875231));
#5449=CARTESIAN_POINT('',(2.70073544305251,-0.784559682099755,-0.143013217727817));
#5450=CARTESIAN_POINT('',(2.70066244756178,-0.769725788461731,-0.201161563928843));
#5451=CARTESIAN_POINT('',(2.70058741392379,-0.7501353592996,-0.253164116271654));
#5452=CARTESIAN_POINT('',(1.69340695652174,-0.5570855,-0.513292147727273));
#5453=CARTESIAN_POINT('',(1.69340695652174,-0.521488458333333,-0.52989876875));
#5454=CARTESIAN_POINT('',(1.69340695652174,-0.482487552083333,-0.542322670028409));
#5455=CARTESIAN_POINT('',(2.13096261315702,-0.565525129432127,-0.521731777159399));
#5456=CARTESIAN_POINT('',(2.13101291383239,-0.528126098232782,-0.537675135566488));
#5457=CARTESIAN_POINT('',(2.13104351612298,-0.487601524816156,-0.549085625749426));
#5458=CARTESIAN_POINT('',(2.70052937337829,-0.723885817156633,-0.299092031929361));
#5459=CARTESIAN_POINT('',(2.70047133283279,-0.697636275013667,-0.345019947587067));
#5460=CARTESIAN_POINT('',(2.7004228642994,-0.664965158736591,-0.38507172852256));
#5461=CARTESIAN_POINT('',(1.69340695652174,-0.4406056640625,-0.551617297620739));
#5462=CARTESIAN_POINT('',(1.69340695652174,-0.398723776041667,-0.560911925213068));
#5463=CARTESIAN_POINT('',(1.69340695652174,-0.35396090625,-0.567077279119318));
#5464=CARTESIAN_POINT('',(2.13106859035243,-0.444522399377153,-0.557479106263483));
#5465=CARTESIAN_POINT('',(2.13109366458187,-0.40144327393815,-0.56587258677754));
#5466=CARTESIAN_POINT('',(2.13110373580985,-0.355842003600341,-0.570946747545424));
#5467=CARTESIAN_POINT('',(2.70038719977953,-0.624143805982016,-0.41913191692974));
#5468=CARTESIAN_POINT('',(2.70035153525966,-0.583322453227441,-0.45319210533692));
#5469=CARTESIAN_POINT('',(2.70033092364052,-0.534450993688187,-0.481553382277959));
#5470=CARTESIAN_POINT('',(1.69340695652174,-0.3068399375,-0.571166805397727));
#5471=CARTESIAN_POINT('',(1.69340695652174,-0.25971896875,-0.575256331676137));
#5472=CARTESIAN_POINT('',(1.69340695652174,-0.210239901041667,-0.577270030326705));
#5473=CARTESIAN_POINT('',(2.13111305853368,-0.308096142423109,-0.574199552360217));
#5474=CARTESIAN_POINT('',(2.13112238125752,-0.260350281245877,-0.577452357175009));
#5475=CARTESIAN_POINT('',(2.13112247519456,-0.210616649280114,-0.578616968014829));
#5476=CARTESIAN_POINT('',(2.70031538625909,-0.47603907736924,-0.504004367628122));
#5477=CARTESIAN_POINT('',(2.70029984887767,-0.417627161050293,-0.526455352978285));
#5478=CARTESIAN_POINT('',(2.70029783589994,-0.349607093826608,-0.543316296433701));
#5479=CARTESIAN_POINT('',(1.69340695652174,-0.1589256171875,-0.578261347407671));
#5480=CARTESIAN_POINT('',(1.69340695652174,-0.107611333333333,-0.579252664488636));
#5481=CARTESIAN_POINT('',(1.69340695652174,-0.0544618333333333,-0.5792216));
#5482=CARTESIAN_POINT('',(2.13112452669544,-0.159092997938762,-0.579102827268714));
#5483=CARTESIAN_POINT('',(2.13112657819631,-0.107569346597411,-0.579588686522598));
#5484=CARTESIAN_POINT('',(2.13112536753896,-0.0545176269170875,-0.5792216));
#5485=CARTESIAN_POINT('',(2.70029397549098,-0.270753684808392,-0.5543890342864));
#5486=CARTESIAN_POINT('',(2.70029011508201,-0.191900275790176,-0.565461772139099));
#5487=CARTESIAN_POINT('',(2.70029222380532,-0.101979557252655,-0.570992));
#5488=CARTESIAN_POINT('',(1.69340695652174,0.,-0.5792216));
#5489=CARTESIAN_POINT('',(1.69340695652174,0.0544618333333333,-0.5792216));
#5490=CARTESIAN_POINT('',(1.69340695652174,0.107611333333333,-0.579252664488636));
#5491=CARTESIAN_POINT('',(2.13112536753896,0.,-0.5792216));
#5492=CARTESIAN_POINT('',(2.13112536753896,0.0545176269170875,-0.5792216));
#5493=CARTESIAN_POINT('',(2.13112657819631,0.107569346597411,-0.579588686522598));
#5494=CARTESIAN_POINT('',(2.70029222380532,0.,-0.570992));
#5495=CARTESIAN_POINT('',(2.70029222380532,0.101979557252655,-0.570992));
#5496=CARTESIAN_POINT('',(2.70029011508201,0.191900275790176,-0.565461772139099));
#5497=CARTESIAN_POINT('',(1.69340695652174,0.1589256171875,-0.578261347407671));
#5498=CARTESIAN_POINT('',(1.69340695652174,0.210239901041667,-0.577270030326704));
#5499=CARTESIAN_POINT('',(1.69340695652174,0.25971896875,-0.575256331676136));
#5500=CARTESIAN_POINT('',(2.13112452669544,0.159092997938762,-0.579102827268714));
#5501=CARTESIAN_POINT('',(2.13112247519456,0.210616649280114,-0.578616968014829));
#5502=CARTESIAN_POINT('',(2.13112238125752,0.260350281245877,-0.577452357175009));
#5503=CARTESIAN_POINT('',(2.70029397549098,0.270753684808392,-0.5543890342864));
#5504=CARTESIAN_POINT('',(2.70029783589994,0.349607093826608,-0.543316296433701));
#5505=CARTESIAN_POINT('',(2.70029984887767,0.417627161050293,-0.526455352978285));
#5506=CARTESIAN_POINT('',(1.69340695652174,0.3068399375,-0.571166805397727));
#5507=CARTESIAN_POINT('',(1.69340695652174,0.35396090625,-0.567077279119318));
#5508=CARTESIAN_POINT('',(1.69340695652174,0.398723776041667,-0.560911925213068));
#5509=CARTESIAN_POINT('',(2.13111305853368,0.308096142423109,-0.574199552360216));
#5510=CARTESIAN_POINT('',(2.13110373580985,0.355842003600341,-0.570946747545424));
#5511=CARTESIAN_POINT('',(2.13109366458187,0.40144327393815,-0.565872586777539));
#5512=CARTESIAN_POINT('',(2.70031538625909,0.47603907736924,-0.504004367628122));
#5513=CARTESIAN_POINT('',(2.70033092364052,0.534450993688187,-0.481553382277959));
#5514=CARTESIAN_POINT('',(2.70035153525966,0.583322453227441,-0.45319210533692));
#5515=CARTESIAN_POINT('',(1.69340695652174,0.4406056640625,-0.551617297620739));
#5516=CARTESIAN_POINT('',(1.69340695652174,0.482487552083333,-0.542322670028409));
#5517=CARTESIAN_POINT('',(1.69340695652174,0.521488458333333,-0.52989876875));
#5518=CARTESIAN_POINT('',(2.13106859035243,0.444522399377153,-0.557479106263483));
#5519=CARTESIAN_POINT('',(2.13104351612298,0.487601524816155,-0.549085625749426));
#5520=CARTESIAN_POINT('',(2.13101291383239,0.528126098232782,-0.537675135566488));
#5521=CARTESIAN_POINT('',(2.70038719977953,0.624143805982016,-0.419131916929739));
#5522=CARTESIAN_POINT('',(2.7004228642994,0.664965158736591,-0.38507172852256));
#5523=CARTESIAN_POINT('',(2.70047133283279,0.697636275013667,-0.345019947587067));
#5524=CARTESIAN_POINT('',(1.69340695652174,0.5570855,-0.513292147727273));
#5525=CARTESIAN_POINT('',(1.69340695652174,0.592682541666667,-0.496685526704545));
#5526=CARTESIAN_POINT('',(1.69340695652174,0.62487571875,-0.4758961859375));
#5527=CARTESIAN_POINT('',(2.13096261315702,0.565525129432127,-0.521731777159399));
#5528=CARTESIAN_POINT('',(2.13091231248165,0.602924160631472,-0.50578841875231));
#5529=CARTESIAN_POINT('',(2.13085087164475,0.637290845151511,-0.485603238175119));
#5530=CARTESIAN_POINT('',(2.70052937337829,0.723885817156633,-0.299092031929361));
#5531=CARTESIAN_POINT('',(2.70058741392379,0.7501353592996,-0.253164116271654));
#5532=CARTESIAN_POINT('',(2.70066244756178,0.769725788461731,-0.201161563928843));
#5533=CARTESIAN_POINT('',(1.69340695652174,0.6531421484375,-0.449870679367898));
#5534=CARTESIAN_POINT('',(1.69340695652174,0.681408578125,-0.423845172798296));
#5535=CARTESIAN_POINT('',(1.69340695652174,0.705748260416667,-0.392583500426136));
#5536=CARTESIAN_POINT('',(2.13076678630021,0.667870820948222,-0.459712063704472));
#5537=CARTESIAN_POINT('',(2.13068270095566,0.698450796744934,-0.433820889233824));
#5538=CARTESIAN_POINT('',(2.1305820827527,0.725448839584049,-0.402459851890874));
#5539=CARTESIAN_POINT('',(2.70073544305251,0.784559682099755,-0.143013217727817));
#5540=CARTESIAN_POINT('',(2.70080843854324,0.79939357573778,-0.0848648715267923));
#5541=CARTESIAN_POINT('',(2.7008964724605,0.809148517530399,-0.0205168407642765));
#5542=CARTESIAN_POINT('',(1.69340695652174,0.7256383125,-0.355032216193182));
#5543=CARTESIAN_POINT('',(1.69340695652174,0.745528364583334,-0.317480931960227));
#5544=CARTESIAN_POINT('',(1.69340695652174,0.760968786458333,-0.273640035866477));
#5545=CARTESIAN_POINT('',(2.13045810108977,0.747959218587393,-0.364277838219036));
#5546=CARTESIAN_POINT('',(2.13033411942685,0.770469597590738,-0.326095824547199));
#5547=CARTESIAN_POINT('',(2.13018929369859,0.788781292632598,-0.281237980574062));
#5548=CARTESIAN_POINT('',(2.70096734632264,0.815807802244725,0.0503492505324719));
#5549=CARTESIAN_POINT('',(2.70103822018479,0.822467086959051,0.12121534182922));
#5550=CARTESIAN_POINT('',(2.70111518216758,0.825691106810212,0.198481005212441));
#5551=CARTESIAN_POINT('',(1.69340695652174,0.7714366953125,-0.222456081853693));
#5552=CARTESIAN_POINT('',(1.69340695652174,0.781904604166667,-0.171272127840909));
#5553=CARTESIAN_POINT('',(1.69340695652174,0.7874,-0.112745115909091));
#5554=CARTESIAN_POINT('',(2.13002289632266,0.801887329343288,-0.228513089556969));
#5555=CARTESIAN_POINT('',(2.12985649894674,0.814993366053977,-0.175788198539876));
#5556=CARTESIAN_POINT('',(2.13187715588802,0.823192982128987,-0.115232893482244));
#5557=CARTESIAN_POINT('',(2.70116068622539,0.827434013645655,0.282734535308355));
#5558=CARTESIAN_POINT('',(2.7012061902832,0.829176920481098,0.366988065404269));
#5559=CARTESIAN_POINT('',(2.70390761528436,0.829402855196921,0.457986203073298));
#5560=CARTESIAN_POINT('',(2.94945691219021,0.8509,0.556421636363637));
#5561=CARTESIAN_POINT('',(2.94945691219021,0.8509,0.621866179545455));
#5562=CARTESIAN_POINT('',(2.94945691219021,0.852940226136364,0.678336873863637));
#5563=CARTESIAN_POINT('',(3.19767345371092,0.872616133482674,0.556421636363637));
#5564=CARTESIAN_POINT('',(3.19767345371092,0.872616133482674,0.623217845789338));
#5565=CARTESIAN_POINT('',(3.19770763409723,0.874123032501857,0.681222794381542));
#5566=CARTESIAN_POINT('',(3.20008622108233,0.832867733034652,0.556421636363637));
#5567=CARTESIAN_POINT('',(3.20008622108233,0.832867733034652,0.619775541239332));
#5568=CARTESIAN_POINT('',(3.20421575632468,0.836470469696627,0.673527178435952));
#5569=CARTESIAN_POINT('',(2.94945691219021,0.854593679545455,0.727054610546875));
#5570=CARTESIAN_POINT('',(2.94945691219021,0.856247132954545,0.775772347230114));
#5571=CARTESIAN_POINT('',(2.94945691219021,0.857513813636364,0.816737126278409));
#5572=CARTESIAN_POINT('',(3.19775313815504,0.874979534809601,0.731109609278526));
#5573=CARTESIAN_POINT('',(3.19779864221285,0.875836037117345,0.780996424175509));
#5574=CARTESIAN_POINT('',(3.19787560419564,0.875787294930154,0.823051924073539));
#5575=CARTESIAN_POINT('',(3.21059583065353,0.840208182826453,0.720392732116433));
#5576=CARTESIAN_POINT('',(3.21697590498237,0.843945895956278,0.767258285796914));
#5577=CARTESIAN_POINT('',(3.22717040663222,0.848704924824859,0.806565197550782));
#5578=CARTESIAN_POINT('',(2.94945691219021,0.855966722727273,0.851169838920455));
#5579=CARTESIAN_POINT('',(2.94945691219021,0.854419631818182,0.8856025515625));
#5580=CARTESIAN_POINT('',(2.94945691219021,0.850058769318182,0.913503197798295));
#5581=CARTESIAN_POINT('',(3.19794647805778,0.872901149601866,0.858184308202927));
#5582=CARTESIAN_POINT('',(3.19801735191993,0.870015004273578,0.893316692332315));
#5583=CARTESIAN_POINT('',(3.19810538583719,0.863951848019322,0.921644449140821));
#5584=CARTESIAN_POINT('',(3.23836666705541,0.850295118631787,0.840108736038852));
#5585=CARTESIAN_POINT('',(3.24956292747861,0.851885312438716,0.873652274526922));
#5586=CARTESIAN_POINT('',(3.26364650505095,0.851356174881889,0.901367392691856));
#5587=CARTESIAN_POINT('',(2.94945691219021,0.840457136363636,0.936092668856534));
#5588=CARTESIAN_POINT('',(2.94945691219021,0.830855503409091,0.958682139914773));
#5589=CARTESIAN_POINT('',(2.94945691219021,0.8160131,0.975960435795455));
#5590=CARTESIAN_POINT('',(3.19817838132791,0.852808665112602,0.944345696512239));
#5591=CARTESIAN_POINT('',(3.19825137681864,0.841665482205883,0.967046943883657));
#5592=CARTESIAN_POINT('',(3.19832641045664,0.825119856325401,0.98406779111471));
#5593=CARTESIAN_POINT('',(3.27777339319269,0.844750452486204,0.924147740637181));
#5594=CARTESIAN_POINT('',(3.29190028133444,0.838144730090519,0.946928088582506));
#5595=CARTESIAN_POINT('',(3.30798316510121,0.826216679914115,0.965174351180043));
#5596=CARTESIAN_POINT('',(2.94945691219021,0.793502927272727,0.989148447727273));
#5597=CARTESIAN_POINT('',(2.94945691219021,0.770992754545454,1.00233645965909));
#5598=CARTESIAN_POINT('',(2.94945691219021,0.7408148125,1.01143418764205));
#5599=CARTESIAN_POINT('',(3.19838445100214,0.801188054434276,0.996833574888821));
#5600=CARTESIAN_POINT('',(3.19844249154763,0.777256252543151,1.00959935866293));
#5601=CARTESIAN_POINT('',(3.19849096008103,0.745700735794659,1.01791157701721));
#5602=CARTESIAN_POINT('',(3.32312799590586,0.805661891075859,0.979284601303132));
#5603=CARTESIAN_POINT('',(3.33827282671052,0.785107102237603,0.993394851426221));
#5604=CARTESIAN_POINT('',(3.35442214154395,0.756226967195357,1.00394024685171));
#5605=CARTESIAN_POINT('',(2.94945691219021,0.700542102272727,1.01766252290483));
#5606=CARTESIAN_POINT('',(2.94945691219021,0.660269392045454,1.02389085816761));
#5607=CARTESIAN_POINT('',(2.94945691219021,0.609901913636364,1.02724980071023));
#5608=CARTESIAN_POINT('',(3.1985266246009,0.704363856038581,1.02338218161429));
#5609=CARTESIAN_POINT('',(3.19856228912076,0.663026976282503,1.02885278621138));
#5610=CARTESIAN_POINT('',(3.19858290073991,0.611808603826018,1.03118909598909));
#5611=CARTESIAN_POINT('',(3.36864237802062,0.716422826274851,1.01130301896804));
#5612=CARTESIAN_POINT('',(3.3828626144973,0.676618685354345,1.01866579108438));
#5613=CARTESIAN_POINT('',(3.39711478652129,0.625797876074799,1.023322275294));
#5614=CARTESIAN_POINT('',(2.94945691219021,0.547012668181818,1.02896024176136));
#5615=CARTESIAN_POINT('',(2.94945691219021,0.484123422727273,1.0306706828125));
#5616=CARTESIAN_POINT('',(2.94945691219021,0.408712410227273,1.03073262237216));
#5617=CARTESIAN_POINT('',(3.19859843812133,0.548312778170533,1.0320989849287));
#5618=CARTESIAN_POINT('',(3.19861397550276,0.484816952515048,1.03300887386831));
#5619=CARTESIAN_POINT('',(3.19861598848049,0.409111367785608,1.03217209227369));
#5620=CARTESIAN_POINT('',(3.40844941476589,0.561838152371003,1.02595501159345));
#5621=CARTESIAN_POINT('',(3.41978404301049,0.497878428667207,1.02858774789291));
#5622=CARTESIAN_POINT('',(3.43016594732606,0.420472134068455,1.02946667922141));
#5623=CARTESIAN_POINT('',(2.94945691219021,0.318352631818182,1.03036695166903));
#5624=CARTESIAN_POINT('',(2.94945691219021,0.227992853409091,1.03000128096591));
#5625=CARTESIAN_POINT('',(2.94945691219021,0.122684309090909,1.029208));
#5626=CARTESIAN_POINT('',(3.19861984888945,0.318534904378398,1.03128329770934));
#5627=CARTESIAN_POINT('',(3.19862370929841,0.227958440971188,1.03039450314499));
#5628=CARTESIAN_POINT('',(3.1986216005751,0.122745066610981,1.029208));
#5629=CARTESIAN_POINT('',(3.43665014748822,0.327665590870258,1.02959321435711));
#5630=CARTESIAN_POINT('',(3.44313434765038,0.23485904767206,1.02971974949281));
#5631=CARTESIAN_POINT('',(3.44735461573886,0.126283159077965,1.029208));
#5632=CARTESIAN_POINT('',(2.94945691219021,0.,1.029208));
#5633=CARTESIAN_POINT('',(2.94945691219021,-0.122684309090909,1.029208));
#5634=CARTESIAN_POINT('',(2.94945691219021,-0.227992853409091,1.03000128096591));
#5635=CARTESIAN_POINT('',(3.1986216005751,0.,1.029208));
#5636=CARTESIAN_POINT('',(3.1986216005751,-0.122745066610981,1.029208));
#5637=CARTESIAN_POINT('',(3.19862370929841,-0.227958440971188,1.03039450314499));
#5638=CARTESIAN_POINT('',(3.44735461573886,0.,1.029208));
#5639=CARTESIAN_POINT('',(3.44735461573886,-0.126283159077965,1.029208));
#5640=CARTESIAN_POINT('',(3.44313434765038,-0.23485904767206,1.02971974949281));
#5641=CARTESIAN_POINT('',(2.94945691219021,-0.318352631818182,1.03036695166903));
#5642=CARTESIAN_POINT('',(2.94945691219021,-0.408712410227273,1.03073262237216));
#5643=CARTESIAN_POINT('',(2.94945691219021,-0.484123422727273,1.0306706828125));
#5644=CARTESIAN_POINT('',(3.19861984888945,-0.318534904378398,1.03128329770934));
#5645=CARTESIAN_POINT('',(3.19861598848049,-0.409111367785608,1.03217209227369));
#5646=CARTESIAN_POINT('',(3.19861397550276,-0.484816952515048,1.03300887386831));
#5647=CARTESIAN_POINT('',(3.43665014748822,-0.327665590870258,1.02959321435711));
#5648=CARTESIAN_POINT('',(3.43016594732606,-0.420472134068455,1.02946667922141));
#5649=CARTESIAN_POINT('',(3.41978404301049,-0.497878428667207,1.02858774789291));
#5650=CARTESIAN_POINT('',(2.94945691219021,-0.547012668181818,1.02896024176136));
#5651=CARTESIAN_POINT('',(2.94945691219021,-0.609901913636364,1.02724980071023));
#5652=CARTESIAN_POINT('',(2.94945691219021,-0.660269392045454,1.02389085816761));
#5653=CARTESIAN_POINT('',(3.19859843812133,-0.548312778170533,1.0320989849287));
#5654=CARTESIAN_POINT('',(3.19858290073991,-0.611808603826018,1.03118909598909));
#5655=CARTESIAN_POINT('',(3.19856228912076,-0.663026976282503,1.02885278621138));
#5656=CARTESIAN_POINT('',(3.40844941476589,-0.561838152371003,1.02595501159345));
#5657=CARTESIAN_POINT('',(3.39711478652129,-0.625797876074799,1.023322275294));
#5658=CARTESIAN_POINT('',(3.3828626144973,-0.676618685354345,1.01866579108438));
#5659=CARTESIAN_POINT('',(2.94945691219021,-0.700542102272727,1.01766252290483));
#5660=CARTESIAN_POINT('',(2.94945691219021,-0.7408148125,1.01143418764205));
#5661=CARTESIAN_POINT('',(2.94945691219021,-0.770992754545454,1.00233645965909));
#5662=CARTESIAN_POINT('',(3.19852662460089,-0.704363856038581,1.02338218161429));
#5663=CARTESIAN_POINT('',(3.19849096008103,-0.745700735794659,1.01791157701721));
#5664=CARTESIAN_POINT('',(3.19844249154763,-0.777256252543151,1.00959935866293));
#5665=CARTESIAN_POINT('',(3.36864237802062,-0.716422826274851,1.01130301896804));
#5666=CARTESIAN_POINT('',(3.35442214154395,-0.756226967195357,1.00394024685171));
#5667=CARTESIAN_POINT('',(3.33827282671052,-0.785107102237603,0.993394851426221));
#5668=CARTESIAN_POINT('',(2.94945691219021,-0.793502927272727,0.989148447727273));
#5669=CARTESIAN_POINT('',(2.94945691219021,-0.8160131,0.975960435795455));
#5670=CARTESIAN_POINT('',(2.94945691219021,-0.830855503409091,0.958682139914773));
#5671=CARTESIAN_POINT('',(3.19838445100214,-0.801188054434276,0.996833574888821));
#5672=CARTESIAN_POINT('',(3.19832641045664,-0.825119856325401,0.98406779111471));
#5673=CARTESIAN_POINT('',(3.19825137681864,-0.841665482205883,0.967046943883657));
#5674=CARTESIAN_POINT('',(3.32312799590586,-0.805661891075859,0.979284601303132));
#5675=CARTESIAN_POINT('',(3.30798316510121,-0.826216679914115,0.965174351180043));
#5676=CARTESIAN_POINT('',(3.29190028133444,-0.838144730090519,0.946928088582506));
#5677=CARTESIAN_POINT('',(2.94945691219021,-0.840457136363636,0.936092668856534));
#5678=CARTESIAN_POINT('',(2.94945691219021,-0.850058769318182,0.913503197798295));
#5679=CARTESIAN_POINT('',(2.94945691219021,-0.854419631818182,0.8856025515625));
#5680=CARTESIAN_POINT('',(3.19817838132792,-0.852808665112603,0.944345696512239));
#5681=CARTESIAN_POINT('',(3.19810538583719,-0.863951848019322,0.921644449140821));
#5682=CARTESIAN_POINT('',(3.19801735191993,-0.870015004273578,0.893316692332315));
#5683=CARTESIAN_POINT('',(3.27777339319269,-0.844750452486204,0.924147740637181));
#5684=CARTESIAN_POINT('',(3.26364650505095,-0.851356174881889,0.901367392691856));
#5685=CARTESIAN_POINT('',(3.24956292747861,-0.851885312438716,0.873652274526922));
#5686=CARTESIAN_POINT('',(2.94945691219021,-0.855966722727273,0.851169838920455));
#5687=CARTESIAN_POINT('',(2.94945691219021,-0.857513813636364,0.816737126278409));
#5688=CARTESIAN_POINT('',(2.94945691219021,-0.856247132954545,0.775772347230114));
#5689=CARTESIAN_POINT('',(3.19794647805778,-0.872901149601866,0.858184308202927));
#5690=CARTESIAN_POINT('',(3.19787560419564,-0.875787294930154,0.823051924073539));
#5691=CARTESIAN_POINT('',(3.19779864221285,-0.875836037117345,0.78099642417551));
#5692=CARTESIAN_POINT('',(3.23836666705541,-0.850295118631787,0.840108736038852));
#5693=CARTESIAN_POINT('',(3.22717040663222,-0.848704924824859,0.806565197550782));
#5694=CARTESIAN_POINT('',(3.21697590498237,-0.843945895956278,0.767258285796914));
#5695=CARTESIAN_POINT('',(2.94945691219021,-0.854593679545454,0.727054610546875));
#5696=CARTESIAN_POINT('',(2.94945691219021,-0.852940226136364,0.678336873863637));
#5697=CARTESIAN_POINT('',(2.94945691219021,-0.8509,0.621866179545455));
#5698=CARTESIAN_POINT('',(3.19775313815504,-0.874979534809601,0.731109609278526));
#5699=CARTESIAN_POINT('',(3.19770763409723,-0.874123032501857,0.681222794381542));
#5700=CARTESIAN_POINT('',(3.19767345371092,-0.872616133482674,0.623217845789338));
#5701=CARTESIAN_POINT('',(3.21059583065353,-0.840208182826453,0.720392732116433));
#5702=CARTESIAN_POINT('',(3.20421575632468,-0.836470469696627,0.673527178435952));
#5703=CARTESIAN_POINT('',(3.20008622108233,-0.832867733034652,0.619775541239332));
#5704=CARTESIAN_POINT('',(2.94945691219021,-0.8509,0.556421636363637));
#5705=CARTESIAN_POINT('',(2.94945691219021,-0.8509,0.456590977272727));
#5706=CARTESIAN_POINT('',(2.94945691219021,-0.850359726846591,0.364102144886364));
#5707=CARTESIAN_POINT('',(3.19767345371092,-0.872616133482674,0.556421636363637));
#5708=CARTESIAN_POINT('',(3.19767345371092,-0.872616133482674,0.455239311028844));
#5709=CARTESIAN_POINT('',(3.19770763409723,-0.871542533212084,0.361216224368459));
#5710=CARTESIAN_POINT('',(3.20008622108233,-0.832867733034652,0.556421636363637));
#5711=CARTESIAN_POINT('',(3.20008622108233,-0.832867733034652,0.459236230351577));
#5712=CARTESIAN_POINT('',(3.20421575632468,-0.833812940577309,0.369882416166321));
#5713=CARTESIAN_POINT('',(2.94945691219021,-0.847819868909801,0.278679536576705));
#5714=CARTESIAN_POINT('',(2.94945691219021,-0.845280010973011,0.193256928267046));
#5715=CARTESIAN_POINT('',(2.94945691219021,-0.840740568252841,0.114900544034091));
#5716=CARTESIAN_POINT('',(3.19775313815504,-0.868205724173947,0.274624537845054));
#5717=CARTESIAN_POINT('',(3.19779864221285,-0.864868915135811,0.18803285132165));
#5718=CARTESIAN_POINT('',(3.19787560419564,-0.859014049546631,0.108585746238962));
#5719=CARTESIAN_POINT('',(3.21059583065353,-0.833232168888242,0.286615295813255));
#5720=CARTESIAN_POINT('',(3.21697590498237,-0.832651397199176,0.203348175460189));
#5721=CARTESIAN_POINT('',(3.22717040663222,-0.831430985549291,0.126840307349786));
#5722=CARTESIAN_POINT('',(2.94945691219021,-0.832742229119318,0.04333478125));
#5723=CARTESIAN_POINT('',(2.94945691219021,-0.824743889985796,-0.0282309815340909));
#5724=CARTESIAN_POINT('',(2.94945691219021,-0.813286654438921,-0.0930061228693182));
#5725=CARTESIAN_POINT('',(3.19794647805778,-0.849676655993912,0.0363203119675281));
#5726=CARTESIAN_POINT('',(3.19801735191993,-0.840339262441192,-0.0359451223039054));
#5727=CARTESIAN_POINT('',(3.19810538583719,-0.827179733140061,-0.101147374211844));
#5728=CARTESIAN_POINT('',(3.23836666705541,-0.826377356557924,0.0562677089895576));
#5729=CARTESIAN_POINT('',(3.24956292747861,-0.821323727566556,-0.0143048893706712));
#5730=CARTESIAN_POINT('',(3.26364650505095,-0.813486384931605,-0.0788771709233897));
#5731=CARTESIAN_POINT('',(2.94945691219021,-0.796911210848722,-0.151266245383523));
#5732=CARTESIAN_POINT('',(2.94945691219021,-0.780535767258523,-0.209526367897727));
#5733=CARTESIAN_POINT('',(2.94945691219021,-0.759242115625,-0.261271471590909));
#5734=CARTESIAN_POINT('',(3.19817838132791,-0.809262739597688,-0.159519273039228));
#5735=CARTESIAN_POINT('',(3.19825137681864,-0.791345746055315,-0.217891171866612));
#5736=CARTESIAN_POINT('',(3.19832641045664,-0.768348871950401,-0.269378826910164));
#5737=CARTESIAN_POINT('',(3.27777339319269,-0.79990464859771,-0.1373714996038));
#5738=CARTESIAN_POINT('',(3.29190028133444,-0.786322912263815,-0.19586582828421));
#5739=CARTESIAN_POINT('',(3.30798316510121,-0.767751039289115,-0.248682888964134));
#5740=CARTESIAN_POINT('',(2.94945691219021,-0.731570944318182,-0.306777159090909));
#5741=CARTESIAN_POINT('',(2.94945691219021,-0.703899773011364,-0.352282846590909));
#5742=CARTESIAN_POINT('',(2.94945691219021,-0.66985108203125,-0.391549117897727));
#5743=CARTESIAN_POINT('',(3.19838445100214,-0.73925607147973,-0.314462286252458));
#5744=CARTESIAN_POINT('',(3.19844249154763,-0.71016327100906,-0.359545745594751));
#5745=CARTESIAN_POINT('',(3.19849096008103,-0.674737005325909,-0.398026507272895));
#5746=CARTESIAN_POINT('',(3.32312799590586,-0.741881192212223,-0.295249468348586));
#5747=CARTESIAN_POINT('',(3.33827282671052,-0.716011345135331,-0.341816047733039));
#5748=CARTESIAN_POINT('',(3.35442214154395,-0.683144916414108,-0.382703303598871));
#5749=CARTESIAN_POINT('',(2.94945691219021,-0.627965559747869,-0.424851575639205));
#5750=CARTESIAN_POINT('',(2.94945691219021,-0.586080037464489,-0.458154033380682));
#5751=CARTESIAN_POINT('',(2.94945691219021,-0.536357683877841,-0.485492677556818));
#5752=CARTESIAN_POINT('',(3.1985266246009,-0.631787313513723,-0.43057123434867));
#5753=CARTESIAN_POINT('',(3.19856228912076,-0.588837621701537,-0.463115961424444));
#5754=CARTESIAN_POINT('',(3.19858290073991,-0.538264374067496,-0.489431972835677));
#5755=CARTESIAN_POINT('',(3.36864237802062,-0.641679819794027,-0.417322181166198));
#5756=CARTESIAN_POINT('',(3.3828626144973,-0.600214723173947,-0.451941058733524));
#5757=CARTESIAN_POINT('',(3.39711478652129,-0.550058296174231,-0.480767893404793));
#5758=CARTESIAN_POINT('',(2.94945691219021,-0.477339187357955,-0.507143110795455));
#5759=CARTESIAN_POINT('',(2.94945691219021,-0.418320690838068,-0.528793544034091));
#5760=CARTESIAN_POINT('',(2.94945691219021,-0.350006051384943,-0.544755766335227));
#5761=CARTESIAN_POINT('',(3.19859843812133,-0.47863929734667,-0.510281853962787));
#5762=CARTESIAN_POINT('',(3.19861397550276,-0.419014220625844,-0.531131735089897));
#5763=CARTESIAN_POINT('',(3.19861598848049,-0.350405008943278,-0.546195236236754));
#5764=CARTESIAN_POINT('',(3.40844941476589,-0.490084866149412,-0.503513939008227));
#5765=CARTESIAN_POINT('',(3.41978404301049,-0.430111436124594,-0.52625998461166));
#5766=CARTESIAN_POINT('',(3.43016594732606,-0.360013346603967,-0.543195184086465));
#5767=CARTESIAN_POINT('',(2.94945691219021,-0.270935957368608,-0.555305380326705));
#5768=CARTESIAN_POINT('',(2.94945691219021,-0.191865863352273,-0.565854994318182));
#5769=CARTESIAN_POINT('',(2.94945691219021,-0.102040314772727,-0.570992));
#5770=CARTESIAN_POINT('',(3.19861984888945,-0.271118229928824,-0.556221726367009));
#5771=CARTESIAN_POINT('',(3.19862370929841,-0.19183145091437,-0.566248216497264));
#5772=CARTESIAN_POINT('',(3.1986216005751,-0.102101072292799,-0.570992));
#5773=CARTESIAN_POINT('',(3.43665014748822,-0.278833493302786,-0.554349660042481));
#5774=CARTESIAN_POINT('',(3.44313434765038,-0.197653640001606,-0.565504135998496));
#5775=CARTESIAN_POINT('',(3.44735461573886,-0.105022926123419,-0.570992));
#5776=CARTESIAN_POINT('',(2.94945691219021,0.,-0.570992));
#5777=CARTESIAN_POINT('',(2.94945691219021,0.102040314772727,-0.570992));
#5778=CARTESIAN_POINT('',(2.94945691219021,0.191865863352273,-0.565854994318182));
#5779=CARTESIAN_POINT('',(3.1986216005751,0.,-0.570992));
#5780=CARTESIAN_POINT('',(3.1986216005751,0.102101072292799,-0.570992));
#5781=CARTESIAN_POINT('',(3.19862370929841,0.19183145091437,-0.566248216497264));
#5782=CARTESIAN_POINT('',(3.44735461573886,0.,-0.570992));
#5783=CARTESIAN_POINT('',(3.44735461573886,0.105022926123419,-0.570992));
#5784=CARTESIAN_POINT('',(3.44313434765038,0.197653640001606,-0.565504135998496));
#5785=CARTESIAN_POINT('',(2.94945691219021,0.270935957368608,-0.555305380326705));
#5786=CARTESIAN_POINT('',(2.94945691219021,0.350006051384943,-0.544755766335227));
#5787=CARTESIAN_POINT('',(2.94945691219021,0.418320690838068,-0.528793544034091));
#5788=CARTESIAN_POINT('',(3.19861984888945,0.271118229928824,-0.556221726367009));
#5789=CARTESIAN_POINT('',(3.19861598848049,0.350405008943278,-0.546195236236754));
#5790=CARTESIAN_POINT('',(3.19861397550276,0.419014220625844,-0.531131735089897));
#5791=CARTESIAN_POINT('',(3.43665014748822,0.278833493302786,-0.554349660042481));
#5792=CARTESIAN_POINT('',(3.43016594732606,0.360013346603967,-0.543195184086465));
#5793=CARTESIAN_POINT('',(3.41978404301049,0.430111436124594,-0.52625998461166));
#5794=CARTESIAN_POINT('',(2.94945691219021,0.477339187357955,-0.507143110795455));
#5795=CARTESIAN_POINT('',(2.94945691219021,0.536357683877841,-0.485492677556818));
#5796=CARTESIAN_POINT('',(2.94945691219021,0.586080037464489,-0.458154033380682));
#5797=CARTESIAN_POINT('',(3.19859843812133,0.47863929734667,-0.510281853962787));
#5798=CARTESIAN_POINT('',(3.19858290073991,0.538264374067496,-0.489431972835677));
#5799=CARTESIAN_POINT('',(3.19856228912076,0.588837621701537,-0.463115961424444));
#5800=CARTESIAN_POINT('',(3.40844941476589,0.490084866149412,-0.503513939008227));
#5801=CARTESIAN_POINT('',(3.39711478652129,0.550058296174231,-0.480767893404793));
#5802=CARTESIAN_POINT('',(3.3828626144973,0.600214723173947,-0.451941058733524));
#5803=CARTESIAN_POINT('',(2.94945691219021,0.627965559747869,-0.424851575639205));
#5804=CARTESIAN_POINT('',(2.94945691219021,0.66985108203125,-0.391549117897727));
#5805=CARTESIAN_POINT('',(2.94945691219021,0.703899773011364,-0.352282846590909));
#5806=CARTESIAN_POINT('',(3.19852662460089,0.631787313513723,-0.43057123434867));
#5807=CARTESIAN_POINT('',(3.19849096008103,0.674737005325909,-0.398026507272895));
#5808=CARTESIAN_POINT('',(3.19844249154763,0.71016327100906,-0.359545745594751));
#5809=CARTESIAN_POINT('',(3.36864237802062,0.641679819794027,-0.417322181166198));
#5810=CARTESIAN_POINT('',(3.35442214154395,0.683144916414108,-0.382703303598871));
#5811=CARTESIAN_POINT('',(3.33827282671052,0.716011345135331,-0.341816047733039));
#5812=CARTESIAN_POINT('',(2.94945691219021,0.731570944318182,-0.306777159090909));
#5813=CARTESIAN_POINT('',(2.94945691219021,0.759242115625,-0.261271471590909));
#5814=CARTESIAN_POINT('',(2.94945691219021,0.780535767258523,-0.209526367897727));
#5815=CARTESIAN_POINT('',(3.19838445100214,0.73925607147973,-0.314462286252458));
#5816=CARTESIAN_POINT('',(3.19832641045664,0.768348871950401,-0.269378826910164));
#5817=CARTESIAN_POINT('',(3.19825137681864,0.791345746055315,-0.217891171866612));
#5818=CARTESIAN_POINT('',(3.32312799590586,0.741881192212223,-0.295249468348586));
#5819=CARTESIAN_POINT('',(3.30798316510121,0.767751039289115,-0.248682888964134));
#5820=CARTESIAN_POINT('',(3.29190028133444,0.786322912263815,-0.19586582828421));
#5821=CARTESIAN_POINT('',(2.94945691219021,0.796911210848722,-0.151266245383523));
#5822=CARTESIAN_POINT('',(2.94945691219021,0.813286654438921,-0.0930061228693182));
#5823=CARTESIAN_POINT('',(2.94945691219021,0.824743889985796,-0.0282309815340909));
#5824=CARTESIAN_POINT('',(3.19817838132792,0.809262739597688,-0.159519273039228));
#5825=CARTESIAN_POINT('',(3.19810538583719,0.827179733140061,-0.101147374211844));
#5826=CARTESIAN_POINT('',(3.19801735191993,0.840339262441192,-0.0359451223039053));
#5827=CARTESIAN_POINT('',(3.27777339319269,0.79990464859771,-0.1373714996038));
#5828=CARTESIAN_POINT('',(3.26364650505095,0.813486384931605,-0.0788771709233897));
#5829=CARTESIAN_POINT('',(3.24956292747861,0.821323727566556,-0.0143048893706712));
#5830=CARTESIAN_POINT('',(2.94945691219021,0.832742229119318,0.04333478125));
#5831=CARTESIAN_POINT('',(2.94945691219021,0.840740568252841,0.114900544034091));
#5832=CARTESIAN_POINT('',(2.94945691219021,0.845280010973011,0.193256928267045));
#5833=CARTESIAN_POINT('',(3.19794647805778,0.849676655993912,0.0363203119675281));
#5834=CARTESIAN_POINT('',(3.19787560419564,0.859014049546631,0.108585746238961));
#5835=CARTESIAN_POINT('',(3.19779864221285,0.864868915135811,0.18803285132165));
#5836=CARTESIAN_POINT('',(3.23836666705541,0.826377356557924,0.0562677089895576));
#5837=CARTESIAN_POINT('',(3.22717040663222,0.831430985549291,0.126840307349786));
#5838=CARTESIAN_POINT('',(3.21697590498237,0.832651397199176,0.203348175460189));
#5839=CARTESIAN_POINT('',(2.94945691219021,0.847819868909801,0.278679536576705));
#5840=CARTESIAN_POINT('',(2.94945691219021,0.850359726846591,0.364102144886364));
#5841=CARTESIAN_POINT('',(2.94945691219021,0.8509,0.456590977272727));
#5842=CARTESIAN_POINT('',(3.19775313815504,0.868205724173947,0.274624537845054));
#5843=CARTESIAN_POINT('',(3.19770763409723,0.871542533212084,0.361216224368459));
#5844=CARTESIAN_POINT('',(3.19767345371092,0.872616133482674,0.455239311028844));
#5845=CARTESIAN_POINT('',(3.21059583065353,0.833232168888242,0.286615295813255));
#5846=CARTESIAN_POINT('',(3.20421575632468,0.833812940577309,0.369882416166321));
#5847=CARTESIAN_POINT('',(3.20008622108233,0.832867733034652,0.459236230351577));
#5848=CARTESIAN_POINT('',(3.69651930412375,0.8763,0.556421636363637));
#5849=CARTESIAN_POINT('',(3.69651930412375,0.8763,0.622420794318182));
#5850=CARTESIAN_POINT('',(3.69651930412375,0.878401128409091,0.679307449715909));
#5851=CARTESIAN_POINT('',(3.94473584564446,0.898016133482674,0.556421636363637));
#5852=CARTESIAN_POINT('',(3.94473584564446,0.898016133482674,0.623772460562066));
#5853=CARTESIAN_POINT('',(3.94477002603076,0.899583934774584,0.682193370233814));
#5854=CARTESIAN_POINT('',(5.26530978985502,0.928874868601086,0.096901));
#5855=CARTESIAN_POINT('',(5.26526395793925,0.928613053740732,0.209587491667725));
#5856=CARTESIAN_POINT('',(5.27409922576303,0.918203638920943,0.311648659741336));
#5857=CARTESIAN_POINT('',(3.69651930412375,0.880103938636364,0.728328491352983));
#5858=CARTESIAN_POINT('',(3.69651930412375,0.881806748863637,0.777349532990057));
#5859=CARTESIAN_POINT('',(3.69651930412375,0.883111240909091,0.818504960866478));
#5860=CARTESIAN_POINT('',(3.94481553008857,0.90048979390051,0.732383490084634));
#5861=CARTESIAN_POINT('',(3.94486103414638,0.901395653026436,0.782573609935453));
#5862=CARTESIAN_POINT('',(3.94493799612917,0.901384722202881,0.824819758661607));
#5863=CARTESIAN_POINT('',(5.28776434075842,0.90069908888138,0.399370811917507));
#5864=CARTESIAN_POINT('',(5.30142945575381,0.883194538841816,0.487092964093678));
#5865=CARTESIAN_POINT('',(5.32321918142348,0.855774492527895,0.562956437639205));
#5866=CARTESIAN_POINT('',(3.69651930412375,0.881517968181818,0.853041663778409));
#5867=CARTESIAN_POINT('',(3.69651930412375,0.879924695454546,0.887578366690341));
#5868=CARTESIAN_POINT('',(3.69651930412375,0.875433657954546,0.915496344637784));
#5869=CARTESIAN_POINT('',(3.94500886999132,0.898452395056412,0.860056133060881));
#5870=CARTESIAN_POINT('',(3.94507974385347,0.895520067909942,0.895292507460156));
#5871=CARTESIAN_POINT('',(3.94516777777073,0.889326736655686,0.92363759598031));
#5872=CARTESIAN_POINT('',(5.34730047982733,0.824825865238704,0.626241224349641));
#5873=CARTESIAN_POINT('',(5.37138177823119,0.793877237949514,0.689526011060078));
#5874=CARTESIAN_POINT('',(5.40169506426307,0.755683092004487,0.740664548816808));
#5875=CARTESIAN_POINT('',(3.69651930412375,0.865545409090909,0.938042486416904));
#5876=CARTESIAN_POINT('',(3.69651930412375,0.855657160227273,0.960588628196023));
#5877=CARTESIAN_POINT('',(3.69651930412375,0.8403717,0.977762933806818));
#5878=CARTESIAN_POINT('',(3.94524077326145,0.877896937839875,0.946295514072609));
#5879=CARTESIAN_POINT('',(3.94531376875218,0.866467139024065,0.968953432164908));
#5880=CARTESIAN_POINT('',(3.94538880239018,0.849478456325401,0.985870289126074));
#5881=CARTESIAN_POINT('',(5.43225213118155,0.715985622021238,0.78208684347274));
#5882=CARTESIAN_POINT('',(5.46280919810003,0.676288152037988,0.823509138128672));
#5883=CARTESIAN_POINT('',(5.49769075693437,0.632283098770325,0.853970316530108));
#5884=CARTESIAN_POINT('',(3.69651930412375,0.817189581818182,0.990812292045455));
#5885=CARTESIAN_POINT('',(3.69651930412375,0.794007463636364,1.00386165028409));
#5886=CARTESIAN_POINT('',(3.69651930412375,0.7629286875,1.01278606115057));
#5887=CARTESIAN_POINT('',(3.94544684293567,0.82487470897973,0.998497419207003));
#5888=CARTESIAN_POINT('',(3.94550488348117,0.80027096163406,1.01112454928793));
#5889=CARTESIAN_POINT('',(3.94555335201457,0.767814610794659,1.01926345052574));
#5890=CARTESIAN_POINT('',(5.5306428813382,0.58761934221421,0.877782303577847));
#5891=CARTESIAN_POINT('',(5.56359500574204,0.542955585658096,0.901594290625585));
#5892=CARTESIAN_POINT('',(5.59886379435728,0.496325666087332,0.916776948425019));
#5893=CARTESIAN_POINT('',(3.69651930412375,0.721453806818182,1.01883241344105));
#5894=CARTESIAN_POINT('',(3.69651930412375,0.679978926136364,1.02487876573153));
#5895=CARTESIAN_POINT('',(3.69651930412375,0.628107940909091,1.02804705944602));
#5896=CARTESIAN_POINT('',(3.94558901653443,0.725275560584035,1.02455207215052));
#5897=CARTESIAN_POINT('',(3.9456246810543,0.682736510373412,1.0298406937753));
#5898=CARTESIAN_POINT('',(3.94564529267344,0.630014631098745,1.03198635472488));
#5899=CARTESIAN_POINT('',(5.62996487760455,0.448981379559551,0.927966077051785));
#5900=CARTESIAN_POINT('',(5.66106596085182,0.40163709303177,0.939155205678551));
#5901=CARTESIAN_POINT('',(5.69236180592136,0.353665458553747,0.944522320073702));
#5902=CARTESIAN_POINT('',(3.69651930412375,0.563341404545454,1.02958418338068));
#5903=CARTESIAN_POINT('',(3.69651930412375,0.498574868181818,1.03112130731534));
#5904=CARTESIAN_POINT('',(3.69651930412375,0.420912780681818,1.03102726147017));
#5905=CARTESIAN_POINT('',(3.94566083005487,0.564641514534169,1.03272292654801));
#5906=CARTESIAN_POINT('',(3.94567636743629,0.499268397969593,1.03345949837115));
#5907=CARTESIAN_POINT('',(3.94567838041402,0.421311738240153,1.0324667313717));
#5908=CARTESIAN_POINT('',(5.71724938082185,0.304531919922524,0.947924386631058));
#5909=CARTESIAN_POINT('',(5.74213695572234,0.255398381291301,0.951326453188415));
#5910=CARTESIAN_POINT('',(5.76501854499347,0.206076814113469,0.951523414944131));
#5911=CARTESIAN_POINT('',(3.69651930412375,0.327855695454545,1.03054893464134));
#5912=CARTESIAN_POINT('',(3.69651930412375,0.234798610227273,1.0300706078125));
#5913=CARTESIAN_POINT('',(3.69651930412375,0.126346527272727,1.029208));
#5914=CARTESIAN_POINT('',(3.94568224082299,0.328037968014761,1.03146528068164));
#5915=CARTESIAN_POINT('',(3.94568610123195,0.23476419778937,1.03046382999158));
#5916=CARTESIAN_POINT('',(3.94568399250864,0.126407284792799,1.029208));
#5917=CARTESIAN_POINT('',(5.7792903270075,0.155158444647215,0.951385787688538));
#5918=CARTESIAN_POINT('',(5.79356210902153,0.104240075180961,0.951248160432945));
#5919=CARTESIAN_POINT('',(5.80288007290602,0.0531101976949049,0.950105934390114));
#5920=CARTESIAN_POINT('',(3.69651930412375,0.,1.029208));
#5921=CARTESIAN_POINT('',(3.69651930412375,-0.126346527272727,1.029208));
#5922=CARTESIAN_POINT('',(3.69651930412375,-0.234798610227273,1.0300706078125));
#5923=CARTESIAN_POINT('',(3.94568399250864,0.,1.029208));
#5924=CARTESIAN_POINT('',(3.94568399250864,-0.126407284792799,1.029208));
#5925=CARTESIAN_POINT('',(3.94568610123195,-0.23476419778937,1.03046382999158));
#5926=CARTESIAN_POINT('',(5.80288007290602,-5.32260909845359E-18,0.950105934390114));
#5927=CARTESIAN_POINT('',(5.80288007290602,-0.0531101976949049,0.950105934390114));
#5928=CARTESIAN_POINT('',(5.79356210902153,-0.104240075180961,0.951248160432945));
#5929=CARTESIAN_POINT('',(3.69651930412375,-0.327855695454546,1.03054893464134));
#5930=CARTESIAN_POINT('',(3.69651930412375,-0.420912780681818,1.03102726147017));
#5931=CARTESIAN_POINT('',(3.69651930412375,-0.498574868181818,1.03112130731534));
#5932=CARTESIAN_POINT('',(3.94568224082299,-0.328037968014761,1.03146528068164));
#5933=CARTESIAN_POINT('',(3.94567838041402,-0.421311738240153,1.0324667313717));
#5934=CARTESIAN_POINT('',(3.94567636743629,-0.499268397969594,1.03345949837115));
#5935=CARTESIAN_POINT('',(5.7792903270075,-0.155158444647215,0.951385787688538));
#5936=CARTESIAN_POINT('',(5.76501854499347,-0.206076814113469,0.951523414944131));
#5937=CARTESIAN_POINT('',(5.74213695572234,-0.255398381291301,0.951326453188415));
#5938=CARTESIAN_POINT('',(3.69651930412375,-0.563341404545455,1.02958418338068));
#5939=CARTESIAN_POINT('',(3.69651930412375,-0.628107940909091,1.02804705944602));
#5940=CARTESIAN_POINT('',(3.69651930412375,-0.679978926136364,1.02487876573153));
#5941=CARTESIAN_POINT('',(3.94566083005487,-0.56464151453417,1.03272292654801));
#5942=CARTESIAN_POINT('',(3.94564529267344,-0.630014631098745,1.03198635472488));
#5943=CARTESIAN_POINT('',(3.9456246810543,-0.682736510373412,1.0298406937753));
#5944=CARTESIAN_POINT('',(5.71724938082185,-0.304531919922524,0.947924386631058));
#5945=CARTESIAN_POINT('',(5.69236180592136,-0.353665458553747,0.944522320073702));
#5946=CARTESIAN_POINT('',(5.66106596085182,-0.40163709303177,0.939155205678551));
#5947=CARTESIAN_POINT('',(3.69651930412375,-0.721453806818182,1.01883241344105));
#5948=CARTESIAN_POINT('',(3.69651930412375,-0.7629286875,1.01278606115057));
#5949=CARTESIAN_POINT('',(3.69651930412375,-0.794007463636364,1.00386165028409));
#5950=CARTESIAN_POINT('',(3.94558901653443,-0.725275560584035,1.02455207215052));
#5951=CARTESIAN_POINT('',(3.94555335201457,-0.767814610794659,1.01926345052574));
#5952=CARTESIAN_POINT('',(3.94550488348117,-0.80027096163406,1.01112454928793));
#5953=CARTESIAN_POINT('',(5.62996487760455,-0.448981379559551,0.927966077051785));
#5954=CARTESIAN_POINT('',(5.59886379435728,-0.496325666087332,0.916776948425019));
#5955=CARTESIAN_POINT('',(5.56359500574204,-0.542955585658096,0.901594290625585));
#5956=CARTESIAN_POINT('',(3.69651930412375,-0.817189581818182,0.990812292045455));
#5957=CARTESIAN_POINT('',(3.69651930412375,-0.8403717,0.977762933806818));
#5958=CARTESIAN_POINT('',(3.69651930412375,-0.855657160227273,0.960588628196023));
#5959=CARTESIAN_POINT('',(3.94544684293567,-0.82487470897973,0.998497419207003));
#5960=CARTESIAN_POINT('',(3.94538880239018,-0.849478456325401,0.985870289126074));
#5961=CARTESIAN_POINT('',(3.94531376875218,-0.866467139024065,0.968953432164908));
#5962=CARTESIAN_POINT('',(5.5306428813382,-0.58761934221421,0.877782303577847));
#5963=CARTESIAN_POINT('',(5.49769075693437,-0.632283098770325,0.853970316530108));
#5964=CARTESIAN_POINT('',(5.46280919810003,-0.676288152037988,0.823509138128672));
#5965=CARTESIAN_POINT('',(3.69651930412375,-0.865545409090909,0.938042486416904));
#5966=CARTESIAN_POINT('',(3.69651930412375,-0.875433657954546,0.915496344637784));
#5967=CARTESIAN_POINT('',(3.69651930412375,-0.879924695454546,0.887578366690341));
#5968=CARTESIAN_POINT('',(3.94524077326145,-0.877896937839876,0.946295514072609));
#5969=CARTESIAN_POINT('',(3.94516777777073,-0.889326736655686,0.92363759598031));
#5970=CARTESIAN_POINT('',(3.94507974385347,-0.895520067909942,0.895292507460156));
#5971=CARTESIAN_POINT('',(5.43225213118155,-0.715985622021238,0.78208684347274));
#5972=CARTESIAN_POINT('',(5.40169506426307,-0.755683092004487,0.740664548816808));
#5973=CARTESIAN_POINT('',(5.37138177823119,-0.793877237949514,0.689526011060078));
#5974=CARTESIAN_POINT('',(3.69651930412375,-0.881517968181818,0.853041663778409));
#5975=CARTESIAN_POINT('',(3.69651930412375,-0.883111240909091,0.818504960866478));
#5976=CARTESIAN_POINT('',(3.69651930412375,-0.881806748863637,0.777349532990057));
#5977=CARTESIAN_POINT('',(3.94500886999132,-0.898452395056412,0.860056133060881));
#5978=CARTESIAN_POINT('',(3.94493799612917,-0.901384722202881,0.824819758661607));
#5979=CARTESIAN_POINT('',(3.94486103414638,-0.901395653026436,0.782573609935453));
#5980=CARTESIAN_POINT('',(5.34730047982733,-0.824825865238705,0.626241224349641));
#5981=CARTESIAN_POINT('',(5.32321918142348,-0.855774492527895,0.562956437639205));
#5982=CARTESIAN_POINT('',(5.30142945575381,-0.883194538841816,0.487092964093678));
#5983=CARTESIAN_POINT('',(3.69651930412375,-0.880103938636363,0.728328491352983));
#5984=CARTESIAN_POINT('',(3.69651930412375,-0.878401128409091,0.679307449715909));
#5985=CARTESIAN_POINT('',(3.69651930412375,-0.8763,0.622420794318182));
#5986=CARTESIAN_POINT('',(3.94481553008857,-0.90048979390051,0.732383490084633));
#5987=CARTESIAN_POINT('',(3.94477002603076,-0.899583934774584,0.682193370233814));
#5988=CARTESIAN_POINT('',(3.94473584564446,-0.898016133482674,0.623772460562065));
#5989=CARTESIAN_POINT('',(5.28776434075842,-0.90069908888138,0.399370811917507));
#5990=CARTESIAN_POINT('',(5.27409922576303,-0.918203638920943,0.311648659741336));
#5991=CARTESIAN_POINT('',(5.26526395793925,-0.928613053740732,0.209587491667725));
#5992=CARTESIAN_POINT('',(3.69651930412375,-0.8763,0.556421636363637));
#5993=CARTESIAN_POINT('',(3.69651930412375,-0.8763,0.456590977272727));
#5994=CARTESIAN_POINT('',(3.69651930412375,-0.875743599289773,0.364102144886364));
#5995=CARTESIAN_POINT('',(3.94473584564446,-0.898016133482674,0.556421636363637));
#5996=CARTESIAN_POINT('',(3.94473584564446,-0.898016133482674,0.455239311028844));
#5997=CARTESIAN_POINT('',(3.94477002603076,-0.896926405655266,0.361216224368459));
#5998=CARTESIAN_POINT('',(5.26530978985502,-0.928874868601086,0.096901));
#5999=CARTESIAN_POINT('',(5.26535562177078,-0.92913668346144,-0.00747507348590637));
#6000=CARTESIAN_POINT('',(5.27422806250222,-0.918367492183046,-0.100923676326252));
#6001=CARTESIAN_POINT('',(3.69651930412375,-0.873127924698153,0.278679536576705));
#6002=CARTESIAN_POINT('',(3.69651930412375,-0.870512250106534,0.193256928267046));
#6003=CARTESIAN_POINT('',(3.69651930412375,-0.865837301633523,0.114900544034091));
#6004=CARTESIAN_POINT('',(3.94481553008857,-0.8935137799623,0.274624537845054));
#6005=CARTESIAN_POINT('',(3.94486103414638,-0.890101154269334,0.18803285132165));
#6006=CARTESIAN_POINT('',(3.94493799612917,-0.884110782927313,0.108585746238962));
#6007=CARTESIAN_POINT('',(5.288039332253,-0.900798739868787,-0.180353992563272));
#6008=CARTESIAN_POINT('',(5.30185060200378,-0.883229987554528,-0.259784308800292));
#6009=CARTESIAN_POINT('',(5.32390014172455,-0.856060255593427,-0.327486354458077));
#6010=CARTESIAN_POINT('',(3.69651930412375,-0.857600206107955,0.04333478125));
#6011=CARTESIAN_POINT('',(3.69651930412375,-0.849363110582387,-0.0282309815340909));
#6012=CARTESIAN_POINT('',(3.69651930412375,-0.837563868004262,-0.0930061228693182));
#6013=CARTESIAN_POINT('',(3.94500886999132,-0.874534632982548,0.0363203119675281));
#6014=CARTESIAN_POINT('',(3.94507974385347,-0.864958483037783,-0.0359451223039054));
#6015=CARTESIAN_POINT('',(3.94516777777073,-0.851456946705402,-0.101147374211844));
#6016=CARTESIAN_POINT('',(5.34817740835971,-0.824861005354738,-0.383079888260187));
#6017=CARTESIAN_POINT('',(5.37245467499488,-0.793661755116049,-0.438673422062296));
#6018=CARTESIAN_POINT('',(5.40299762611894,-0.75532177044746,-0.482678766890867));
#6019=CARTESIAN_POINT('',(3.69651930412375,-0.820699605202415,-0.151266245383523));
#6020=CARTESIAN_POINT('',(3.69651930412375,-0.803835342400568,-0.209526367897727));
#6021=CARTESIAN_POINT('',(3.69651930412375,-0.781906059375,-0.261271471590909));
#6022=CARTESIAN_POINT('',(3.94524077326145,-0.833051133951381,-0.159519273039228));
#6023=CARTESIAN_POINT('',(3.94531376875218,-0.81464532119736,-0.217891171866612));
#6024=CARTESIAN_POINT('',(3.94538880239018,-0.791012815700401,-0.269378826910164));
#6025=CARTESIAN_POINT('',(5.43370293206402,-0.715001889075857,-0.517314186213999));
#6026=CARTESIAN_POINT('',(5.46440823800909,-0.674682007704254,-0.551949605537132));
#6027=CARTESIAN_POINT('',(5.49940106601335,-0.629935707502888,-0.576314609344085));
#6028=CARTESIAN_POINT('',(3.69651930412375,-0.753408882954546,-0.306777159090909));
#6029=CARTESIAN_POINT('',(3.69651930412375,-0.724911706534091,-0.352282846590909));
#6030=CARTESIAN_POINT('',(3.69651930412375,-0.68984663671875,-0.391549117897727));
#6031=CARTESIAN_POINT('',(3.94544684293567,-0.761094010116094,-0.314462286252458));
#6032=CARTESIAN_POINT('',(3.94550488348117,-0.731175204531788,-0.359545745594751));
#6033=CARTESIAN_POINT('',(3.94555335201457,-0.694732560013409,-0.398026507272895));
#6034=CARTESIAN_POINT('',(5.53240924403018,-0.584340367764323,-0.594291395037051));
#6035=CARTESIAN_POINT('',(5.56541742204701,-0.53874502802576,-0.612268180730016));
#6036=CARTESIAN_POINT('',(5.60067486812687,-0.491020483269928,-0.622241952452513));
#6037=CARTESIAN_POINT('',(3.69651930412375,-0.646710800337358,-0.424851575639205));
#6038=CARTESIAN_POINT('',(3.69651930412375,-0.603574963955966,-0.458154033380682));
#6039=CARTESIAN_POINT('',(3.69651930412375,-0.552368361008523,-0.485492677556818));
#6040=CARTESIAN_POINT('',(3.94558901653443,-0.650532554103212,-0.43057123434867));
#6041=CARTESIAN_POINT('',(3.9456246810543,-0.606332548193014,-0.463115961424444));
#6042=CARTESIAN_POINT('',(3.94564529267344,-0.554275051198177,-0.489431972835677));
#6043=CARTESIAN_POINT('',(5.63175200016498,-0.442828501283677,-0.628573891209859));
#6044=CARTESIAN_POINT('',(5.6628291322031,-0.394636519297426,-0.634905829967205));
#6045=CARTESIAN_POINT('',(5.69404363308312,-0.345856241091295,-0.635960455512873));
#6046=CARTESIAN_POINT('',(3.69651930412375,-0.491588118323864,-0.507143110795455));
#6047=CARTESIAN_POINT('',(3.69651930412375,-0.430807875639205,-0.528793544034091));
#6048=CARTESIAN_POINT('',(3.69651930412375,-0.36045399321733,-0.544755766335227));
#6049=CARTESIAN_POINT('',(3.94566083005487,-0.492888228312579,-0.510281853962787));
#6050=CARTESIAN_POINT('',(3.94567636743629,-0.43150140542698,-0.531131735089897));
#6051=CARTESIAN_POINT('',(3.94567838041402,-0.360852950775665,-0.546195236236754));
#6052=CARTESIAN_POINT('',(5.71887203625885,-0.296587126486022,-0.635682018419195));
#6053=CARTESIAN_POINT('',(5.74370043943459,-0.247318011880748,-0.635403581325516));
#6054=CARTESIAN_POINT('',(5.76649641195382,-0.198276760478776,-0.632528872388617));
#6055=CARTESIAN_POINT('',(3.69651930412375,-0.279023597887074,-0.555305380326705));
#6056=CARTESIAN_POINT('',(3.69651930412375,-0.197593202556818,-0.565854994318182));
#6057=CARTESIAN_POINT('',(3.69651930412375,-0.105086294318182,-0.570992));
#6058=CARTESIAN_POINT('',(3.94568224082299,-0.27920587044729,-0.556221726367009));
#6059=CARTESIAN_POINT('',(3.94568610123195,-0.197558790118915,-0.566248216497264));
#6060=CARTESIAN_POINT('',(3.94568399250864,-0.105147051838254,-0.570992));
#6061=CARTESIAN_POINT('',(5.7807224192194,-0.148612464291238,-0.630302259485857));
#6062=CARTESIAN_POINT('',(5.79494842648497,-0.0989481681037008,-0.628075646583097));
#6063=CARTESIAN_POINT('',(5.80422807985231,-0.0498773198324015,-0.625721331840703));
#6064=CARTESIAN_POINT('',(3.69651930412375,0.,-0.570992));
#6065=CARTESIAN_POINT('',(3.69651930412375,0.105086294318182,-0.570992));
#6066=CARTESIAN_POINT('',(3.69651930412375,0.197593202556818,-0.565854994318182));
#6067=CARTESIAN_POINT('',(3.94568399250864,0.,-0.570992));
#6068=CARTESIAN_POINT('',(3.94568399250864,0.105147051838254,-0.570992));
#6069=CARTESIAN_POINT('',(3.94568610123195,0.197558790118915,-0.566248216497264));
#6070=CARTESIAN_POINT('',(5.80422807985231,2.95460318700562E-18,-0.625721331840703));
#6071=CARTESIAN_POINT('',(5.80422807985231,0.0498773198324015,-0.625721331840703));
#6072=CARTESIAN_POINT('',(5.79494842648497,0.0989481681037008,-0.628075646583097));
#6073=CARTESIAN_POINT('',(3.69651930412375,0.279023597887074,-0.555305380326705));
#6074=CARTESIAN_POINT('',(3.69651930412375,0.36045399321733,-0.544755766335227));
#6075=CARTESIAN_POINT('',(3.69651930412375,0.430807875639205,-0.528793544034091));
#6076=CARTESIAN_POINT('',(3.94568224082299,0.27920587044729,-0.556221726367009));
#6077=CARTESIAN_POINT('',(3.94567838041402,0.360852950775665,-0.546195236236754));
#6078=CARTESIAN_POINT('',(3.94567636743629,0.43150140542698,-0.531131735089897));
#6079=CARTESIAN_POINT('',(5.7807224192194,0.148612464291239,-0.630302259485857));
#6080=CARTESIAN_POINT('',(5.76649641195382,0.198276760478776,-0.632528872388617));
#6081=CARTESIAN_POINT('',(5.74370043943459,0.247318011880748,-0.635403581325517));
#6082=CARTESIAN_POINT('',(3.69651930412375,0.491588118323864,-0.507143110795455));
#6083=CARTESIAN_POINT('',(3.69651930412375,0.552368361008523,-0.485492677556818));
#6084=CARTESIAN_POINT('',(3.69651930412375,0.603574963955966,-0.458154033380682));
#6085=CARTESIAN_POINT('',(3.94566083005487,0.492888228312579,-0.510281853962787));
#6086=CARTESIAN_POINT('',(3.94564529267344,0.554275051198178,-0.489431972835677));
#6087=CARTESIAN_POINT('',(3.9456246810543,0.606332548193014,-0.463115961424444));
#6088=CARTESIAN_POINT('',(5.71887203625885,0.296587126486022,-0.635682018419195));
#6089=CARTESIAN_POINT('',(5.69404363308312,0.345856241091296,-0.635960455512873));
#6090=CARTESIAN_POINT('',(5.6628291322031,0.394636519297426,-0.634905829967205));
#6091=CARTESIAN_POINT('',(3.69651930412375,0.646710800337358,-0.424851575639205));
#6092=CARTESIAN_POINT('',(3.69651930412375,0.68984663671875,-0.391549117897727));
#6093=CARTESIAN_POINT('',(3.69651930412375,0.724911706534091,-0.352282846590909));
#6094=CARTESIAN_POINT('',(3.94558901653443,0.650532554103212,-0.43057123434867));
#6095=CARTESIAN_POINT('',(3.94555335201457,0.694732560013409,-0.398026507272895));
#6096=CARTESIAN_POINT('',(3.94550488348117,0.731175204531788,-0.359545745594751));
#6097=CARTESIAN_POINT('',(5.63175200016498,0.442828501283677,-0.628573891209859));
#6098=CARTESIAN_POINT('',(5.60067486812687,0.491020483269929,-0.622241952452513));
#6099=CARTESIAN_POINT('',(5.56541742204701,0.53874502802576,-0.612268180730016));
#6100=CARTESIAN_POINT('',(3.69651930412375,0.753408882954546,-0.306777159090909));
#6101=CARTESIAN_POINT('',(3.69651930412375,0.781906059375,-0.261271471590909));
#6102=CARTESIAN_POINT('',(3.69651930412375,0.803835342400568,-0.209526367897727));
#6103=CARTESIAN_POINT('',(3.94544684293567,0.761094010116094,-0.314462286252458));
#6104=CARTESIAN_POINT('',(3.94538880239018,0.791012815700401,-0.269378826910164));
#6105=CARTESIAN_POINT('',(3.94531376875218,0.814645321197361,-0.217891171866612));
#6106=CARTESIAN_POINT('',(5.53240924403018,0.584340367764324,-0.594291395037051));
#6107=CARTESIAN_POINT('',(5.49940106601335,0.629935707502888,-0.576314609344085));
#6108=CARTESIAN_POINT('',(5.46440823800909,0.674682007704254,-0.551949605537132));
#6109=CARTESIAN_POINT('',(3.69651930412375,0.820699605202415,-0.151266245383523));
#6110=CARTESIAN_POINT('',(3.69651930412375,0.837563868004262,-0.0930061228693182));
#6111=CARTESIAN_POINT('',(3.69651930412375,0.849363110582387,-0.0282309815340909));
#6112=CARTESIAN_POINT('',(3.94524077326145,0.833051133951381,-0.159519273039228));
#6113=CARTESIAN_POINT('',(3.94516777777073,0.851456946705402,-0.101147374211844));
#6114=CARTESIAN_POINT('',(3.94507974385347,0.864958483037783,-0.0359451223039053));
#6115=CARTESIAN_POINT('',(5.43370293206402,0.715001889075857,-0.517314186213999));
#6116=CARTESIAN_POINT('',(5.40299762611894,0.75532177044746,-0.482678766890867));
#6117=CARTESIAN_POINT('',(5.37245467499488,0.793661755116049,-0.438673422062296));
#6118=CARTESIAN_POINT('',(3.69651930412375,0.857600206107955,0.04333478125));
#6119=CARTESIAN_POINT('',(3.69651930412375,0.865837301633523,0.114900544034091));
#6120=CARTESIAN_POINT('',(3.69651930412375,0.870512250106534,0.193256928267045));
#6121=CARTESIAN_POINT('',(3.94500886999132,0.874534632982548,0.0363203119675281));
#6122=CARTESIAN_POINT('',(3.94493799612917,0.884110782927313,0.108585746238961));
#6123=CARTESIAN_POINT('',(3.94486103414638,0.890101154269334,0.18803285132165));
#6124=CARTESIAN_POINT('',(5.34817740835971,0.824861005354737,-0.383079888260186));
#6125=CARTESIAN_POINT('',(5.32390014172455,0.856060255593427,-0.327486354458077));
#6126=CARTESIAN_POINT('',(5.30185060200378,0.883229987554528,-0.259784308800292));
#6127=CARTESIAN_POINT('',(3.69651930412375,0.873127924698153,0.278679536576705));
#6128=CARTESIAN_POINT('',(3.69651930412375,0.875743599289773,0.364102144886364));
#6129=CARTESIAN_POINT('',(3.69651930412375,0.8763,0.456590977272727));
#6130=CARTESIAN_POINT('',(3.94481553008857,0.8935137799623,0.274624537845054));
#6131=CARTESIAN_POINT('',(3.94477002603076,0.896926405655266,0.361216224368459));
#6132=CARTESIAN_POINT('',(3.94473584564446,0.898016133482674,0.455239311028844));
#6133=CARTESIAN_POINT('',(5.288039332253,0.900798739868787,-0.180353992563272));
#6134=CARTESIAN_POINT('',(5.27422806250222,0.918367492183045,-0.100923676326252));
#6135=CARTESIAN_POINT('',(5.26535562177078,0.92913668346144,-0.00747507348590633));
#6136=CARTESIAN_POINT('',(6.35575475652174,0.7366,0.096901));
#6137=CARTESIAN_POINT('',(6.35575475652174,0.7366,0.197664820454546));
#6138=CARTESIAN_POINT('',(6.35575475652174,0.731459145833333,0.286116279545455));
#6139=CARTESIAN_POINT('',(7.45354877317715,0.592072675870816,0.096901));
#6140=CARTESIAN_POINT('',(7.45358342122804,0.592336139039078,0.188651509269433));
#6141=CARTESIAN_POINT('',(7.44446889422811,0.590824565919783,0.26693870020975));
#6142=CARTESIAN_POINT('',(6.90343198985502,0.674874868601086,0.354179490772085));
#6143=CARTESIAN_POINT('',(6.9032698269088,0.673958814137754,0.429304066872216));
#6144=CARTESIAN_POINT('',(6.91222142576303,0.668452642803519,0.497362358227642));
#6145=CARTESIAN_POINT('',(6.35575475652174,0.7216665859375,0.363759032919034));
#6146=CARTESIAN_POINT('',(6.35575475652174,0.711874026041667,0.441401786292614));
#6147=CARTESIAN_POINT('',(6.35575475652174,0.697429760416667,0.508235833948864));
#6148=CARTESIAN_POINT('',(7.43043450268972,0.586518049615082,0.336876317611246));
#6149=CARTESIAN_POINT('',(7.41640011115133,0.582211533310382,0.406813935012743));
#6150=CARTESIAN_POINT('',(7.3939794968245,0.576966437687195,0.466660235256932));
#6151=CARTESIAN_POINT('',(6.92588654075842,0.658348817823141,0.554665192004525));
#6152=CARTESIAN_POINT('',(6.93955165575381,0.648244992842763,0.611968025781408));
#6153=CARTESIAN_POINT('',(6.96134138142348,0.631377392764637,0.660865602898282));
#6154=CARTESIAN_POINT('',(6.35575475652174,0.6788229375,0.565764831534091));
#6155=CARTESIAN_POINT('',(6.35575475652174,0.660216114583333,0.623293829119318));
#6156=CARTESIAN_POINT('',(6.35575475652174,0.637446734375,0.671517776633523));
#6157=CARTESIAN_POINT('',(7.3693424239468,0.567211874917612,0.519534015701594));
#6158=CARTESIAN_POINT('',(7.34470535106911,0.557457312148029,0.572407796146255));
#6159=CARTESIAN_POINT('',(7.31371562165638,0.545765131577527,0.617953838916427));
#6160=CARTESIAN_POINT('',(6.98542267982734,0.613035650181886,0.700272025575401));
#6161=CARTESIAN_POINT('',(7.00950397823119,0.594693907599135,0.739678448252521));
#6162=CARTESIAN_POINT('',(7.03981726426308,0.571161084831191,0.770026154371271));
#6163=CARTESIAN_POINT('',(6.35575475652174,0.6110039453125,0.711940329723011));
#6164=CARTESIAN_POINT('',(6.35575475652174,0.58456115625,0.7523628828125));
#6165=CARTESIAN_POINT('',(6.35575475652174,0.554444958333333,0.784984041477273));
#6166=CARTESIAN_POINT('',(7.28261206542356,0.528968969872586,0.657126311571827));
#6167=CARTESIAN_POINT('',(7.25150850919074,0.512172808167646,0.696298784227226));
#6168=CARTESIAN_POINT('',(7.21609143743286,0.492246442541475,0.729907323225319));
#6169=CARTESIAN_POINT('',(7.07037433118156,0.547082093789704,0.793379260209262));
#6170=CARTESIAN_POINT('',(7.10093139810003,0.523003102748216,0.816732366047253));
#6171=CARTESIAN_POINT('',(7.13581295693437,0.495573684186991,0.831845998450788));
#6172=CARTESIAN_POINT('',(6.35575475652174,0.5211445,0.811307461363636));
#6173=CARTESIAN_POINT('',(6.35575475652174,0.487844041666667,0.83763088125));
#6174=CARTESIAN_POINT('',(6.35575475652174,0.451359322916667,0.857656562357955));
#6175=CARTESIAN_POINT('',(7.1827210865499,0.467413201562968,0.757576162926605));
#6176=CARTESIAN_POINT('',(7.14935073566693,0.442579960584461,0.78524500262789));
#6177=CARTESIAN_POINT('',(7.11375066623655,0.413809408854075,0.808326064250535));
#6178=CARTESIAN_POINT('',(7.1687650813382,0.467345435396029,0.842666192745365));
#6179=CARTESIAN_POINT('',(7.20171720574204,0.439117186605066,0.853486387039942));
#6180=CARTESIAN_POINT('',(7.23698599435728,0.408782647858166,0.858033005330956));
#6181=CARTESIAN_POINT('',(6.35575475652174,0.4121794921875,0.872888160333807));
#6182=CARTESIAN_POINT('',(6.35575475652174,0.372999661458333,0.888119758309659));
#6183=CARTESIAN_POINT('',(6.35575475652174,0.33112471875,0.898557273153409));
#6184=CARTESIAN_POINT('',(7.08238996012576,0.380947820876543,0.826146661072154));
#6185=CARTESIAN_POINT('',(7.05102925401498,0.348086232899011,0.843967257893773));
#6186=CARTESIAN_POINT('',(7.01957509227952,0.311143469856234,0.857827669438434));
#6187=CARTESIAN_POINT('',(7.26808707760455,0.376496332506994,0.860575958118745));
#6188=CARTESIAN_POINT('',(7.29918816085183,0.344210017155823,0.863118910906534));
#6189=CARTESIAN_POINT('',(7.33048400592136,0.310058944207156,0.86182971313215));
#6190=CARTESIAN_POINT('',(6.35575475652174,0.2870438125,0.905704360511364));
#6191=CARTESIAN_POINT('',(6.35575475652174,0.24296290625,0.912851447869318));
#6192=CARTESIAN_POINT('',(6.35575475652174,0.196676036458333,0.916708107741477));
#6193=CARTESIAN_POINT('',(6.99455684988517,0.271221970572775,0.867507055148933));
#6194=CARTESIAN_POINT('',(6.96953860749083,0.231300471289315,0.877186440859432));
#6195=CARTESIAN_POINT('',(6.94660174071766,0.187763833292083,0.883623336766372));
#6196=CARTESIAN_POINT('',(7.35537158082185,0.272411274752069,0.860199441614118));
#6197=CARTESIAN_POINT('',(7.38025915572234,0.234763605296983,0.858569170096086));
#6198=CARTESIAN_POINT('',(7.40314074499347,0.194593214942067,0.855357767870558));
#6199=CARTESIAN_POINT('',(6.35575475652174,0.1486723515625,0.918777995774148));
#6200=CARTESIAN_POINT('',(6.35575475652174,0.100668666666667,0.920847883806818));
#6201=CARTESIAN_POINT('',(6.35575475652174,0.0509481666666667,0.921131));
#6202=CARTESIAN_POINT('',(6.93228050575971,0.142397122050788,0.887230286627762));
#6203=CARTESIAN_POINT('',(6.91795927080175,0.0970304108094918,0.890837236489152));
#6204=CARTESIAN_POINT('',(6.90862944013745,0.0488564234960958,0.892156065609886));
#6205=CARTESIAN_POINT('',(7.4174125270075,0.149394047239544,0.853069861152569));
#6206=CARTESIAN_POINT('',(7.43168430902153,0.104194879537021,0.850781954434579));
#6207=CARTESIAN_POINT('',(7.44100227290602,0.055352228755511,0.848747533448199));
#6208=CARTESIAN_POINT('',(6.35575475652174,0.,0.921131));
#6209=CARTESIAN_POINT('',(6.35575475652174,-0.0509481666666667,0.921131));
#6210=CARTESIAN_POINT('',(6.35575475652174,-0.100668666666667,0.920847883806818));
#6211=CARTESIAN_POINT('',(6.90862944013745,5.32260909845359E-18,0.892156065609886));
#6212=CARTESIAN_POINT('',(6.90862944013745,-0.0488564234960958,0.892156065609886));
#6213=CARTESIAN_POINT('',(6.91795927080175,-0.0970304108094918,0.890837236489152));
#6214=CARTESIAN_POINT('',(7.44100227290602,-5.32260909845359E-18,0.848747533448199));
#6215=CARTESIAN_POINT('',(7.44100227290602,-0.055352228755511,0.848747533448199));
#6216=CARTESIAN_POINT('',(7.43168430902153,-0.104194879537021,0.850781954434579));
#6217=CARTESIAN_POINT('',(6.35575475652174,-0.1486723515625,0.918777995774148));
#6218=CARTESIAN_POINT('',(6.35575475652174,-0.196676036458333,0.916708107741477));
#6219=CARTESIAN_POINT('',(6.35575475652174,-0.24296290625,0.912851447869318));
#6220=CARTESIAN_POINT('',(6.93228050575971,-0.142397122050788,0.887230286627762));
#6221=CARTESIAN_POINT('',(6.94660174071766,-0.187763833292083,0.883623336766372));
#6222=CARTESIAN_POINT('',(6.96953860749083,-0.231300471289315,0.877186440859432));
#6223=CARTESIAN_POINT('',(7.4174125270075,-0.149394047239544,0.853069861152569));
#6224=CARTESIAN_POINT('',(7.40314074499347,-0.194593214942067,0.855357767870558));
#6225=CARTESIAN_POINT('',(7.38025915572234,-0.234763605296983,0.858569170096086));
#6226=CARTESIAN_POINT('',(6.35575475652174,-0.2870438125,0.905704360511364));
#6227=CARTESIAN_POINT('',(6.35575475652174,-0.33112471875,0.898557273153409));
#6228=CARTESIAN_POINT('',(6.35575475652174,-0.372999661458333,0.888119758309659));
#6229=CARTESIAN_POINT('',(6.99455684988517,-0.271221970572775,0.867507055148933));
#6230=CARTESIAN_POINT('',(7.01957509227952,-0.311143469856234,0.857827669438434));
#6231=CARTESIAN_POINT('',(7.05102925401498,-0.348086232899011,0.843967257893773));
#6232=CARTESIAN_POINT('',(7.35537158082185,-0.272411274752069,0.860199441614118));
#6233=CARTESIAN_POINT('',(7.33048400592136,-0.310058944207156,0.86182971313215));
#6234=CARTESIAN_POINT('',(7.29918816085183,-0.344210017155823,0.863118910906534));
#6235=CARTESIAN_POINT('',(6.35575475652174,-0.4121794921875,0.872888160333807));
#6236=CARTESIAN_POINT('',(6.35575475652174,-0.451359322916667,0.857656562357955));
#6237=CARTESIAN_POINT('',(6.35575475652174,-0.487844041666667,0.83763088125));
#6238=CARTESIAN_POINT('',(7.08238996012576,-0.380947820876543,0.826146661072154));
#6239=CARTESIAN_POINT('',(7.11375066623655,-0.413809408854075,0.808326064250535));
#6240=CARTESIAN_POINT('',(7.14935073566693,-0.442579960584461,0.78524500262789));
#6241=CARTESIAN_POINT('',(7.26808707760455,-0.376496332506994,0.860575958118745));
#6242=CARTESIAN_POINT('',(7.23698599435728,-0.408782647858165,0.858033005330955));
#6243=CARTESIAN_POINT('',(7.20171720574204,-0.439117186605066,0.853486387039942));
#6244=CARTESIAN_POINT('',(6.35575475652174,-0.5211445,0.811307461363636));
#6245=CARTESIAN_POINT('',(6.35575475652174,-0.554444958333333,0.784984041477273));
#6246=CARTESIAN_POINT('',(6.35575475652174,-0.58456115625,0.7523628828125));
#6247=CARTESIAN_POINT('',(7.1827210865499,-0.467413201562968,0.757576162926605));
#6248=CARTESIAN_POINT('',(7.21609143743286,-0.492246442541475,0.729907323225319));
#6249=CARTESIAN_POINT('',(7.25150850919074,-0.512172808167646,0.696298784227227));
#6250=CARTESIAN_POINT('',(7.1687650813382,-0.467345435396028,0.842666192745365));
#6251=CARTESIAN_POINT('',(7.13581295693437,-0.495573684186991,0.831845998450787));
#6252=CARTESIAN_POINT('',(7.10093139810003,-0.523003102748216,0.816732366047253));
#6253=CARTESIAN_POINT('',(6.35575475652174,-0.6110039453125,0.711940329723012));
#6254=CARTESIAN_POINT('',(6.35575475652174,-0.637446734375,0.671517776633523));
#6255=CARTESIAN_POINT('',(6.35575475652174,-0.660216114583333,0.623293829119318));
#6256=CARTESIAN_POINT('',(7.28261206542356,-0.528968969872586,0.657126311571827));
#6257=CARTESIAN_POINT('',(7.31371562165638,-0.545765131577527,0.617953838916427));
#6258=CARTESIAN_POINT('',(7.34470535106911,-0.557457312148029,0.572407796146255));
#6259=CARTESIAN_POINT('',(7.07037433118156,-0.547082093789704,0.793379260209262));
#6260=CARTESIAN_POINT('',(7.03981726426308,-0.571161084831191,0.770026154371271));
#6261=CARTESIAN_POINT('',(7.00950397823119,-0.594693907599135,0.739678448252521));
#6262=CARTESIAN_POINT('',(6.35575475652174,-0.6788229375,0.565764831534091));
#6263=CARTESIAN_POINT('',(6.35575475652174,-0.697429760416667,0.508235833948864));
#6264=CARTESIAN_POINT('',(6.35575475652174,-0.711874026041667,0.441401786292614));
#6265=CARTESIAN_POINT('',(7.3693424239468,-0.567211874917612,0.519534015701594));
#6266=CARTESIAN_POINT('',(7.3939794968245,-0.576966437687195,0.466660235256932));
#6267=CARTESIAN_POINT('',(7.41640011115133,-0.582211533310381,0.406813935012743));
#6268=CARTESIAN_POINT('',(6.98542267982734,-0.613035650181886,0.700272025575401));
#6269=CARTESIAN_POINT('',(6.96134138142348,-0.631377392764637,0.660865602898281));
#6270=CARTESIAN_POINT('',(6.93955165575381,-0.648244992842763,0.611968025781408));
#6271=CARTESIAN_POINT('',(6.35575475652174,-0.7216665859375,0.363759032919034));
#6272=CARTESIAN_POINT('',(6.35575475652174,-0.731459145833333,0.286116279545455));
#6273=CARTESIAN_POINT('',(6.35575475652174,-0.7366,0.197664820454545));
#6274=CARTESIAN_POINT('',(7.43043450268972,-0.586518049615082,0.336876317611246));
#6275=CARTESIAN_POINT('',(7.44446889422811,-0.590824565919783,0.26693870020975));
#6276=CARTESIAN_POINT('',(7.45358342122804,-0.592336139039077,0.188651509269433));
#6277=CARTESIAN_POINT('',(6.92588654075842,-0.658348817823141,0.554665192004525));
#6278=CARTESIAN_POINT('',(6.91222142576303,-0.668452642803519,0.497362358227642));
#6279=CARTESIAN_POINT('',(6.9032698269088,-0.673958814137754,0.429304066872216));
#6280=CARTESIAN_POINT('',(6.35575475652174,-0.7366,0.096901));
#6281=CARTESIAN_POINT('',(6.35575475652174,-0.7366,0.00444759772727272));
#6282=CARTESIAN_POINT('',(6.35575475652174,-0.730898674147727,-0.0754294852272728));
#6283=CARTESIAN_POINT('',(7.45354877317715,-0.592072675870816,0.096901));
#6284=CARTESIAN_POINT('',(7.45351412512625,-0.591809212702555,0.0134609089123848));
#6285=CARTESIAN_POINT('',(7.44437333464925,-0.589534275850821,-0.0562899488288927));
#6286=CARTESIAN_POINT('',(6.90343198985502,-0.674874868601086,0.354179490772085));
#6287=CARTESIAN_POINT('',(6.90359415280124,-0.675790923064417,0.269613033154186));
#6288=CARTESIAN_POINT('',(6.91266101626561,-0.668513031450889,0.192129408299918));
#6289=CARTESIAN_POINT('',(6.35575475652174,-0.720195347762784,-0.144429744282671));
#6290=CARTESIAN_POINT('',(6.35575475652174,-0.709492021377841,-0.213430003338068));
#6291=CARTESIAN_POINT('',(6.35575475652174,-0.693786694460227,-0.271553438494318));
#6292=CARTESIAN_POINT('',(7.43022661438436,-0.5834660324308,-0.117232592479786));
#6293=CARTESIAN_POINT('',(7.41607989411947,-0.57739778901078,-0.178175236130679));
#6294=CARTESIAN_POINT('',(7.39346191037001,-0.569371883596504,-0.228757859899817));
#6295=CARTESIAN_POINT('',(6.92685951843575,-0.657344868786368,0.124103143068596));
#6296=CARTESIAN_POINT('',(6.94105802060589,-0.646176706121848,0.0560768778372737));
#6297=CARTESIAN_POINT('',(6.96377562407811,-0.629022550365956,-0.00418027895330404));
#6298=CARTESIAN_POINT('',(6.35575475652174,-0.673778692329546,-0.320499545170455));
#6299=CARTESIAN_POINT('',(6.35575475652174,-0.653770690198864,-0.369445651846591));
#6300=CARTESIAN_POINT('',(6.35575475652174,-0.629460012855114,-0.409214430042614));
#6301=CARTESIAN_POINT('',(7.36866845158783,-0.557061865989896,-0.272153852743427));
#6302=CARTESIAN_POINT('',(7.34387499280565,-0.544751848383289,-0.315549845587036));
#6303=CARTESIAN_POINT('',(7.31269910857297,-0.530120545384923,-0.351313724947354));
#6304=CARTESIAN_POINT('',(6.98862300287586,-0.608506845738962,-0.0559005296068429));
#6305=CARTESIAN_POINT('',(7.0134703816736,-0.587991141111969,-0.107620780260382));
#6306=CARTESIAN_POINT('',(7.04470708644791,-0.56251478603012,-0.151548440961262));
#6307=CARTESIAN_POINT('',(6.35575475652174,-0.601545985617898,-0.441505375177557));
#6308=CARTESIAN_POINT('',(6.35575475652174,-0.573631958380682,-0.4737963203125));
#6309=CARTESIAN_POINT('',(6.35575475652174,-0.54211458125,-0.498609432386363));
#6310=CARTESIAN_POINT('',(7.28146586169127,-0.511004577430359,-0.381007540379512));
#6311=CARTESIAN_POINT('',(7.25023261480957,-0.491888609475795,-0.41070135581167));
#6312=CARTESIAN_POINT('',(7.21470631111008,-0.469905017628048,-0.434788590012807));
#6313=CARTESIAN_POINT('',(7.07594379122221,-0.534891594149407,-0.188140789843632));
#6314=CARTESIAN_POINT('',(7.10718049599652,-0.507268402268694,-0.224733138726002));
#6315=CARTESIAN_POINT('',(7.14267675142187,-0.475937516387399,-0.253948856708147));
#6316=CARTESIAN_POINT('',(6.35575475652174,-0.507693179545454,-0.517644206818182));
#6317=CARTESIAN_POINT('',(6.35575475652174,-0.473271777840909,-0.53667898125));
#6318=CARTESIAN_POINT('',(6.35575475652174,-0.4359463515625,-0.549935418039773));
#6319=CARTESIAN_POINT('',(7.18126897029762,-0.443764708901716,-0.453715736174443));
#6320=CARTESIAN_POINT('',(7.14783162948515,-0.417624400175384,-0.472642882336079));
#6321=CARTESIAN_POINT('',(7.11220959722133,-0.38827239787961,-0.48739712682887));
#6322=CARTESIAN_POINT('',(7.1760432315217,-0.443408647579685,-0.277377051892058));
#6323=CARTESIAN_POINT('',(7.20940971162153,-0.410879778771971,-0.30080524707597));
#6324=CARTESIAN_POINT('',(7.24490596704687,-0.375933957860854,-0.317736606473279));
#6325=CARTESIAN_POINT('',(6.35575475652174,-0.39641622602983,-0.559113012606534));
#6326=CARTESIAN_POINT('',(6.35575475652174,-0.356886100497159,-0.568290607173295));
#6327=CARTESIAN_POINT('',(6.35575475652174,-0.315151275710227,-0.573389359517045));
#6328=CARTESIAN_POINT('',(7.08084181681648,-0.355561375711572,-0.497969408187394));
#6329=CARTESIAN_POINT('',(7.04947403641164,-0.322850353543534,-0.508541689545917));
#6330=CARTESIAN_POINT('',(7.01805517729189,-0.286999689133992,-0.516041132264673));
#6331=CARTESIAN_POINT('',(7.27614267182118,-0.340359334428123,-0.330632389938093));
#6332=CARTESIAN_POINT('',(7.30737937659549,-0.304784710995391,-0.343528173402906));
#6333=CARTESIAN_POINT('',(7.3386160813698,-0.267940673681514,-0.351227958031413));
#6334=CARTESIAN_POINT('',(6.35575475652174,-0.271911076988636,-0.576108765056818));
#6335=CARTESIAN_POINT('',(6.35575475652174,-0.228670878267045,-0.578828170596591));
#6336=CARTESIAN_POINT('',(6.35575475652174,-0.183925305610795,-0.579168229332386));
#6337=CARTESIAN_POINT('',(6.99306228786855,-0.248897226532693,-0.520548415163652));
#6338=CARTESIAN_POINT('',(6.96806939844522,-0.210794763931393,-0.525055698062631));
#6339=CARTESIAN_POINT('',(6.94518128938938,-0.170061230271627,-0.527533886059738));
#6340=CARTESIAN_POINT('',(7.36346346016754,-0.230601860108297,-0.356674181671934));
#6341=CARTESIAN_POINT('',(7.38831083896528,-0.193263046535079,-0.362120405312456));
#6342=CARTESIAN_POINT('',(7.41102844243751,-0.155507874986036,-0.363989790322934));
#6343=CARTESIAN_POINT('',(6.35575475652174,-0.138373684339489,-0.578828436683239));
#6344=CARTESIAN_POINT('',(6.35575475652174,-0.0928220630681818,-0.578488644034091));
#6345=CARTESIAN_POINT('',(6.35575475652174,-0.0464643931818182,-0.577469));
#6346=CARTESIAN_POINT('',(6.93088448027648,-0.128345250742977,-0.528412096419335));
#6347=CARTESIAN_POINT('',(6.91658767116358,-0.0866292712143276,-0.529290306778931));
#6348=CARTESIAN_POINT('',(6.90728143319117,-0.043121581982981,-0.529216668159297));
#6349=CARTESIAN_POINT('',(7.42522694460765,-0.116967406113819,-0.365232160772217));
#6350=CARTESIAN_POINT('',(7.43942544677779,-0.0784269372416034,-0.3664745312215));
#6351=CARTESIAN_POINT('',(7.44865447318838,-0.0399002942254398,-0.366050833358628));
#6352=CARTESIAN_POINT('',(6.35575475652174,0.,-0.577469));
#6353=CARTESIAN_POINT('',(6.35575475652174,0.0464643931818182,-0.577469));
#6354=CARTESIAN_POINT('',(6.35575475652174,0.0928220630681819,-0.578488644034091));
#6355=CARTESIAN_POINT('',(6.90728143319117,-2.95460318700562E-18,-0.529216668159297));
#6356=CARTESIAN_POINT('',(6.90728143319117,0.043121581982981,-0.529216668159297));
#6357=CARTESIAN_POINT('',(6.91658767116358,0.0866292712143276,-0.529290306778931));
#6358=CARTESIAN_POINT('',(7.44865447318838,5.88672005971995E-18,-0.366050833358628));
#6359=CARTESIAN_POINT('',(7.44865447318838,0.0399002942254398,-0.366050833358628));
#6360=CARTESIAN_POINT('',(7.43942544677779,0.0784269372416034,-0.3664745312215));
#6361=CARTESIAN_POINT('',(6.35575475652174,0.138373684339489,-0.578828436683239));
#6362=CARTESIAN_POINT('',(6.35575475652174,0.183925305610796,-0.579168229332386));
#6363=CARTESIAN_POINT('',(6.35575475652174,0.228670878267046,-0.578828170596591));
#6364=CARTESIAN_POINT('',(6.93088448027648,0.128345250742977,-0.528412096419335));
#6365=CARTESIAN_POINT('',(6.94518128938938,0.170061230271627,-0.527533886059738));
#6366=CARTESIAN_POINT('',(6.96806939844522,0.210794763931393,-0.525055698062631));
#6367=CARTESIAN_POINT('',(7.42522694460765,0.116967406113819,-0.365232160772217));
#6368=CARTESIAN_POINT('',(7.41102844243751,0.155507874986036,-0.363989790322934));
#6369=CARTESIAN_POINT('',(7.38831083896528,0.193263046535079,-0.362120405312456));
#6370=CARTESIAN_POINT('',(6.35575475652174,0.271911076988637,-0.576108765056818));
#6371=CARTESIAN_POINT('',(6.35575475652174,0.315151275710227,-0.573389359517045));
#6372=CARTESIAN_POINT('',(6.35575475652174,0.356886100497159,-0.568290607173295));
#6373=CARTESIAN_POINT('',(6.99306228786855,0.248897226532693,-0.520548415163652));
#6374=CARTESIAN_POINT('',(7.01805517729189,0.286999689133993,-0.516041132264673));
#6375=CARTESIAN_POINT('',(7.04947403641164,0.322850353543534,-0.508541689545917));
#6376=CARTESIAN_POINT('',(7.36346346016754,0.230601860108297,-0.356674181671934));
#6377=CARTESIAN_POINT('',(7.3386160813698,0.267940673681514,-0.351227958031413));
#6378=CARTESIAN_POINT('',(7.30737937659549,0.304784710995391,-0.343528173402906));
#6379=CARTESIAN_POINT('',(6.35575475652174,0.39641622602983,-0.559113012606534));
#6380=CARTESIAN_POINT('',(6.35575475652174,0.4359463515625,-0.549935418039773));
#6381=CARTESIAN_POINT('',(6.35575475652174,0.473271777840909,-0.53667898125));
#6382=CARTESIAN_POINT('',(7.08084181681648,0.355561375711572,-0.497969408187394));
#6383=CARTESIAN_POINT('',(7.11220959722133,0.38827239787961,-0.48739712682887));
#6384=CARTESIAN_POINT('',(7.14783162948515,0.417624400175384,-0.472642882336079));
#6385=CARTESIAN_POINT('',(7.27614267182118,0.340359334428123,-0.330632389938093));
#6386=CARTESIAN_POINT('',(7.24490596704687,0.375933957860854,-0.317736606473279));
#6387=CARTESIAN_POINT('',(7.20940971162153,0.410879778771971,-0.30080524707597));
#6388=CARTESIAN_POINT('',(6.35575475652174,0.507693179545455,-0.517644206818182));
#6389=CARTESIAN_POINT('',(6.35575475652174,0.54211458125,-0.498609432386364));
#6390=CARTESIAN_POINT('',(6.35575475652174,0.573631958380682,-0.4737963203125));
#6391=CARTESIAN_POINT('',(7.18126897029762,0.443764708901716,-0.453715736174443));
#6392=CARTESIAN_POINT('',(7.21470631111008,0.469905017628048,-0.434788590012807));
#6393=CARTESIAN_POINT('',(7.25023261480957,0.491888609475795,-0.41070135581167));
#6394=CARTESIAN_POINT('',(7.1760432315217,0.443408647579685,-0.277377051892058));
#6395=CARTESIAN_POINT('',(7.14267675142187,0.475937516387399,-0.253948856708147));
#6396=CARTESIAN_POINT('',(7.10718049599652,0.507268402268694,-0.224733138726002));
#6397=CARTESIAN_POINT('',(6.35575475652174,0.601545985617898,-0.441505375177557));
#6398=CARTESIAN_POINT('',(6.35575475652174,0.629460012855114,-0.409214430042614));
#6399=CARTESIAN_POINT('',(6.35575475652174,0.653770690198864,-0.369445651846591));
#6400=CARTESIAN_POINT('',(7.28146586169127,0.511004577430359,-0.381007540379512));
#6401=CARTESIAN_POINT('',(7.31269910857297,0.530120545384923,-0.351313724947354));
#6402=CARTESIAN_POINT('',(7.34387499280565,0.544751848383289,-0.315549845587036));
#6403=CARTESIAN_POINT('',(7.07594379122221,0.534891594149407,-0.188140789843632));
#6404=CARTESIAN_POINT('',(7.04470708644791,0.56251478603012,-0.151548440961262));
#6405=CARTESIAN_POINT('',(7.0134703816736,0.587991141111969,-0.107620780260382));
#6406=CARTESIAN_POINT('',(6.35575475652174,0.673778692329545,-0.320499545170455));
#6407=CARTESIAN_POINT('',(6.35575475652174,0.693786694460227,-0.271553438494318));
#6408=CARTESIAN_POINT('',(6.35575475652174,0.709492021377841,-0.213430003338068));
#6409=CARTESIAN_POINT('',(7.36866845158783,0.557061865989896,-0.272153852743427));
#6410=CARTESIAN_POINT('',(7.39346191037001,0.569371883596504,-0.228757859899817));
#6411=CARTESIAN_POINT('',(7.41607989411947,0.577397789010779,-0.178175236130679));
#6412=CARTESIAN_POINT('',(6.98862300287586,0.608506845738962,-0.0559005296068428));
#6413=CARTESIAN_POINT('',(6.96377562407811,0.629022550365956,-0.00418027895330396));
#6414=CARTESIAN_POINT('',(6.94105802060589,0.646176706121848,0.0560768778372738));
#6415=CARTESIAN_POINT('',(6.35575475652174,0.720195347762784,-0.14442974428267));
#6416=CARTESIAN_POINT('',(6.35575475652174,0.730898674147727,-0.0754294852272727));
#6417=CARTESIAN_POINT('',(6.35575475652174,0.7366,0.00444759772727274));
#6418=CARTESIAN_POINT('',(7.43022661438436,0.5834660324308,-0.117232592479786));
#6419=CARTESIAN_POINT('',(7.44437333464925,0.589534275850821,-0.0562899488288927));
#6420=CARTESIAN_POINT('',(7.45351412512625,0.591809212702555,0.0134609089123848));
#6421=CARTESIAN_POINT('',(6.92685951843575,0.657344868786368,0.124103143068596));
#6422=CARTESIAN_POINT('',(6.91266101626561,0.668513031450889,0.192129408299918));
#6423=CARTESIAN_POINT('',(6.90359415280124,0.675790923064417,0.269613033154186));
#6424=CARTESIAN_POINT('',(7.99387695652174,0.4826,0.354179490772085));
#6425=CARTESIAN_POINT('',(7.99387695652174,0.4826,0.417251259310775));
#6426=CARTESIAN_POINT('',(7.99387695652174,0.481708149715909,0.471829978031761));
#6427=CARTESIAN_POINT('',(8.5390994398551,0.386462565699457,0.354179490772085));
#6428=CARTESIAN_POINT('',(8.53918230156016,0.386930649417247,0.41109253927938));
#6429=CARTESIAN_POINT('',(8.53930731534658,0.387401570615528,0.459099933429786));
#6430=CARTESIAN_POINT('',(9.73142849446117,0.217407674771434,0.400939));
#6431=CARTESIAN_POINT('',(9.731958637531,0.217221620223634,0.446008590200784));
#6432=CARTESIAN_POINT('',(9.73267655137917,0.215244110600982,0.485342073451973));
#6433=CARTESIAN_POINT('',(7.99387695652174,0.479316314879261,0.519053413006052));
#6434=CARTESIAN_POINT('',(7.99387695652174,0.476924480042614,0.566276847980344));
#6435=CARTESIAN_POINT('',(7.99387695652174,0.473032660653409,0.60614499920794));
#6436=CARTESIAN_POINT('',(8.53959661008543,0.387834636728297,0.50085657583318));
#6437=CARTESIAN_POINT('',(8.53988590482428,0.388267702841066,0.542613218236574));
#6438=CARTESIAN_POINT('',(8.54036672360098,0.38899030333876,0.57725556269146));
#6439=CARTESIAN_POINT('',(9.73460935288016,0.211488412304637,0.519194080266709));
#6440=CARTESIAN_POINT('',(9.73654215438114,0.207732714008293,0.553046087081445));
#6441=CARTESIAN_POINT('',(9.73962785064495,0.202029479799709,0.58169279441905));
#6442=CARTESIAN_POINT('',(7.99387695652174,0.467032722443182,0.639795632759851));
#6443=CARTESIAN_POINT('',(7.99387695652174,0.461032784232955,0.673446266311762));
#6444=CARTESIAN_POINT('',(7.99387695652174,0.452924727201705,0.700879382187986));
#6445=CARTESIAN_POINT('',(8.5408352082882,0.387844693839139,0.606994877334468));
#6446=CARTESIAN_POINT('',(8.54130369297541,0.386699084339518,0.636734191977476));
#6447=CARTESIAN_POINT('',(8.54188812959385,0.384757110126397,0.661133932570157));
#6448=CARTESIAN_POINT('',(9.74302530346711,0.195247584780296,0.605635271179611));
#6449=CARTESIAN_POINT('',(9.74642275628926,0.188465689760884,0.629577747940172));
#6450=CARTESIAN_POINT('',(9.75069705277629,0.180169738535606,0.648888810082376));
#6451=CARTESIAN_POINT('',(7.99387695652174,0.442100417080966,0.723232746459534));
#6452=CARTESIAN_POINT('',(7.99387695652174,0.431276106960227,0.745586110731081));
#6453=CARTESIAN_POINT('',(7.99387695652174,0.41773554375,0.762859723397952));
#6454=CARTESIAN_POINT('',(8.54240751820872,0.379744711193642,0.681567995833245));
#6455=CARTESIAN_POINT('',(8.54292690682359,0.374732312260887,0.702002059096333));
#6456=CARTESIAN_POINT('',(8.54348298917907,0.367685752938161,0.718572304215948));
#6457=CARTESIAN_POINT('',(9.75499406981309,0.171171141975093,0.664433171121267));
#6458=CARTESIAN_POINT('',(9.75929108684989,0.16217254541458,0.679977532160158));
#6459=CARTESIAN_POINT('',(9.76418811599427,0.152128927928165,0.691629174106384));
#6460=CARTESIAN_POINT('',(7.99387695652174,0.400870593181818,0.776191350531155));
#6461=CARTESIAN_POINT('',(7.99387695652174,0.384005642613636,0.789522977664357));
#6462=CARTESIAN_POINT('',(7.99387695652174,0.3638163046875,0.798912619263891));
#6463=CARTESIAN_POINT('',(8.54395153997743,0.356554031705678,0.731874789055014));
#6464=CARTESIAN_POINT('',(8.54442009077579,0.345422310473195,0.745177273894081));
#6465=CARTESIAN_POINT('',(8.54486110932981,0.330994689512133,0.755772690824197));
#6466=CARTESIAN_POINT('',(9.76880740568791,0.141630105204151,0.700485667704151));
#6467=CARTESIAN_POINT('',(9.77342669538155,0.131131282480136,0.709342161301917));
#6468=CARTESIAN_POINT('',(9.77836075618362,0.119998103303171,0.715177525891117));
#6469=CARTESIAN_POINT('',(7.99387695652174,0.339694445134943,0.805498041400767));
#6470=CARTESIAN_POINT('',(7.99387695652174,0.315572585582386,0.812083463537642));
#6471=CARTESIAN_POINT('',(7.99387695652174,0.287518204403409,0.815864666211858));
#6472=CARTESIAN_POINT('',(8.54521882299889,0.311738115261813,0.763658437009662));
#6473=CARTESIAN_POINT('',(8.54557653666797,0.292481541011492,0.771544183195127));
#6474=CARTESIAN_POINT('',(8.54586897329888,0.268770445722934,0.77758751491843));
#6475=CARTESIAN_POINT('',(9.78270980797492,0.108552305417937,0.719156362999058));
#6476=CARTESIAN_POINT('',(9.78705885976621,0.0971065075327036,0.723135200107));
#6477=CARTESIAN_POINT('',(9.79142713547454,0.0853311774735719,0.725028634421539));
#6478=CARTESIAN_POINT('',(7.99387695652174,0.254923167329546,0.817979415494424));
#6479=CARTESIAN_POINT('',(7.99387695652174,0.222328130255682,0.820094164776989));
#6480=CARTESIAN_POINT('',(7.99387695652174,0.185192437286932,0.820542460667904));
#6481=CARTESIAN_POINT('',(8.54609782199192,0.239798317666822,0.781464798309823));
#6482=CARTESIAN_POINT('',(8.54632667068495,0.210826189610711,0.785342081701216));
#6483=CARTESIAN_POINT('',(8.54648294546619,0.176452753243194,0.788021447130681));
#6484=CARTESIAN_POINT('',(9.79490171643568,0.0733294176796812,0.725942920642994));
#6485=CARTESIAN_POINT('',(9.79837629739682,0.0613276578857905,0.726857206864449));
#6486=CARTESIAN_POINT('',(9.80156645229906,0.0491997660192935,0.726615566703106));
#6487=CARTESIAN_POINT('',(7.99387695652174,0.14290795415483,0.820462069238178));
#6488=CARTESIAN_POINT('',(7.99387695652174,0.100623471022727,0.820381677808452));
#6489=CARTESIAN_POINT('',(7.99387695652174,0.0531901977272727,0.819772599058085));
#6490=CARTESIAN_POINT('',(8.54659191515711,0.136689078388212,0.789197669500036));
#6491=CARTESIAN_POINT('',(8.54670088484804,0.09692540353323,0.790373891869391));
#6492=CARTESIAN_POINT('',(8.54675164013746,0.0511172391384001,0.790797664667971));
#6493=CARTESIAN_POINT('',(9.80355729374174,0.0369158464415247,0.72622631061898));
#6494=CARTESIAN_POINT('',(9.80554813518443,0.0246319268637558,0.725837054534854));
#6495=CARTESIAN_POINT('',(9.80684676509179,0.0123622201798453,0.725191614429432));
#6496=CARTESIAN_POINT('',(7.99387695652174,0.,0.819772599058085));
#6497=CARTESIAN_POINT('',(7.99387695652174,-0.0531901977272727,0.819772599058085));
#6498=CARTESIAN_POINT('',(7.99387695652174,-0.100623471022727,0.820381677808452));
#6499=CARTESIAN_POINT('',(8.54675164013746,5.32260909845359E-18,0.790797664667971));
#6500=CARTESIAN_POINT('',(8.54675164013746,-0.0511172391384001,0.790797664667971));
#6501=CARTESIAN_POINT('',(8.54670088484804,-0.09692540353323,0.790373891869392));
#6502=CARTESIAN_POINT('',(9.80684676509179,-1.24043514703211E-18,0.725191614429432));
#6503=CARTESIAN_POINT('',(9.8068467650918,-0.0123622201798453,0.725191614429432));
#6504=CARTESIAN_POINT('',(9.80554813518443,-0.0246319268637558,0.725837054534854));
#6505=CARTESIAN_POINT('',(7.99387695652174,-0.14290795415483,0.820462069238179));
#6506=CARTESIAN_POINT('',(7.99387695652174,-0.185192437286932,0.820542460667905));
#6507=CARTESIAN_POINT('',(7.99387695652174,-0.222328130255682,0.820094164776989));
#6508=CARTESIAN_POINT('',(8.54659191515711,-0.136689078388212,0.789197669500037));
#6509=CARTESIAN_POINT('',(8.54648294546619,-0.176452753243194,0.788021447130681));
#6510=CARTESIAN_POINT('',(8.54632667068495,-0.210826189610711,0.785342081701216));
#6511=CARTESIAN_POINT('',(9.80355729374175,-0.0369158464415247,0.72622631061898));
#6512=CARTESIAN_POINT('',(9.80156645229906,-0.0491997660192935,0.726615566703106));
#6513=CARTESIAN_POINT('',(9.79837629739682,-0.0613276578857905,0.726857206864449));
#6514=CARTESIAN_POINT('',(7.99387695652174,-0.254923167329545,0.817979415494424));
#6515=CARTESIAN_POINT('',(7.99387695652174,-0.287518204403409,0.815864666211858));
#6516=CARTESIAN_POINT('',(7.99387695652174,-0.315572585582386,0.812083463537642));
#6517=CARTESIAN_POINT('',(8.54609782199192,-0.239798317666822,0.781464798309823));
#6518=CARTESIAN_POINT('',(8.54586897329888,-0.268770445722934,0.77758751491843));
#6519=CARTESIAN_POINT('',(8.54557653666797,-0.292481541011492,0.771544183195127));
#6520=CARTESIAN_POINT('',(9.79490171643568,-0.0733294176796812,0.725942920642994));
#6521=CARTESIAN_POINT('',(9.79142713547454,-0.0853311774735719,0.725028634421539));
#6522=CARTESIAN_POINT('',(9.78705885976621,-0.0971065075327036,0.723135200107));
#6523=CARTESIAN_POINT('',(7.99387695652174,-0.339694445134943,0.805498041400767));
#6524=CARTESIAN_POINT('',(7.99387695652174,-0.3638163046875,0.798912619263891));
#6525=CARTESIAN_POINT('',(7.99387695652174,-0.384005642613636,0.789522977664357));
#6526=CARTESIAN_POINT('',(8.54521882299889,-0.311738115261812,0.763658437009662));
#6527=CARTESIAN_POINT('',(8.54486110932981,-0.330994689512133,0.755772690824197));
#6528=CARTESIAN_POINT('',(8.54442009077579,-0.345422310473195,0.745177273894081));
#6529=CARTESIAN_POINT('',(9.78270980797491,-0.108552305417937,0.719156362999058));
#6530=CARTESIAN_POINT('',(9.77836075618362,-0.119998103303171,0.715177525891117));
#6531=CARTESIAN_POINT('',(9.77342669538155,-0.131131282480136,0.709342161301917));
#6532=CARTESIAN_POINT('',(7.99387695652174,-0.400870593181818,0.776191350531155));
#6533=CARTESIAN_POINT('',(7.99387695652174,-0.41773554375,0.762859723397952));
#6534=CARTESIAN_POINT('',(7.99387695652174,-0.431276106960227,0.745586110731081));
#6535=CARTESIAN_POINT('',(8.54395153997743,-0.356554031705678,0.731874789055014));
#6536=CARTESIAN_POINT('',(8.54348298917907,-0.367685752938161,0.718572304215948));
#6537=CARTESIAN_POINT('',(8.54292690682359,-0.374732312260887,0.702002059096333));
#6538=CARTESIAN_POINT('',(9.76880740568791,-0.141630105204151,0.700485667704151));
#6539=CARTESIAN_POINT('',(9.76418811599428,-0.152128927928165,0.691629174106384));
#6540=CARTESIAN_POINT('',(9.7592910868499,-0.16217254541458,0.679977532160158));
#6541=CARTESIAN_POINT('',(7.99387695652174,-0.442100417080966,0.723232746459534));
#6542=CARTESIAN_POINT('',(7.99387695652174,-0.452924727201705,0.700879382187986));
#6543=CARTESIAN_POINT('',(7.99387695652174,-0.461032784232955,0.673446266311762));
#6544=CARTESIAN_POINT('',(8.54240751820872,-0.379744711193642,0.681567995833245));
#6545=CARTESIAN_POINT('',(8.54188812959385,-0.384757110126396,0.661133932570157));
#6546=CARTESIAN_POINT('',(8.54130369297541,-0.386699084339518,0.636734191977476));
#6547=CARTESIAN_POINT('',(9.75499406981309,-0.171171141975093,0.664433171121267));
#6548=CARTESIAN_POINT('',(9.75069705277629,-0.180169738535606,0.648888810082376));
#6549=CARTESIAN_POINT('',(9.74642275628926,-0.188465689760884,0.629577747940172));
#6550=CARTESIAN_POINT('',(7.99387695652174,-0.467032722443182,0.639795632759851));
#6551=CARTESIAN_POINT('',(7.99387695652174,-0.473032660653409,0.60614499920794));
#6552=CARTESIAN_POINT('',(7.99387695652174,-0.476924480042614,0.566276847980344));
#6553=CARTESIAN_POINT('',(8.5408352082882,-0.387844693839139,0.606994877334468));
#6554=CARTESIAN_POINT('',(8.54036672360098,-0.388990303338759,0.57725556269146));
#6555=CARTESIAN_POINT('',(8.53988590482428,-0.388267702841066,0.542613218236574));
#6556=CARTESIAN_POINT('',(9.74302530346711,-0.195247584780296,0.605635271179611));
#6557=CARTESIAN_POINT('',(9.73962785064495,-0.202029479799709,0.58169279441905));
#6558=CARTESIAN_POINT('',(9.73654215438114,-0.207732714008293,0.553046087081446));
#6559=CARTESIAN_POINT('',(7.99387695652174,-0.479316314879261,0.519053413006052));
#6560=CARTESIAN_POINT('',(7.99387695652174,-0.481708149715909,0.471829978031761));
#6561=CARTESIAN_POINT('',(7.99387695652174,-0.4826,0.417251259310775));
#6562=CARTESIAN_POINT('',(8.53959661008543,-0.387834636728297,0.50085657583318));
#6563=CARTESIAN_POINT('',(8.53930731534658,-0.387401570615528,0.459099933429786));
#6564=CARTESIAN_POINT('',(8.53918230156016,-0.386930649417247,0.41109253927938));
#6565=CARTESIAN_POINT('',(9.73460935288015,-0.211488412304637,0.519194080266709));
#6566=CARTESIAN_POINT('',(9.73267655137916,-0.215244110600982,0.485342073451973));
#6567=CARTESIAN_POINT('',(9.731958637531,-0.217221620223634,0.446008590200784));
#6568=CARTESIAN_POINT('',(7.99387695652174,-0.4826,0.354179490772085));
#6569=CARTESIAN_POINT('',(7.99387695652174,-0.4826,0.281665840715627));
#6570=CARTESIAN_POINT('',(7.99387695652174,-0.479231854166667,0.217529151769687));
#6571=CARTESIAN_POINT('',(8.5390994398551,-0.386462565699457,0.354179490772085));
#6572=CARTESIAN_POINT('',(8.53901657815005,-0.385994481981667,0.287824560747022));
#6573=CARTESIAN_POINT('',(8.5390994398551,-0.383722002635274,0.230152934229034));
#6574=CARTESIAN_POINT('',(9.73142849446117,-0.217407674771434,0.400939));
#6575=CARTESIAN_POINT('',(9.73089835139134,-0.217593729319234,0.355209154117398));
#6576=CARTESIAN_POINT('',(9.73142849446117,-0.215902490892806,0.315414992908431));
#6577=CARTESIAN_POINT('',(7.99387695652174,-0.4728160390625,0.160808209438768));
#6578=CARTESIAN_POINT('',(7.99387695652174,-0.466400223958333,0.104087267107849));
#6579=CARTESIAN_POINT('',(7.99387695652174,-0.456936739583333,0.054782071391951));
#6580=CARTESIAN_POINT('',(8.5390994398551,-0.378525858604795,0.179563692454266));
#6581=CARTESIAN_POINT('',(8.5390994398551,-0.373329714574315,0.128974450679498));
#6582=CARTESIAN_POINT('',(8.5390994398551,-0.365724860852901,0.0857963391020624));
#6583=CARTESIAN_POINT('',(9.73142849446117,-0.21302856150195,0.280945343660727));
#6584=CARTESIAN_POINT('',(9.73142849446117,-0.210154632111094,0.246475694413023));
#6585=CARTESIAN_POINT('',(9.73142849446117,-0.20589883851972,0.217227596476293));
#6586=CARTESIAN_POINT('',(7.99387695652174,-0.4447460625,0.0119314077955759));
#6587=CARTESIAN_POINT('',(7.99387695652174,-0.432555385416667,-0.0309192558007991));
#6588=CARTESIAN_POINT('',(7.99387695652174,-0.417637515625,-0.0673153872776508));
#6589=CARTESIAN_POINT('',(8.5390994398551,-0.35592665464158,0.0487216111324811));
#6590=CARTESIAN_POINT('',(8.5390994398551,-0.346128448430258,0.0116468831628997));
#6591=CARTESIAN_POINT('',(8.5390994398551,-0.334228831042928,-0.0191024952318723));
#6592=CARTESIAN_POINT('',(9.73142849446117,-0.200417106238798,0.192474975252413));
#6593=CARTESIAN_POINT('',(9.73142849446117,-0.194935373957876,0.167722354028533));
#6594=CARTESIAN_POINT('',(9.73142849446117,-0.18820196975466,0.147403083998004));
#6595=CARTESIAN_POINT('',(7.99387695652174,-0.4003129296875,-0.0982182011304766));
#6596=CARTESIAN_POINT('',(7.99387695652174,-0.38298834375,-0.129121014983302));
#6597=CARTESIAN_POINT('',(7.99387695652174,-0.363257041666667,-0.154530511212102));
#6598=CARTESIAN_POINT('',(8.5390994398551,-0.320377574461866,-0.0448071043542172));
#6599=CARTESIAN_POINT('',(8.5390994398551,-0.306526317880804,-0.0705117134765621));
#6600=CARTESIAN_POINT('',(8.5390994398551,-0.290856900205314,-0.0909717892338743));
#6601=CARTESIAN_POINT('',(9.73142849446117,-0.180391175628917,0.130783487056082));
#6602=CARTESIAN_POINT('',(9.73142849446117,-0.172580381503174,0.114163890114161));
#6603=CARTESIAN_POINT('',(9.73142849446117,-0.163654838591407,0.101188054770448));
#6604=CARTESIAN_POINT('',(7.99387695652174,-0.3414395,-0.175407904312373));
#6605=CARTESIAN_POINT('',(7.99387695652174,-0.319621958333333,-0.196285297412644));
#6606=CARTESIAN_POINT('',(7.99387695652174,-0.295718177083333,-0.212630587384387));
#6607=CARTESIAN_POINT('',(8.5390994398551,-0.27346006828021,-0.107428472592583));
#6608=CARTESIAN_POINT('',(8.5390994398551,-0.256063236355106,-0.123885155951292));
#6609=CARTESIAN_POINT('',(8.5390994398551,-0.237108875576593,-0.136168561515191));
#6610=CARTESIAN_POINT('',(9.73142849446117,-0.153805349296843,0.0911112643395205));
#6611=CARTESIAN_POINT('',(9.73142849446117,-0.143955860002279,0.0810344739085926));
#6612=CARTESIAN_POINT('',(9.73142849446117,-0.133134875510839,0.0738091795763709));
#6613=CARTESIAN_POINT('',(7.99387695652174,-0.2700486328125,-0.225404988723098));
#6614=CARTESIAN_POINT('',(7.99387695652174,-0.244379088541667,-0.23817939006181));
#6615=CARTESIAN_POINT('',(7.99387695652174,-0.21694378125,-0.24738290276749));
#6616=CARTESIAN_POINT('',(8.5390994398551,-0.216637536036241,-0.145469633497464));
#6617=CARTESIAN_POINT('',(8.5390994398551,-0.196166196495888,-0.154770705479737));
#6618=CARTESIAN_POINT('',(8.5390994398551,-0.174377642286301,-0.160955965781081));
#6619=CARTESIAN_POINT('',(9.73142849446117,-0.121547247674031,0.0686766152091511));
#6620=CARTESIAN_POINT('',(9.73142849446117,-0.109959619837223,0.0635440508419313));
#6621=CARTESIAN_POINT('',(9.73142849446117,-0.0975494371646486,0.060466857576215));
#6622=CARTESIAN_POINT('',(7.99387695652174,-0.1880631875,-0.253976741335636));
#6623=CARTESIAN_POINT('',(7.99387695652174,-0.15918259375,-0.260570579903782));
#6624=CARTESIAN_POINT('',(7.99387695652174,-0.128856713541667,-0.264554744334394));
#6625=CARTESIAN_POINT('',(8.5390994398551,-0.151272984163095,-0.165157333477216));
#6626=CARTESIAN_POINT('',(8.5390994398551,-0.128168326039889,-0.16935870117335));
#6627=CARTESIAN_POINT('',(8.5390994398551,-0.103969529970019,-0.171484234950376));
#6628=CARTESIAN_POINT('',(9.73142849446117,-0.0845325900884958,0.0586697488748383));
#6629=CARTESIAN_POINT('',(9.73142849446117,-0.071515743012343,0.0568726401734617));
#6630=CARTESIAN_POINT('',(9.73142849446117,-0.0578301060131136,0.056329882803679));
#6631=CARTESIAN_POINT('',(7.99387695652174,-0.0974060234375,-0.26689044912297));
#6632=CARTESIAN_POINT('',(7.99387695652174,-0.0659553333333333,-0.269226153911546));
#6633=CARTESIAN_POINT('',(7.99387695652174,-0.0333798333333333,-0.269913399058085));
#6634=CARTESIAN_POINT('',(8.5390994398551,-0.0786505404220027,-0.172600268665265));
#6635=CARTESIAN_POINT('',(8.5390994398551,-0.0533315508739869,-0.173716302380153));
#6636=CARTESIAN_POINT('',(8.5390994398551,-0.0271280056615009,-0.173775964757542));
#6637=CARTESIAN_POINT('',(9.73142849446117,-0.0436991730296143,0.0562478337395276));
#6638=CARTESIAN_POINT('',(9.73142849446117,-0.029568240046115,0.0561657846753762));
#6639=CARTESIAN_POINT('',(9.73142849446117,-0.0149260589786214,0.0565313252285662));
#6640=CARTESIAN_POINT('',(7.99387695652174,0.,-0.269913399058085));
#6641=CARTESIAN_POINT('',(7.99387695652174,0.0333798333333333,-0.269913399058085));
#6642=CARTESIAN_POINT('',(7.99387695652174,0.0659553333333333,-0.269226153911546));
#6643=CARTESIAN_POINT('',(8.5390994398551,-5.88672005971995E-18,-0.173775964757542));
#6644=CARTESIAN_POINT('',(8.5390994398551,0.0271280056615009,-0.173775964757542));
#6645=CARTESIAN_POINT('',(8.5390994398551,0.0533315508739869,-0.173716302380153));
#6646=CARTESIAN_POINT('',(9.73142849446117,1.64761988906672E-18,0.0565313252285662));
#6647=CARTESIAN_POINT('',(9.73142849446117,0.0149260589786214,0.0565313252285662));
#6648=CARTESIAN_POINT('',(9.73142849446117,0.029568240046115,0.0561657846753762));
#6649=CARTESIAN_POINT('',(7.99387695652174,0.0974060234375,-0.26689044912297));
#6650=CARTESIAN_POINT('',(7.99387695652174,0.128856713541667,-0.264554744334394));
#6651=CARTESIAN_POINT('',(7.99387695652174,0.15918259375,-0.260570579903782));
#6652=CARTESIAN_POINT('',(8.5390994398551,0.0786505404220027,-0.172600268665265));
#6653=CARTESIAN_POINT('',(8.5390994398551,0.103969529970019,-0.171484234950376));
#6654=CARTESIAN_POINT('',(8.5390994398551,0.128168326039889,-0.16935870117335));
#6655=CARTESIAN_POINT('',(9.73142849446117,0.0436991730296143,0.0562478337395276));
#6656=CARTESIAN_POINT('',(9.73142849446117,0.0578301060131136,0.0563298828036791));
#6657=CARTESIAN_POINT('',(9.73142849446117,0.071515743012343,0.0568726401734617));
#6658=CARTESIAN_POINT('',(7.99387695652174,0.1880631875,-0.253976741335636));
#6659=CARTESIAN_POINT('',(7.99387695652174,0.21694378125,-0.24738290276749));
#6660=CARTESIAN_POINT('',(7.99387695652174,0.244379088541667,-0.23817939006181));
#6661=CARTESIAN_POINT('',(8.5390994398551,0.151272984163095,-0.165157333477216));
#6662=CARTESIAN_POINT('',(8.5390994398551,0.174377642286301,-0.160955965781081));
#6663=CARTESIAN_POINT('',(8.5390994398551,0.196166196495888,-0.154770705479737));
#6664=CARTESIAN_POINT('',(9.73142849446117,0.0845325900884958,0.0586697488748384));
#6665=CARTESIAN_POINT('',(9.73142849446117,0.0975494371646486,0.060466857576215));
#6666=CARTESIAN_POINT('',(9.73142849446117,0.109959619837223,0.0635440508419313));
#6667=CARTESIAN_POINT('',(7.99387695652174,0.2700486328125,-0.225404988723098));
#6668=CARTESIAN_POINT('',(7.99387695652174,0.295718177083333,-0.212630587384387));
#6669=CARTESIAN_POINT('',(7.99387695652174,0.319621958333333,-0.196285297412644));
#6670=CARTESIAN_POINT('',(8.5390994398551,0.216637536036241,-0.145469633497464));
#6671=CARTESIAN_POINT('',(8.5390994398551,0.237108875576593,-0.136168561515191));
#6672=CARTESIAN_POINT('',(8.5390994398551,0.256063236355106,-0.123885155951292));
#6673=CARTESIAN_POINT('',(9.73142849446117,0.121547247674031,0.0686766152091511));
#6674=CARTESIAN_POINT('',(9.73142849446117,0.133134875510839,0.0738091795763709));
#6675=CARTESIAN_POINT('',(9.73142849446117,0.143955860002279,0.0810344739085926));
#6676=CARTESIAN_POINT('',(7.99387695652174,0.3414395,-0.175407904312373));
#6677=CARTESIAN_POINT('',(7.99387695652174,0.363257041666667,-0.154530511212102));
#6678=CARTESIAN_POINT('',(7.99387695652174,0.38298834375,-0.129121014983302));
#6679=CARTESIAN_POINT('',(8.5390994398551,0.27346006828021,-0.107428472592583));
#6680=CARTESIAN_POINT('',(8.5390994398551,0.290856900205314,-0.0909717892338744));
#6681=CARTESIAN_POINT('',(8.5390994398551,0.306526317880804,-0.0705117134765621));
#6682=CARTESIAN_POINT('',(9.73142849446117,0.153805349296843,0.0911112643395205));
#6683=CARTESIAN_POINT('',(9.73142849446117,0.163654838591407,0.101188054770448));
#6684=CARTESIAN_POINT('',(9.73142849446117,0.172580381503174,0.114163890114161));
#6685=CARTESIAN_POINT('',(7.99387695652174,0.4003129296875,-0.0982182011304766));
#6686=CARTESIAN_POINT('',(7.99387695652174,0.417637515625,-0.0673153872776508));
#6687=CARTESIAN_POINT('',(7.99387695652174,0.432555385416667,-0.0309192558007991));
#6688=CARTESIAN_POINT('',(8.5390994398551,0.320377574461866,-0.0448071043542172));
#6689=CARTESIAN_POINT('',(8.5390994398551,0.334228831042928,-0.0191024952318723));
#6690=CARTESIAN_POINT('',(8.5390994398551,0.346128448430258,0.0116468831628997));
#6691=CARTESIAN_POINT('',(9.73142849446117,0.180391175628917,0.130783487056082));
#6692=CARTESIAN_POINT('',(9.73142849446117,0.188201969754659,0.147403083998004));
#6693=CARTESIAN_POINT('',(9.73142849446117,0.194935373957876,0.167722354028533));
#6694=CARTESIAN_POINT('',(7.99387695652174,0.4447460625,0.011931407795576));
#6695=CARTESIAN_POINT('',(7.99387695652174,0.456936739583333,0.054782071391951));
#6696=CARTESIAN_POINT('',(7.99387695652174,0.466400223958333,0.104087267107849));
#6697=CARTESIAN_POINT('',(8.5390994398551,0.35592665464158,0.0487216111324811));
#6698=CARTESIAN_POINT('',(8.5390994398551,0.365724860852901,0.0857963391020624));
#6699=CARTESIAN_POINT('',(8.5390994398551,0.373329714574315,0.128974450679498));
#6700=CARTESIAN_POINT('',(9.73142849446117,0.200417106238798,0.192474975252413));
#6701=CARTESIAN_POINT('',(9.73142849446117,0.20589883851972,0.217227596476293));
#6702=CARTESIAN_POINT('',(9.73142849446117,0.210154632111094,0.246475694413023));
#6703=CARTESIAN_POINT('',(7.99387695652174,0.4728160390625,0.160808209438768));
#6704=CARTESIAN_POINT('',(7.99387695652174,0.479231854166667,0.217529151769687));
#6705=CARTESIAN_POINT('',(7.99387695652174,0.4826,0.281665840715627));
#6706=CARTESIAN_POINT('',(8.5390994398551,0.378525858604795,0.179563692454266));
#6707=CARTESIAN_POINT('',(8.5390994398551,0.383722002635274,0.230152934229034));
#6708=CARTESIAN_POINT('',(8.53901657815005,0.385994481981667,0.287824560747022));
#6709=CARTESIAN_POINT('',(9.73142849446117,0.21302856150195,0.280945343660727));
#6710=CARTESIAN_POINT('',(9.73142849446117,0.215902490892806,0.315414992908431));
#6711=CARTESIAN_POINT('',(9.73089835139134,0.217593729319234,0.355209154117398));
#6712=CARTESIAN_POINT('',(9.88402950120059,0.1905,0.400939));
#6713=CARTESIAN_POINT('',(9.88402950120059,0.1905,0.444295789772727));
#6714=CARTESIAN_POINT('',(9.88402950120059,0.189009012784091,0.481774319602273));
#6715=CARTESIAN_POINT('',(10.03663050794,0.163592325228566,0.400939));
#6716=CARTESIAN_POINT('',(10.0366471451867,0.16368589222991,0.442564592427852));
#6717=CARTESIAN_POINT('',(10.0366715482075,0.162517620087098,0.478219881012912));
#6718=CARTESIAN_POINT('',(10.1887165177823,0.153907674771434,0.4353052));
#6719=CARTESIAN_POINT('',(10.1885519856396,0.153002424025029,0.47002448030931));
#6720=CARTESIAN_POINT('',(10.1884293902468,0.151053378600979,0.500100722526685));
#6721=CARTESIAN_POINT('',(9.88402950120059,0.186214088245739,0.514166704634233));
#6722=CARTESIAN_POINT('',(9.88402950120059,0.183419163707386,0.546559089666193));
#6723=CARTESIAN_POINT('',(9.88402950120059,0.179320301846591,0.573865329900568));
#6724=CARTESIAN_POINT('',(10.0367303314203,0.160384838908101,0.509028947500844));
#6725=CARTESIAN_POINT('',(10.036789114633,0.158252057729105,0.539838013988776));
#6726=CARTESIAN_POINT('',(10.0368857273072,0.155224175464928,0.565609587506735));
#6727=CARTESIAN_POINT('',(10.188298769689,0.148093793003686,0.52612241906101));
#6728=CARTESIAN_POINT('',(10.1881681491312,0.145134207406394,0.552144115595336));
#6729=CARTESIAN_POINT('',(10.1880450806599,0.141132873180117,0.574116206048029));
#6730=CARTESIAN_POINT('',(9.88402950120059,0.174104552556818,0.596877540482955));
#6731=CARTESIAN_POINT('',(9.88402950120059,0.168888803267045,0.619889751065341));
#6732=CARTESIAN_POINT('',(9.88402950120059,0.162556166548295,0.638607931995739));
#6733=CARTESIAN_POINT('',(10.0369832072166,0.15116973794152,0.587377629218785));
#6734=CARTESIAN_POINT('',(10.037080687126,0.147115300418112,0.609145670930836));
#6735=CARTESIAN_POINT('',(10.0372025850988,0.142255940569846,0.626805464959855));
#6736=CARTESIAN_POINT('',(10.1879327944357,0.136399561045634,0.592639394227262));
#6737=CARTESIAN_POINT('',(10.1878205082114,0.131666248911151,0.611162582406494));
#6738=CARTESIAN_POINT('',(10.1877175678348,0.126086212447798,0.626217617585537));
#6739=CARTESIAN_POINT('',(9.88402950120059,0.155293692294034,0.653824198419744));
#6740=CARTESIAN_POINT('',(9.88402950120059,0.148031218039773,0.66904046484375));
#6741=CARTESIAN_POINT('',(9.88402950120059,0.13983890625,0.680754816761364));
#6742=CARTESIAN_POINT('',(10.0373152108767,0.136432313554586,0.64122142806434));
#6743=CARTESIAN_POINT('',(10.0374278366546,0.130608686539326,0.655637391168825));
#6744=CARTESIAN_POINT('',(10.0375509506227,0.124038268860934,0.666814026871467));
#6745=CARTESIAN_POINT('',(10.1876250523435,0.119943320054741,0.63846556315771));
#6746=CARTESIAN_POINT('',(10.1875325368521,0.113800427661684,0.650713508729884));
#6747=CARTESIAN_POINT('',(10.1874502782283,0.10700347096419,0.660099732759857));
#6748=CARTESIAN_POINT('',(9.88402950120059,0.130903806818182,0.689759369318182));
#6749=CARTESIAN_POINT('',(9.88402950120059,0.121968707386364,0.698763921875));
#6750=CARTESIAN_POINT('',(9.88402950120059,0.1122908203125,0.705058675071023));
#6751=CARTESIAN_POINT('',(10.0376589618842,0.11660207563689,0.67545763813689));
#6752=CARTESIAN_POINT('',(10.0377669731456,0.109165882412846,0.684101249402313));
#6753=CARTESIAN_POINT('',(10.0378736920507,0.101034791373222,0.690310067795209));
#6754=CARTESIAN_POINT('',(10.1873777014875,0.0997916065452461,0.66733108268161));
#6755=CARTESIAN_POINT('',(10.1873051247468,0.0925797421263025,0.674562432603362));
#6756=CARTESIAN_POINT('',(10.1872429297827,0.0848958345540517,0.679560442267011));
#6757=CARTESIAN_POINT('',(9.88402950120059,0.102057195490057,0.709435744051847));
#6758=CARTESIAN_POINT('',(9.88402950120059,0.0918235706676136,0.713812813032671));
#6759=CARTESIAN_POINT('',(9.88402950120059,0.0810342080965909,0.716272197798296));
#6760=CARTESIAN_POINT('',(10.0379632784455,0.0921892539972535,0.694667325948071));
#6761=CARTESIAN_POINT('',(10.0380528648404,0.0833437166212846,0.699024584100934));
#6762=CARTESIAN_POINT('',(10.0381331521045,0.0738742854435548,0.701692422324261));
#6763=CARTESIAN_POINT('',(10.1871895918991,0.0769215333990346,0.683057677709533));
#6764=CARTESIAN_POINT('',(10.1871362540154,0.0689472322440175,0.686554913152055));
#6765=CARTESIAN_POINT('',(10.1870928027962,0.0606655064749526,0.688463559144983));
#6766=CARTESIAN_POINT('',(9.88402950120059,0.0698761576704545,0.717606013494318));
#6767=CARTESIAN_POINT('',(9.88402950120059,0.0587181072443182,0.718939829190341));
#6768=CARTESIAN_POINT('',(9.88402950120059,0.0471913689630682,0.719148075816761));
#6769=CARTESIAN_POINT('',(10.0381964802534,0.0639029511680085,0.703185417345258));
#6770=CARTESIAN_POINT('',(10.0382598084023,0.0539316168924621,0.704678412366255));
#6771=CARTESIAN_POINT('',(10.0383101651448,0.0434481899567303,0.705182172447798));
#6772=CARTESIAN_POINT('',(10.1870576741857,0.052195199473098,0.689518510358049));
#6773=CARTESIAN_POINT('',(10.1870225455752,0.0437248924712434,0.690573461571116));
#6774=CARTESIAN_POINT('',(10.186996423883,0.035089857801037,0.690693416095985));
#6775=CARTESIAN_POINT('',(9.88402950120059,0.0354829927201705,0.719022868519176));
#6776=CARTESIAN_POINT('',(9.88402950120059,0.0237746164772727,0.718897661221591));
#6777=CARTESIAN_POINT('',(9.88402950120059,0.0118846022727273,0.718439));
#6778=CARTESIAN_POINT('',(10.0383432473389,0.0327353481309069,0.705209526365246));
#6779=CARTESIAN_POINT('',(10.038376329533,0.0220225063050836,0.705236880282693));
#6780=CARTESIAN_POINT('',(10.0383949734182,0.0109687207429728,0.704933771141135));
#6781=CARTESIAN_POINT('',(10.1869788202361,0.0263490912458616,0.690591400009236));
#6782=CARTESIAN_POINT('',(10.1869612165892,0.0176083246906861,0.690489383922488));
#6783=CARTESIAN_POINT('',(10.1869520523042,0.00882098910373416,0.690110428858865));
#6784=CARTESIAN_POINT('',(9.88402950120059,0.,0.718439));
#6785=CARTESIAN_POINT('',(9.88402950120059,-0.0118846022727273,0.718439));
#6786=CARTESIAN_POINT('',(9.88402950120059,-0.0237746164772727,0.718897661221591));
#6787=CARTESIAN_POINT('',(10.0383949734182,2.48087029406421E-18,0.704933771141135));
#6788=CARTESIAN_POINT('',(10.0383949734182,-0.0109687207429728,0.704933771141135));
#6789=CARTESIAN_POINT('',(10.038376329533,-0.0220225063050835,0.705236880282693));
#6790=CARTESIAN_POINT('',(10.1869520523042,-2.48087029406421E-18,0.690110428858865));
#6791=CARTESIAN_POINT('',(10.1869520523042,-0.00882098910373416,0.690110428858865));
#6792=CARTESIAN_POINT('',(10.1869612165892,-0.0176083246906862,0.690489383922488));
#6793=CARTESIAN_POINT('',(9.88402950120059,-0.0354829927201704,0.719022868519176));
#6794=CARTESIAN_POINT('',(9.88402950120059,-0.0471913689630682,0.719148075816761));
#6795=CARTESIAN_POINT('',(9.88402950120059,-0.0587181072443182,0.718939829190341));
#6796=CARTESIAN_POINT('',(10.0383432473389,-0.0327353481309069,0.705209526365246));
#6797=CARTESIAN_POINT('',(10.0383101651448,-0.0434481899567303,0.705182172447798));
#6798=CARTESIAN_POINT('',(10.0382598084023,-0.053931616892462,0.704678412366255));
#6799=CARTESIAN_POINT('',(10.1869788202361,-0.0263490912458616,0.690591400009237));
#6800=CARTESIAN_POINT('',(10.186996423883,-0.035089857801037,0.690693416095985));
#6801=CARTESIAN_POINT('',(10.1870225455752,-0.0437248924712434,0.690573461571116));
#6802=CARTESIAN_POINT('',(9.88402950120059,-0.0698761576704545,0.717606013494318));
#6803=CARTESIAN_POINT('',(9.88402950120059,-0.0810342080965909,0.716272197798296));
#6804=CARTESIAN_POINT('',(9.88402950120059,-0.0918235706676136,0.713812813032671));
#6805=CARTESIAN_POINT('',(10.0381964802534,-0.0639029511680084,0.703185417345258));
#6806=CARTESIAN_POINT('',(10.0381331521045,-0.0738742854435548,0.701692422324261));
#6807=CARTESIAN_POINT('',(10.0380528648404,-0.0833437166212846,0.699024584100934));
#6808=CARTESIAN_POINT('',(10.1870576741857,-0.052195199473098,0.689518510358049));
#6809=CARTESIAN_POINT('',(10.1870928027962,-0.0606655064749526,0.688463559144983));
#6810=CARTESIAN_POINT('',(10.1871362540154,-0.0689472322440175,0.686554913152055));
#6811=CARTESIAN_POINT('',(9.88402950120059,-0.102057195490057,0.709435744051847));
#6812=CARTESIAN_POINT('',(9.88402950120059,-0.1122908203125,0.705058675071023));
#6813=CARTESIAN_POINT('',(9.88402950120059,-0.121968707386364,0.698763921875));
#6814=CARTESIAN_POINT('',(10.0379632784455,-0.0921892539972535,0.694667325948071));
#6815=CARTESIAN_POINT('',(10.0378736920507,-0.101034791373222,0.690310067795209));
#6816=CARTESIAN_POINT('',(10.0377669731456,-0.109165882412846,0.684101249402313));
#6817=CARTESIAN_POINT('',(10.1871895918991,-0.0769215333990346,0.683057677709533));
#6818=CARTESIAN_POINT('',(10.1872429297827,-0.0848958345540517,0.679560442267011));
#6819=CARTESIAN_POINT('',(10.1873051247468,-0.0925797421263025,0.674562432603362));
#6820=CARTESIAN_POINT('',(9.88402950120059,-0.130903806818182,0.689759369318182));
#6821=CARTESIAN_POINT('',(9.88402950120059,-0.13983890625,0.680754816761364));
#6822=CARTESIAN_POINT('',(9.88402950120059,-0.148031218039773,0.66904046484375));
#6823=CARTESIAN_POINT('',(10.0376589618842,-0.11660207563689,0.67545763813689));
#6824=CARTESIAN_POINT('',(10.0375509506227,-0.124038268860934,0.666814026871467));
#6825=CARTESIAN_POINT('',(10.0374278366546,-0.130608686539326,0.655637391168825));
#6826=CARTESIAN_POINT('',(10.1873777014875,-0.0997916065452461,0.66733108268161));
#6827=CARTESIAN_POINT('',(10.1874502782283,-0.10700347096419,0.660099732759857));
#6828=CARTESIAN_POINT('',(10.1875325368521,-0.113800427661684,0.650713508729884));
#6829=CARTESIAN_POINT('',(9.88402950120059,-0.155293692294034,0.653824198419744));
#6830=CARTESIAN_POINT('',(9.88402950120059,-0.162556166548295,0.638607931995739));
#6831=CARTESIAN_POINT('',(9.88402950120059,-0.168888803267045,0.619889751065341));
#6832=CARTESIAN_POINT('',(10.0373152108767,-0.136432313554586,0.64122142806434));
#6833=CARTESIAN_POINT('',(10.0372025850988,-0.142255940569846,0.626805464959855));
#6834=CARTESIAN_POINT('',(10.037080687126,-0.147115300418112,0.609145670930836));
#6835=CARTESIAN_POINT('',(10.1876250523435,-0.119943320054741,0.63846556315771));
#6836=CARTESIAN_POINT('',(10.1877175678348,-0.126086212447798,0.626217617585537));
#6837=CARTESIAN_POINT('',(10.1878205082114,-0.131666248911151,0.611162582406494));
#6838=CARTESIAN_POINT('',(9.88402950120059,-0.174104552556818,0.596877540482955));
#6839=CARTESIAN_POINT('',(9.88402950120059,-0.179320301846591,0.573865329900568));
#6840=CARTESIAN_POINT('',(9.88402950120059,-0.183419163707386,0.546559089666193));
#6841=CARTESIAN_POINT('',(10.0369832072166,-0.15116973794152,0.587377629218786));
#6842=CARTESIAN_POINT('',(10.0368857273072,-0.155224175464928,0.565609587506735));
#6843=CARTESIAN_POINT('',(10.036789114633,-0.158252057729105,0.539838013988776));
#6844=CARTESIAN_POINT('',(10.1879327944357,-0.136399561045634,0.592639394227262));
#6845=CARTESIAN_POINT('',(10.1880450806599,-0.141132873180117,0.574116206048029));
#6846=CARTESIAN_POINT('',(10.1881681491312,-0.145134207406394,0.552144115595336));
#6847=CARTESIAN_POINT('',(9.88402950120059,-0.186214088245739,0.514166704634233));
#6848=CARTESIAN_POINT('',(9.88402950120059,-0.189009012784091,0.481774319602273));
#6849=CARTESIAN_POINT('',(9.88402950120059,-0.1905,0.444295789772727));
#6850=CARTESIAN_POINT('',(10.0367303314203,-0.160384838908101,0.509028947500844));
#6851=CARTESIAN_POINT('',(10.0366715482075,-0.162517620087098,0.478219881012912));
#6852=CARTESIAN_POINT('',(10.0366471451867,-0.16368589222991,0.442564592427852));
#6853=CARTESIAN_POINT('',(10.188298769689,-0.148093793003686,0.52612241906101));
#6854=CARTESIAN_POINT('',(10.1884293902468,-0.151053378600979,0.500100722526685));
#6855=CARTESIAN_POINT('',(10.1885519856396,-0.153002424025029,0.47002448030931));
#6856=CARTESIAN_POINT('',(9.88402950120059,-0.1905,0.400939));
#6857=CARTESIAN_POINT('',(9.88402950120059,-0.1905,0.356921954545455));
#6858=CARTESIAN_POINT('',(9.88402950120059,-0.18917046875,0.318948232954545));
#6859=CARTESIAN_POINT('',(10.03663050794,-0.163592325228566,0.400939));
#6860=CARTESIAN_POINT('',(10.0366138706933,-0.163498758227222,0.35865315189033));
#6861=CARTESIAN_POINT('',(10.03663050794,-0.162438446607194,0.32248147300066));
#6862=CARTESIAN_POINT('',(10.1887165177823,-0.153907674771434,0.4353052));
#6863=CARTESIAN_POINT('',(10.188881049925,-0.154812925517839,0.400084125372508));
#6864=CARTESIAN_POINT('',(10.1890546539755,-0.154768952512483,0.369306490549041));
#6865=CARTESIAN_POINT('',(9.88402950120059,-0.18663791015625,0.286194770596591));
#6866=CARTESIAN_POINT('',(9.88402950120059,-0.1841053515625,0.253441308238636));
#6867=CARTESIAN_POINT('',(9.88402950120059,-0.180369765625,0.225908105113636));
#6868=CARTESIAN_POINT('',(10.03663050794,-0.16024725881055,0.291444197532455));
#6869=CARTESIAN_POINT('',(10.03663050794,-0.158056071013906,0.26040692206425));
#6870=CARTESIAN_POINT('',(10.03663050794,-0.15484069273028,0.234588613750979));
#6871=CARTESIAN_POINT('',(10.1892859625451,-0.153807845422457,0.342255028700178));
#6872=CARTESIAN_POINT('',(10.1895172711147,-0.15284673833243,0.315203566851315));
#6873=CARTESIAN_POINT('',(10.1897955821881,-0.151124509659898,0.29188955165881));
#6874=CARTESIAN_POINT('',(9.88402950120059,-0.17555765625,0.202772096590909));
#6875=CARTESIAN_POINT('',(9.88402950120059,-0.170745546875,0.179636088068182));
#6876=CARTESIAN_POINT('',(9.88402950120059,-0.1648569140625,0.160897274147727));
#6877=CARTESIAN_POINT('',(10.03663050794,-0.150698206261202,0.213069217929405));
#6878=CARTESIAN_POINT('',(10.03663050794,-0.146555719792124,0.19154982210783));
#6879=CARTESIAN_POINT('',(10.03663050794,-0.14151185837034,0.174391464297451));
#6880=CARTESIAN_POINT('',(10.1901043691997,-0.148309704106274,0.271745370668187));
#6881=CARTESIAN_POINT('',(10.1904131562114,-0.145494898552651,0.251601189677564));
#6882=CARTESIAN_POINT('',(10.1907696465392,-0.141844225799902,0.23451965136815));
#6883=CARTESIAN_POINT('',(9.88402950120059,-0.15801826171875,0.145732590198864));
#6884=CARTESIAN_POINT('',(9.88402950120059,-0.151179609375,0.13056790625));
#6885=CARTESIAN_POINT('',(9.88402950120059,-0.1433909375,0.118977352272727));
#6886=CARTESIAN_POINT('',(10.03663050794,-0.135645347808583,0.160681693341645));
#6887=CARTESIAN_POINT('',(10.03663050794,-0.129778837246825,0.146971922385839));
#6888=CARTESIAN_POINT('',(10.03663050794,-0.123127036408593,0.136766649775006));
#6889=CARTESIAN_POINT('',(10.1911386846151,-0.137087683975717,0.220138884517803));
#6890=CARTESIAN_POINT('',(10.191507722691,-0.132331142151533,0.205758117667457));
#6891=CARTESIAN_POINT('',(10.191920007348,-0.126657562684481,0.193848249773647));
#6892=CARTESIAN_POINT('',(9.88402950120059,-0.13477875,0.110137863636364));
#6893=CARTESIAN_POINT('',(9.88402950120059,-0.1261665625,0.101298375));
#6894=CARTESIAN_POINT('',(9.88402950120059,-0.116730859375,0.0952099517045454));
#6895=CARTESIAN_POINT('',(10.03663050794,-0.115752150703157,0.129164462933207));
#6896=CARTESIAN_POINT('',(10.03663050794,-0.108377264997721,0.121562276091407));
#6897=CARTESIAN_POINT('',(10.03663050794,-0.100326843239161,0.11661072383272));
#6898=CARTESIAN_POINT('',(10.1923185976553,-0.119939125036166,0.18420971132747));
#6899=CARTESIAN_POINT('',(10.1927171879626,-0.113220687387852,0.174571172881293));
#6900=CARTESIAN_POINT('',(10.1931466857788,-0.105532104141756,0.166889019695997));
#6901=CARTESIAN_POINT('',(9.88402950120059,-0.10659814453125,0.0910495291193181));
#6902=CARTESIAN_POINT('',(9.88402950120059,-0.0964654296875,0.0868891065340909));
#6903=CARTESIAN_POINT('',(9.88402950120059,-0.085635703125,0.0846566846590908));
#6904=CARTESIAN_POINT('',(10.03663050794,-0.0916490413884689,0.113422443029485));
#6905=CARTESIAN_POINT('',(10.03663050794,-0.0829712395377767,0.11023416222625));
#6906=CARTESIAN_POINT('',(10.03663050794,-0.0737219690853514,0.108846511741967));
#6907=CARTESIAN_POINT('',(10.1935302264588,-0.0969457299608295,0.161056595602104));
#6908=CARTESIAN_POINT('',(10.1939137671387,-0.0883593557799028,0.155224171508211));
#6909=CARTESIAN_POINT('',(10.1943070284317,-0.0788069272111471,0.150892756794304));
#6910=CARTESIAN_POINT('',(9.88402950120059,-0.07423546875,0.0835291988636363));
#6911=CARTESIAN_POINT('',(9.88402950120059,-0.062835234375,0.0824017130681818));
#6912=CARTESIAN_POINT('',(9.88402950120059,-0.0508644921875,0.0823791633522727));
#6913=CARTESIAN_POINT('',(10.03663050794,-0.0639383474115042,0.108388648852434));
#6914=CARTESIAN_POINT('',(10.03663050794,-0.054154725737657,0.107930785962902));
#6915=CARTESIAN_POINT('',(10.03663050794,-0.0438988783618864,0.108428443900866));
#6916=CARTESIAN_POINT('',(10.1946198417351,-0.0685895518256062,0.147964108525476));
#6917=CARTESIAN_POINT('',(10.1949326550385,-0.0583721764400654,0.145035460256648));
#6918=CARTESIAN_POINT('',(10.1952258567923,-0.0472698534726856,0.143184585041786));
#6919=CARTESIAN_POINT('',(9.88402950120059,-0.03844974609375,0.0826384850852273));
#6920=CARTESIAN_POINT('',(9.88402950120059,-0.026035,0.0828978068181818));
#6921=CARTESIAN_POINT('',(9.88402950120059,-0.01317625,0.083439));
#6922=CARTESIAN_POINT('',(10.03663050794,-0.0332003191578857,0.109029136430927));
#6923=CARTESIAN_POINT('',(10.03663050794,-0.022501759953885,0.109629828960987));
#6924=CARTESIAN_POINT('',(10.03663050794,-0.0114264410213786,0.110346674771434));
#6925=CARTESIAN_POINT('',(10.1954071062793,-0.0358101495225845,0.142233647750499));
#6926=CARTESIAN_POINT('',(10.1955883557662,-0.0243504455724835,0.141282710459213));
#6927=CARTESIAN_POINT('',(10.1957073386566,-0.0121764951533615,0.141007426539122));
#6928=CARTESIAN_POINT('',(9.88402950120059,0.,0.083439));
#6929=CARTESIAN_POINT('',(9.88402950120059,0.01317625,0.083439));
#6930=CARTESIAN_POINT('',(9.88402950120059,0.026035,0.0828978068181818));
#6931=CARTESIAN_POINT('',(10.03663050794,-1.64761988906672E-18,0.110346674771434));
#6932=CARTESIAN_POINT('',(10.03663050794,0.0114264410213786,0.110346674771434));
#6933=CARTESIAN_POINT('',(10.03663050794,0.022501759953885,0.109629828960987));
#6934=CARTESIAN_POINT('',(10.1957073386566,3.24517768154004E-18,0.141007426539122));
#6935=CARTESIAN_POINT('',(10.1957073386566,0.0121764951533615,0.141007426539122));
#6936=CARTESIAN_POINT('',(10.1955883557662,0.0243504455724835,0.141282710459213));
#6937=CARTESIAN_POINT('',(9.88402950120059,0.03844974609375,0.0826384850852273));
#6938=CARTESIAN_POINT('',(9.88402950120059,0.0508644921875,0.0823791633522727));
#6939=CARTESIAN_POINT('',(9.88402950120059,0.062835234375,0.0824017130681818));
#6940=CARTESIAN_POINT('',(10.03663050794,0.0332003191578857,0.109029136430927));
#6941=CARTESIAN_POINT('',(10.03663050794,0.0438988783618864,0.108428443900866));
#6942=CARTESIAN_POINT('',(10.03663050794,0.054154725737657,0.107930785962902));
#6943=CARTESIAN_POINT('',(10.1954071062793,0.0358101495225845,0.142233647750499));
#6944=CARTESIAN_POINT('',(10.1952258567923,0.0472698534726856,0.143184585041786));
#6945=CARTESIAN_POINT('',(10.1949326550385,0.0583721764400654,0.145035460256648));
#6946=CARTESIAN_POINT('',(9.88402950120059,0.07423546875,0.0835291988636363));
#6947=CARTESIAN_POINT('',(9.88402950120059,0.085635703125,0.0846566846590909));
#6948=CARTESIAN_POINT('',(9.88402950120059,0.0964654296875,0.0868891065340909));
#6949=CARTESIAN_POINT('',(10.03663050794,0.0639383474115042,0.108388648852434));
#6950=CARTESIAN_POINT('',(10.03663050794,0.0737219690853514,0.108846511741967));
#6951=CARTESIAN_POINT('',(10.03663050794,0.0829712395377767,0.11023416222625));
#6952=CARTESIAN_POINT('',(10.1946198417351,0.0685895518256062,0.147964108525476));
#6953=CARTESIAN_POINT('',(10.1943070284317,0.0788069272111471,0.150892756794303));
#6954=CARTESIAN_POINT('',(10.1939137671387,0.0883593557799028,0.155224171508211));
#6955=CARTESIAN_POINT('',(9.88402950120059,0.10659814453125,0.0910495291193181));
#6956=CARTESIAN_POINT('',(9.88402950120059,0.116730859375,0.0952099517045454));
#6957=CARTESIAN_POINT('',(9.88402950120059,0.1261665625,0.101298375));
#6958=CARTESIAN_POINT('',(10.03663050794,0.0916490413884689,0.113422443029485));
#6959=CARTESIAN_POINT('',(10.03663050794,0.100326843239161,0.11661072383272));
#6960=CARTESIAN_POINT('',(10.03663050794,0.108377264997721,0.121562276091407));
#6961=CARTESIAN_POINT('',(10.1935302264588,0.0969457299608295,0.161056595602104));
#6962=CARTESIAN_POINT('',(10.1931466857788,0.105532104141756,0.166889019695997));
#6963=CARTESIAN_POINT('',(10.1927171879626,0.113220687387852,0.174571172881293));
#6964=CARTESIAN_POINT('',(9.88402950120059,0.13477875,0.110137863636364));
#6965=CARTESIAN_POINT('',(9.88402950120059,0.1433909375,0.118977352272727));
#6966=CARTESIAN_POINT('',(9.88402950120059,0.151179609375,0.13056790625));
#6967=CARTESIAN_POINT('',(10.03663050794,0.115752150703157,0.129164462933207));
#6968=CARTESIAN_POINT('',(10.03663050794,0.123127036408593,0.136766649775006));
#6969=CARTESIAN_POINT('',(10.03663050794,0.129778837246825,0.146971922385839));
#6970=CARTESIAN_POINT('',(10.1923185976553,0.119939125036166,0.18420971132747));
#6971=CARTESIAN_POINT('',(10.191920007348,0.126657562684481,0.193848249773647));
#6972=CARTESIAN_POINT('',(10.191507722691,0.132331142151533,0.205758117667457));
#6973=CARTESIAN_POINT('',(9.88402950120059,0.15801826171875,0.145732590198864));
#6974=CARTESIAN_POINT('',(9.88402950120059,0.1648569140625,0.160897274147727));
#6975=CARTESIAN_POINT('',(9.88402950120059,0.170745546875,0.179636088068182));
#6976=CARTESIAN_POINT('',(10.03663050794,0.135645347808583,0.160681693341645));
#6977=CARTESIAN_POINT('',(10.03663050794,0.14151185837034,0.174391464297451));
#6978=CARTESIAN_POINT('',(10.03663050794,0.146555719792124,0.19154982210783));
#6979=CARTESIAN_POINT('',(10.1911386846151,0.137087683975717,0.220138884517803));
#6980=CARTESIAN_POINT('',(10.1907696465392,0.141844225799902,0.23451965136815));
#6981=CARTESIAN_POINT('',(10.1904131562114,0.145494898552651,0.251601189677564));
#6982=CARTESIAN_POINT('',(9.88402950120059,0.17555765625,0.202772096590909));
#6983=CARTESIAN_POINT('',(9.88402950120059,0.180369765625,0.225908105113636));
#6984=CARTESIAN_POINT('',(9.88402950120059,0.1841053515625,0.253441308238636));
#6985=CARTESIAN_POINT('',(10.03663050794,0.150698206261202,0.213069217929405));
#6986=CARTESIAN_POINT('',(10.03663050794,0.15484069273028,0.234588613750979));
#6987=CARTESIAN_POINT('',(10.03663050794,0.158056071013906,0.26040692206425));
#6988=CARTESIAN_POINT('',(10.1901043691997,0.148309704106274,0.271745370668187));
#6989=CARTESIAN_POINT('',(10.1897955821881,0.151124509659898,0.29188955165881));
#6990=CARTESIAN_POINT('',(10.1895172711147,0.15284673833243,0.315203566851316));
#6991=CARTESIAN_POINT('',(9.88402950120059,0.18663791015625,0.286194770596591));
#6992=CARTESIAN_POINT('',(9.88402950120059,0.18917046875,0.318948232954546));
#6993=CARTESIAN_POINT('',(9.88402950120059,0.1905,0.356921954545455));
#6994=CARTESIAN_POINT('',(10.03663050794,0.16024725881055,0.291444197532455));
#6995=CARTESIAN_POINT('',(10.03663050794,0.162438446607194,0.32248147300066));
#6996=CARTESIAN_POINT('',(10.0366138706933,0.163498758227222,0.35865315189033));
#6997=CARTESIAN_POINT('',(10.1892859625451,0.153807845422457,0.342255028700178));
#6998=CARTESIAN_POINT('',(10.1890546539755,0.154768952512483,0.369306490549041));
#6999=CARTESIAN_POINT('',(10.188881049925,0.154812925517839,0.400084125372508));
#7000=CARTESIAN_POINT('',(10.3413175245217,0.127,0.4353052));
#7001=CARTESIAN_POINT('',(10.3413175245217,0.127,0.468256360227273));
#7002=CARTESIAN_POINT('',(10.3413175245217,0.126006008522727,0.496740042897727));
#7003=CARTESIAN_POINT('',(10.4939185312612,0.100092325228566,0.4353052));
#7004=CARTESIAN_POINT('',(10.4951789008408,0.100826051402984,0.466454121786558));
#7005=CARTESIAN_POINT('',(10.4967862894058,0.100458914432896,0.493393947477647));
#7006=CARTESIAN_POINT('',(10.7540747491921,0.103652207329608,0.57277));
#7007=CARTESIAN_POINT('',(10.7540747491921,0.103652207329608,0.579756653841037));
#7008=CARTESIAN_POINT('',(10.7562448813912,0.104033834405443,0.586911559850806));
#7009=CARTESIAN_POINT('',(10.8577269565217,0.,0.57277));
#7010=CARTESIAN_POINT('',(10.3413175245217,0.124142725497159,0.521358255522017));
#7011=CARTESIAN_POINT('',(10.3413175245217,0.122279442471591,0.545976468146307));
#7012=CARTESIAN_POINT('',(10.3413175245217,0.119546867897727,0.566729210724432));
#7013=CARTESIAN_POINT('',(10.5009113039762,0.0991625105587108,0.516389381830958));
#7014=CARTESIAN_POINT('',(10.5050363185466,0.097866106684526,0.539384816184268));
#7015=CARTESIAN_POINT('',(10.5115472934339,0.0954783896701053,0.558570701059476));
#7016=CARTESIAN_POINT('',(10.7596005427295,0.103918577871138,0.59398233977621));
#7017=CARTESIAN_POINT('',(10.7629562040677,0.103803321336833,0.601053119701613));
#7018=CARTESIAN_POINT('',(10.7674973945452,0.103191181192387,0.60803977354265));
#7019=CARTESIAN_POINT('',(10.3413175245217,0.116069701704546,0.584218490767046));
#7020=CARTESIAN_POINT('',(10.3413175245217,0.112592535511364,0.601707770809659));
#7021=CARTESIAN_POINT('',(10.3413175245217,0.108370777698864,0.615933588316761));
#7022=CARTESIAN_POINT('',(10.5186686186838,0.0925633018414121,0.574481821141171));
#7023=CARTESIAN_POINT('',(10.5257899439336,0.089648214012719,0.590392941222865));
#7024=CARTESIAN_POINT('',(10.5347128154103,0.0859759001367729,0.603003577089154));
#7025=CARTESIAN_POINT('',(10.7722395111019,0.101203646751826,0.614689923046222));
#7026=CARTESIAN_POINT('',(10.7769816276587,0.0992161123112639,0.621340072549795));
#7027=CARTESIAN_POINT('',(10.7836421874389,0.0964151384197689,0.628531914680406));
#7028=CARTESIAN_POINT('',(10.3413175245217,0.103529128196023,0.627497950799006));
#7029=CARTESIAN_POINT('',(10.3413175245217,0.0986874786931818,0.63906231328125));
#7030=CARTESIAN_POINT('',(10.3413175245217,0.0932259375,0.647965220738636));
#7031=CARTESIAN_POINT('',(10.5436392554751,0.0819213834445063,0.61306011734243));
#7032=CARTESIAN_POINT('',(10.55256569554,0.0778668667522398,0.623116657595705));
#7033=CARTESIAN_POINT('',(10.5626994102213,0.0733337173569443,0.630505861909719));
#7034=CARTESIAN_POINT('',(10.7906295177862,0.0928363034955422,0.6352005322444));
#7035=CARTESIAN_POINT('',(10.7976168481335,0.0892574685713154,0.641869149808394));
#7036=CARTESIAN_POINT('',(10.804930949048,0.0849007726143568,0.648014542805769));
#7037=CARTESIAN_POINT('',(10.3413175245217,0.0872692045454546,0.654808680681818));
#7038=CARTESIAN_POINT('',(10.3413175245217,0.0813124715909091,0.661652140625));
#7039=CARTESIAN_POINT('',(10.3413175245217,0.074860546875,0.666436153053977));
#7040=CARTESIAN_POINT('',(10.572227259073,0.0684856015457673,0.636025077682131));
#7041=CARTESIAN_POINT('',(10.5817551079248,0.0636374857345903,0.641544293454543));
#7042=CARTESIAN_POINT('',(10.5918885378347,0.0584981470212894,0.645084943791791));
#7043=CARTESIAN_POINT('',(10.8109801478731,0.0798017940428678,0.652571794042868));
#7044=CARTESIAN_POINT('',(10.8170293466983,0.0747028154713788,0.657129045279967));
#7045=CARTESIAN_POINT('',(10.8235440002873,0.0680814176859374,0.66058356273346));
#7046=CARTESIAN_POINT('',(10.3413175245217,0.0680381303267046,0.669762725479403));
#7047=CARTESIAN_POINT('',(10.3413175245217,0.0612157137784091,0.67308929790483));
#7048=CARTESIAN_POINT('',(10.3413175245217,0.0540228053977273,0.674958430326705));
#7049=CARTESIAN_POINT('',(10.6008063485857,0.0530820884353989,0.647379426998209));
#7050=CARTESIAN_POINT('',(10.6097241593367,0.0476660298495085,0.649673910204626));
#7051=CARTESIAN_POINT('',(10.6186413163609,0.0420633061760282,0.6506689118151));
#7052=CARTESIAN_POINT('',(10.8295202460169,0.0610722271674752,0.663272151631999));
#7053=CARTESIAN_POINT('',(10.8354964917464,0.0540630366490129,0.665960740530539));
#7054=CARTESIAN_POINT('',(10.8409343296165,0.0466660533975299,0.667883400874125));
#7055=CARTESIAN_POINT('',(10.3413175245217,0.0465841051136364,0.675972130255682));
#7056=CARTESIAN_POINT('',(10.3413175245217,0.0391454048295455,0.676985830184659));
#7057=CARTESIAN_POINT('',(10.3413175245217,0.0314609126420455,0.677144097620739));
#7058=CARTESIAN_POINT('',(10.6257341235788,0.0362386498883791,0.650995991941942));
#7059=CARTESIAN_POINT('',(10.6328269307968,0.0304139936007299,0.651323072068784));
#7060=CARTESIAN_POINT('',(10.6393108009969,0.0244648921918475,0.650980133560729));
#7061=CARTESIAN_POINT('',(10.8448298970039,0.0400159038939575,0.669376937891411));
#7062=CARTESIAN_POINT('',(10.8487254643913,0.0333657543903852,0.670870474908696));
#7063=CARTESIAN_POINT('',(10.8519497292708,0.0266964370747256,0.671149799998417));
#7064=CARTESIAN_POINT('',(10.3413175245217,0.0236553284801136,0.677048940074574));
#7065=CARTESIAN_POINT('',(10.3413175245217,0.0158497443181818,0.676953782528409));
#7066=CARTESIAN_POINT('',(10.3413175245217,0.00792306818181818,0.6766052));
#7067=CARTESIAN_POINT('',(10.6433631918932,0.0183835505674585,0.650545922780566));
#7068=CARTESIAN_POINT('',(10.6474155827896,0.0123022089430696,0.650111712000403));
#7069=CARTESIAN_POINT('',(10.6500484689569,0.00616580887759982,0.64959474228227));
#7070=CARTESIAN_POINT('',(10.8542001023034,0.0200223278060442,0.671055740833816));
#7071=CARTESIAN_POINT('',(10.856450475336,0.0133482185373628,0.670961681669215));
#7072=CARTESIAN_POINT('',(10.8577269565217,0.00666931731565957,0.670494238250293));
#7073=CARTESIAN_POINT('',(10.3413175245217,0.,0.6766052));
#7074=CARTESIAN_POINT('',(10.3413175245217,-0.00792306818181819,0.6766052));
#7075=CARTESIAN_POINT('',(10.3413175245217,-0.0158497443181818,0.676953782528409));
#7076=CARTESIAN_POINT('',(10.6500484689569,4.96174058812843E-18,0.64959474228227));
#7077=CARTESIAN_POINT('',(10.6500484689569,-0.00616580887759981,0.64959474228227));
#7078=CARTESIAN_POINT('',(10.6474155827896,-0.0123022089430696,0.650111712000403));
#7079=CARTESIAN_POINT('',(10.8577269565217,-1.79516513358502E-17,0.670494238250293));
#7080=CARTESIAN_POINT('',(10.8577269565217,-0.00666931731565961,0.670494238250293));
#7081=CARTESIAN_POINT('',(10.856450475336,-0.0133482185373628,0.670961681669215));
#7082=CARTESIAN_POINT('',(10.3413175245217,-0.0236553284801136,0.677048940074574));
#7083=CARTESIAN_POINT('',(10.3413175245217,-0.0314609126420455,0.677144097620739));
#7084=CARTESIAN_POINT('',(10.3413175245217,-0.0391454048295455,0.676985830184659));
#7085=CARTESIAN_POINT('',(10.6433631918932,-0.0183835505674585,0.650545922780566));
#7086=CARTESIAN_POINT('',(10.6393108009969,-0.0244648921918475,0.650980133560729));
#7087=CARTESIAN_POINT('',(10.6328269307968,-0.0304139936007299,0.651323072068784));
#7088=CARTESIAN_POINT('',(10.8542001023034,-0.0200223278060443,0.671055740833816));
#7089=CARTESIAN_POINT('',(10.8519497292708,-0.0266964370747257,0.671149799998417));
#7090=CARTESIAN_POINT('',(10.8487254643913,-0.0333657543903852,0.670870474908696));
#7091=CARTESIAN_POINT('',(10.3413175245217,-0.0465841051136364,0.675972130255682));
#7092=CARTESIAN_POINT('',(10.3413175245217,-0.0540228053977273,0.674958430326705));
#7093=CARTESIAN_POINT('',(10.3413175245217,-0.0612157137784091,0.67308929790483));
#7094=CARTESIAN_POINT('',(10.6257341235788,-0.0362386498883791,0.650995991941942));
#7095=CARTESIAN_POINT('',(10.6186413163609,-0.0420633061760282,0.6506689118151));
#7096=CARTESIAN_POINT('',(10.6097241593367,-0.0476660298495084,0.649673910204626));
#7097=CARTESIAN_POINT('',(10.8448298970039,-0.0400159038939576,0.669376937891411));
#7098=CARTESIAN_POINT('',(10.8409343296165,-0.0466660533975299,0.667883400874125));
#7099=CARTESIAN_POINT('',(10.8354964917464,-0.054063036649013,0.665960740530539));
#7100=CARTESIAN_POINT('',(10.3413175245217,-0.0680381303267045,0.669762725479403));
#7101=CARTESIAN_POINT('',(10.3413175245217,-0.074860546875,0.666436153053977));
#7102=CARTESIAN_POINT('',(10.3413175245217,-0.0813124715909091,0.661652140625));
#7103=CARTESIAN_POINT('',(10.6008063485857,-0.0530820884353989,0.647379426998209));
#7104=CARTESIAN_POINT('',(10.5918885378347,-0.0584981470212893,0.645084943791791));
#7105=CARTESIAN_POINT('',(10.5817551079248,-0.0636374857345902,0.641544293454543));
#7106=CARTESIAN_POINT('',(10.8295202460169,-0.0610722271674752,0.663272151631999));
#7107=CARTESIAN_POINT('',(10.8235440002873,-0.0680814176859375,0.66058356273346));
#7108=CARTESIAN_POINT('',(10.8170293466983,-0.0747028154713789,0.657129045279967));
#7109=CARTESIAN_POINT('',(10.3413175245217,-0.0872692045454545,0.654808680681818));
#7110=CARTESIAN_POINT('',(10.3413175245217,-0.0932259375,0.647965220738636));
#7111=CARTESIAN_POINT('',(10.3413175245217,-0.0986874786931818,0.63906231328125));
#7112=CARTESIAN_POINT('',(10.572227259073,-0.0684856015457672,0.636025077682131));
#7113=CARTESIAN_POINT('',(10.5626994102213,-0.0733337173569442,0.630505861909719));
#7114=CARTESIAN_POINT('',(10.55256569554,-0.0778668667522397,0.623116657595705));
#7115=CARTESIAN_POINT('',(10.8109801478731,-0.0798017940428679,0.652571794042868));
#7116=CARTESIAN_POINT('',(10.804930949048,-0.0849007726143569,0.648014542805769));
#7117=CARTESIAN_POINT('',(10.7976168481335,-0.0892574685713155,0.641869149808394));
#7118=CARTESIAN_POINT('',(10.3413175245217,-0.103529128196023,0.627497950799005));
#7119=CARTESIAN_POINT('',(10.3413175245217,-0.108370777698864,0.615933588316761));
#7120=CARTESIAN_POINT('',(10.3413175245217,-0.112592535511364,0.601707770809659));
#7121=CARTESIAN_POINT('',(10.5436392554751,-0.0819213834445063,0.613060117342429));
#7122=CARTESIAN_POINT('',(10.5347128154103,-0.0859759001367729,0.603003577089154));
#7123=CARTESIAN_POINT('',(10.5257899439336,-0.0896482140127189,0.590392941222865));
#7124=CARTESIAN_POINT('',(10.7906295177862,-0.0928363034955422,0.6352005322444));
#7125=CARTESIAN_POINT('',(10.7836421874389,-0.096415138419769,0.628531914680406));
#7126=CARTESIAN_POINT('',(10.7769816276587,-0.0992161123112639,0.621340072549794));
#7127=CARTESIAN_POINT('',(10.3413175245217,-0.116069701704545,0.584218490767045));
#7128=CARTESIAN_POINT('',(10.3413175245217,-0.119546867897727,0.566729210724432));
#7129=CARTESIAN_POINT('',(10.3413175245217,-0.122279442471591,0.545976468146307));
#7130=CARTESIAN_POINT('',(10.5186686186838,-0.0925633018414121,0.57448182114117));
#7131=CARTESIAN_POINT('',(10.5115472934339,-0.0954783896701053,0.558570701059476));
#7132=CARTESIAN_POINT('',(10.5050363185466,-0.097866106684526,0.539384816184268));
#7133=CARTESIAN_POINT('',(10.7722395111019,-0.101203646751826,0.614689923046222));
#7134=CARTESIAN_POINT('',(10.7674973945452,-0.103191181192387,0.60803977354265));
#7135=CARTESIAN_POINT('',(10.7629562040677,-0.103803321336833,0.601053119701613));
#7136=CARTESIAN_POINT('',(10.3413175245217,-0.124142725497159,0.521358255522017));
#7137=CARTESIAN_POINT('',(10.3413175245217,-0.126006008522727,0.496740042897727));
#7138=CARTESIAN_POINT('',(10.3413175245217,-0.127,0.468256360227273));
#7139=CARTESIAN_POINT('',(10.5009113039762,-0.0991625105587108,0.516389381830958));
#7140=CARTESIAN_POINT('',(10.4967862894058,-0.100458914432896,0.493393947477647));
#7141=CARTESIAN_POINT('',(10.4951789008408,-0.100826051402984,0.466454121786558));
#7142=CARTESIAN_POINT('',(10.7596005427295,-0.103918577871138,0.59398233977621));
#7143=CARTESIAN_POINT('',(10.7562448813912,-0.104033834405443,0.586911559850806));
#7144=CARTESIAN_POINT('',(10.7540747491921,-0.103652207329608,0.579756653841037));
#7145=CARTESIAN_POINT('',(10.3413175245217,-0.127,0.4353052));
#7146=CARTESIAN_POINT('',(10.3413175245217,-0.127,0.401852245454545));
#7147=CARTESIAN_POINT('',(10.3413175245217,-0.126113645833333,0.372992217045455));
#7148=CARTESIAN_POINT('',(10.4939185312612,-0.100092325228566,0.4353052));
#7149=CARTESIAN_POINT('',(10.4926581616815,-0.0993585990541482,0.403654483895261));
#7150=CARTESIAN_POINT('',(10.493580395068,-0.0974583391541834,0.376677943541868));
#7151=CARTESIAN_POINT('',(10.7540747491921,-0.103652207329608,0.57277));
#7152=CARTESIAN_POINT('',(10.7540747491921,-0.103652207329608,0.565783346158963));
#7153=CARTESIAN_POINT('',(10.7562448813912,-0.104033834405443,0.558628440149194));
#7154=CARTESIAN_POINT('',(10.3413175245217,-0.1244252734375,0.348099585653409));
#7155=CARTESIAN_POINT('',(10.3413175245217,-0.122736901041667,0.323206954261364));
#7156=CARTESIAN_POINT('',(10.3413175245217,-0.120246510416667,0.302281719886364));
#7157=CARTESIAN_POINT('',(10.4933490864984,-0.0950427014525433,0.35394414260664));
#7158=CARTESIAN_POINT('',(10.4931177779288,-0.0926270637509033,0.331210341671412));
#7159=CARTESIAN_POINT('',(10.4928394668554,-0.0893685111734358,0.312673888113917));
#7160=CARTESIAN_POINT('',(10.7596005427295,-0.103918577871138,0.551557660223791));
#7161=CARTESIAN_POINT('',(10.7629562040677,-0.103803321336833,0.544486880298387));
#7162=CARTESIAN_POINT('',(10.7674973945452,-0.103191181192387,0.53750022645735));
#7163=CARTESIAN_POINT('',(10.3413175245217,-0.1170384375,0.284698353409091));
#7164=CARTESIAN_POINT('',(10.3413175245217,-0.113830364583333,0.267114986931818));
#7165=CARTESIAN_POINT('',(10.3413175245217,-0.109904609375,0.252873488352273));
#7166=CARTESIAN_POINT('',(10.4925306798438,-0.0857671708937257,0.297651336149995));
#7167=CARTESIAN_POINT('',(10.4922218928321,-0.0821658306140156,0.282628784186072));
#7168=CARTESIAN_POINT('',(10.4918654025043,-0.077964992950098,0.271227325336395));
#7169=CARTESIAN_POINT('',(10.7722395111019,-0.101203646751826,0.530850076953778));
#7170=CARTESIAN_POINT('',(10.7769816276587,-0.0992161123112639,0.524199927450206));
#7171=CARTESIAN_POINT('',(10.7836421874389,-0.096415138419769,0.517008085319594));
#7172=CARTESIAN_POINT('',(10.3413175245217,-0.1053455078125,0.241348328551136));
#7173=CARTESIAN_POINT('',(10.3413175245217,-0.10078640625,0.22982316875));
#7174=CARTESIAN_POINT('',(10.3413175245217,-0.0955939583333333,0.221014347727273));
#7175=CARTESIAN_POINT('',(10.4914963644284,-0.0736033316492827,0.262557772584469));
#7176=CARTESIAN_POINT('',(10.4911273263525,-0.0692416703484673,0.253888219832543));
#7177=CARTESIAN_POINT('',(10.4907150416955,-0.0645303539821857,0.248180445680898));
#7178=CARTESIAN_POINT('',(10.7906295177862,-0.0928363034955422,0.5103394677556));
#7179=CARTESIAN_POINT('',(10.7976168481335,-0.0892574685713154,0.503670850191607));
#7180=CARTESIAN_POINT('',(10.804930949048,-0.0849007726143568,0.497525457194231));
#7181=CARTESIAN_POINT('',(10.3413175245217,-0.0898525,0.214296336363636));
#7182=CARTESIAN_POINT('',(10.3413175245217,-0.0841110416666667,0.207578325));
#7183=CARTESIAN_POINT('',(10.3413175245217,-0.0778205729166667,0.202951123295455));
#7184=CARTESIAN_POINT('',(10.4903164513882,-0.0597658749638336,0.244382961399803));
#7185=CARTESIAN_POINT('',(10.4899178610809,-0.0550013959454816,0.240585477118707));
#7186=CARTESIAN_POINT('',(10.4894883632647,-0.0501090416915771,0.239013226894912));
#7187=CARTESIAN_POINT('',(10.8109801478731,-0.0798017940428678,0.492968205957132));
#7188=CARTESIAN_POINT('',(10.8170293466983,-0.0747028154713788,0.488410954720033));
#7189=CARTESIAN_POINT('',(10.8235440002873,-0.0680814176859374,0.48495643726654));
#7190=CARTESIAN_POINT('',(10.3413175245217,-0.0710654296875,0.199789202130682));
#7191=CARTESIAN_POINT('',(10.3413175245217,-0.0643102864583333,0.196627280965909));
#7192=CARTESIAN_POINT('',(10.3413175245217,-0.05709046875,0.194930640340909));
#7193=CARTESIAN_POINT('',(10.4891048225847,-0.0451851294141705,0.23852180865926));
#7194=CARTESIAN_POINT('',(10.4887212819047,-0.0402612171367639,0.238030390423608));
#7195=CARTESIAN_POINT('',(10.4883280206118,-0.0353740102888529,0.238968523887515));
#7196=CARTESIAN_POINT('',(10.8295202460169,-0.0610722271674752,0.482267848368001));
#7197=CARTESIAN_POINT('',(10.8354964917464,-0.0540630366490129,0.479579259469461));
#7198=CARTESIAN_POINT('',(10.8409343296165,-0.0466660533975298,0.477656599125875));
#7199=CARTESIAN_POINT('',(10.3413175245217,-0.0494903125,0.194073751136364));
#7200=CARTESIAN_POINT('',(10.3413175245217,-0.04189015625,0.193216861931818));
#7201=CARTESIAN_POINT('',(10.3413175245217,-0.0339096614583333,0.193199724147727));
#7202=CARTESIAN_POINT('',(10.4880152073084,-0.0303910731743938,0.240183393747252));
#7203=CARTESIAN_POINT('',(10.487702394005,-0.0254081360599346,0.241398263606989));
#7204=CARTESIAN_POINT('',(10.4874091922511,-0.0205494694439811,0.243214863253669));
#7205=CARTESIAN_POINT('',(10.8448298970039,-0.0400159038939575,0.476163062108589));
#7206=CARTESIAN_POINT('',(10.8487254643913,-0.0333657543903852,0.474669525091304));
#7207=CARTESIAN_POINT('',(10.8519497292708,-0.0266964370747256,0.474390200001583));
#7208=CARTESIAN_POINT('',(10.3413175245217,-0.0256331640625,0.193396808664773));
#7209=CARTESIAN_POINT('',(10.3413175245217,-0.0173566666666667,0.193593893181818));
#7210=CARTESIAN_POINT('',(10.3413175245217,-0.00878416666666667,0.1940052));
#7211=CARTESIAN_POINT('',(10.4872279427642,-0.0154561786024155,0.244559969579046));
#7212=CARTESIAN_POINT('',(10.4870466932773,-0.0103628877608499,0.245905075904423));
#7213=CARTESIAN_POINT('',(10.4869277103869,-0.00539183817997183,0.247002973460878));
#7214=CARTESIAN_POINT('',(10.8542001023034,-0.0200223278060442,0.474484259166184));
#7215=CARTESIAN_POINT('',(10.856450475336,-0.0133482185373628,0.474578318330785));
#7216=CARTESIAN_POINT('',(10.8577269565217,-0.00666931731565958,0.475045761749707));
#7217=CARTESIAN_POINT('',(10.3413175245217,0.,0.1940052));
#7218=CARTESIAN_POINT('',(10.3413175245217,0.00878416666666666,0.1940052));
#7219=CARTESIAN_POINT('',(10.3413175245217,0.0173566666666667,0.193593893181818));
#7220=CARTESIAN_POINT('',(10.4869277103869,-3.24517768154004E-18,0.247002973460878));
#7221=CARTESIAN_POINT('',(10.4869277103869,0.00539183817997182,0.247002973460878));
#7222=CARTESIAN_POINT('',(10.4870466932773,0.0103628877608499,0.245905075904423));
#7223=CARTESIAN_POINT('',(10.8577269565217,5.98388377861675E-18,0.475045761749707));
#7224=CARTESIAN_POINT('',(10.8577269565217,0.00666931731565959,0.475045761749707));
#7225=CARTESIAN_POINT('',(10.856450475336,0.0133482185373628,0.474578318330785));
#7226=CARTESIAN_POINT('',(10.3413175245217,0.0256331640625,0.193396808664773));
#7227=CARTESIAN_POINT('',(10.3413175245217,0.0339096614583333,0.193199724147727));
#7228=CARTESIAN_POINT('',(10.3413175245217,0.04189015625,0.193216861931818));
#7229=CARTESIAN_POINT('',(10.4872279427642,0.0154561786024155,0.244559969579046));
#7230=CARTESIAN_POINT('',(10.4874091922511,0.0205494694439811,0.243214863253669));
#7231=CARTESIAN_POINT('',(10.487702394005,0.0254081360599346,0.241398263606989));
#7232=CARTESIAN_POINT('',(10.8542001023034,0.0200223278060442,0.474484259166184));
#7233=CARTESIAN_POINT('',(10.8519497292708,0.0266964370747256,0.474390200001583));
#7234=CARTESIAN_POINT('',(10.8487254643913,0.0333657543903852,0.474669525091304));
#7235=CARTESIAN_POINT('',(10.3413175245217,0.0494903125,0.194073751136364));
#7236=CARTESIAN_POINT('',(10.3413175245217,0.05709046875,0.194930640340909));
#7237=CARTESIAN_POINT('',(10.3413175245217,0.0643102864583333,0.196627280965909));
#7238=CARTESIAN_POINT('',(10.4880152073084,0.0303910731743938,0.240183393747252));
#7239=CARTESIAN_POINT('',(10.4883280206118,0.0353740102888529,0.238968523887515));
#7240=CARTESIAN_POINT('',(10.4887212819047,0.0402612171367639,0.238030390423608));
#7241=CARTESIAN_POINT('',(10.8448298970039,0.0400159038939575,0.476163062108589));
#7242=CARTESIAN_POINT('',(10.8409343296165,0.0466660533975298,0.477656599125875));
#7243=CARTESIAN_POINT('',(10.8354964917464,0.0540630366490129,0.479579259469461));
#7244=CARTESIAN_POINT('',(10.3413175245217,0.0710654296875,0.199789202130682));
#7245=CARTESIAN_POINT('',(10.3413175245217,0.0778205729166667,0.202951123295455));
#7246=CARTESIAN_POINT('',(10.3413175245217,0.0841110416666667,0.207578325));
#7247=CARTESIAN_POINT('',(10.4891048225847,0.0451851294141705,0.23852180865926));
#7248=CARTESIAN_POINT('',(10.4894883632647,0.0501090416915771,0.239013226894912));
#7249=CARTESIAN_POINT('',(10.4899178610809,0.0550013959454816,0.240585477118707));
#7250=CARTESIAN_POINT('',(10.8295202460169,0.0610722271674752,0.482267848368001));
#7251=CARTESIAN_POINT('',(10.8235440002873,0.0680814176859374,0.48495643726654));
#7252=CARTESIAN_POINT('',(10.8170293466983,0.0747028154713788,0.488410954720033));
#7253=CARTESIAN_POINT('',(10.3413175245217,0.0898525,0.214296336363636));
#7254=CARTESIAN_POINT('',(10.3413175245217,0.0955939583333333,0.221014347727273));
#7255=CARTESIAN_POINT('',(10.3413175245217,0.10078640625,0.22982316875));
#7256=CARTESIAN_POINT('',(10.4903164513882,0.0597658749638336,0.244382961399803));
#7257=CARTESIAN_POINT('',(10.4907150416955,0.0645303539821857,0.248180445680898));
#7258=CARTESIAN_POINT('',(10.4911273263525,0.0692416703484674,0.253888219832543));
#7259=CARTESIAN_POINT('',(10.8109801478731,0.0798017940428678,0.492968205957132));
#7260=CARTESIAN_POINT('',(10.804930949048,0.0849007726143569,0.497525457194231));
#7261=CARTESIAN_POINT('',(10.7976168481335,0.0892574685713154,0.503670850191607));
#7262=CARTESIAN_POINT('',(10.3413175245217,0.1053455078125,0.241348328551136));
#7263=CARTESIAN_POINT('',(10.3413175245217,0.109904609375,0.252873488352273));
#7264=CARTESIAN_POINT('',(10.3413175245217,0.113830364583333,0.267114986931818));
#7265=CARTESIAN_POINT('',(10.4914963644284,0.0736033316492827,0.262557772584469));
#7266=CARTESIAN_POINT('',(10.4918654025043,0.0779649929500981,0.271227325336395));
#7267=CARTESIAN_POINT('',(10.4922218928321,0.0821658306140156,0.282628784186072));
#7268=CARTESIAN_POINT('',(10.7906295177862,0.0928363034955422,0.5103394677556));
#7269=CARTESIAN_POINT('',(10.7836421874389,0.096415138419769,0.517008085319594));
#7270=CARTESIAN_POINT('',(10.7769816276587,0.0992161123112639,0.524199927450206));
#7271=CARTESIAN_POINT('',(10.3413175245217,0.1170384375,0.284698353409091));
#7272=CARTESIAN_POINT('',(10.3413175245217,0.120246510416667,0.302281719886364));
#7273=CARTESIAN_POINT('',(10.3413175245217,0.122736901041667,0.323206954261364));
#7274=CARTESIAN_POINT('',(10.4925306798438,0.0857671708937257,0.297651336149995));
#7275=CARTESIAN_POINT('',(10.4928394668554,0.0893685111734358,0.312673888113917));
#7276=CARTESIAN_POINT('',(10.4931177779288,0.0926270637509033,0.331210341671412));
#7277=CARTESIAN_POINT('',(10.7722395111019,0.101203646751826,0.530850076953778));
#7278=CARTESIAN_POINT('',(10.7674973945452,0.103191181192387,0.53750022645735));
#7279=CARTESIAN_POINT('',(10.7629562040677,0.103803321336833,0.544486880298387));
#7280=CARTESIAN_POINT('',(10.3413175245217,0.1244252734375,0.348099585653409));
#7281=CARTESIAN_POINT('',(10.3413175245217,0.126113645833333,0.372992217045455));
#7282=CARTESIAN_POINT('',(10.3413175245217,0.127,0.401852245454545));
#7283=CARTESIAN_POINT('',(10.4933490864984,0.0950427014525433,0.35394414260664));
#7284=CARTESIAN_POINT('',(10.493580395068,0.0974583391541834,0.376677943541868));
#7285=CARTESIAN_POINT('',(10.4926581616815,0.0993585990541482,0.403654483895261));
#7286=CARTESIAN_POINT('',(10.7596005427295,0.103918577871138,0.551557660223791));
#7287=CARTESIAN_POINT('',(10.7562448813912,0.104033834405443,0.558628440149194));
#7288=CARTESIAN_POINT('',(10.7540747491921,0.103652207329608,0.565783346158963));
#7289=GEOMETRIC_SET('XDQLFWUJVY, FuselageGeom, 0',(#4214));
#7290=GEOMETRICALLY_BOUNDED_SURFACE_SHAPE_REPRESENTATION('',(#7289),#12);
#7291=SHAPE_REPRESENTATION_RELATIONSHIP('','',#26,#7290);
ENDSEC;
END-ISO-10303-21;
