ISO-10303-21;
HEADER;
FILE_DESCRIPTION((''),'1');
FILE_NAME('outfile.stp','2026-04-29T19:09:09',(''),(''),'','','');
FILE_SCHEMA(('CONFIG_CONTROL_DESIGN'));
ENDSEC;
DATA;
#1=CALENDAR_DATE(2000,1,1);
#2=COORDINATED_UNIVERSAL_TIME_OFFSET(0,0,.BEHIND.);
#3=LOCAL_TIME(12,0,0.,#2);
#4=DATE_AND_TIME(#1,#3);
#5=DIMENSIONAL_EXPONENTS(0.,0.,0.,0.,0.,0.,0.);
#6=(
LENGTH_UNIT()
NAMED_UNIT(*)
SI_UNIT(.UNSET.,.METRE.)
);
#7=UNCERTAINTY_MEASURE_WITH_UNIT(LENGTH_MEASURE(0.),#6,'closure','Threshold below which geometry imperfections (such as overlaps) are not considered errors.');
#8=(
NAMED_UNIT(*)
PLANE_ANGLE_UNIT()
SI_UNIT($,.RADIAN.)
);
#9=PLANE_ANGLE_MEASURE_WITH_UNIT(PLANE_ANGLE_MEASURE(0.0174532925199433),#8);
#10=(
CONVERSION_BASED_UNIT('DEGREES',#9)
NAMED_UNIT(#5)
PLANE_ANGLE_UNIT()
);
#11=(
NAMED_UNIT(*)
SI_UNIT($,.STERADIAN.)
SOLID_ANGLE_UNIT()
);
#12=(
GEOMETRIC_REPRESENTATION_CONTEXT(3)
GLOBAL_UNCERTAINTY_ASSIGNED_CONTEXT((#7))
GLOBAL_UNIT_ASSIGNED_CONTEXT((#6,#10,#11))
REPRESENTATION_CONTEXT('STANDARD','3D')
);
#13=CARTESIAN_POINT('',(0.,0.,0.));
#14=DIRECTION('',(0.,0.,1.));
#15=DIRECTION('',(1.,0.,0.));
#16=AXIS2_PLACEMENT_3D('',#13,#14,#15);
#17=APPLICATION_CONTEXT('configuration controlled 3d designs of mechanical parts and assemblies');
#18=MECHANICAL_CONTEXT('',#17,'mechanical');
#19=APPLICATION_PROTOCOL_DEFINITION('international standard','config_control_design',1994,#17);
#20=DESIGN_CONTEXT('',#17,'design');
#21=PRODUCT('','prodname','',(#18));
#22=PRODUCT_RELATED_PRODUCT_CATEGORY('assembly','',(#21));
#23=PRODUCT_DEFINITION_FORMATION_WITH_SPECIFIED_SOURCE('','',#21,.MADE.);
#24=PRODUCT_DEFINITION('','',#23,#20);
#25=PRODUCT_DEFINITION_SHAPE('','ProductShapeDescription',#24);
#26=SHAPE_REPRESENTATION('',(#16),#12);
#27=SHAPE_DEFINITION_REPRESENTATION(#25,#26);
#28=PERSON('','Doe','John',$,$,$);
#29=ORGANIZATION('','','');
#30=PERSON_AND_ORGANIZATION(#28,#29);
#31=PERSON_AND_ORGANIZATION_ROLE('creator');
#32=PERSON_AND_ORGANIZATION_ROLE('design_owner');
#33=PERSON_AND_ORGANIZATION_ROLE('design_supplier');
#34=APPROVAL_STATUS('approved');
#35=APPROVAL(#34,'');
#36=APPROVAL_DATE_TIME(#4,#35);
#37=APPROVAL_ROLE('approver');
#38=APPROVAL_PERSON_ORGANIZATION(#30,#35,#37);
#39=SECURITY_CLASSIFICATION_LEVEL('unclassified');
#40=SECURITY_CLASSIFICATION('','',#39);
#41=CC_DESIGN_SECURITY_CLASSIFICATION(#40,(#23));
#42=PERSON_AND_ORGANIZATION_ROLE('classification_officer');
#43=CC_DESIGN_PERSON_AND_ORGANIZATION_ASSIGNMENT(#30,#42,(#40));
#44=DATE_TIME_ROLE('classification_date');
#45=CC_DESIGN_DATE_AND_TIME_ASSIGNMENT(#4,#44,(#40));
#46=CC_DESIGN_APPROVAL(#35,(#24,#23,#40));
#47=CC_DESIGN_PERSON_AND_ORGANIZATION_ASSIGNMENT(#30,#31,(#24,#23));
#48=CC_DESIGN_PERSON_AND_ORGANIZATION_ASSIGNMENT(#30,#33,(#23));
#49=DATE_TIME_ROLE('creation_date');
#50=CC_DESIGN_DATE_AND_TIME_ASSIGNMENT(#4,#49,(#24));
#51=CC_DESIGN_PERSON_AND_ORGANIZATION_ASSIGNMENT(#30,#32,(#21));
#52=B_SPLINE_SURFACE_WITH_KNOTS('Surf_XYDWLBTLUM, Fuselage, 0, 0',3,3,((#53, #53, #53, #53, #53, #53, #53),(#54, #55, #56, #60, #61, #62, #63),(#57, #58, #59, #64, #65, #66, #67),(#68, #69, #70, #80, #81, #82, #83),(#71, #72, #73, #84, #85, #86, #87),(#74, #75, #76, #88, #89, #90, #91),(#77, #78, #79, #92, #93, #94, #95)),.UNSPECIFIED.,.F.,.F.,.F.,(4,3,4),(4,3,4),(0.,1.,2.),(0.,1.,2.),.PIECEWISE_BEZIER_KNOTS.);
#53=CARTESIAN_POINT('',(-6.57384087684176E-32,0.,0.));
#54=CARTESIAN_POINT('',(3.02282577319605E-16,-1.85037170770859E-16,-0.598198468746879));
#55=CARTESIAN_POINT('',(3.02282577319605E-16,0.235006541293417,-0.598198468746879));
#56=CARTESIAN_POINT('',(2.59340503572286E-16,0.470013082586834,-0.496718371370176));
#57=CARTESIAN_POINT('',(3.04286151786606,0.,-0.7246));
#58=CARTESIAN_POINT('',(3.04286151786606,0.415316055931367,-0.7246));
#59=CARTESIAN_POINT('',(3.09093103767608,0.791566055931367,-0.536964416506658));
#60=CARTESIAN_POINT('',(2.07279144748018E-16,0.646267988556896,-0.371203514088465));
#61=CARTESIAN_POINT('',(1.5521778592375E-16,0.822522894526959,-0.245688656806754));
#62=CARTESIAN_POINT('',(9.40371420225322E-17,0.940026165173667,-0.0961390396200341));
#63=CARTESIAN_POINT('',(5.75600017147347E-17,0.940026165173667,0.));
#64=CARTESIAN_POINT('',(3.11496579758109,1.06398704194853,-0.233771624759987));
#65=CARTESIAN_POINT('',(3.13900055748609,1.33640802796568,0.0694211669866847));
#66=CARTESIAN_POINT('',(3.13900055748609,1.505,0.488171166986685));
#67=CARTESIAN_POINT('',(3.04286151786606,1.505,0.9504));
#68=CARTESIAN_POINT('',(4.752,0.,-0.7246));
#69=CARTESIAN_POINT('',(4.752,0.415316055931367,-0.7246));
#70=CARTESIAN_POINT('',(4.752,0.791566055931367,-0.536964416506658));
#71=CARTESIAN_POINT('',(5.60656924106697,0.,-0.7246));
#72=CARTESIAN_POINT('',(5.60656924106697,0.415316055931367,-0.7246));
#73=CARTESIAN_POINT('',(5.60656924106697,0.791566055931367,-0.536964416506658));
#74=CARTESIAN_POINT('',(8.43932286594825,0.,-0.7246));
#75=CARTESIAN_POINT('',(8.43932286594825,0.415316055931367,-0.7246));
#76=CARTESIAN_POINT('',(8.43932286594825,0.791566055931367,-0.536964416506658));
#77=CARTESIAN_POINT('',(11.5507773681221,0.,-0.7246));
#78=CARTESIAN_POINT('',(11.5507773681221,0.415316055931367,-0.7246));
#79=CARTESIAN_POINT('',(11.5507773681221,0.791566055931367,-0.536964416506658));
#80=CARTESIAN_POINT('',(4.752,1.06398704194853,-0.233771624759987));
#81=CARTESIAN_POINT('',(4.752,1.33640802796568,0.0694211669866847));
#82=CARTESIAN_POINT('',(4.752,1.505,0.488171166986685));
#83=CARTESIAN_POINT('',(4.752,1.505,0.9504));
#84=CARTESIAN_POINT('',(5.60656924106697,1.06398704194853,-0.233771624759987));
#85=CARTESIAN_POINT('',(5.60656924106697,1.33640802796568,0.0694211669866847));
#86=CARTESIAN_POINT('',(5.60656924106697,1.505,0.488171166986685));
#87=CARTESIAN_POINT('',(5.60656924106697,1.505,0.9504));
#88=CARTESIAN_POINT('',(8.43932286594825,1.06398704194853,-0.233771624759987));
#89=CARTESIAN_POINT('',(8.43932286594825,1.33640802796568,0.0694211669866847));
#90=CARTESIAN_POINT('',(8.43932286594825,1.505,0.488171166986685));
#91=CARTESIAN_POINT('',(8.43932286594825,1.505,0.9504));
#92=CARTESIAN_POINT('',(11.5507773681221,1.06398704194853,-0.233771624759987));
#93=CARTESIAN_POINT('',(11.5507773681221,1.33640802796568,0.0694211669866847));
#94=CARTESIAN_POINT('',(11.5507773681221,1.505,0.488171166986685));
#95=CARTESIAN_POINT('',(11.5507773681221,1.505,0.9504));
#96=B_SPLINE_SURFACE_WITH_KNOTS('Surf_XYDWLBTLUM, Fuselage, 0, 1',3,3,((#97, #97, #97, #97, #97, #97, #97),(#98, #99, #100, #104, #105, #106, #107),(#101, #102, #103, #108, #109, #110, #111),(#112, #113, #114, #124, #125, #126, #127),(#115, #116, #117, #128, #129, #130, #131),(#118, #119, #120, #132, #133, #134, #135),(#121, #122, #123, #136, #137, #138, #139)),.UNSPECIFIED.,.F.,.F.,.F.,(4,3,4),(4,3,4),(0.,1.,2.),(0.,1.,2.),.PIECEWISE_BEZIER_KNOTS.);
#97=CARTESIAN_POINT('',(0.,0.,0.));
#98=CARTESIAN_POINT('',(5.75600017147347E-17,-0.940026165173668,-1.11022302462516E-16));
#99=CARTESIAN_POINT('',(9.40371420225322E-17,-0.940026165173668,-0.0961390396200343));
#100=CARTESIAN_POINT('',(1.5521778592375E-16,-0.822522894526959,-0.245688656806754));
#101=CARTESIAN_POINT('',(3.04286151786606,-1.505,0.9504));
#102=CARTESIAN_POINT('',(3.13900055748609,-1.505,0.488171166986685));
#103=CARTESIAN_POINT('',(3.13900055748609,-1.33640802796568,0.0694211669866847));
#104=CARTESIAN_POINT('',(2.07279144748018E-16,-0.646267988556897,-0.371203514088465));
#105=CARTESIAN_POINT('',(2.59340503572286E-16,-0.470013082586834,-0.496718371370176));
#106=CARTESIAN_POINT('',(3.02282577319605E-16,-0.235006541293417,-0.598198468746879));
#107=CARTESIAN_POINT('',(3.02282577319605E-16,-1.85037170770859E-16,-0.598198468746879));
#108=CARTESIAN_POINT('',(3.11496579758108,-1.06398704194853,-0.233771624759987));
#109=CARTESIAN_POINT('',(3.09093103767607,-0.791566055931367,-0.536964416506658));
#110=CARTESIAN_POINT('',(3.04286151786606,-0.415316055931367,-0.7246));
#111=CARTESIAN_POINT('',(3.04286151786606,0.,-0.7246));
#112=CARTESIAN_POINT('',(4.752,-1.505,0.9504));
#113=CARTESIAN_POINT('',(4.752,-1.505,0.488171166986685));
#114=CARTESIAN_POINT('',(4.752,-1.33640802796568,0.0694211669866847));
#115=CARTESIAN_POINT('',(5.60656924106697,-1.505,0.9504));
#116=CARTESIAN_POINT('',(5.60656924106697,-1.505,0.488171166986685));
#117=CARTESIAN_POINT('',(5.60656924106697,-1.33640802796568,0.0694211669866847));
#118=CARTESIAN_POINT('',(8.43932286594825,-1.505,0.9504));
#119=CARTESIAN_POINT('',(8.43932286594825,-1.505,0.488171166986685));
#120=CARTESIAN_POINT('',(8.43932286594825,-1.33640802796568,0.0694211669866847));
#121=CARTESIAN_POINT('',(11.5507773681221,-1.505,0.9504));
#122=CARTESIAN_POINT('',(11.5507773681221,-1.505,0.488171166986685));
#123=CARTESIAN_POINT('',(11.5507773681221,-1.33640802796568,0.0694211669866847));
#124=CARTESIAN_POINT('',(4.752,-1.06398704194853,-0.233771624759987));
#125=CARTESIAN_POINT('',(4.752,-0.791566055931367,-0.536964416506658));
#126=CARTESIAN_POINT('',(4.752,-0.415316055931367,-0.7246));
#127=CARTESIAN_POINT('',(4.752,0.,-0.7246));
#128=CARTESIAN_POINT('',(5.60656924106697,-1.06398704194853,-0.233771624759987));
#129=CARTESIAN_POINT('',(5.60656924106697,-0.791566055931367,-0.536964416506658));
#130=CARTESIAN_POINT('',(5.60656924106697,-0.415316055931367,-0.7246));
#131=CARTESIAN_POINT('',(5.60656924106697,0.,-0.7246));
#132=CARTESIAN_POINT('',(8.43932286594825,-1.06398704194853,-0.233771624759987));
#133=CARTESIAN_POINT('',(8.43932286594825,-0.791566055931367,-0.536964416506658));
#134=CARTESIAN_POINT('',(8.43932286594825,-0.415316055931367,-0.7246));
#135=CARTESIAN_POINT('',(8.43932286594825,0.,-0.7246));
#136=CARTESIAN_POINT('',(11.5507773681221,-1.06398704194853,-0.233771624759987));
#137=CARTESIAN_POINT('',(11.5507773681221,-0.791566055931367,-0.536964416506658));
#138=CARTESIAN_POINT('',(11.5507773681221,-0.415316055931367,-0.7246));
#139=CARTESIAN_POINT('',(11.5507773681221,0.,-0.7246));
#140=B_SPLINE_SURFACE_WITH_KNOTS('Surf_XYDWLBTLUM, Fuselage, 0, 2',3,3,((#141, #141, #141, #141, #141, #141, #141),(#142, #143, #144, #148, #149, #150, #151),(#145, #146, #147, #152, #153, #154, #155),(#156, #157, #158, #168, #169, #170, #171),(#159, #160, #161, #172, #173, #174, #175),(#162, #163, #164, #176, #177, #178, #179),(#165, #166, #167, #180, #181, #182, #183)),.UNSPECIFIED.,.F.,.F.,.F.,(4,3,4),(4,3,4),(0.,1.,2.),(0.,1.,2.),.PIECEWISE_BEZIER_KNOTS.);
#141=CARTESIAN_POINT('',(0.,4.1086505480261E-33,0.));
#142=CARTESIAN_POINT('',(1.04654548572245E-17,-3.23815048849004E-17,0.170913848213394));
#143=CARTESIAN_POINT('',(1.04654548572245E-17,-0.235006541293417,0.170913848213394));
#144=CARTESIAN_POINT('',(4.00052141770328E-18,-0.470013082586834,0.176254905970063));
#145=CARTESIAN_POINT('',(2.27374920090579,0.,2.6254));
#146=CARTESIAN_POINT('',(2.27374920090579,-0.415316055931367,2.6254));
#147=CARTESIAN_POINT('',(2.41795776033584,-0.791566055931367,2.43776441650666));
#148=CARTESIAN_POINT('',(6.65487305513145E-18,-0.646267988556897,0.157561203821723));
#149=CARTESIAN_POINT('',(9.30922469255961E-18,-0.822522894526959,0.138867501673383));
#150=CARTESIAN_POINT('',(2.10828614069372E-17,-0.940026165173668,0.096139039620034));
#151=CARTESIAN_POINT('',(5.75600017147347E-17,-0.940026165173668,-1.11022302462516E-16));
#152=CARTESIAN_POINT('',(2.5862010796709,-1.06398704194853,2.13457162475999));
#153=CARTESIAN_POINT('',(2.75444439900596,-1.33640802796568,1.83137883301332));
#154=CARTESIAN_POINT('',(2.94672247824603,-1.505,1.41262883301332));
#155=CARTESIAN_POINT('',(3.04286151786606,-1.505,0.9504));
#156=CARTESIAN_POINT('',(4.752,0.,2.6254));
#157=CARTESIAN_POINT('',(4.752,-0.415316055931367,2.6254));
#158=CARTESIAN_POINT('',(4.752,-0.791566055931367,2.43776441650666));
#159=CARTESIAN_POINT('',(5.60656924106697,0.,2.6254));
#160=CARTESIAN_POINT('',(5.60656924106697,-0.415316055931367,2.6254));
#161=CARTESIAN_POINT('',(5.60656924106697,-0.791566055931367,2.43776441650666));
#162=CARTESIAN_POINT('',(8.43932286594825,0.,2.6254));
#163=CARTESIAN_POINT('',(8.43932286594825,-0.415316055931367,2.6254));
#164=CARTESIAN_POINT('',(8.43932286594825,-0.791566055931367,2.43776441650666));
#165=CARTESIAN_POINT('',(11.5507773681221,0.,2.6254));
#166=CARTESIAN_POINT('',(11.5507773681221,-0.415316055931367,2.6254));
#167=CARTESIAN_POINT('',(11.5507773681221,-0.791566055931367,2.43776441650666));
#168=CARTESIAN_POINT('',(4.752,-1.06398704194853,2.13457162475999));
#169=CARTESIAN_POINT('',(4.752,-1.33640802796568,1.83137883301332));
#170=CARTESIAN_POINT('',(4.752,-1.505,1.41262883301332));
#171=CARTESIAN_POINT('',(4.752,-1.505,0.9504));
#172=CARTESIAN_POINT('',(5.60656924106697,-1.06398704194853,2.13457162475999));
#173=CARTESIAN_POINT('',(5.60656924106697,-1.33640802796568,1.83137883301332));
#174=CARTESIAN_POINT('',(5.60656924106697,-1.505,1.41262883301332));
#175=CARTESIAN_POINT('',(5.60656924106697,-1.505,0.9504));
#176=CARTESIAN_POINT('',(8.43932286594825,-1.06398704194853,2.13457162475999));
#177=CARTESIAN_POINT('',(8.43932286594825,-1.33640802796568,1.83137883301332));
#178=CARTESIAN_POINT('',(8.43932286594825,-1.505,1.41262883301332));
#179=CARTESIAN_POINT('',(8.43932286594825,-1.505,0.9504));
#180=CARTESIAN_POINT('',(11.5507773681221,-1.06398704194853,2.13457162475999));
#181=CARTESIAN_POINT('',(11.5507773681221,-1.33640802796568,1.83137883301332));
#182=CARTESIAN_POINT('',(11.5507773681221,-1.505,1.41262883301332));
#183=CARTESIAN_POINT('',(11.5507773681221,-1.505,0.9504));
#184=B_SPLINE_SURFACE_WITH_KNOTS('Surf_XYDWLBTLUM, Fuselage, 0, 3',3,3,((#185, #185, #185, #185, #185, #185, #185),(#186, #187, #188, #192, #193, #194, #195),(#189, #190, #191, #196, #197, #198, #199),(#200, #201, #202, #212, #213, #214, #215),(#203, #204, #205, #216, #217, #218, #219),(#206, #207, #208, #220, #221, #222, #223),(#209, #210, #211, #224, #225, #226, #227)),.UNSPECIFIED.,.F.,.F.,.F.,(4,3,4),(4,3,4),(0.,1.,2.),(0.,1.,2.),.PIECEWISE_BEZIER_KNOTS.);
#185=CARTESIAN_POINT('',(-8.21730109605221E-33,0.,0.));
#186=CARTESIAN_POINT('',(5.75600017147347E-17,0.940026165173667,0.));
#187=CARTESIAN_POINT('',(2.10828614069371E-17,0.940026165173667,0.0961390396200341));
#188=CARTESIAN_POINT('',(9.30922469255958E-18,0.822522894526959,0.138867501673383));
#189=CARTESIAN_POINT('',(3.04286151786606,1.505,0.9504));
#190=CARTESIAN_POINT('',(2.94672247824602,1.505,1.41262883301332));
#191=CARTESIAN_POINT('',(2.75444439900596,1.33640802796568,1.83137883301332));
#192=CARTESIAN_POINT('',(6.65487305513142E-18,0.646267988556896,0.157561203821723));
#193=CARTESIAN_POINT('',(4.00052141770326E-18,0.470013082586834,0.176254905970063));
#194=CARTESIAN_POINT('',(1.04654548572245E-17,0.235006541293417,0.170913848213394));
#195=CARTESIAN_POINT('',(1.04654548572245E-17,-3.23815048849004E-17,0.170913848213394));
#196=CARTESIAN_POINT('',(2.5862010796709,1.06398704194853,2.13457162475999));
#197=CARTESIAN_POINT('',(2.41795776033584,0.791566055931367,2.43776441650666));
#198=CARTESIAN_POINT('',(2.27374920090579,0.415316055931367,2.6254));
#199=CARTESIAN_POINT('',(2.27374920090579,0.,2.6254));
#200=CARTESIAN_POINT('',(4.752,1.505,0.9504));
#201=CARTESIAN_POINT('',(4.752,1.505,1.41262883301332));
#202=CARTESIAN_POINT('',(4.752,1.33640802796568,1.83137883301332));
#203=CARTESIAN_POINT('',(5.60656924106697,1.505,0.9504));
#204=CARTESIAN_POINT('',(5.60656924106697,1.505,1.41262883301332));
#205=CARTESIAN_POINT('',(5.60656924106697,1.33640802796568,1.83137883301332));
#206=CARTESIAN_POINT('',(8.43932286594825,1.505,0.9504));
#207=CARTESIAN_POINT('',(8.43932286594825,1.505,1.41262883301332));
#208=CARTESIAN_POINT('',(8.43932286594825,1.33640802796568,1.83137883301332));
#209=CARTESIAN_POINT('',(11.5507773681221,1.505,0.9504));
#210=CARTESIAN_POINT('',(11.5507773681221,1.505,1.41262883301332));
#211=CARTESIAN_POINT('',(11.5507773681221,1.33640802796568,1.83137883301332));
#212=CARTESIAN_POINT('',(4.752,1.06398704194853,2.13457162475999));
#213=CARTESIAN_POINT('',(4.752,0.791566055931367,2.43776441650666));
#214=CARTESIAN_POINT('',(4.752,0.415316055931367,2.6254));
#215=CARTESIAN_POINT('',(4.752,0.,2.6254));
#216=CARTESIAN_POINT('',(5.60656924106697,1.06398704194853,2.13457162475999));
#217=CARTESIAN_POINT('',(5.60656924106697,0.791566055931367,2.43776441650666));
#218=CARTESIAN_POINT('',(5.60656924106697,0.415316055931367,2.6254));
#219=CARTESIAN_POINT('',(5.60656924106697,0.,2.6254));
#220=CARTESIAN_POINT('',(8.43932286594825,1.06398704194853,2.13457162475999));
#221=CARTESIAN_POINT('',(8.43932286594825,0.791566055931367,2.43776441650666));
#222=CARTESIAN_POINT('',(8.43932286594825,0.415316055931367,2.6254));
#223=CARTESIAN_POINT('',(8.43932286594825,0.,2.6254));
#224=CARTESIAN_POINT('',(11.5507773681221,1.06398704194853,2.13457162475999));
#225=CARTESIAN_POINT('',(11.5507773681221,0.791566055931367,2.43776441650666));
#226=CARTESIAN_POINT('',(11.5507773681221,0.415316055931367,2.6254));
#227=CARTESIAN_POINT('',(11.5507773681221,0.,2.6254));
#228=B_SPLINE_SURFACE_WITH_KNOTS('Surf_XYDWLBTLUM, Fuselage, 0, 4',3,3,((#229, #230, #231, #238, #239, #240, #241),(#232, #233, #234, #242, #243, #244, #245),(#235, #236, #237, #246, #247, #248, #249),(#250, #251, #252, #260, #261, #262, #263),(#253, #254, #255, #264, #265, #266, #267),(#256, #257, #258, #268, #269, #270, #271),(#259, #259, #259, #259, #259, #259, #259)),.UNSPECIFIED.,.F.,.F.,.F.,(4,3,4),(4,3,4),(0.,1.,2.),(0.,1.,2.),.PIECEWISE_BEZIER_KNOTS.);
#229=CARTESIAN_POINT('',(11.5507773681221,0.,-0.7246));
#230=CARTESIAN_POINT('',(11.5507773681221,0.415316055931367,-0.7246));
#231=CARTESIAN_POINT('',(11.5507773681221,0.791566055931367,-0.536964416506658));
#232=CARTESIAN_POINT('',(14.662231870296,0.,-0.7246));
#233=CARTESIAN_POINT('',(14.662231870296,0.415316055931367,-0.7246));
#234=CARTESIAN_POINT('',(14.662231870296,0.791566055931367,-0.536964416506658));
#235=CARTESIAN_POINT('',(18.0523872497626,0.,-0.7246));
#236=CARTESIAN_POINT('',(18.0523872497626,0.415316055931367,-0.7246));
#237=CARTESIAN_POINT('',(18.0523872497626,0.791566055931367,-0.536964416506658));
#238=CARTESIAN_POINT('',(11.5507773681221,1.06398704194853,-0.233771624759987));
#239=CARTESIAN_POINT('',(11.5507773681221,1.33640802796568,0.0694211669866847));
#240=CARTESIAN_POINT('',(11.5507773681221,1.505,0.488171166986685));
#241=CARTESIAN_POINT('',(11.5507773681221,1.505,0.9504));
#242=CARTESIAN_POINT('',(14.662231870296,1.06398704194853,-0.233771624759987));
#243=CARTESIAN_POINT('',(14.662231870296,1.33640802796568,0.0694211669866847));
#244=CARTESIAN_POINT('',(14.662231870296,1.505,0.488171166986685));
#245=CARTESIAN_POINT('',(14.662231870296,1.505,0.9504));
#246=CARTESIAN_POINT('',(18.0523872497626,1.06398704194853,-0.233771624759987));
#247=CARTESIAN_POINT('',(18.0523872497626,1.33640802796568,0.0694211669866847));
#248=CARTESIAN_POINT('',(18.0523872497626,1.505,0.488171166986685));
#249=CARTESIAN_POINT('',(18.0523872497626,1.505,0.9504));
#250=CARTESIAN_POINT('',(20.02176,0.,-0.7246));
#251=CARTESIAN_POINT('',(20.02176,0.415316055931367,-0.7246));
#252=CARTESIAN_POINT('',(20.02176,0.791566055931367,-0.536964416506658));
#253=CARTESIAN_POINT('',(23.9605055004749,0.,-0.7246));
#254=CARTESIAN_POINT('',(23.9605055004749,0.415316055931367,-0.7246));
#255=CARTESIAN_POINT('',(23.9605055004749,0.791566055931367,-0.536964416506658));
#256=CARTESIAN_POINT('',(31.68,-1.48029736616688E-16,1.11305089990502));
#257=CARTESIAN_POINT('',(31.68,0.174069603297112,1.11305089990502));
#258=CARTESIAN_POINT('',(31.5059303967029,0.348139206594224,1.2115195374169));
#259=CARTESIAN_POINT('',(31.68,0.,1.9008));
#260=CARTESIAN_POINT('',(20.02176,1.06398704194853,-0.233771624759987));
#261=CARTESIAN_POINT('',(20.02176,1.33640802796568,0.0694211669866847));
#262=CARTESIAN_POINT('',(20.02176,1.505,0.488171166986685));
#263=CARTESIAN_POINT('',(20.02176,1.505,0.9504));
#264=CARTESIAN_POINT('',(23.9605055004749,1.06398704194853,-0.233771624759987));
#265=CARTESIAN_POINT('',(23.9605055004749,1.33640802796568,0.0694211669866847));
#266=CARTESIAN_POINT('',(23.9605055004749,1.505,0.488171166986685));
#267=CARTESIAN_POINT('',(23.9605055004749,1.505,0.9504));
#268=CARTESIAN_POINT('',(31.3318607934058,0.478691409067057,1.3592224936847));
#269=CARTESIAN_POINT('',(31.1577911901087,0.609243611539891,1.50692544995251));
#270=CARTESIAN_POINT('',(30.9837215868116,0.696278413188447,1.70386272497626));
#271=CARTESIAN_POINT('',(30.9837215868116,0.696278413188447,1.9008));
#272=B_SPLINE_SURFACE_WITH_KNOTS('Surf_XYDWLBTLUM, Fuselage, 0, 5',3,3,((#273, #274, #275, #282, #283, #284, #285),(#276, #277, #278, #286, #287, #288, #289),(#279, #280, #281, #290, #291, #292, #293),(#294, #295, #296, #304, #305, #306, #307),(#297, #298, #299, #308, #309, #310, #311),(#300, #301, #302, #312, #313, #314, #315),(#303, #303, #303, #303, #303, #303, #303)),.UNSPECIFIED.,.F.,.F.,.F.,(4,3,4),(4,3,4),(0.,1.,2.),(0.,1.,2.),.PIECEWISE_BEZIER_KNOTS.);
#273=CARTESIAN_POINT('',(11.5507773681221,-1.505,0.9504));
#274=CARTESIAN_POINT('',(11.5507773681221,-1.505,0.488171166986685));
#275=CARTESIAN_POINT('',(11.5507773681221,-1.33640802796568,0.0694211669866847));
#276=CARTESIAN_POINT('',(14.662231870296,-1.505,0.9504));
#277=CARTESIAN_POINT('',(14.662231870296,-1.505,0.488171166986685));
#278=CARTESIAN_POINT('',(14.662231870296,-1.33640802796568,0.0694211669866847));
#279=CARTESIAN_POINT('',(18.0523872497626,-1.505,0.9504));
#280=CARTESIAN_POINT('',(18.0523872497626,-1.505,0.488171166986685));
#281=CARTESIAN_POINT('',(18.0523872497626,-1.33640802796568,0.0694211669866847));
#282=CARTESIAN_POINT('',(11.5507773681221,-1.06398704194853,-0.233771624759987));
#283=CARTESIAN_POINT('',(11.5507773681221,-0.791566055931367,-0.536964416506658));
#284=CARTESIAN_POINT('',(11.5507773681221,-0.415316055931367,-0.7246));
#285=CARTESIAN_POINT('',(11.5507773681221,0.,-0.7246));
#286=CARTESIAN_POINT('',(14.662231870296,-1.06398704194853,-0.233771624759987));
#287=CARTESIAN_POINT('',(14.662231870296,-0.791566055931367,-0.536964416506658));
#288=CARTESIAN_POINT('',(14.662231870296,-0.415316055931367,-0.7246));
#289=CARTESIAN_POINT('',(14.662231870296,0.,-0.7246));
#290=CARTESIAN_POINT('',(18.0523872497626,-1.06398704194853,-0.233771624759987));
#291=CARTESIAN_POINT('',(18.0523872497626,-0.791566055931367,-0.536964416506658));
#292=CARTESIAN_POINT('',(18.0523872497626,-0.415316055931367,-0.7246));
#293=CARTESIAN_POINT('',(18.0523872497626,0.,-0.7246));
#294=CARTESIAN_POINT('',(20.02176,-1.505,0.9504));
#295=CARTESIAN_POINT('',(20.02176,-1.505,0.488171166986685));
#296=CARTESIAN_POINT('',(20.02176,-1.33640802796568,0.0694211669866847));
#297=CARTESIAN_POINT('',(23.9605055004749,-1.505,0.9504));
#298=CARTESIAN_POINT('',(23.9605055004749,-1.505,0.488171166986685));
#299=CARTESIAN_POINT('',(23.9605055004749,-1.33640802796568,0.0694211669866847));
#300=CARTESIAN_POINT('',(30.9837215868116,-0.696278413188447,1.9008));
#301=CARTESIAN_POINT('',(30.9837215868116,-0.696278413188447,1.70386272497626));
#302=CARTESIAN_POINT('',(31.1577911901087,-0.609243611539891,1.50692544995251));
#303=CARTESIAN_POINT('',(31.68,0.,1.9008));
#304=CARTESIAN_POINT('',(20.02176,-1.06398704194853,-0.233771624759987));
#305=CARTESIAN_POINT('',(20.02176,-0.791566055931367,-0.536964416506658));
#306=CARTESIAN_POINT('',(20.02176,-0.415316055931367,-0.7246));
#307=CARTESIAN_POINT('',(20.02176,0.,-0.7246));
#308=CARTESIAN_POINT('',(23.9605055004749,-1.06398704194853,-0.233771624759987));
#309=CARTESIAN_POINT('',(23.9605055004749,-0.791566055931367,-0.536964416506658));
#310=CARTESIAN_POINT('',(23.9605055004749,-0.415316055931367,-0.7246));
#311=CARTESIAN_POINT('',(23.9605055004749,0.,-0.7246));
#312=CARTESIAN_POINT('',(31.3318607934058,-0.478691409067058,1.3592224936847));
#313=CARTESIAN_POINT('',(31.5059303967029,-0.348139206594224,1.2115195374169));
#314=CARTESIAN_POINT('',(31.68,-0.174069603297112,1.11305089990502));
#315=CARTESIAN_POINT('',(31.68,-1.48029736616688E-16,1.11305089990502));
#316=B_SPLINE_SURFACE_WITH_KNOTS('Surf_XYDWLBTLUM, Fuselage, 0, 6',3,3,((#317, #318, #319, #326, #327, #328, #329),(#320, #321, #322, #330, #331, #332, #333),(#323, #324, #325, #334, #335, #336, #337),(#338, #339, #340, #348, #349, #350, #351),(#341, #342, #343, #352, #353, #354, #355),(#344, #345, #346, #356, #357, #358, #359),(#347, #347, #347, #347, #347, #347, #347)),.UNSPECIFIED.,.F.,.F.,.F.,(4,3,4),(4,3,4),(0.,1.,2.),(0.,1.,2.),.PIECEWISE_BEZIER_KNOTS.);
#317=CARTESIAN_POINT('',(11.5507773681221,0.,2.6254));
#318=CARTESIAN_POINT('',(11.5507773681221,-0.415316055931367,2.6254));
#319=CARTESIAN_POINT('',(11.5507773681221,-0.791566055931367,2.43776441650666));
#320=CARTESIAN_POINT('',(14.662231870296,0.,2.6254));
#321=CARTESIAN_POINT('',(14.662231870296,-0.415316055931367,2.6254));
#322=CARTESIAN_POINT('',(14.662231870296,-0.791566055931367,2.43776441650666));
#323=CARTESIAN_POINT('',(18.0523872497626,0.,2.6254));
#324=CARTESIAN_POINT('',(18.0523872497626,-0.415316055931367,2.6254));
#325=CARTESIAN_POINT('',(18.0523872497626,-0.791566055931367,2.43776441650666));
#326=CARTESIAN_POINT('',(11.5507773681221,-1.06398704194853,2.13457162475999));
#327=CARTESIAN_POINT('',(11.5507773681221,-1.33640802796568,1.83137883301332));
#328=CARTESIAN_POINT('',(11.5507773681221,-1.505,1.41262883301332));
#329=CARTESIAN_POINT('',(11.5507773681221,-1.505,0.9504));
#330=CARTESIAN_POINT('',(14.662231870296,-1.06398704194853,2.13457162475999));
#331=CARTESIAN_POINT('',(14.662231870296,-1.33640802796568,1.83137883301332));
#332=CARTESIAN_POINT('',(14.662231870296,-1.505,1.41262883301332));
#333=CARTESIAN_POINT('',(14.662231870296,-1.505,0.9504));
#334=CARTESIAN_POINT('',(18.0523872497626,-1.06398704194853,2.13457162475999));
#335=CARTESIAN_POINT('',(18.0523872497626,-1.33640802796568,1.83137883301332));
#336=CARTESIAN_POINT('',(18.0523872497626,-1.505,1.41262883301332));
#337=CARTESIAN_POINT('',(18.0523872497626,-1.505,0.9504));
#338=CARTESIAN_POINT('',(20.02176,0.,2.6254));
#339=CARTESIAN_POINT('',(20.02176,-0.415316055931367,2.6254));
#340=CARTESIAN_POINT('',(20.02176,-0.791566055931367,2.43776441650666));
#341=CARTESIAN_POINT('',(23.9605055004749,0.,2.6254));
#342=CARTESIAN_POINT('',(23.9605055004749,-0.415316055931367,2.6254));
#343=CARTESIAN_POINT('',(23.9605055004749,-0.791566055931367,2.43776441650666));
#344=CARTESIAN_POINT('',(31.68,-1.66533453693773E-16,2.68854910009498));
#345=CARTESIAN_POINT('',(31.68,-0.174069603297112,2.68854910009498));
#346=CARTESIAN_POINT('',(31.5059303967029,-0.348139206594224,2.5900804625831));
#347=CARTESIAN_POINT('',(31.68,0.,1.9008));
#348=CARTESIAN_POINT('',(20.02176,-1.06398704194853,2.13457162475999));
#349=CARTESIAN_POINT('',(20.02176,-1.33640802796568,1.83137883301332));
#350=CARTESIAN_POINT('',(20.02176,-1.505,1.41262883301332));
#351=CARTESIAN_POINT('',(20.02176,-1.505,0.9504));
#352=CARTESIAN_POINT('',(23.9605055004749,-1.06398704194853,2.13457162475999));
#353=CARTESIAN_POINT('',(23.9605055004749,-1.33640802796568,1.83137883301332));
#354=CARTESIAN_POINT('',(23.9605055004749,-1.505,1.41262883301332));
#355=CARTESIAN_POINT('',(23.9605055004749,-1.505,0.9504));
#356=CARTESIAN_POINT('',(31.3318607934058,-0.478691409067058,2.4423775063153));
#357=CARTESIAN_POINT('',(31.1577911901087,-0.609243611539891,2.29467455004749));
#358=CARTESIAN_POINT('',(30.9837215868116,-0.696278413188447,2.09773727502374));
#359=CARTESIAN_POINT('',(30.9837215868116,-0.696278413188447,1.9008));
#360=B_SPLINE_SURFACE_WITH_KNOTS('Surf_XYDWLBTLUM, Fuselage, 0, 7',3,3,((#361, #362, #363, #370, #371, #372, #373),(#364, #365, #366, #374, #375, #376, #377),(#367, #368, #369, #378, #379, #380, #381),(#382, #383, #384, #392, #393, #394, #395),(#385, #386, #387, #396, #397, #398, #399),(#388, #389, #390, #400, #401, #402, #403),(#391, #391, #391, #391, #391, #391, #391)),.UNSPECIFIED.,.F.,.F.,.F.,(4,3,4),(4,3,4),(0.,1.,2.),(0.,1.,2.),.PIECEWISE_BEZIER_KNOTS.);
#361=CARTESIAN_POINT('',(11.5507773681221,1.505,0.9504));
#362=CARTESIAN_POINT('',(11.5507773681221,1.505,1.41262883301332));
#363=CARTESIAN_POINT('',(11.5507773681221,1.33640802796568,1.83137883301332));
#364=CARTESIAN_POINT('',(14.662231870296,1.505,0.9504));
#365=CARTESIAN_POINT('',(14.662231870296,1.505,1.41262883301332));
#366=CARTESIAN_POINT('',(14.662231870296,1.33640802796568,1.83137883301332));
#367=CARTESIAN_POINT('',(18.0523872497626,1.505,0.9504));
#368=CARTESIAN_POINT('',(18.0523872497626,1.505,1.41262883301332));
#369=CARTESIAN_POINT('',(18.0523872497626,1.33640802796568,1.83137883301332));
#370=CARTESIAN_POINT('',(11.5507773681221,1.06398704194853,2.13457162475999));
#371=CARTESIAN_POINT('',(11.5507773681221,0.791566055931367,2.43776441650666));
#372=CARTESIAN_POINT('',(11.5507773681221,0.415316055931367,2.6254));
#373=CARTESIAN_POINT('',(11.5507773681221,0.,2.6254));
#374=CARTESIAN_POINT('',(14.662231870296,1.06398704194853,2.13457162475999));
#375=CARTESIAN_POINT('',(14.662231870296,0.791566055931367,2.43776441650666));
#376=CARTESIAN_POINT('',(14.662231870296,0.415316055931367,2.6254));
#377=CARTESIAN_POINT('',(14.662231870296,0.,2.6254));
#378=CARTESIAN_POINT('',(18.0523872497626,1.06398704194853,2.13457162475999));
#379=CARTESIAN_POINT('',(18.0523872497626,0.791566055931367,2.43776441650666));
#380=CARTESIAN_POINT('',(18.0523872497626,0.415316055931367,2.6254));
#381=CARTESIAN_POINT('',(18.0523872497626,0.,2.6254));
#382=CARTESIAN_POINT('',(20.02176,1.505,0.9504));
#383=CARTESIAN_POINT('',(20.02176,1.505,1.41262883301332));
#384=CARTESIAN_POINT('',(20.02176,1.33640802796568,1.83137883301332));
#385=CARTESIAN_POINT('',(23.9605055004749,1.505,0.9504));
#386=CARTESIAN_POINT('',(23.9605055004749,1.505,1.41262883301332));
#387=CARTESIAN_POINT('',(23.9605055004749,1.33640802796568,1.83137883301332));
#388=CARTESIAN_POINT('',(30.9837215868116,0.696278413188447,1.9008));
#389=CARTESIAN_POINT('',(30.9837215868116,0.696278413188447,2.09773727502374));
#390=CARTESIAN_POINT('',(31.1577911901087,0.609243611539891,2.29467455004749));
#391=CARTESIAN_POINT('',(31.68,0.,1.9008));
#392=CARTESIAN_POINT('',(20.02176,1.06398704194853,2.13457162475999));
#393=CARTESIAN_POINT('',(20.02176,0.791566055931367,2.43776441650666));
#394=CARTESIAN_POINT('',(20.02176,0.415316055931367,2.6254));
#395=CARTESIAN_POINT('',(20.02176,0.,2.6254));
#396=CARTESIAN_POINT('',(23.9605055004749,1.06398704194853,2.13457162475999));
#397=CARTESIAN_POINT('',(23.9605055004749,0.791566055931367,2.43776441650666));
#398=CARTESIAN_POINT('',(23.9605055004749,0.415316055931367,2.6254));
#399=CARTESIAN_POINT('',(23.9605055004749,0.,2.6254));
#400=CARTESIAN_POINT('',(31.3318607934058,0.478691409067057,2.4423775063153));
#401=CARTESIAN_POINT('',(31.5059303967029,0.348139206594223,2.5900804625831));
#402=CARTESIAN_POINT('',(31.68,0.174069603297112,2.68854910009498));
#403=CARTESIAN_POINT('',(31.68,-1.66533453693773E-16,2.68854910009498));
#404=GEOMETRIC_SET('XYDWLBTLUM, Fuselage, 0',(#52,#96,#140,#184,#228,#272,#316,#360));
#405=GEOMETRICALLY_BOUNDED_SURFACE_SHAPE_REPRESENTATION('',(#404),#12);
#406=SHAPE_REPRESENTATION_RELATIONSHIP('','',#26,#405);
#407=B_SPLINE_SURFACE_WITH_KNOTS('Surf_OTGQOZDGCY, Wing, 0, 1, lower',1,3,((#408, #409, #410, #414, #415, #416, #420, #421, #422, #426, #427, #428, #432, #433, #434, #438, #439, #440, #444, #445, #446, #450, #451, #452, #456, #457, #458, #462, #463, #464, #468, #469, #470, #474, #475, #476, #480, #481, #482, #486, #487, #488, #492, #493, #494, #498, #499, #500, #504, #505, #506, #510, #511, #512, #516, #517, #518, #522, #523, #524, #528, #529, #530, #534, #535, #536, #540, #541, #542, #546, #547, #548, #552, #553, #554, #558, #559, #560, #564, #565, #566, #570, #571, #572, #576, #577, #578, #582, #583, #584, #588, #589, #590, #594, #595, #596, #600, #601, #602, #606, #607, #608, #612, #613, #614, #618, #619, #620, #624, #625, #626, #630, #631, #632, #636, #637, #638, #642, #643, #644, #648, #649, #650, #654, #655, #656, #660, #661, #662, #666, #667, #668, #672, #673, #674, #678, #679, #680, #684, #685, #686, #690, #691, #692, #696, #697, #698, #702, #703, #704, #708, #709, #710, #714, #715, #716, #720, #721, #722, #726, #727, #728, #732, #733, #734, #738, #739, #740, #744, #745, #746, #750, #751, #752, #756, #757, #758, #762, #763, #764, #768, #769, #770, #774, #775, #776, #780, #781, #782, #786, #787, #788, #792, #793, #794, #798, #799, #800, #804, #805, #806, #810, #811, #812, #816, #817, #818, #822, #823, #824, #828, #829, #830, #834, #835, #836, #840, #841, #842, #846, #847, #848, #852, #853, #854, #858, #859, #860, #864, #865, #866, #870, #871, #872, #876, #877, #878, #882, #883, #884, #888, #889, #890, #894, #895, #896, #900, #901, #902, #906, #907, #908, #912, #913, #914, #915),(#411, #412, #413, #417, #418, #419, #423, #424, #425, #429, #430, #431, #435, #436, #437, #441, #442, #443, #447, #448, #449, #453, #454, #455, #459, #460, #461, #465, #466, #467, #471, #472, #473, #477, #478, #479, #483, #484, #485, #489, #490, #491, #495, #496, #497, #501, #502, #503, #507, #508, #509, #513, #514, #515, #519, #520, #521, #525, #526, #527, #531, #532, #533, #537, #538, #539, #543, #544, #545, #549, #550, #551, #555, #556, #557, #561, #562, #563, #567, #568, #569, #573, #574, #575, #579, #580, #581, #585, #586, #587, #591, #592, #593, #597, #598, #599, #603, #604, #605, #609, #610, #611, #615, #616, #617, #621, #622, #623, #627, #628, #629, #633, #634, #635, #639, #640, #641, #645, #646, #647, #651, #652, #653, #657, #658, #659, #663, #664, #665, #669, #670, #671, #675, #676, #677, #681, #682, #683, #687, #688, #689, #693, #694, #695, #699, #700, #701, #705, #706, #707, #711, #712, #713, #717, #718, #719, #723, #724, #725, #729, #730, #731, #735, #736, #737, #741, #742, #743, #747, #748, #749, #753, #754, #755, #759, #760, #761, #765, #766, #767, #771, #772, #773, #777, #778, #779, #783, #784, #785, #789, #790, #791, #795, #796, #797, #801, #802, #803, #807, #808, #809, #813, #814, #815, #819, #820, #821, #825, #826, #827, #831, #832, #833, #837, #838, #839, #843, #844, #845, #849, #850, #851, #855, #856, #857, #861, #862, #863, #867, #868, #869, #873, #874, #875, #879, #880, #881, #885, #886, #887, #891, #892, #893, #897, #898, #899, #903, #904, #905, #909, #910, #911, #916, #917, #918, #919)),.UNSPECIFIED.,.F.,.F.,.F.,(2,2),(4,3,3,3,3,3,3,3,3,3,3,3,3,3,3,3,3,3,3,3,3,3,3,3,3,3,3,3,3,3,3,3,3,3,3,3,3,3,3,3,3,3,3,3,3,3,3,3,3,3,3,3,3,3,3,3,3,3,3,3,3,3,3,3,3,3,3,3,3,3,3,3,3,3,3,3,3,3,3,3,3,3,3,3,3,4),(0.,1.),(0.,1.,2.,3.,4.,5.,6.,7.,8.,9.,10.,11.,12.,13.,14.,15.,16.,17.,18.,19.,20.,21.,22.,23.,24.,25.,26.,27.,28.,29.,30.,31.,32.,33.,34.,35.,36.,37.,38.,39.,40.,41.,42.,43.,44.,45.,46.,47.,48.,49.,50.,51.,52.,53.,54.,55.,56.,57.,58.,59.,60.,61.,62.,63.,64.,65.,66.,67.,68.,69.,70.,71.,72.,73.,74.,75.,76.,77.,78.,79.,80.,81.,82.,83.,84.,85.),.PIECEWISE_BEZIER_KNOTS.);
#408=CARTESIAN_POINT('',(16.3283358356144,0.,-0.00921355952698363));
#409=CARTESIAN_POINT('',(16.2711708610734,0.,-0.0119474811291719));
#410=CARTESIAN_POINT('',(16.214005886528,0.,-0.0146814026380634));
#411=CARTESIAN_POINT('',(16.4213593066177,4.86347614304248,0.622978796326435));
#412=CARTESIAN_POINT('',(16.390828308094,4.86347614304248,0.620984061999588));
#413=CARTESIAN_POINT('',(16.360297309567,4.86347614304248,0.61898932772257));
#414=CARTESIAN_POINT('',(16.1568409119782,0.,-0.0174153240536581));
#415=CARTESIAN_POINT('',(16.0996759374284,0.,-0.0201492454692528));
#416=CARTESIAN_POINT('',(16.0425107442681,0.,-0.0228784590126725));
#417=CARTESIAN_POINT('',(16.3297663110368,4.86347614304248,0.616994593495381));
#418=CARTESIAN_POINT('',(16.2992353125066,4.86347614304248,0.614999859268192));
#419=CARTESIAN_POINT('',(16.2687041531963,4.86347614304248,0.613007639509521));
#420=CARTESIAN_POINT('',(15.9853466002303,0.,-0.0256302658791039));
#421=CARTESIAN_POINT('',(15.9281824561926,0.,-0.0283820727455354));
#422=CARTESIAN_POINT('',(15.8710186987396,0.,-0.031142204889042));
#423=CARTESIAN_POINT('',(16.2381737654778,4.86347614304248,0.611003352685872));
#424=CARTESIAN_POINT('',(16.2076433777593,4.86347614304248,0.608999065862222));
#425=CARTESIAN_POINT('',(16.17711327436,4.86347614304248,0.606990332518714));
#426=CARTESIAN_POINT('',(15.8138522124822,0.,-0.0338435710176287));
#427=CARTESIAN_POINT('',(15.7566857262248,0.,-0.0365449371462155));
#428=CARTESIAN_POINT('',(15.6995157429411,0.,-0.0391709932827032));
#429=CARTESIAN_POINT('',(16.1465811640235,4.86347614304248,0.605012986028752));
#430=CARTESIAN_POINT('',(16.116049053687,4.86347614304248,0.60303563953879));
#431=CARTESIAN_POINT('',(16.085514371414,4.86347614304248,0.601098516019455));
#432=CARTESIAN_POINT('',(15.6423448111825,0.,-0.0417766235830329));
#433=CARTESIAN_POINT('',(15.6137593453031,0.,-0.0430794387331977));
#434=CARTESIAN_POINT('',(15.5851736862256,0.,-0.0443780932698964));
#435=CARTESIAN_POINT('',(16.0549789915718,4.86347614304248,0.599172301913138));
#436=CARTESIAN_POINT('',(16.0397113016507,4.86347614304248,0.598209194859981));
#437=CARTESIAN_POINT('',(16.0244434696393,4.86347614304248,0.597248309985165));
#438=CARTESIAN_POINT('',(15.5565882234218,0.,-0.0456809746319823));
#439=CARTESIAN_POINT('',(15.5280027606179,0.,-0.0469838559940683));
#440=CARTESIAN_POINT('',(15.4994178245467,0.,-0.0482980063255472));
#441=CARTESIAN_POINT('',(16.0091757819799,4.86347614304248,0.596285167568313));
#442=CARTESIAN_POINT('',(15.9939080943205,4.86347614304248,0.595322025151461));
#443=CARTESIAN_POINT('',(15.9786407933594,4.86347614304248,0.594352864024699));
#444=CARTESIAN_POINT('',(15.4708321104817,0.,-0.0495957437462123));
#445=CARTESIAN_POINT('',(15.4136606823518,0.,-0.0521912185875424));
#446=CARTESIAN_POINT('',(15.3564872821905,0.,-0.0547451153897747));
#447=CARTESIAN_POINT('',(15.9633729233984,4.86347614304248,0.59339246886468));
#448=CARTESIAN_POINT('',(15.9328371834766,4.86347614304248,0.591471678544643));
#449=CARTESIAN_POINT('',(15.9023000015057,4.86347614304248,0.589573094616384));
#450=CARTESIAN_POINT('',(15.2993182738973,0.,-0.0573916094972266));
#451=CARTESIAN_POINT('',(15.2707337697507,0.,-0.0587148565509525));
#452=CARTESIAN_POINT('',(15.2421502136995,0.,-0.0600580930753499));
#453=CARTESIAN_POINT('',(15.8717660310885,4.86347614304248,0.587625055444985));
#454=CARTESIAN_POINT('',(15.8564990458799,4.86347614304248,0.586651035859286));
#455=CARTESIAN_POINT('',(15.8412327539662,4.86347614304248,0.585666340108334));
#456=CARTESIAN_POINT('',(15.2135689773303,0.,-0.0614502373254226));
#457=CARTESIAN_POINT('',(15.1849877409611,0.,-0.0628423815754953));
#458=CARTESIAN_POINT('',(15.1564086306373,0.,-0.0642793509491534));
#459=CARTESIAN_POINT('',(15.82596815832,4.86347614304248,0.584655523257435));
#460=CARTESIAN_POINT('',(15.8107035626737,4.86347614304248,0.583644706406536));
#461=CARTESIAN_POINT('',(15.7954405216982,4.86347614304248,0.582609948930368));
#462=CARTESIAN_POINT('',(15.1278300559655,0.,-0.0657276139025923));
#463=CARTESIAN_POINT('',(15.0706729066217,0.,-0.0686241398094701));
#464=CARTESIAN_POINT('',(15.0135177596114,0.,-0.0715629303280038));
#465=CARTESIAN_POINT('',(15.7801778724181,4.86347614304248,0.58156915967247));
#466=CARTESIAN_POINT('',(15.7496525738578,4.86347614304248,0.579487581156675));
#467=CARTESIAN_POINT('',(15.71912873995,4.86347614304248,0.577383429536844));
#468=CARTESIAN_POINT('',(14.9563523198654,0.,-0.0742846125406705));
#469=CARTESIAN_POINT('',(14.8991868801194,0.,-0.0770062947533372));
#470=CARTESIAN_POINT('',(14.8420133595894,0.,-0.0795569052160186));
#471=CARTESIAN_POINT('',(15.6885973785622,4.86347614304248,0.575395233214567));
#472=CARTESIAN_POINT('',(15.6580660171745,4.86347614304248,0.573407036892289));
#473=CARTESIAN_POINT('',(15.6275287402002,4.86347614304248,0.571510208494529));
#474=CARTESIAN_POINT('',(14.7848412381111,0.,-0.082137722337719));
#475=CARTESIAN_POINT('',(14.756255177372,0.,-0.0834281308985693));
#476=CARTESIAN_POINT('',(14.7276694663958,0.,-0.0847260911241744));
#477=CARTESIAN_POINT('',(15.5969924929007,4.86347614304248,0.56959724672519));
#478=CARTESIAN_POINT('',(15.5817243692509,4.86347614304248,0.56864076584052));
#479=CARTESIAN_POINT('',(15.5664565030198,4.86347614304248,0.567680251612955));
#480=CARTESIAN_POINT('',(14.6990852901619,0.,-0.0860567628156597));
#481=CARTESIAN_POINT('',(14.6705011139281,0.,-0.0873874345071451));
#482=CARTESIAN_POINT('',(14.6419186637361,0.,-0.0887553780856856));
#483=CARTESIAN_POINT('',(15.5511897623651,4.86347614304248,0.566702266380484));
#484=CARTESIAN_POINT('',(15.5359230217104,4.86347614304248,0.565724281148013));
#485=CARTESIAN_POINT('',(15.5206575514378,4.86347614304248,0.564726389004572));
#486=CARTESIAN_POINT('',(14.613336852932,0.,-0.0901373011658415));
#487=CARTESIAN_POINT('',(14.5561732313238,0.,-0.0929011473261531));
#488=CARTESIAN_POINT('',(14.4990120832986,0.,-0.095718518992837));
#489=CARTESIAN_POINT('',(15.5053925533712,4.86347614304248,0.563721030336183));
#490=CARTESIAN_POINT('',(15.4748625572381,4.86347614304248,0.561710312999404));
#491=CARTESIAN_POINT('',(15.4443343827228,4.86347614304248,0.559671007647178));
#492=CARTESIAN_POINT('',(14.4418441940701,0.,-0.098388094504481));
#493=CARTESIAN_POINT('',(14.4132602494559,0.,-0.0997228822603031));
#494=CARTESIAN_POINT('',(14.3846745163358,0.,-0.101018783476695));
#495=CARTESIAN_POINT('',(15.4138012258377,4.86347614304248,0.557710641168385));
#496=CARTESIAN_POINT('',(15.3985346473951,4.86347614304248,0.556730457928988));
#497=CARTESIAN_POINT('',(15.3832667501163,4.86347614304248,0.555771044101079));
#498=CARTESIAN_POINT('',(14.3560882530444,0.,-0.102304109675424));
#499=CARTESIAN_POINT('',(14.3275019897531,0.,-0.103589435874153));
#500=CARTESIAN_POINT('',(14.2989148927689,0.,-0.104856950127335));
#501=CARTESIAN_POINT('',(15.367998470776,4.86347614304248,0.554817278011606));
#502=CARTESIAN_POINT('',(15.3527301914357,4.86347614304248,0.553863511922133));
#503=CARTESIAN_POINT('',(15.3374613002693,4.86347614304248,0.552919259108516));
#504=CARTESIAN_POINT('',(14.270327028067,0.,-0.106106632117094));
#505=CARTESIAN_POINT('',(14.2417391633652,0.,-0.107356314106853));
#506=CARTESIAN_POINT('',(14.2131505309457,0.,-0.10858816383319));
#507=CARTESIAN_POINT('',(15.322191832353,4.86347614304248,0.551984531046877));
#508=CARTESIAN_POINT('',(15.3069223644368,4.86347614304248,0.551049802985237));
#509=CARTESIAN_POINT('',(15.2916523197707,4.86347614304248,0.550124599675575));
#510=CARTESIAN_POINT('',(14.1845611967837,0.,-0.109802160978227));
#511=CARTESIAN_POINT('',(14.1559718626217,0.,-0.111016158123264));
#512=CARTESIAN_POINT('',(14.1273817590428,0.,-0.11220919012269));
#513=CARTESIAN_POINT('',(15.2763817334311,4.86347614304248,0.549208932594012));
#514=CARTESIAN_POINT('',(15.2611111470915,4.86347614304248,0.548293265512449));
#515=CARTESIAN_POINT('',(15.245839953863,4.86347614304248,0.547388797792716));
#516=CARTESIAN_POINT('',(14.0987916216495,0.,-0.113408374908697));
#517=CARTESIAN_POINT('',(14.041611346863,0.,-0.115806744480709));
#518=CARTESIAN_POINT('',(13.9844297693372,0.,-0.118189217371016));
#519=CARTESIAN_POINT('',(15.2305687999669,4.86347614304248,0.546481040896316));
#520=CARTESIAN_POINT('',(15.2000264921748,4.86347614304248,0.544665527103516));
#521=CARTESIAN_POINT('',(15.1694833397063,4.86347614304248,0.542858498440466));
#522=CARTESIAN_POINT('',(13.9272408489534,0.,-0.120353471073342));
#523=CARTESIAN_POINT('',(13.8986463887615,0.,-0.121435597924505));
#524=CARTESIAN_POINT('',(13.8700497701938,0.,-0.12244523290098));
#525=CARTESIAN_POINT('',(15.138934226197,4.86347614304248,0.541168046400197));
#526=CARTESIAN_POINT('',(15.1236596694423,4.86347614304248,0.540322820380063));
#527=CARTESIAN_POINT('',(15.1083832825965,4.86347614304248,0.539516323446684));
#528=CARTESIAN_POINT('',(13.8414514941389,0.,-0.123428379212246));
#529=CARTESIAN_POINT('',(13.8128532180839,0.,-0.124411525523512));
#530=CARTESIAN_POINT('',(13.7842534030101,0.,-0.125368626535668));
#531=CARTESIAN_POINT('',(15.0931057626238,4.86347614304248,0.538723970087028));
#532=CARTESIAN_POINT('',(15.0778282426512,4.86347614304248,0.537931616727372));
#533=CARTESIAN_POINT('',(15.0625496570136,4.86347614304248,0.537153171053425));
#534=CARTESIAN_POINT('',(13.7556520462115,0.,-0.126274206886076));
#535=CARTESIAN_POINT('',(13.7270506894128,0.,-0.127179787236483));
#536=CARTESIAN_POINT('',(13.6984477908893,0.,-0.128033846925144));
#537=CARTESIAN_POINT('',(15.0472697665719,4.86347614304248,0.536402250435872));
#538=CARTESIAN_POINT('',(15.0319898761303,4.86347614304248,0.535651329818319));
#539=CARTESIAN_POINT('',(15.0167086808847,4.86347614304248,0.53492793425716));
#540=CARTESIAN_POINT('',(13.669843347935,0.,-0.12881091058942));
#541=CARTESIAN_POINT('',(13.6412389049807,0.,-0.129587974253696));
#542=CARTESIAN_POINT('',(13.6126332081259,0.,-0.130273699506531));
#543=CARTESIAN_POINT('',(15.0014259416963,4.86347614304248,0.534245681123082));
#544=CARTESIAN_POINT('',(14.9861432025078,4.86347614304248,0.533563427989003));
#545=CARTESIAN_POINT('',(14.9708589408555,4.86347614304248,0.532929986457231));
#546=CARTESIAN_POINT('',(13.5840252980548,0.,-0.13088972160493));
#547=CARTESIAN_POINT('',(13.5268094779126,0.,-0.13212176580173));
#548=CARTESIAN_POINT('',(13.4695827507429,0.,-0.133191647051988));
#549=CARTESIAN_POINT('',(14.9555728458176,4.86347614304248,0.53233378284039));
#550=CARTESIAN_POINT('',(14.9250006557419,4.86347614304248,0.53114137560671));
#551=CARTESIAN_POINT('',(14.8944211224839,4.86347614304248,0.530035547887563));
#552=CARTESIAN_POINT('',(13.4123554890486,0.,-0.133826122271636));
#553=CARTESIAN_POINT('',(13.3837418582014,0.,-0.134143359881459));
#554=CARTESIAN_POINT('',(13.3551280937231,0.,-0.13435174598363));
#555=CARTESIAN_POINT('',(14.8638372410407,4.86347614304248,0.529162453627102));
#556=CARTESIAN_POINT('',(14.8485453003191,4.86347614304248,0.528725906496872));
#557=CARTESIAN_POINT('',(14.8332522725512,4.86347614304248,0.528347542731313));
#558=CARTESIAN_POINT('',(13.3265154921765,0.,-0.13441712519264));
#559=CARTESIAN_POINT('',(13.2979028906299,0.,-0.134482504401649));
#560=CARTESIAN_POINT('',(13.2692876512618,0.,-0.134443935418401));
#561=CARTESIAN_POINT('',(14.8179585321116,4.86347614304248,0.528045631573445));
#562=CARTESIAN_POINT('',(14.8026647916721,4.86347614304248,0.527743720415577));
#563=CARTESIAN_POINT('',(14.7873686713658,4.86347614304248,0.527497348278689));
#564=CARTESIAN_POINT('',(13.2406717360372,0.,-0.134300954003743));
#565=CARTESIAN_POINT('',(13.1834399055878,0.,-0.134014991174428));
#566=CARTESIAN_POINT('',(13.1262064048189,0.,-0.133300590734335));
#567=CARTESIAN_POINT('',(14.7720712155942,4.86347614304248,0.527306781619156));
#568=CARTESIAN_POINT('',(14.7414763040511,4.86347614304248,0.52692564830009));
#569=CARTESIAN_POINT('',(14.7108765022214,4.86347614304248,0.526773512999189));
#570=CARTESIAN_POINT('',(13.0689932302482,0.,-0.132088239391591));
#571=CARTESIAN_POINT('',(13.0117800556776,0.,-0.130875888048848));
#572=CARTESIAN_POINT('',(12.9545706378487,0.,-0.129210118065405));
#573=CARTESIAN_POINT('',(14.6802829193682,4.86347614304248,0.526887738027622));
#574=CARTESIAN_POINT('',(14.649689336515,4.86347614304248,0.527001963056056));
#575=CARTESIAN_POINT('',(14.6190935312328,4.86347614304248,0.527358589898002));
#576=CARTESIAN_POINT('',(12.8973776021899,0.,-0.1270639240537));
#577=CARTESIAN_POINT('',(12.8687810843605,0.,-0.125990827047848));
#578=CARTESIAN_POINT('',(12.8401898163015,0.,-0.124794464122442));
#579=CARTESIAN_POINT('',(14.5885020002487,4.86347614304248,0.527972171595554));
#580=CARTESIAN_POINT('',(14.5732062347567,4.86347614304248,0.52827896244433));
#581=CARTESIAN_POINT('',(14.5579121253279,4.86347614304248,0.528651691850554));
#582=CARTESIAN_POINT('',(12.8116072132343,0.,-0.123466428975007));
#583=CARTESIAN_POINT('',(12.783024610167,0.,-0.122138393827572));
#584=CARTESIAN_POINT('',(12.7544512838405,0.,-0.120677072214843));
#585=CARTESIAN_POINT('',(14.5426214190743,4.86347614304248,0.529094885116708));
#586=CARTESIAN_POINT('',(14.5273307128206,4.86347614304248,0.529538078382862));
#587=CARTESIAN_POINT('',(14.5120437216802,4.86347614304248,0.530052604081385));
#588=CARTESIAN_POINT('',(12.7258798532952,0.,-0.119098887078128));
#589=CARTESIAN_POINT('',(12.6687369922047,0.,-0.1159425168047));
#590=CARTESIAN_POINT('',(12.6116123376774,0.,-0.11229623073423));
#591=CARTESIAN_POINT('',(14.4967566535248,4.86347614304248,0.530629614758508));
#592=CARTESIAN_POINT('',(14.4661825172139,4.86347614304248,0.531783636112755));
#593=CARTESIAN_POINT('',(14.4356135418367,4.86347614304248,0.533199702998647));
#594=CARTESIAN_POINT('',(12.5545386615845,0.,-0.108096296657316));
#595=CARTESIAN_POINT('',(12.526001823538,0.,-0.105996329618859));
#596=CARTESIAN_POINT('',(12.497477287908,0.,-0.103752759087014));
#597=CARTESIAN_POINT('',(14.4050666503661,4.86347614304248,0.53491218809109));
#598=CARTESIAN_POINT('',(14.3897932046308,4.86347614304248,0.535768430637312));
#599=CARTESIAN_POINT('',(14.3745249950682,4.86347614304248,0.53670154862775));
#600=CARTESIAN_POINT('',(12.4689636775526,0.,-0.101370761365719));
#601=CARTESIAN_POINT('',(12.4404500671971,0.,-0.0989887636444231));
#602=CARTESIAN_POINT('',(12.4119473821162,0.,-0.0964683387336769));
#603=CARTESIAN_POINT('',(14.3592613338483,4.86347614304248,0.537708762313297));
#604=CARTESIAN_POINT('',(14.3439976726285,4.86347614304248,0.538715975998843));
#605=CARTESIAN_POINT('',(14.3287385597513,4.86347614304248,0.539797285379499));
#606=CARTESIAN_POINT('',(12.3834542451678,0.,-0.093814662937418));
#607=CARTESIAN_POINT('',(12.3549611082193,0.,-0.0911609871411589));
#608=CARTESIAN_POINT('',(12.3264796899132,0.,-0.0883764724461551));
#609=CARTESIAN_POINT('',(14.3134833073868,4.86347614304248,0.540949910706155));
#610=CARTESIAN_POINT('',(14.2982280550223,4.86347614304248,0.542102536032811));
#611=CARTESIAN_POINT('',(14.2829778458819,4.86347614304248,0.543325208272902));
#612=CARTESIAN_POINT('',(12.2980126738213,0.,-0.0854704574228488));
#613=CARTESIAN_POINT('',(12.2837791657753,0.,-0.0840174499111956));
#614=CARTESIAN_POINT('',(12.2695496561103,0.,-0.0825356544537849));
#615=CARTESIAN_POINT('',(14.2677342015522,4.86347614304248,0.544612960700419));
#616=CARTESIAN_POINT('',(14.2601123793873,4.86347614304248,0.545256836914178));
#617=CARTESIAN_POINT('',(14.2524924258851,4.86347614304248,0.545916138511526));
#618=CARTESIAN_POINT('',(12.2553237549404,0.,-0.081023338558906));
#619=CARTESIAN_POINT('',(12.2410978537704,0.,-0.0795110226640271));
#620=CARTESIAN_POINT('',(12.2268755610955,0.,-0.07796818633168));
#621=CARTESIAN_POINT('',(14.2448741164743,4.86347614304248,0.546591787926933));
#622=CARTESIAN_POINT('',(14.2372558070634,4.86347614304248,0.547267437342339));
#623=CARTESIAN_POINT('',(14.229639141744,4.86347614304248,0.547959434575804));
#624=CARTESIAN_POINT('',(12.2126564870295,0.,-0.0763930970701537));
#625=CARTESIAN_POINT('',(12.1557801907656,0.,-0.0700927400240488));
#626=CARTESIAN_POINT('',(12.0989519465793,0.,-0.0632641116050564));
#627=CARTESIAN_POINT('',(14.2220238959449,4.86347614304248,0.548668702061794));
#628=CARTESIAN_POINT('',(14.1915629127482,4.86347614304248,0.551505772005755));
#629=CARTESIAN_POINT('',(14.1611226859982,4.86347614304248,0.554625668230428));
#630=CARTESIAN_POINT('',(12.0421870011034,0.,-0.0559828502469655));
#631=CARTESIAN_POINT('',(12.0279957647344,0.,-0.0541625349074428));
#632=CARTESIAN_POINT('',(12.0138087054445,0.,-0.0523149702547368));
#633=CARTESIAN_POINT('',(14.1307120712362,4.86347614304248,0.55798810182984));
#634=CARTESIAN_POINT('',(14.1231094175457,4.86347614304248,0.558828710229693));
#635=CARTESIAN_POINT('',(14.1155087423935,4.86347614304248,0.55968392323213));
#636=CARTESIAN_POINT('',(11.9996257125725,0.,-0.0504394711160157));
#637=CARTESIAN_POINT('',(11.9854427197004,0.,-0.0485639719772945));
#638=CARTESIAN_POINT('',(11.9712637932462,0.,-0.0466605383525581));
#639=CARTESIAN_POINT('',(14.1079099802348,4.86347614304248,0.560554106051438));
#640=CARTESIAN_POINT('',(14.1003112180761,4.86347614304248,0.561424288870745));
#641=CARTESIAN_POINT('',(14.092714368911,4.86347614304248,0.562309441506924));
#642=CARTESIAN_POINT('',(11.9570888225486,0.,-0.0447284850689747));
#643=CARTESIAN_POINT('',(11.9287388811534,0.,-0.0408643785018079));
#644=CARTESIAN_POINT('',(11.9004047627848,0.,-0.0368857932992526));
#645=CARTESIAN_POINT('',(14.0851193671945,4.86347614304248,0.56320992917426));
#646=CARTESIAN_POINT('',(14.0699293637615,4.86347614304248,0.565010904508931));
#647=CARTESIAN_POINT('',(14.0547467501233,4.86347614304248,0.566873219968232));
#648=CARTESIAN_POINT('',(11.872085582153,0.,-0.0327872480786535));
#649=CARTESIAN_POINT('',(11.8437664015211,0.,-0.0286887028580543));
#650=CARTESIAN_POINT('',(11.8154627915492,0.,-0.0244758015456075));
#651=CARTESIAN_POINT('',(14.0395710019212,4.86347614304248,0.568799797266454));
#652=CARTESIAN_POINT('',(14.0243952537191,4.86347614304248,0.570726374564676));
#653=CARTESIAN_POINT('',(14.0092267615571,4.86347614304248,0.572714224129433));
#654=CARTESIAN_POINT('',(11.787175680923,0.,-0.0201577839324509));
#655=CARTESIAN_POINT('',(11.7730321256099,0.,-0.0179987751258726));
#656=CARTESIAN_POINT('',(11.7588926951332,0.,-0.0158134872441168));
#657=CARTESIAN_POINT('',(13.9940661080574,4.86347614304248,0.574758415661816));
#658=CARTESIAN_POINT('',(13.9864857813075,4.86347614304248,0.575780511428007));
#659=CARTESIAN_POINT('',(13.9789074142232,4.86347614304248,0.576816692686105));
#660=CARTESIAN_POINT('',(11.7447575055786,0.,-0.0136030752610757));
#661=CARTESIAN_POINT('',(11.7306223160239,0.,-0.0113926632780347));
#662=CARTESIAN_POINT('',(11.7164913673914,0.,-0.0091571271937084));
#663=CARTESIAN_POINT('',(13.9713310796322,4.86347614304248,0.577866343148745));
#664=CARTESIAN_POINT('',(13.9637547450411,4.86347614304248,0.578915993611386));
#665=CARTESIAN_POINT('',(13.9561804429435,4.86347614304248,0.579979113278569));
#666=CARTESIAN_POINT('',(11.7023647757667,0.,-0.00689762198198912));
#667=CARTESIAN_POINT('',(11.6741115925173,0.,-0.00237861155855051));
#668=CARTESIAN_POINT('',(11.6458788501813,0.,0.00226756196404748));
#669=CARTESIAN_POINT('',(13.9486082461668,4.86347614304248,0.581055085862932));
#670=CARTESIAN_POINT('',(13.9334638526136,4.86347614304248,0.583207031031657));
#671=CARTESIAN_POINT('',(13.9183291989135,4.86347614304248,0.585427139662722));
#672=CARTESIAN_POINT('',(11.6176603929558,0.,0.00700440992318505));
#673=CARTESIAN_POINT('',(11.5894419357303,0.,0.0117412578823226));
#674=CARTESIAN_POINT('',(11.5612378185703,0.,0.0165589634967728));
#675=CARTESIAN_POINT('',(13.903201335043,4.86347614304248,0.587695849963762));
#676=CARTESIAN_POINT('',(13.8880734711725,4.86347614304248,0.589964560264802));
#677=CARTESIAN_POINT('',(13.8729525181001,4.86347614304248,0.592276625365094));
#678=CARTESIAN_POINT('',(11.5330353040679,0.,0.0213891754890001));
#679=CARTESIAN_POINT('',(11.5189340468167,0.,0.0238042814851138));
#680=CARTESIAN_POINT('',(11.5048341925427,0.,0.0262287184662502));
#681=CARTESIAN_POINT('',(13.8578323050113,4.86347614304248,0.594595390477476));
#682=CARTESIAN_POINT('',(13.8502721984669,4.86347614304248,0.595754773033667));
#683=CARTESIAN_POINT('',(13.8427127547979,4.86347614304248,0.596919156389905));
#684=CARTESIAN_POINT('',(11.4907388705549,0.,0.0286784749155023));
#685=CARTESIAN_POINT('',(11.483691209561,0.,0.0299033531401284));
#686=CARTESIAN_POINT('',(11.4766446816387,0.,0.0311345612317834));
#687=CARTESIAN_POINT('',(13.8351554975428,4.86347614304248,0.598097116099017));
#688=CARTESIAN_POINT('',(13.8313768689153,4.86347614304248,0.598686095953572));
#689=CARTESIAN_POINT('',(13.8275987868912,4.86347614304248,0.599278469896346));
#690=CARTESIAN_POINT('',(11.4695996779515,0.,0.032374097750854));
#691=CARTESIAN_POINT('',(11.4625546742643,0.,0.0336136342699243));
#692=CARTESIAN_POINT('',(11.4555111948123,0.,0.0348614992164103));
#693=CARTESIAN_POINT('',(13.8238214419129,4.86347614304248,0.59987530987144));
#694=CARTESIAN_POINT('',(13.8200440969346,4.86347614304248,0.600472149846535));
#695=CARTESIAN_POINT('',(13.8162674890021,4.86347614304248,0.601073455853951));
#696=CARTESIAN_POINT('',(11.448469630759,0.,0.0361196911506984));
#697=CARTESIAN_POINT('',(11.4203033745461,0.,0.0411524588878511));
#698=CARTESIAN_POINT('',(11.3921725857286,0.,0.0463780631240458));
#699=CARTESIAN_POINT('',(13.8124918085577,4.86347614304248,0.60168029983779));
#700=CARTESIAN_POINT('',(13.7973890867802,4.86347614304248,0.604107675773149));
#701=CARTESIAN_POINT('',(13.782303524239,4.86347614304248,0.606638459904505));
#702=CARTESIAN_POINT('',(11.3640652377301,0.,0.0517338752636058));
#703=CARTESIAN_POINT('',(11.3500115637308,0.,0.0544117813333858));
#704=CARTESIAN_POINT('',(11.3359645459243,0.,0.0571242191654761));
#705=CARTESIAN_POINT('',(13.7672292766876,4.86347614304248,0.6092390630334));
#706=CARTESIAN_POINT('',(13.759692152912,4.86347614304248,0.610539364597848));
#707=CARTESIAN_POINT('',(13.7521582648928,4.86347614304248,0.611858186597654));
#708=CARTESIAN_POINT('',(11.3219219225096,0.,0.0598589119856802));
#709=CARTESIAN_POINT('',(11.3078792990948,0.,0.0625936048058841));
#710=CARTESIAN_POINT('',(11.2938410700717,0.,0.0653505526142016));
#711=CARTESIAN_POINT('',(13.744626518171,4.86347614304248,0.613188945601185));
#712=CARTESIAN_POINT('',(13.7370947714492,4.86347614304248,0.614519704604715));
#713=CARTESIAN_POINT('',(13.7295651660248,4.86347614304248,0.615862400611972));
#714=CARTESIAN_POINT('',(11.2798049736393,0.,0.0681174786364361));
#715=CARTESIAN_POINT('',(11.2657688772069,0.,0.0708844046586705));
#716=CARTESIAN_POINT('',(11.2517318639259,0.,0.0736506422438023));
#717=CARTESIAN_POINT('',(13.7220366074386,4.86347614304248,0.617210450191321));
#718=CARTESIAN_POINT('',(13.7145080488525,4.86347614304248,0.61855849977067));
#719=CARTESIAN_POINT('',(13.7069790066047,4.86347614304248,0.619906172803911));
#720=CARTESIAN_POINT('',(11.2377004336963,0.,0.0764447825510998));
#721=CARTESIAN_POINT('',(11.2306847185815,0.,0.0778418527047486));
#722=CARTESIAN_POINT('',(11.2236703992295,0.,0.0792458985389388));
#723=CARTESIAN_POINT('',(13.699452688336,4.86347614304248,0.62126881282586));
#724=CARTESIAN_POINT('',(13.6956895292016,4.86347614304248,0.621950132836835));
#725=CARTESIAN_POINT('',(13.691927051062,4.86347614304248,0.622635194594987));
#726=CARTESIAN_POINT('',(11.2166582881279,0.,0.080660493948579));
#727=CARTESIAN_POINT('',(11.2096461770262,0.,0.082075089358219));
#728=CARTESIAN_POINT('',(11.2026362741749,0.,0.0835002343433091));
#729=CARTESIAN_POINT('',(13.6881656548722,4.86347614304248,0.623325916042168));
#730=CARTESIAN_POINT('',(13.6844042586824,4.86347614304248,0.62401663748935));
#731=CARTESIAN_POINT('',(13.6806439444424,4.86347614304248,0.62471301862556));
#732=CARTESIAN_POINT('',(11.1956293920615,0.,0.0849395027987576));
#733=CARTESIAN_POINT('',(11.1816156278346,0.,0.0878180397096549));
#734=CARTESIAN_POINT('',(11.1676139465591,0.,0.0907530705019863));
#735=CARTESIAN_POINT('',(13.6768851131073,4.86347614304248,0.625416977392652));
#736=CARTESIAN_POINT('',(13.6693674504371,4.86347614304248,0.626824894926836));
#737=CARTESIAN_POINT('',(13.6618557193865,4.86347614304248,0.628263122984546));
#738=CARTESIAN_POINT('',(11.1536308481349,0.,0.0937731863350202));
#739=CARTESIAN_POINT('',(11.1466392989227,0.,0.0952832442515371));
#740=CARTESIAN_POINT('',(11.1396469021976,0.,0.0967927451333938));
#741=CARTESIAN_POINT('',(13.6543531275959,4.86347614304248,0.6297470051006));
#742=CARTESIAN_POINT('',(13.6506018317007,4.86347614304248,0.630488946158626));
#743=CARTESIAN_POINT('',(13.6468500879799,4.86347614304248,0.631230581556273));
#744=CARTESIAN_POINT('',(11.1326570209779,0.,0.0983144740360584));
#745=CARTESIAN_POINT('',(11.1256671397582,0.,0.0998362029387232));
#746=CARTESIAN_POINT('',(11.1186797740438,0.,0.101370159862196));
#747=CARTESIAN_POINT('',(13.6430995747862,4.86347614304248,0.631978776692441));
#748=CARTESIAN_POINT('',(13.6393490615925,4.86347614304248,0.632726971828609));
#749=CARTESIAN_POINT('',(13.6355997789258,4.86347614304248,0.6334817267033));
#750=CARTESIAN_POINT('',(11.1116982868531,0.,0.102929129861945));
#751=CARTESIAN_POINT('',(11.1047167996624,0.,0.104488099861693));
#752=CARTESIAN_POINT('',(11.097741978817,0.,0.106075221791398));
#753=CARTESIAN_POINT('',(13.6318534051388,4.86347614304248,0.634249906715414));
#754=CARTESIAN_POINT('',(13.6281070313518,4.86347614304248,0.635018086727528));
#755=CARTESIAN_POINT('',(13.6243639582738,4.86347614304248,0.635801377045329));
#756=CARTESIAN_POINT('',(11.0907784095437,0.,0.107708150383781));
#757=CARTESIAN_POINT('',(11.0838148402704,0.,0.109341078976164));
#758=CARTESIAN_POINT('',(11.0768624543836,0.,0.111020246129399));
#759=CARTESIAN_POINT('',(13.6206264721314,4.86347614304248,0.636609257469486));
#760=CARTESIAN_POINT('',(13.6168889859891,4.86347614304248,0.637417137893644));
#761=CARTESIAN_POINT('',(13.6131570463052,4.86347614304248,0.638249838651349));
#762=CARTESIAN_POINT('',(11.0699089633238,0.,0.11270340151315));
#763=CARTESIAN_POINT('',(11.0664322177939,0.,0.113544979205025));
#764=CARTESIAN_POINT('',(11.0629564898195,0.,0.114391812217586));
#765=CARTESIAN_POINT('',(13.6094244786596,4.86347614304248,0.639084660934208));
#766=CARTESIAN_POINT('',(13.6075581948369,4.86347614304248,0.639502072075637));
#767=CARTESIAN_POINT('',(13.6056924058964,4.86347614304248,0.639922301848106));
#768=CARTESIAN_POINT('',(11.059482888661,0.,0.115247349967422));
#769=CARTESIAN_POINT('',(11.0560092875025,0.,0.116102887717259));
#770=CARTESIAN_POINT('',(11.05253781316,0.,0.116967130204371));
#771=CARTESIAN_POINT('',(13.6038276725893,4.86347614304248,0.640347204424803));
#772=CARTESIAN_POINT('',(13.6019629392822,4.86347614304248,0.640772107001499));
#773=CARTESIAN_POINT('',(13.6000992616085,4.86347614304248,0.641201682382423));
#774=CARTESIAN_POINT('',(11.0490695748938,0.,0.117843526845347));
#775=CARTESIAN_POINT('',(11.0456013366276,0.,0.118719923486324));
#776=CARTESIAN_POINT('',(11.0421363344377,0.,0.119608474281166));
#777=CARTESIAN_POINT('',(13.5982372003193,4.86347614304248,0.641637784740763));
#778=CARTESIAN_POINT('',(13.5963751390301,4.86347614304248,0.642073887099102));
#779=CARTESIAN_POINT('',(13.5945146941254,4.86347614304248,0.642516516434857));
#780=CARTESIAN_POINT('',(11.0386756775847,0.,0.120512628646463));
#781=CARTESIAN_POINT('',(11.0352150207316,0.,0.121416783011759));
#782=CARTESIAN_POINT('',(11.0317587092153,0.,0.122336540947511));
#783=CARTESIAN_POINT('',(13.5926564263563,4.86347614304248,0.642967526921216));
#784=CARTESIAN_POINT('',(13.5907981585872,4.86347614304248,0.643418537407574));
#785=CARTESIAN_POINT('',(13.5889420679538,4.86347614304248,0.643877929044536));
#786=CARTESIAN_POINT('',(11.0283078522962,0.,0.123275351870306));
#787=CARTESIAN_POINT('',(11.0214061384581,0.,0.125152973715898));
#788=CARTESIAN_POINT('',(11.0145299195769,0.,0.127117543084234));
#789=CARTESIAN_POINT('',(13.587088715207,4.86347614304248,0.644347556005289));
#790=CARTESIAN_POINT('',(13.5833820097135,4.86347614304248,0.645286809926796));
#791=CARTESIAN_POINT('',(13.5796881208441,4.86347614304248,0.646272777954805));
#792=CARTESIAN_POINT('',(11.0076727074366,0.,0.129153256024178));
#793=CARTESIAN_POINT('',(11.0042441013664,0.,0.130171112494151));
#794=CARTESIAN_POINT('',(11.0008199356083,0.,0.131205018244901));
#795=CARTESIAN_POINT('',(13.5760037278953,4.86347614304248,0.647296951835145));
#796=CARTESIAN_POINT('',(13.5741615314209,4.86347614304248,0.647809038775314));
#797=CARTESIAN_POINT('',(13.5723215586908,4.86347614304248,0.648329745998654));
#798=CARTESIAN_POINT('',(10.997399505819,0.,0.1322508218583));
#799=CARTESIAN_POINT('',(10.9939790760296,0.,0.1332966254717));
#800=CARTESIAN_POINT('',(10.9905652155521,0.,0.134360650473185));
#801=CARTESIAN_POINT('',(13.570483471945,4.86347614304248,0.648856847867701));
#802=CARTESIAN_POINT('',(13.5686453851992,4.86347614304248,0.649383949736748));
#803=CARTESIAN_POINT('',(13.5668106399497,4.86347614304248,0.649920852813962));
#804=CARTESIAN_POINT('',(10.9871476633501,0.,0.135417395949811));
#805=CARTESIAN_POINT('',(10.980312558946,0.,0.137530886903064));
#806=CARTESIAN_POINT('',(10.9734503260247,0.,0.139589529923222));
#807=CARTESIAN_POINT('',(13.5649739892756,4.86347614304248,0.650453830307508));
#808=CARTESIAN_POINT('',(13.5613006879273,4.86347614304248,0.651519785294598));
#809=CARTESIAN_POINT('',(13.5576133972662,4.86347614304248,0.652556169190682));
#810=CARTESIAN_POINT('',(10.96668069873,0.,0.14188620355027));
#811=CARTESIAN_POINT('',(10.9632958850827,0.,0.143034540363794));
#812=CARTESIAN_POINT('',(10.9599420165445,0.,0.144257795501928));
#813=CARTESIAN_POINT('',(13.553973386379,4.86347614304248,0.653720652094828));
#814=CARTESIAN_POINT('',(13.5521533809354,4.86347614304248,0.654302893546901));
#815=CARTESIAN_POINT('',(13.5503492176324,4.86347614304248,0.654925469965928));
#816=CARTESIAN_POINT('',(10.9565795261967,0.,0.145491100190348));
#817=CARTESIAN_POINT('',(10.9532170358489,0.,0.146724404878767));
#818=CARTESIAN_POINT('',(10.9498556678428,0.,0.147982297115498));
#819=CARTESIAN_POINT('',(13.5485403519313,4.86347614304248,0.655553337746942));
#820=CARTESIAN_POINT('',(13.5467314862302,4.86347614304248,0.656181205527955));
#821=CARTESIAN_POINT('',(13.5449229910476,4.86347614304248,0.65682222661153));
#822=CARTESIAN_POINT('',(10.9465077059738,0.,0.149280084231471));
#823=CARTESIAN_POINT('',(10.9431597441049,0.,0.150577871347444));
#824=CARTESIAN_POINT('',(10.939825188373,0.,0.15191555334266));
#825=CARTESIAN_POINT('',(13.5431212896432,4.86347614304248,0.657484697866894));
#826=CARTESIAN_POINT('',(13.5413195882388,4.86347614304248,0.658147169122259));
#827=CARTESIAN_POINT('',(13.5395246806126,4.86347614304248,0.658831090549414));
#828=CARTESIAN_POINT('',(10.9365163225735,0.,0.153308437548052));
#829=CARTESIAN_POINT('',(10.9348618896738,0.,0.154004879650748));
#830=CARTESIAN_POINT('',(10.9332138792571,0.,0.154715122305988));
#831=CARTESIAN_POINT('',(13.537742990024,4.86347614304248,0.659544759017588));
#832=CARTESIAN_POINT('',(13.5368521447298,4.86347614304248,0.659901593251676));
#833=CARTESIAN_POINT('',(13.5359646036949,4.86347614304248,0.660265864246018));
#834=CARTESIAN_POINT('',(10.931573826798,0.,0.155441078930138));
#835=CARTESIAN_POINT('',(10.9299337743389,0.,0.156167035554288));
#836=CARTESIAN_POINT('',(10.9283016798374,0.,0.156908706147349));
#837=CARTESIAN_POINT('',(13.5350811698269,4.86347614304248,0.660638609109269));
#838=CARTESIAN_POINT('',(13.5341977359589,4.86347614304248,0.661011353972519));
#839=CARTESIAN_POINT('',(13.5333184092578,4.86347614304248,0.661392572704679));
#840=CARTESIAN_POINT('',(10.9266790787677,0.,0.157668004125687));
#841=CARTESIAN_POINT('',(10.9234338766284,0.,0.159186600082362));
#842=CARTESIAN_POINT('',(10.9202266482169,0.,0.160775705580145));
#843=CARTESIAN_POINT('',(13.532443992631,4.86347614304248,0.6617833024144));
#844=CARTESIAN_POINT('',(13.5306951593774,4.86347614304248,0.662564761833844));
#845=CARTESIAN_POINT('',(13.528965966421,4.86347614304248,0.663384265163536));
#846=CARTESIAN_POINT('',(10.9170696773284,0.,0.162450627949969));
#847=CARTESIAN_POINT('',(10.9154911918842,0.,0.163288089134881));
#848=CARTESIAN_POINT('',(10.9139252708208,0.,0.164147004537803));
#849=CARTESIAN_POINT('',(13.5272628370215,4.86347614304248,0.664250109272707));
#850=CARTESIAN_POINT('',(13.5264112723217,4.86347614304248,0.664683031327293));
#851=CARTESIAN_POINT('',(13.5255662235111,4.86347614304248,0.665127538576748));
#852=CARTESIAN_POINT('',(10.9123734496125,0.,0.165029287575101));
#853=CARTESIAN_POINT('',(10.9115975390084,0.,0.165470429093751));
#854=CARTESIAN_POINT('',(10.910825153368,0.,0.165917412520994));
#855=CARTESIAN_POINT('',(13.5247284934972,4.86347614304248,0.665584668129726));
#856=CARTESIAN_POINT('',(13.5243096284902,4.86347614304248,0.665813232906216));
#857=CARTESIAN_POINT('',(13.5238925931824,4.86347614304248,0.666044953258586));
#858=CARTESIAN_POINT('',(10.9100564846258,0.,0.166370477033877));
#859=CARTESIAN_POINT('',(10.9092878158836,0.,0.166823541546761));
#860=CARTESIAN_POINT('',(10.9085271931619,0.,0.167287198769278));
#861=CARTESIAN_POINT('',(13.5234774879371,4.86347614304248,0.666279958825418));
#862=CARTESIAN_POINT('',(13.5230623826919,4.86347614304248,0.666514964392251));
#863=CARTESIAN_POINT('',(13.5226514794689,4.86347614304248,0.666755707172805));
#864=CARTESIAN_POINT('',(10.9077588463671,0.,0.167745056077231));
#865=CARTESIAN_POINT('',(10.9046854591879,0.,0.169576485309043));
#866=CARTESIAN_POINT('',(10.9014687160076,0.,0.171294129668635));
#867=CARTESIAN_POINT('',(13.5222365015967,4.86347614304248,0.66699327764572));
#868=CARTESIAN_POINT('',(13.520576590108,4.86347614304248,0.667943559537381));
#869=CARTESIAN_POINT('',(13.5188411118986,4.86347614304248,0.668831682223329));
#870=CARTESIAN_POINT('',(10.898536332748,0.,0.173333425551089));
#871=CARTESIAN_POINT('',(10.8978032369331,0.,0.173843249521703));
#872=CARTESIAN_POINT('',(10.8970879136133,0.,0.174373176712496));
#873=CARTESIAN_POINT('',(13.5172546320574,4.86347614304248,0.669894391094038));
#874=CARTESIAN_POINT('',(13.5168580120971,4.86347614304248,0.670160068311715));
#875=CARTESIAN_POINT('',(13.5164707045348,4.86347614304248,0.67043665716594));
#876=CARTESIAN_POINT('',(10.8963970458498,0.,0.17493001081714));
#877=CARTESIAN_POINT('',(10.8957061780863,0.,0.175486844921785));
#878=CARTESIAN_POINT('',(10.8950480967893,0.,0.176075799764558));
#879=CARTESIAN_POINT('',(13.5160962182001,4.86347614304248,0.670727856803438));
#880=CARTESIAN_POINT('',(13.5157217318654,4.86347614304248,0.671019056440937));
#881=CARTESIAN_POINT('',(13.5153644712496,4.86347614304248,0.671327731547314));
#882=CARTESIAN_POINT('',(10.8943956125014,0.,0.176682780151846));
#883=CARTESIAN_POINT('',(10.8930906439256,0.,0.177896740926422));
#884=CARTESIAN_POINT('',(10.8918108482153,0.,0.179180136809675));
#885=CARTESIAN_POINT('',(13.5150100342305,4.86347614304248,0.671646094105341));
#886=CARTESIAN_POINT('',(13.5143011601924,4.86347614304248,0.672282819221395));
#887=CARTESIAN_POINT('',(13.5136050940062,4.86347614304248,0.672956894493446));
#888=CARTESIAN_POINT('',(10.8906217659372,0.,0.180537074746727));
#889=CARTESIAN_POINT('',(10.8900272247981,0.,0.181215543715253));
#890=CARTESIAN_POINT('',(10.889455362017,0.,0.181912398197229));
#891=CARTESIAN_POINT('',(13.5129568308813,4.86347614304248,0.673671126727502));
#892=CARTESIAN_POINT('',(13.5126326993189,4.86347614304248,0.67402824284453));
#893=CARTESIAN_POINT('',(13.5123205185218,4.86347614304248,0.67439539820206));
#894=CARTESIAN_POINT('',(10.8889143701648,0.,0.182628151560796));
#895=CARTESIAN_POINT('',(10.8883733783125,0.,0.183343904924363));
#896=CARTESIAN_POINT('',(10.8878632573891,0.,0.18407855716952));
#897=CARTESIAN_POINT('',(13.5120246628913,4.86347614304248,0.674772943650842));
#898=CARTESIAN_POINT('',(13.5117288072607,4.86347614304248,0.675150489099624));
#899=CARTESIAN_POINT('',(13.5114492767967,4.86347614304248,0.675538424639658));
#900=CARTESIAN_POINT('',(10.8873921999654,0.,0.184832621664408));
#901=CARTESIAN_POINT('',(10.8864500851179,0.,0.186340750654185));
#902=CARTESIAN_POINT('',(10.8856078888733,0.,0.187948108744088));
#903=CARTESIAN_POINT('',(13.5111904459005,4.86347614304248,0.675937101121696));
#904=CARTESIAN_POINT('',(13.510672784108,4.86347614304248,0.676734454085771));
#905=CARTESIAN_POINT('',(13.5102076061674,4.86347614304248,0.677585780446402));
#906=CARTESIAN_POINT('',(10.8849090622633,0.,0.189589157910677));
#907=CARTESIAN_POINT('',(10.8842102356532,0.,0.191230207077266));
#908=CARTESIAN_POINT('',(10.8836577132186,0.,0.192942825031325));
#909=CARTESIAN_POINT('',(13.5098187495334,4.86347614304248,0.678456453445148));
#910=CARTESIAN_POINT('',(13.5094298928993,4.86347614304248,0.679327126443895));
#911=CARTESIAN_POINT('',(13.5091185727677,4.86347614304248,0.680237420308472));
#912=CARTESIAN_POINT('',(10.8832348780449,0.,0.194699023882716));
#913=CARTESIAN_POINT('',(10.8828120428712,0.,0.196455222734107));
#914=CARTESIAN_POINT('',(10.8825211721407,0.,0.198243618195852));
#915=CARTESIAN_POINT('',(10.8823529411765,0.,0.2));
#916=CARTESIAN_POINT('',(13.5088761680016,4.86347614304248,0.681172219576021));
#917=CARTESIAN_POINT('',(13.5086337632354,4.86347614304248,0.682107018843569));
#918=CARTESIAN_POINT('',(13.5084615972801,4.86347614304248,0.683060259495444));
#919=CARTESIAN_POINT('',(13.5083552848982,4.86347614304248,0.68399753208829));
#920=B_SPLINE_SURFACE_WITH_KNOTS('Surf_OTGQOZDGCY, Wing, 0, 4, upper',1,3,((#921, #922, #923, #927, #928, #929, #933, #934, #935, #939, #940, #941, #945, #946, #947, #951, #952, #953, #957, #958, #959, #963, #964, #965, #969, #970, #971, #975, #976, #977, #981, #982, #983, #987, #988, #989, #993, #994, #995, #999, #1000, #1001, #1005, #1006, #1007, #1011, #1012, #1013, #1017, #1018, #1019, #1023, #1024, #1025, #1029, #1030, #1031, #1035, #1036, #1037, #1041, #1042, #1043, #1047, #1048, #1049, #1053, #1054, #1055, #1059, #1060, #1061, #1065, #1066, #1067, #1071, #1072, #1073, #1077, #1078, #1079, #1083, #1084, #1085, #1089, #1090, #1091, #1095, #1096, #1097, #1101, #1102, #1103, #1107, #1108, #1109, #1113, #1114, #1115, #1119, #1120, #1121, #1125, #1126, #1127, #1131, #1132, #1133, #1137, #1138, #1139, #1143, #1144, #1145, #1149, #1150, #1151, #1155, #1156, #1157, #1161, #1162, #1163, #1167, #1168, #1169, #1173, #1174, #1175, #1179, #1180, #1181, #1185, #1186, #1187, #1191, #1192, #1193, #1197, #1198, #1199, #1203, #1204, #1205, #1209, #1210, #1211, #1215, #1216, #1217, #1221, #1222, #1223, #1227, #1228, #1229, #1233, #1234, #1235, #1239, #1240, #1241, #1245, #1246, #1247, #1251, #1252, #1253, #1257, #1258, #1259, #1263, #1264, #1265, #1269, #1270, #1271, #1275, #1276, #1277, #1281, #1282, #1283, #1287, #1288, #1289, #1293, #1294, #1295, #1299, #1300, #1301, #1305, #1306, #1307, #1311, #1312, #1313, #1317, #1318, #1319, #1323, #1324, #1325, #1329, #1330, #1331, #1335, #1336, #1337, #1341, #1342, #1343, #1347, #1348, #1349, #1353, #1354, #1355, #1359, #1360, #1361, #1365, #1366, #1367, #1371, #1372, #1373, #1377, #1378, #1379, #1383, #1384, #1385, #1389, #1390, #1391, #1395, #1396, #1397, #1401, #1402, #1403, #1407, #1408, #1409, #1413, #1414, #1415, #1419, #1420, #1421, #1425, #1426, #1427, #1428),(#924, #925, #926, #930, #931, #932, #936, #937, #938, #942, #943, #944, #948, #949, #950, #954, #955, #956, #960, #961, #962, #966, #967, #968, #972, #973, #974, #978, #979, #980, #984, #985, #986, #990, #991, #992, #996, #997, #998, #1002, #1003, #1004, #1008, #1009, #1010, #1014, #1015, #1016, #1020, #1021, #1022, #1026, #1027, #1028, #1032, #1033, #1034, #1038, #1039, #1040, #1044, #1045, #1046, #1050, #1051, #1052, #1056, #1057, #1058, #1062, #1063, #1064, #1068, #1069, #1070, #1074, #1075, #1076, #1080, #1081, #1082, #1086, #1087, #1088, #1092, #1093, #1094, #1098, #1099, #1100, #1104, #1105, #1106, #1110, #1111, #1112, #1116, #1117, #1118, #1122, #1123, #1124, #1128, #1129, #1130, #1134, #1135, #1136, #1140, #1141, #1142, #1146, #1147, #1148, #1152, #1153, #1154, #1158, #1159, #1160, #1164, #1165, #1166, #1170, #1171, #1172, #1176, #1177, #1178, #1182, #1183, #1184, #1188, #1189, #1190, #1194, #1195, #1196, #1200, #1201, #1202, #1206, #1207, #1208, #1212, #1213, #1214, #1218, #1219, #1220, #1224, #1225, #1226, #1230, #1231, #1232, #1236, #1237, #1238, #1242, #1243, #1244, #1248, #1249, #1250, #1254, #1255, #1256, #1260, #1261, #1262, #1266, #1267, #1268, #1272, #1273, #1274, #1278, #1279, #1280, #1284, #1285, #1286, #1290, #1291, #1292, #1296, #1297, #1298, #1302, #1303, #1304, #1308, #1309, #1310, #1314, #1315, #1316, #1320, #1321, #1322, #1326, #1327, #1328, #1332, #1333, #1334, #1338, #1339, #1340, #1344, #1345, #1346, #1350, #1351, #1352, #1356, #1357, #1358, #1362, #1363, #1364, #1368, #1369, #1370, #1374, #1375, #1376, #1380, #1381, #1382, #1386, #1387, #1388, #1392, #1393, #1394, #1398, #1399, #1400, #1404, #1405, #1406, #1410, #1411, #1412, #1416, #1417, #1418, #1422, #1423, #1424, #1429, #1430, #1431, #1432)),.UNSPECIFIED.,.F.,.F.,.F.,(2,2),(4,3,3,3,3,3,3,3,3,3,3,3,3,3,3,3,3,3,3,3,3,3,3,3,3,3,3,3,3,3,3,3,3,3,3,3,3,3,3,3,3,3,3,3,3,3,3,3,3,3,3,3,3,3,3,3,3,3,3,3,3,3,3,3,3,3,3,3,3,3,3,3,3,3,3,3,3,3,3,3,3,3,3,3,3,4),(0.,1.),(0.,1.,2.,3.,4.,5.,6.,7.,8.,9.,10.,11.,12.,13.,14.,15.,16.,17.,18.,19.,20.,21.,22.,23.,24.,25.,26.,27.,28.,29.,30.,31.,32.,33.,34.,35.,36.,37.,38.,39.,40.,41.,42.,43.,44.,45.,46.,47.,48.,49.,50.,51.,52.,53.,54.,55.,56.,57.,58.,59.,60.,61.,62.,63.,64.,65.,66.,67.,68.,69.,70.,71.,72.,73.,74.,75.,76.,77.,78.,79.,80.,81.,82.,83.,84.,85.),.PIECEWISE_BEZIER_KNOTS.);
#921=CARTESIAN_POINT('',(10.8823529411765,0.,0.2));
#922=CARTESIAN_POINT('',(10.8821847174455,0.,0.201756570089749));
#923=CARTESIAN_POINT('',(10.8821947580923,0.,0.203553617440658));
#924=CARTESIAN_POINT('',(13.5083552848982,4.86347614304248,0.68399753208829));
#925=CARTESIAN_POINT('',(13.5082489746258,4.86347614304248,0.684934905393298));
#926=CARTESIAN_POINT('',(13.5082375746991,4.86347614304248,0.685895578347106));
#927=CARTESIAN_POINT('',(10.8823431316053,0.,0.205365466331354));
#928=CARTESIAN_POINT('',(10.8824915051182,0.,0.20717731522205));
#929=CARTESIAN_POINT('',(10.8827782114973,0.,0.209003965652532));
#930=CARTESIAN_POINT('',(13.5082999800099,4.86347614304248,0.686865453883031));
#931=CARTESIAN_POINT('',(13.5083623853208,4.86347614304248,0.687835329418956));
#932=CARTESIAN_POINT('',(13.5084985958693,4.86347614304248,0.688814407536999));
#933=CARTESIAN_POINT('',(10.8831633192307,0.,0.210819741901426));
#934=CARTESIAN_POINT('',(10.8835484269642,0.,0.21263551815032));
#935=CARTESIAN_POINT('',(10.8840319360521,0.,0.214440420217626));
#936=CARTESIAN_POINT('',(13.5086875065475,4.86347614304248,0.689788591170476));
#937=CARTESIAN_POINT('',(13.5088764172256,4.86347614304248,0.690762774803953));
#938=CARTESIAN_POINT('',(13.5091180280335,4.86347614304248,0.691732063952865));
#939=CARTESIAN_POINT('',(10.8845739149828,0.,0.216208772381969));
#940=CARTESIAN_POINT('',(10.8848449044481,0.,0.217092948464141));
#941=CARTESIAN_POINT('',(10.8851305113741,0.,0.217967987070572));
#942=CARTESIAN_POINT('',(13.5093912338632,4.86347614304248,0.692682361550528));
#943=CARTESIAN_POINT('',(13.509527836778,4.86347614304248,0.69315751034936));
#944=CARTESIAN_POINT('',(13.5096723384483,4.86347614304248,0.69362791126038));
#945=CARTESIAN_POINT('',(10.8854257443218,0.,0.218830678736091));
#946=CARTESIAN_POINT('',(10.8857209772695,0.,0.219693370401609));
#947=CARTESIAN_POINT('',(10.8860217645454,0.,0.22054155691768));
#948=CARTESIAN_POINT('',(13.5098221007356,4.86347614304248,0.694091802150252));
#949=CARTESIAN_POINT('',(13.5099718630228,4.86347614304248,0.694555693040125));
#950=CARTESIAN_POINT('',(13.5101247296133,4.86347614304248,0.695011882287293));
#951=CARTESIAN_POINT('',(10.8863523185721,0.,0.221385457861075));
#952=CARTESIAN_POINT('',(10.8870134266255,0.,0.223073259747865));
#953=CARTESIAN_POINT('',(10.8877683179521,0.,0.224737088265155));
#954=CARTESIAN_POINT('',(13.5102935474696,4.86347614304248,0.695466058491258));
#955=CARTESIAN_POINT('',(13.5106311831821,4.86347614304248,0.696374410899189));
#956=CARTESIAN_POINT('',(13.5110191727315,4.86347614304248,0.697270823799715));
#957=CARTESIAN_POINT('',(10.8885423756563,0.,0.226379425900477));
#958=CARTESIAN_POINT('',(10.8889294045083,0.,0.227200594718139));
#959=CARTESIAN_POINT('',(10.8893263927207,0.,0.228015894397528));
#960=CARTESIAN_POINT('',(13.5114176078388,4.86347614304248,0.698155927964503));
#961=CARTESIAN_POINT('',(13.5116168253924,4.86347614304248,0.698598480046897));
#962=CARTESIAN_POINT('',(13.5118214213033,4.86347614304248,0.699037987810935));
#963=CARTESIAN_POINT('',(10.889735421071,0.,0.228825313415531));
#964=CARTESIAN_POINT('',(10.8901444494214,0.,0.229634732433533));
#965=CARTESIAN_POINT('',(10.8905655179096,0.,0.230438270790149));
#966=CARTESIAN_POINT('',(13.5120325079213,4.86347614304248,0.699474464511405));
#967=CARTESIAN_POINT('',(13.5122435945392,4.86347614304248,0.699910941211874));
#968=CARTESIAN_POINT('',(13.5124611718641,4.86347614304248,0.700344386848774));
#969=CARTESIAN_POINT('',(10.8910007073134,0.,0.231235916962265));
#970=CARTESIAN_POINT('',(10.8927414649286,0.,0.234426501650729));
#971=CARTESIAN_POINT('',(10.8946697886825,0.,0.237525944715712));
#972=CARTESIAN_POINT('',(13.5126863522457,4.86347614304248,0.700774814676892));
#973=CARTESIAN_POINT('',(13.5135870737722,4.86347614304248,0.702496525989363));
#974=CARTESIAN_POINT('',(13.5145889057752,4.86347614304248,0.704171269236262));
#975=CARTESIAN_POINT('',(10.8966694059959,0.,0.240553826061309));
#976=CARTESIAN_POINT('',(10.8971693103242,0.,0.241310796397709));
#977=CARTESIAN_POINT('',(10.8976739510887,0.,0.242063060332392));
#978=CARTESIAN_POINT('',(13.5156295141572,4.86347614304248,0.705808425645494));
#979=CARTESIAN_POINT('',(13.5158896662526,4.86347614304248,0.706217714747803));
#980=CARTESIAN_POINT('',(13.5161523940368,4.86347614304248,0.706624532320225));
#981=CARTESIAN_POINT('',(10.8981868277421,0.,0.242809592137226));
#982=CARTESIAN_POINT('',(10.8986997043955,0.,0.243556123942059));
#983=CARTESIAN_POINT('',(10.8992208169379,0.,0.244296923617042));
#984=CARTESIAN_POINT('',(13.5164195776493,4.86347614304248,0.707028362729187));
#985=CARTESIAN_POINT('',(13.5166867612619,4.86347614304248,0.707432193138148));
#986=CARTESIAN_POINT('',(13.5169584007029,4.86347614304248,0.707833036383649));
#987=CARTESIAN_POINT('',(10.8997536648221,0.,0.245030965434041));
#988=CARTESIAN_POINT('',(10.9008193605906,0.,0.246499049068038));
#989=CARTESIAN_POINT('',(10.9019218564226,0.,0.247943616021673));
#990=CARTESIAN_POINT('',(13.5172363761121,4.86347614304248,0.708230376832114));
#991=CARTESIAN_POINT('',(13.5177923269306,4.86347614304248,0.709025057729044));
#992=CARTESIAN_POINT('',(13.5183681679773,4.86347614304248,0.709807511563626));
#993=CARTESIAN_POINT('',(10.9030498965257,0.,0.249369955376403));
#994=CARTESIAN_POINT('',(10.9053059767318,0.,0.252222634085864));
#995=CARTESIAN_POINT('',(10.9076642340218,0.,0.255002402399706));
#996=CARTESIAN_POINT('',(13.5189578333224,4.86347614304248,0.710580460499211));
#997=CARTESIAN_POINT('',(13.5201371640126,4.86347614304248,0.71212635837038));
#998=CARTESIAN_POINT('',(13.5213717918965,4.86347614304248,0.71363423664556));
#999=CARTESIAN_POINT('',(10.910034622055,0.,0.257751572969589));
#1000=CARTESIAN_POINT('',(10.9112198160717,0.,0.25912615825453));
#1001=CARTESIAN_POINT('',(10.9124011225464,0.,0.260496151289786));
#1002=CARTESIAN_POINT('',(13.5226131895365,4.86347614304248,0.715125872631553));
#1003=CARTESIAN_POINT('',(13.5232338883564,4.86347614304248,0.71587169062455));
#1004=CARTESIAN_POINT('',(13.523852552008,4.86347614304248,0.716615017641353));
#1005=CARTESIAN_POINT('',(10.9136026280231,0.,0.261851306362726));
#1006=CARTESIAN_POINT('',(10.9148041334997,0.,0.263206461435667));
#1007=CARTESIAN_POINT('',(10.9160227643664,0.,0.264548035180786));
#1008=CARTESIAN_POINT('',(13.5244821511145,4.86347614304248,0.717350601755391));
#1009=CARTESIAN_POINT('',(13.5251117502209,4.86347614304248,0.718086185869428));
#1010=CARTESIAN_POINT('',(13.5257506301137,4.86347614304248,0.718814670114329));
#1011=CARTESIAN_POINT('',(10.9172574966039,0.,0.265876341749746));
#1012=CARTESIAN_POINT('',(10.9197269610788,0.,0.268532954887668));
#1013=CARTESIAN_POINT('',(10.9222608310367,0.,0.271136499320955));
#1014=CARTESIAN_POINT('',(13.5263982404906,4.86347614304248,0.719536212859804));
#1015=CARTESIAN_POINT('',(13.5276934612444,4.86347614304248,0.720979298350754));
#1016=CARTESIAN_POINT('',(13.5290236039347,4.86347614304248,0.722394617844002));
#1017=CARTESIAN_POINT('',(10.9248509143225,0.,0.273689488262905));
#1018=CARTESIAN_POINT('',(10.9274409976083,0.,0.276242477204856));
#1019=CARTESIAN_POINT('',(10.9300872942221,0.,0.27874491065547));
#1020=CARTESIAN_POINT('',(13.5303842661437,4.86347614304248,0.723783438297234));
#1021=CARTESIAN_POINT('',(13.5317449283527,4.86347614304248,0.725172258750465));
#1022=CARTESIAN_POINT('',(13.5331361100803,4.86347614304248,0.726534580163681));
#1023=CARTESIAN_POINT('',(10.9327816120088,0.,0.281199301828046));
#1024=CARTESIAN_POINT('',(10.9354759297955,0.,0.283653693000621));
#1025=CARTESIAN_POINT('',(10.9382182687551,0.,0.286060041895158));
#1026=CARTESIAN_POINT('',(13.5345534089089,4.86347614304248,0.727871669494566));
#1027=CARTESIAN_POINT('',(13.5359707077374,4.86347614304248,0.72920875882545));
#1028=CARTESIAN_POINT('',(13.5374141236669,4.86347614304248,0.730520616074004));
#1029=CARTESIAN_POINT('',(10.9410004367328,0.,0.288420861724955));
#1030=CARTESIAN_POINT('',(10.946564772688,0.,0.293142501384547));
#1031=CARTESIAN_POINT('',(10.952288424715,0.,0.297682024785179));
#1032=CARTESIAN_POINT('',(13.5388792542793,4.86347614304248,0.731808508197914));
#1033=CARTESIAN_POINT('',(13.5418095155043,4.86347614304248,0.734384292445732));
#1034=CARTESIAN_POINT('',(13.5448266354616,4.86347614304248,0.736864216194973));
#1035=CARTESIAN_POINT('',(10.9581058555739,0.,0.302059537633234));
#1036=CARTESIAN_POINT('',(10.9610145710034,0.,0.304248294057263));
#1037=CARTESIAN_POINT('',(10.9639467311408,0.,0.306396547843147));
#1038=CARTESIAN_POINT('',(13.5478953948086,4.86347614304248,0.739258415107123));
#1039=CARTESIAN_POINT('',(13.5494297744821,4.86347614304248,0.740455514563199));
#1040=CARTESIAN_POINT('',(13.5509770640031,4.86347614304248,0.741631182810001));
#1041=CARTESIAN_POINT('',(10.9668941438311,0.,0.308506812204186));
#1042=CARTESIAN_POINT('',(10.9698415565215,0.,0.310617076565224));
#1043=CARTESIAN_POINT('',(10.9728145277293,0.,0.312688041208279));
#1044=CARTESIAN_POINT('',(13.5525328609537,4.86347614304248,0.742786686805217));
#1045=CARTESIAN_POINT('',(13.5540886579044,4.86347614304248,0.743942190800434));
#1046=CARTESIAN_POINT('',(13.5556584833776,4.86347614304248,0.745076926308124));
#1047=CARTESIAN_POINT('',(10.9758276962216,0.,0.314714954208006));
#1048=CARTESIAN_POINT('',(10.9818540332062,0.,0.318768780207459));
#1049=CARTESIAN_POINT('',(10.9880159859478,0.,0.322650301632652));
#1050=CARTESIAN_POINT('',(13.5572502065993,4.86347614304248,0.74618848985619));
#1051=CARTESIAN_POINT('',(13.5604336530429,4.86347614304248,0.748411616952322));
#1052=CARTESIAN_POINT('',(13.5636911980967,4.86347614304248,0.750543907078269));
#1053=CARTESIAN_POINT('',(10.9942627497642,0.,0.326347623068611));
#1054=CARTESIAN_POINT('',(10.9973861316724,0.,0.328196283786591));
#1055=CARTESIAN_POINT('',(11.0005383024107,0.,0.329988822293814));
#1056=CARTESIAN_POINT('',(13.5669957960213,4.86347614304248,0.752578527731923));
#1057=CARTESIAN_POINT('',(13.5686480949836,4.86347614304248,0.753595838058751));
#1058=CARTESIAN_POINT('',(13.5703163061326,4.86347614304248,0.754583417877501));
#1059=CARTESIAN_POINT('',(11.0037272164753,0.,0.331723450879879));
#1060=CARTESIAN_POINT('',(11.00691613054,0.,0.333458079465944));
#1061=CARTESIAN_POINT('',(11.0101345177639,0.,0.335142951493681));
#1062=CARTESIAN_POINT('',(13.5720046980809,4.86347614304248,0.755540385817562));
#1063=CARTESIAN_POINT('',(13.5736930900292,4.86347614304248,0.756497353757623));
#1064=CARTESIAN_POINT('',(13.5753977005667,4.86347614304248,0.75742800021937));
#1065=CARTESIAN_POINT('',(11.0133650124932,0.,0.336804549845412));
#1066=CARTESIAN_POINT('',(11.0165955072225,0.,0.338466148197143));
#1067=CARTESIAN_POINT('',(11.0198381094571,0.,0.340104472872867));
#1068=CARTESIAN_POINT('',(13.5771090001031,4.86347614304248,0.75834631912363));
#1069=CARTESIAN_POINT('',(13.5788202996395,4.86347614304248,0.75926463802789));
#1070=CARTESIAN_POINT('',(13.5805382881748,4.86347614304248,0.760170629374662));
#1071=CARTESIAN_POINT('',(11.0230754535432,0.,0.341746006754905));
#1072=CARTESIAN_POINT('',(11.0263127976292,0.,0.343387540636943));
#1073=CARTESIAN_POINT('',(11.0295537682198,0.,0.345020771856666));
#1074=CARTESIAN_POINT('',(13.5822534361188,4.86347614304248,0.761078287084775));
#1075=CARTESIAN_POINT('',(13.5839685840628,4.86347614304248,0.761985944794888));
#1076=CARTESIAN_POINT('',(13.5856857479556,4.86347614304248,0.762889198302847));
#1077=CARTESIAN_POINT('',(11.0328079780707,0.,0.346631649903272));
#1078=CARTESIAN_POINT('',(11.0393163977725,0.,0.349853405996482));
#1079=CARTESIAN_POINT('',(11.0458652802052,0.,0.353002298472125));
#1080=CARTESIAN_POINT('',(13.587410197218,4.86347614304248,0.763780626851149));
#1081=CARTESIAN_POINT('',(13.5908590957428,4.86347614304248,0.765563483947753));
#1082=CARTESIAN_POINT('',(13.5943303027298,4.86347614304248,0.7673077706399));
#1083=CARTESIAN_POINT('',(11.0524513589778,0.,0.356072141731221));
#1084=CARTESIAN_POINT('',(11.0590374377504,0.,0.359141984990317));
#1085=CARTESIAN_POINT('',(11.065660712863,0.,0.362132779032867));
#1086=CARTESIAN_POINT('',(13.5978221299021,4.86347614304248,0.769010150050767));
#1087=CARTESIAN_POINT('',(13.6013139570744,4.86347614304248,0.770712529461633));
#1088=CARTESIAN_POINT('',(13.6048264044319,4.86347614304248,0.77237300159122));
#1089=CARTESIAN_POINT('',(11.0723179179245,0.,0.365038338259892));
#1090=CARTESIAN_POINT('',(11.078975122986,0.,0.367943897486918));
#1091=CARTESIAN_POINT('',(11.0856662579964,0.,0.370764221898419));
#1092=CARTESIAN_POINT('',(13.6083577836976,4.86347614304248,0.773988229562707));
#1093=CARTESIAN_POINT('',(13.6118891629633,4.86347614304248,0.775603457534193));
#1094=CARTESIAN_POINT('',(13.6154394741373,4.86347614304248,0.777173441347579));
#1095=CARTESIAN_POINT('',(11.0923880565648,0.,0.373493125895419));
#1096=CARTESIAN_POINT('',(11.0991098551332,0.,0.376222029892419));
#1097=CARTESIAN_POINT('',(11.1058810776187,0.,0.378833674514388));
#1098=CARTESIAN_POINT('',(13.6190070289425,4.86347614304248,0.778694844126042));
#1099=CARTESIAN_POINT('',(13.6225745837476,4.86347614304248,0.780216246904504));
#1100=CARTESIAN_POINT('',(13.6261696512809,4.86347614304248,0.781675431937011));
#1101=CARTESIAN_POINT('',(11.1126922196519,0.,0.381351290634547));
#1102=CARTESIAN_POINT('',(11.1263145037184,0.,0.386386522874867));
#1103=CARTESIAN_POINT('',(11.1400864278403,0.,0.391059148750428));
#1104=CARTESIAN_POINT('',(13.6297869344022,4.86347614304248,0.783084728189605));
#1105=CARTESIAN_POINT('',(13.6370215006447,4.86347614304248,0.785903320694793));
#1106=CARTESIAN_POINT('',(13.6443394375044,4.86347614304248,0.78852948468844));
#1107=CARTESIAN_POINT('',(11.153869820209,0.,0.395638610466406));
#1108=CARTESIAN_POINT('',(11.1607615163933,0.,0.397928341324395));
#1109=CARTESIAN_POINT('',(11.1676502569026,0.,0.400205179629617));
#1110=CARTESIAN_POINT('',(13.6516643737574,4.86347614304248,0.791105956461833));
#1111=CARTESIAN_POINT('',(13.6553268418839,4.86347614304248,0.792394192348529));
#1112=CARTESIAN_POINT('',(13.6589878503988,4.86347614304248,0.793675509176212));
#1113=CARTESIAN_POINT('',(11.1745614716566,0.,0.402431400028662));
#1114=CARTESIAN_POINT('',(11.1814726864106,0.,0.404657620427706));
#1115=CARTESIAN_POINT('',(11.1884011042832,0.,0.40683995934564));
#1116=CARTESIAN_POINT('',(13.6626613443959,4.86347614304248,0.794929978805707));
#1117=CARTESIAN_POINT('',(13.666334838393,4.86347614304248,0.796184448435202));
#1118=CARTESIAN_POINT('',(13.6700179374341,4.86347614304248,0.797415622519975));
#1119=CARTESIAN_POINT('',(11.1953452991218,0.,0.408976644521142));
#1120=CARTESIAN_POINT('',(11.2092336887989,0.,0.413250014872146));
#1121=CARTESIAN_POINT('',(11.2231851863399,0.,0.417340770253421));
#1122=CARTESIAN_POINT('',(13.6737098957306,4.86347614304248,0.798622540423263));
#1123=CARTESIAN_POINT('',(13.6810938123237,4.86347614304248,0.801036376229837));
#1124=CARTESIAN_POINT('',(13.6885131659386,4.86347614304248,0.803353187310468));
#1125=CARTESIAN_POINT('',(11.237188382524,0.,0.421234732574396));
#1126=CARTESIAN_POINT('',(11.2511915787081,0.,0.425128694895371));
#1127=CARTESIAN_POINT('',(11.2652464735352,0.,0.428825864156046));
#1128=CARTESIAN_POINT('',(13.6959619902678,4.86347614304248,0.805565288571041));
#1129=CARTESIAN_POINT('',(13.7034108145969,4.86347614304248,0.807777389831614));
#1130=CARTESIAN_POINT('',(13.7108891096403,4.86347614304248,0.809884781272128));
#1131=CARTESIAN_POINT('',(11.2793416577844,0.,0.432312062265849));
#1132=CARTESIAN_POINT('',(11.2934368420336,0.,0.435798260375651));
#1133=CARTESIAN_POINT('',(11.3075635391434,0.,0.43908216709225));
#1134=CARTESIAN_POINT('',(13.7183909090902,4.86347614304248,0.811879777798469));
#1135=CARTESIAN_POINT('',(13.7258927085401,4.86347614304248,0.813874774324811));
#1136=CARTESIAN_POINT('',(13.7334132400591,4.86347614304248,0.81576193365713));
#1137=CARTESIAN_POINT('',(11.3217674951496,0.,0.442068942284359));
#1138=CARTESIAN_POINT('',(11.3501754071619,0.,0.448042492668579));
#1139=CARTESIAN_POINT('',(11.3788390882892,0.,0.452976938059949));
#1140=CARTESIAN_POINT('',(13.740977841252,4.86347614304248,0.817490987536433));
#1141=CARTESIAN_POINT('',(13.7561070436378,4.86347614304248,0.820949095295038));
#1142=CARTESIAN_POINT('',(13.7713826579453,4.86347614304248,0.823854154608529));
#1143=CARTESIAN_POINT('',(11.4075212757389,0.,0.457677943817375));
#1144=CARTESIAN_POINT('',(11.4146918226014,0.,0.458853195256732));
#1145=CARTESIAN_POINT('',(11.421863526109,0.,0.460013856718967));
#1146=CARTESIAN_POINT('',(13.7866703425336,4.86347614304248,0.826634605642544));
#1147=CARTESIAN_POINT('',(13.7904922636806,4.86347614304248,0.827329718401047));
#1148=CARTESIAN_POINT('',(13.7943149392202,4.86347614304248,0.828017043142084));
#1149=CARTESIAN_POINT('',(11.4290326790306,0.,0.461172516725313));
#1150=CARTESIAN_POINT('',(11.4362018319522,0.,0.462331176731659));
#1151=CARTESIAN_POINT('',(11.4433667840367,0.,0.463493069850565));
#1152=CARTESIAN_POINT('',(13.7981362700642,4.86347614304248,0.828703274243241));
#1153=CARTESIAN_POINT('',(13.8019576009082,4.86347614304248,0.829389505344399));
#1154=CARTESIAN_POINT('',(13.8057766561046,4.86347614304248,0.830077425452573));
#1155=CARTESIAN_POINT('',(11.4505385167332,0.,0.464627172754599));
#1156=CARTESIAN_POINT('',(11.4648819821262,0.,0.466895378562665));
#1157=CARTESIAN_POINT('',(11.4792429685914,0.,0.469077135822327));
#1158=CARTESIAN_POINT('',(13.8095995950457,4.86347614304248,0.830750554067352));
#1159=CARTESIAN_POINT('',(13.8172454729278,4.86347614304248,0.83209681129691));
#1160=CARTESIAN_POINT('',(13.8249015229733,4.86347614304248,0.833397022489748));
#1161=CARTESIAN_POINT('',(11.493618703288,0.,0.47116131402718));
#1162=CARTESIAN_POINT('',(11.5223701726813,0.,0.475329670436888));
#1163=CARTESIAN_POINT('',(11.5511761807398,0.,0.479118537486638));
#1164=CARTESIAN_POINT('',(13.832566366861,4.86347614304248,0.834645212162874));
#1165=CARTESIAN_POINT('',(13.8478960546365,4.86347614304248,0.837141591509124));
#1166=CARTESIAN_POINT('',(13.8632584358184,4.86347614304248,0.839435630519463));
#1167=CARTESIAN_POINT('',(11.5800283431996,0.,0.482405297431994));
#1168=CARTESIAN_POINT('',(11.6088805056595,0.,0.48569205737735));
#1169=CARTESIAN_POINT('',(11.6378099213004,0.,0.48840983219166));
#1170=CARTESIAN_POINT('',(13.8786501728087,4.86347614304248,0.841461707861034));
#1171=CARTESIAN_POINT('',(13.894041909799,4.86347614304248,0.843487785202604));
#1172=CARTESIAN_POINT('',(13.9094802498814,4.86347614304248,0.845210442592305));
#1173=CARTESIAN_POINT('',(11.666757917052,0.,0.490862859378139));
#1174=CARTESIAN_POINT('',(11.6812319149278,0.,0.492089372971379));
#1175=CARTESIAN_POINT('',(11.6957105578313,0.,0.493249699657661));
#1176=CARTESIAN_POINT('',(13.9249309917992,4.86347614304248,0.846791757267157));
#1177=CARTESIAN_POINT('',(13.9326563627582,4.86347614304248,0.847582414604583));
#1178=CARTESIAN_POINT('',(13.940384834176,4.86347614304248,0.848337736263296));
#1179=CARTESIAN_POINT('',(11.7101865116287,0.,0.494381869124888));
#1180=CARTESIAN_POINT('',(11.7246624654261,0.,0.495514038592114));
#1181=CARTESIAN_POINT('',(11.7391450379935,0.,0.496570999090535));
#1182=CARTESIAN_POINT('',(13.9481121308956,4.86347614304248,0.849077981897926));
#1183=CARTESIAN_POINT('',(13.9558394276152,4.86347614304248,0.849818227532555));
#1184=CARTESIAN_POINT('',(13.9635709640006,4.86347614304248,0.850518333323513));
#1185=CARTESIAN_POINT('',(11.7536349347021,0.,0.497548725316942));
#1186=CARTESIAN_POINT('',(11.7826147281193,0.,0.499504177769756));
#1187=CARTESIAN_POINT('',(11.8116207947563,0.,0.501157984386558));
#1188=CARTESIAN_POINT('',(13.9713071546524,4.86347614304248,0.851176154198839));
#1189=CARTESIAN_POINT('',(13.986779535956,4.86347614304248,0.852491795949491));
#1190=CARTESIAN_POINT('',(14.002268775579,4.86347614304248,0.853646443492101));
#1191=CARTESIAN_POINT('',(11.8406402865441,0.,0.502571465643781));
#1192=CARTESIAN_POINT('',(11.8696597783319,0.,0.503984946901003));
#1193=CARTESIAN_POINT('',(11.8986926952704,0.,0.505158102798646));
#1194=CARTESIAN_POINT('',(14.0177674336797,4.86347614304248,0.854672754705899));
#1195=CARTESIAN_POINT('',(14.0332660917804,4.86347614304248,0.855699065919697));
#1196=CARTESIAN_POINT('',(14.0487741683589,4.86347614304248,0.856597040804682));
#1197=CARTESIAN_POINT('',(11.9277261892907,0.,0.506152253813141));
#1198=CARTESIAN_POINT('',(11.9422429363008,0.,0.506649329320388));
#1199=CARTESIAN_POINT('',(11.9567598275813,0.,0.507101653606849));
#1200=CARTESIAN_POINT('',(14.0642842235735,4.86347614304248,0.857399337240084));
#1201=CARTESIAN_POINT('',(14.0720392511808,4.86347614304248,0.857800485457785));
#1202=CARTESIAN_POINT('',(14.0797947734471,4.86347614304248,0.858177714063089));
#1203=CARTESIAN_POINT('',(11.9712752571237,0.,0.507516891732076));
#1204=CARTESIAN_POINT('',(11.985790686666,0.,0.507932129857304));
#1205=CARTESIAN_POINT('',(12.0003047207851,0.,0.508308566195846));
#1206=CARTESIAN_POINT('',(14.0875498603923,4.86347614304248,0.858535105290902));
#1207=CARTESIAN_POINT('',(14.0953049473375,4.86347614304248,0.858892496518714));
#1208=CARTESIAN_POINT('',(14.1030596504163,4.86347614304248,0.859229133931109));
#1209=CARTESIAN_POINT('',(12.014822832539,0.,0.508608152047413));
#1210=CARTESIAN_POINT('',(12.0728952795544,0.,0.509806495453679));
#1211=CARTESIAN_POINT('',(12.1310074034576,0.,0.509972301350421));
#1212=CARTESIAN_POINT('',(14.1108172501586,4.86347614304248,0.859524730346351));
#1213=CARTESIAN_POINT('',(14.1418476491277,4.86347614304248,0.860707116007319));
#1214=CARTESIAN_POINT('',(14.172908890537,4.86347614304248,0.86133794754979));
#1215=CARTESIAN_POINT('',(12.1891096089091,0.,0.509736587730532));
#1216=CARTESIAN_POINT('',(12.203635160272,0.,0.509677659325559));
#1217=CARTESIAN_POINT('',(12.2181600917316,0.,0.509593635950797));
#1218=CARTESIAN_POINT('',(14.2039685765102,4.86347614304248,0.861754061529552));
#1219=CARTESIAN_POINT('',(14.2117334980036,4.86347614304248,0.861858090024493));
#1220=CARTESIAN_POINT('',(14.2194983222821,4.86347614304248,0.861948698671764));
#1221=CARTESIAN_POINT('',(12.2326836283609,0.,0.509494377262385));
#1222=CARTESIAN_POINT('',(12.2472071649901,0.,0.509395118573972));
#1223=CARTESIAN_POINT('',(12.2617286033524,0.,0.509289780577066));
#1224=CARTESIAN_POINT('',(14.2272625431291,4.86347614304248,0.86203115054255));
#1225=CARTESIAN_POINT('',(14.2350267639761,4.86347614304248,0.862113602413336));
#1226=CARTESIAN_POINT('',(14.2427899199541,4.86347614304248,0.8621927851219));
#1227=CARTESIAN_POINT('',(12.2762504574559,0.,0.509145356541932));
#1228=CARTESIAN_POINT('',(12.3052941656628,0.,0.508856508471665));
#1229=CARTESIAN_POINT('',(12.3343385160809,0.,0.508425022070932));
#1230=CARTESIAN_POINT('',(14.2505536628431,4.86347614304248,0.862251078972197));
#1231=CARTESIAN_POINT('',(14.2660811486211,4.86347614304248,0.862367666672791));
#1232=CARTESIAN_POINT('',(14.2816103085385,4.86347614304248,0.862408015616748));
#1233=CARTESIAN_POINT('',(12.3633816584523,0.,0.50787749678533));
#1234=CARTESIAN_POINT('',(12.3924248008238,0.,0.507329971499728));
#1235=CARTESIAN_POINT('',(12.4214667351487,0.,0.506666407329257));
#1236=CARTESIAN_POINT('',(14.2971399053929,4.86347614304248,0.862386326794844));
#1237=CARTESIAN_POINT('',(14.3126695022472,4.86347614304248,0.86236463797294));
#1238=CARTESIAN_POINT('',(14.3281995360385,4.86347614304248,0.862280911385174));
#1239=CARTESIAN_POINT('',(12.4505056111693,0.,0.50591340371951));
#1240=CARTESIAN_POINT('',(12.4795444871899,0.,0.505160400109763));
#1241=CARTESIAN_POINT('',(12.5085801084926,0.,0.50432881993611));
#1242=CARTESIAN_POINT('',(14.3437287695644,4.86347614304248,0.862149348022323));
#1243=CARTESIAN_POINT('',(14.3592580030902,4.86347614304248,0.862017784659473));
#1244=CARTESIAN_POINT('',(14.3747862300074,4.86347614304248,0.861844189243178));
#1245=CARTESIAN_POINT('',(12.5376112418072,0.,0.503411084148245));
#1246=CARTESIAN_POINT('',(12.5956735084366,0.,0.501575612572515));
#1247=CARTESIAN_POINT('',(12.6537218565447,0.,0.499198203940915));
#1248=CARTESIAN_POINT('',(14.3903128618083,4.86347614304248,0.861624499021933));
#1249=CARTESIAN_POINT('',(14.4213661254103,4.86347614304248,0.861185118579443));
#1250=CARTESIAN_POINT('',(14.4524170055477,4.86347614304248,0.860455925587704));
#1251=CARTESIAN_POINT('',(12.7117617749434,0.,0.496635243408638));
#1252=CARTESIAN_POINT('',(12.7407817341428,0.,0.495353763142499));
#1253=CARTESIAN_POINT('',(12.7697995859148,0.,0.494025894901191));
#1254=CARTESIAN_POINT('',(14.483465110989,4.86347614304248,0.859627470520187));
#1255=CARTESIAN_POINT('',(14.4989891637096,4.86347614304248,0.859213242986429));
#1256=CARTESIAN_POINT('',(14.5145125227562,4.86347614304248,0.858774199933726));
#1257=CARTESIAN_POINT('',(12.7988160163608,0.,0.492696186829113));
#1258=CARTESIAN_POINT('',(12.8278324468069,0.,0.491366478757034));
#1259=CARTESIAN_POINT('',(12.8568482995066,0.,0.490013973839426));
#1260=CARTESIAN_POINT('',(14.5300351392248,4.86347614304248,0.858334160171262));
#1261=CARTESIAN_POINT('',(14.5455577556934,4.86347614304248,0.857894120408798));
#1262=CARTESIAN_POINT('',(14.5610802760392,4.86347614304248,0.857441889612901));
#1263=CARTESIAN_POINT('',(12.8858622519484,0.,0.488614472328767));
#1264=CARTESIAN_POINT('',(12.9438901568321,0.,0.485815469307451));
#1265=CARTESIAN_POINT('',(13.0019101585768,0.,0.482836910760125));
#1266=CARTESIAN_POINT('',(14.5766022191284,4.86347614304248,0.856964519905294));
#1267=CARTESIAN_POINT('',(14.6076461053067,4.86347614304248,0.856009780490081));
#1268=CARTESIAN_POINT('',(14.6386874423096,4.86347614304248,0.854958989166145));
#1269=CARTESIAN_POINT('',(13.0599098242399,0.,0.479536946102696));
#1270=CARTESIAN_POINT('',(13.117909489903,0.,0.476236981445266));
#1271=CARTESIAN_POINT('',(13.1758906803171,0.,0.472595039275758));
#1272=CARTESIAN_POINT('',(14.6697209078391,4.86347614304248,0.853736206257493));
#1273=CARTESIAN_POINT('',(14.7007543733685,4.86347614304248,0.852513423348842));
#1274=CARTESIAN_POINT('',(14.7317811540361,4.86347614304248,0.851107670145433));
#1275=CARTESIAN_POINT('',(13.2338590568237,0.,0.46874788279136));
#1276=CARTESIAN_POINT('',(13.2628432450769,0.,0.466824304549161));
#1277=CARTESIAN_POINT('',(13.2918240927872,0.,0.464849910236857));
#1278=CARTESIAN_POINT('',(14.7628029999694,4.86347614304248,0.849592103771281));
#1279=CARTESIAN_POINT('',(14.7783139229361,4.86347614304248,0.848834320584206));
#1280=CARTESIAN_POINT('',(14.7938235344044,4.86347614304248,0.848049343414522));
#1281=CARTESIAN_POINT('',(13.320802091318,0.,0.462842549611807));
#1282=CARTESIAN_POINT('',(13.3497800898488,0.,0.460835188986758));
#1283=CARTESIAN_POINT('',(13.3787553717665,0.,0.458796071978226));
#1284=CARTESIAN_POINT('',(14.8093319304805,4.86347614304248,0.84724671811287));
#1285=CARTESIAN_POINT('',(14.8248403265566,4.86347614304248,0.846444092811217));
#1286=CARTESIAN_POINT('',(14.8403475668123,4.86347614304248,0.845624467360358));
#1287=CARTESIAN_POINT('',(13.4077276281897,0.,0.456705610720316));
#1288=CARTESIAN_POINT('',(13.4656721410361,0.,0.452524688204496));
#1289=CARTESIAN_POINT('',(13.5236043917403,0.,0.44815860551112));
#1290=CARTESIAN_POINT('',(14.8558536689013,4.86347614304248,0.844777368537675));
#1291=CARTESIAN_POINT('',(14.8868658730792,4.86347614304248,0.843083170892309));
#1292=CARTESIAN_POINT('',(14.9178732503483,4.86347614304248,0.841289884801988));
#1293=CARTESIAN_POINT('',(13.5815208673072,0.,0.443607996590604));
#1294=CARTESIAN_POINT('',(13.6104791050907,0.,0.441332692130345));
#1295=CARTESIAN_POINT('',(13.6394336563966,0.,0.439011197741157));
#1296=CARTESIAN_POINT('',(14.9488739169853,4.86347614304248,0.839397816356218));
#1297=CARTESIAN_POINT('',(14.9643742503038,4.86347614304248,0.838451782133333));
#1298=CARTESIAN_POINT('',(14.9798730440476,4.86347614304248,0.837481023520553));
#1299=CARTESIAN_POINT('',(13.6683845447828,0.,0.436643516796412));
#1300=CARTESIAN_POINT('',(13.697335433169,0.,0.434275835851667));
#1301=CARTESIAN_POINT('',(13.7262826586356,0.,0.431861968351366));
#1302=CARTESIAN_POINT('',(14.9953703107777,4.86347614304248,0.836485542540858));
#1303=CARTESIAN_POINT('',(15.0108675775078,4.86347614304248,0.835490061561164));
#1304=CARTESIAN_POINT('',(15.0263633172242,4.86347614304248,0.834469858214553));
#1305=CARTESIAN_POINT('',(13.7552262447407,0.,0.429401917668881));
#1306=CARTESIAN_POINT('',(13.7841698308457,0.,0.426941866986396));
#1307=CARTESIAN_POINT('',(13.8131095128999,0.,0.424435688882725));
#1308=CARTESIAN_POINT('',(15.041857542488,4.86347614304248,0.833424934524007));
#1309=CARTESIAN_POINT('',(15.0573517677518,4.86347614304248,0.832380010833462));
#1310=CARTESIAN_POINT('',(15.0728443365578,4.86347614304248,0.831310394135388));
#1311=CARTESIAN_POINT('',(13.8420448550665,0.,0.421883483356614));
#1312=CARTESIAN_POINT('',(13.8709801972331,0.,0.419331277830503));
#1313=CARTESIAN_POINT('',(13.8999101607279,0.,0.416726037993469));
#1314=CARTESIAN_POINT('',(15.0883350150044,4.86347614304248,0.83021613381583));
#1315=CARTESIAN_POINT('',(15.1038256934509,4.86347614304248,0.829121873496273));
#1316=CARTESIAN_POINT('',(15.1193139916509,4.86347614304248,0.827999214457126));
#1317=CARTESIAN_POINT('',(13.9288399708983,0.,0.414107259887932));
#1318=CARTESIAN_POINT('',(13.986699591239,0.,0.408869703676858));
#1319=CARTESIAN_POINT('',(14.0445529234663,0.,0.403532044098111));
#1320=CARTESIAN_POINT('',(15.13480233421,4.86347614304248,0.826869317350001));
#1321=CARTESIAN_POINT('',(15.1657790193283,4.86347614304248,0.824609523135752));
#1322=CARTESIAN_POINT('',(15.1967532772424,4.86347614304248,0.822296161800641));
#1323=CARTESIAN_POINT('',(14.1023659646105,0.,0.397814245278309));
#1324=CARTESIAN_POINT('',(14.1312724851826,0.,0.394955345868408));
#1325=CARTESIAN_POINT('',(14.1601676425013,0.,0.391987730757761));
#1326=CARTESIAN_POINT('',(15.2277095450937,4.86347614304248,0.819779227958306));
#1327=CARTESIAN_POINT('',(15.2431876790193,4.86347614304248,0.818520761037138));
#1328=CARTESIAN_POINT('',(15.2586607532717,4.86347614304248,0.81720407607516));
#1329=CARTESIAN_POINT('',(14.1890532724648,0.,0.388926712403249));
#1330=CARTESIAN_POINT('',(14.2179389024283,0.,0.385865694048738));
#1331=CARTESIAN_POINT('',(14.2468150050367,0.,0.382711272450363));
#1332=CARTESIAN_POINT('',(15.2741296063275,4.86347614304248,0.815837375199676));
#1333=CARTESIAN_POINT('',(15.2895984593833,4.86347614304248,0.814470674324191));
#1334=CARTESIAN_POINT('',(15.3050630912426,4.86347614304248,0.813053957535199));
#1335=CARTESIAN_POINT('',(14.2756834161884,0.,0.379478760065008));
#1336=CARTESIAN_POINT('',(14.3045518273402,0.,0.376246247679652));
#1337=CARTESIAN_POINT('',(14.3334114110745,0.,0.372935200457993));
#1338=CARTESIAN_POINT('',(15.320524340382,4.86347614304248,0.811595426960001));
#1339=CARTESIAN_POINT('',(15.3359855895214,4.86347614304248,0.810136896384803));
#1340=CARTESIAN_POINT('',(15.3514428528768,4.86347614304248,0.808636304065995));
#1341=CARTESIAN_POINT('',(14.36226223308,0.,0.36955219858604));
#1342=CARTESIAN_POINT('',(14.3911130550854,0.,0.366169196714088));
#1343=CARTESIAN_POINT('',(14.4199551153619,0.,0.362714240191841));
#1344=CARTESIAN_POINT('',(15.3668961041656,4.86347614304248,0.8070971679363));
#1345=CARTESIAN_POINT('',(15.3823493554545,4.86347614304248,0.805558031806604));
#1346=CARTESIAN_POINT('',(15.3977985946769,4.86347614304248,0.803980351866022));
#1347=CARTESIAN_POINT('',(14.448788479598,0.,0.359193909205309));
#1348=CARTESIAN_POINT('',(14.50645520807,0.,0.352153247232246));
#1349=CARTESIAN_POINT('',(14.564090365425,0.,0.344818931916546));
#1350=CARTESIAN_POINT('',(15.4132437955504,4.86347614304248,0.802367646047275));
#1351=CARTESIAN_POINT('',(15.4441341972972,4.86347614304248,0.799142234409781));
#1352=CARTESIAN_POINT('',(15.4750104631434,4.86347614304248,0.795759561103065));
#1353=CARTESIAN_POINT('',(14.6216854277236,0.,0.337194491337658));
#1354=CARTESIAN_POINT('',(14.6504829588729,0.,0.333382271048214));
#1355=CARTESIAN_POINT('',(14.6792698313757,0.,0.329494652343588));
#1356=CARTESIAN_POINT('',(15.5058680038528,4.86347614304248,0.792221432467578));
#1357=CARTESIAN_POINT('',(15.5212967742075,4.86347614304248,0.790452368149834));
#1358=CARTESIAN_POINT('',(15.5367205506639,4.86347614304248,0.788642901519961));
#1359=CARTESIAN_POINT('',(14.7080469199685,0.,0.325540838463416));
#1360=CARTESIAN_POINT('',(14.7368240085613,0.,0.321587024583244));
#1361=CARTESIAN_POINT('',(14.7655993998716,0.,0.317603349502043));
#1362=CARTESIAN_POINT('',(15.5521397149278,4.86347614304248,0.786797960165372));
#1363=CARTESIAN_POINT('',(15.5675588791917,4.86347614304248,0.784953018810784));
#1364=CARTESIAN_POINT('',(15.5829774148176,4.86347614304248,0.783092099853262));
#1365=CARTESIAN_POINT('',(14.7943649601915,0.,0.313547654402928));
#1366=CARTESIAN_POINT('',(14.8518960808313,0.,0.305436264204697));
#1367=CARTESIAN_POINT('',(14.9093878775093,0.,0.297036793934805));
#1368=CARTESIAN_POINT('',(15.5983913674323,4.86347614304248,0.781192592167249));
#1369=CARTESIAN_POINT('',(15.6292192726618,4.86347614304248,0.777393576795224));
#1370=CARTESIAN_POINT('',(15.660028845847,4.86347614304248,0.773440206509231));
#1371=CARTESIAN_POINT('',(14.9667752805612,0.,0.288011973058153));
#1372=CARTESIAN_POINT('',(15.024162683613,0.,0.278987152181502));
#1373=CARTESIAN_POINT('',(15.0814670633047,0.,0.269392118907435));
#1374=CARTESIAN_POINT('',(15.6907884520037,4.86347614304248,0.769151592304799));
#1375=CARTESIAN_POINT('',(15.7215480581604,4.86347614304248,0.764862978100367));
#1376=CARTESIAN_POINT('',(15.7522686059235,4.86347614304248,0.760268792504282));
#1377=CARTESIAN_POINT('',(15.1387027127987,0.,0.259400196255747));
#1378=CARTESIAN_POINT('',(15.1673205375457,0.,0.254404234929903));
#1379=CARTESIAN_POINT('',(15.1959204413104,0.,0.249306889975178));
#1380=CARTESIAN_POINT('',(15.7829561182914,4.86347614304248,0.755461815572177));
#1381=CARTESIAN_POINT('',(15.7982998744753,4.86347614304248,0.753058327106125));
#1382=CARTESIAN_POINT('',(15.8136349972599,4.86347614304248,0.750600478640613));
#1383=CARTESIAN_POINT('',(15.2245030693027,0.,0.244126482853978));
#1384=CARTESIAN_POINT('',(15.253085697295,0.,0.238946075732778));
#1385=CARTESIAN_POINT('',(15.2816521299766,0.,0.233684373693088));
#1386=CARTESIAN_POINT('',(15.8289616605858,4.86347614304248,0.748098069603141));
#1387=CARTESIAN_POINT('',(15.8442883239117,4.86347614304248,0.745595660565669));
#1388=CARTESIAN_POINT('',(15.8596070888313,4.86347614304248,0.743049645687818));
#1389=CARTESIAN_POINT('',(15.3102031207845,0.,0.228324859192527));
#1390=CARTESIAN_POINT('',(15.3673051024004,0.,0.217605830191405));
#1391=CARTESIAN_POINT('',(15.4243405042596,0.,0.20650563480197));
#1392=CARTESIAN_POINT('',(15.8749185121944,4.86347614304248,0.740451202844804));
#1393=CARTESIAN_POINT('',(15.9055413589206,4.86347614304248,0.735254317158776));
#1394=CARTESIAN_POINT('',(15.936132173031,4.86347614304248,0.729853064641511));
#1395=CARTESIAN_POINT('',(15.4812806964916,0.,0.194968886622808));
#1396=CARTESIAN_POINT('',(15.5097507926075,0.,0.189200512533226));
#1397=CARTESIAN_POINT('',(15.5381958496037,0.,0.183320650781535));
#1398=CARTESIAN_POINT('',(15.9666761677154,4.86347614304248,0.724217572365408));
#1399=CARTESIAN_POINT('',(15.9819481650576,4.86347614304248,0.721399826227357));
#1400=CARTESIAN_POINT('',(15.9972078184019,4.86347614304248,0.718522252746707));
#1401=CARTESIAN_POINT('',(15.5666237653951,0.,0.177343278788104));
#1402=CARTESIAN_POINT('',(15.5950516811865,0.,0.171365906794674));
#1403=CARTESIAN_POINT('',(15.6234599688905,0.,0.165286803623633));
#1404=CARTESIAN_POINT('',(16.012459219023,4.86347614304248,0.715592396991432));
#1405=CARTESIAN_POINT('',(16.0277106196441,4.86347614304248,0.712662541236156));
#1406=CARTESIAN_POINT('',(16.0429524776063,4.86347614304248,0.709678123777726));
#1407=CARTESIAN_POINT('',(15.6518446597147,0.,0.159099665805964));
#1408=CARTESIAN_POINT('',(15.708614041363,0.,0.146725390170624));
#1409=CARTESIAN_POINT('',(15.7652871655494,0.,0.133933916588445));
#1410=CARTESIAN_POINT('',(16.0581827302763,4.86347614304248,0.706635738180403));
#1411=CARTESIAN_POINT('',(16.0886432356162,4.86347614304248,0.700550966985757));
#1412=CARTESIAN_POINT('',(16.1190561808428,4.86347614304248,0.694242292038088));
#1413=CARTESIAN_POINT('',(15.8218383261756,0.,0.120622266669591));
#1414=CARTESIAN_POINT('',(15.8783894868017,0.,0.107310616750737));
#1415=CARTESIAN_POINT('',(15.9348267046893,0.,0.0934845074066083));
#1416=CARTESIAN_POINT('',(16.1494087860428,4.86347614304248,0.687654428249816));
#1417=CARTESIAN_POINT('',(16.1797613912428,4.86347614304248,0.681066564461545));
#1418=CARTESIAN_POINT('',(16.2100578904614,4.86347614304248,0.674202642541216));
#1419=CARTESIAN_POINT('',(15.9911826321935,0.,0.0793493432895604));
#1420=CARTESIAN_POINT('',(16.0475385596976,0.,0.0652141791725127));
#1421=CARTESIAN_POINT('',(16.1038199275976,0.,0.0508123012829774));
#1422=CARTESIAN_POINT('',(16.2403138209415,4.86347614304248,0.66717276249951));
#1423=CARTESIAN_POINT('',(16.2705697514215,4.86347614304248,0.660142882457803));
#1424=CARTESIAN_POINT('',(16.3007883159259,4.86347614304248,0.652969739713476));
#1425=CARTESIAN_POINT('',(16.1600131593811,0.,0.0360583044862267));
#1426=CARTESIAN_POINT('',(16.2162063911646,0.,0.021304307689476));
#1427=CARTESIAN_POINT('',(16.272313949909,0.,0.00621368635173916));
#1428=CARTESIAN_POINT('',(16.3283358356144,0.,-0.00921355952698363));
#1429=CARTESIAN_POINT('',(16.3309630542295,4.86347614304248,0.64560755581829));
#1430=CARTESIAN_POINT('',(16.3611377925331,4.86347614304248,0.638245371923104));
#1431=CARTESIAN_POINT('',(16.3912698766625,4.86347614304248,0.630702452092486));
#1432=CARTESIAN_POINT('',(16.4213593066177,4.86347614304248,0.622978796326435));
#1433=B_SPLINE_SURFACE_WITH_KNOTS('Surf_OTGQOZDGCY, Wing, 0, 7, lower',1,3,((#1434, #1435, #1436, #1440, #1441, #1442, #1446, #1447, #1448, #1452, #1453, #1454, #1458, #1459, #1460, #1464, #1465, #1466, #1470, #1471, #1472, #1476, #1477, #1478, #1482, #1483, #1484, #1488, #1489, #1490, #1494, #1495, #1496, #1500, #1501, #1502, #1506, #1507, #1508, #1512, #1513, #1514, #1518, #1519, #1520, #1524, #1525, #1526, #1530, #1531, #1532, #1536, #1537, #1538, #1542, #1543, #1544, #1548, #1549, #1550, #1554, #1555, #1556, #1560, #1561, #1562, #1566, #1567, #1568, #1572, #1573, #1574, #1578, #1579, #1580, #1584, #1585, #1586, #1590, #1591, #1592, #1596, #1597, #1598, #1602, #1603, #1604, #1608, #1609, #1610, #1614, #1615, #1616, #1620, #1621, #1622, #1626, #1627, #1628, #1632, #1633, #1634, #1638, #1639, #1640, #1644, #1645, #1646, #1650, #1651, #1652, #1656, #1657, #1658, #1662, #1663, #1664, #1668, #1669, #1670, #1674, #1675, #1676, #1680, #1681, #1682, #1686, #1687, #1688, #1692, #1693, #1694, #1698, #1699, #1700, #1704, #1705, #1706, #1710, #1711, #1712, #1716, #1717, #1718, #1722, #1723, #1724, #1728, #1729, #1730, #1734, #1735, #1736, #1740, #1741, #1742, #1746, #1747, #1748, #1752, #1753, #1754, #1758, #1759, #1760, #1764, #1765, #1766, #1770, #1771, #1772, #1776, #1777, #1778, #1782, #1783, #1784, #1788, #1789, #1790, #1794, #1795, #1796, #1800, #1801, #1802, #1806, #1807, #1808, #1812, #1813, #1814, #1818, #1819, #1820, #1824, #1825, #1826, #1830, #1831, #1832, #1836, #1837, #1838, #1842, #1843, #1844, #1848, #1849, #1850, #1854, #1855, #1856, #1860, #1861, #1862, #1866, #1867, #1868, #1872, #1873, #1874, #1878, #1879, #1880, #1884, #1885, #1886, #1890, #1891, #1892, #1896, #1897, #1898, #1902, #1903, #1904, #1908, #1909, #1910, #1914, #1915, #1916, #1920, #1921, #1922, #1926, #1927, #1928, #1932, #1933, #1934, #1938, #1939, #1940, #1941),(#1437, #1438, #1439, #1443, #1444, #1445, #1449, #1450, #1451, #1455, #1456, #1457, #1461, #1462, #1463, #1467, #1468, #1469, #1473, #1474, #1475, #1479, #1480, #1481, #1485, #1486, #1487, #1491, #1492, #1493, #1497, #1498, #1499, #1503, #1504, #1505, #1509, #1510, #1511, #1515, #1516, #1517, #1521, #1522, #1523, #1527, #1528, #1529, #1533, #1534, #1535, #1539, #1540, #1541, #1545, #1546, #1547, #1551, #1552, #1553, #1557, #1558, #1559, #1563, #1564, #1565, #1569, #1570, #1571, #1575, #1576, #1577, #1581, #1582, #1583, #1587, #1588, #1589, #1593, #1594, #1595, #1599, #1600, #1601, #1605, #1606, #1607, #1611, #1612, #1613, #1617, #1618, #1619, #1623, #1624, #1625, #1629, #1630, #1631, #1635, #1636, #1637, #1641, #1642, #1643, #1647, #1648, #1649, #1653, #1654, #1655, #1659, #1660, #1661, #1665, #1666, #1667, #1671, #1672, #1673, #1677, #1678, #1679, #1683, #1684, #1685, #1689, #1690, #1691, #1695, #1696, #1697, #1701, #1702, #1703, #1707, #1708, #1709, #1713, #1714, #1715, #1719, #1720, #1721, #1725, #1726, #1727, #1731, #1732, #1733, #1737, #1738, #1739, #1743, #1744, #1745, #1749, #1750, #1751, #1755, #1756, #1757, #1761, #1762, #1763, #1767, #1768, #1769, #1773, #1774, #1775, #1779, #1780, #1781, #1785, #1786, #1787, #1791, #1792, #1793, #1797, #1798, #1799, #1803, #1804, #1805, #1809, #1810, #1811, #1815, #1816, #1817, #1821, #1822, #1823, #1827, #1828, #1829, #1833, #1834, #1835, #1839, #1840, #1841, #1845, #1846, #1847, #1851, #1852, #1853, #1857, #1858, #1859, #1863, #1864, #1865, #1869, #1870, #1871, #1875, #1876, #1877, #1881, #1882, #1883, #1887, #1888, #1889, #1893, #1894, #1895, #1899, #1900, #1901, #1905, #1906, #1907, #1911, #1912, #1913, #1917, #1918, #1919, #1923, #1924, #1925, #1929, #1930, #1931, #1935, #1936, #1937, #1942, #1943, #1944, #1945)),.UNSPECIFIED.,.F.,.F.,.F.,(2,2),(4,3,3,3,3,3,3,3,3,3,3,3,3,3,3,3,3,3,3,3,3,3,3,3,3,3,3,3,3,3,3,3,3,3,3,3,3,3,3,3,3,3,3,3,3,3,3,3,3,3,3,3,3,3,3,3,3,3,3,3,3,3,3,3,3,3,3,3,3,3,3,3,3,3,3,3,3,3,3,3,3,3,3,3,3,4),(0.,1.),(0.,1.,2.,3.,4.,5.,6.,7.,8.,9.,10.,11.,12.,13.,14.,15.,16.,17.,18.,19.,20.,21.,22.,23.,24.,25.,26.,27.,28.,29.,30.,31.,32.,33.,34.,35.,36.,37.,38.,39.,40.,41.,42.,43.,44.,45.,46.,47.,48.,49.,50.,51.,52.,53.,54.,55.,56.,57.,58.,59.,60.,61.,62.,63.,64.,65.,66.,67.,68.,69.,70.,71.,72.,73.,74.,75.,76.,77.,78.,79.,80.,81.,82.,83.,84.,85.),.PIECEWISE_BEZIER_KNOTS.);
#1434=CARTESIAN_POINT('',(16.4213593066177,4.86347614304248,0.622978796326435));
#1435=CARTESIAN_POINT('',(16.390828308094,4.86347614304248,0.620984061999588));
#1436=CARTESIAN_POINT('',(16.360297309567,4.86347614304248,0.61898932772257));
#1437=CARTESIAN_POINT('',(18.3139539563254,11.9105538196959,1.39111649712865));
#1438=CARTESIAN_POINT('',(18.3034753224671,11.9105538196959,1.39043187848969));
#1439=CARTESIAN_POINT('',(18.2929966886077,11.9105538196959,1.38974725986782));
#1440=CARTESIAN_POINT('',(16.3297663110368,4.86347614304248,0.616994593495381));
#1441=CARTESIAN_POINT('',(16.2992353125066,4.86347614304248,0.614999859268192));
#1442=CARTESIAN_POINT('',(16.2687041531963,4.86347614304248,0.613007639509521));
#1443=CARTESIAN_POINT('',(18.2825180547473,11.9105538196959,1.38906264126306));
#1444=CARTESIAN_POINT('',(18.2720394208868,11.9105538196959,1.3883780226583));
#1445=CARTESIAN_POINT('',(18.2615607318445,11.9105538196959,1.38769426705168));
#1446=CARTESIAN_POINT('',(16.2381737654778,4.86347614304248,0.611003352685872));
#1447=CARTESIAN_POINT('',(16.2076433777593,4.86347614304248,0.608999065862222));
#1448=CARTESIAN_POINT('',(16.17711327436,4.86347614304248,0.606990332518714));
#1449=CARTESIAN_POINT('',(18.2510823076225,11.9105538196959,1.38700636987218));
#1450=CARTESIAN_POINT('',(18.2406038834005,11.9105538196959,1.38631847269267));
#1451=CARTESIAN_POINT('',(18.2301255567605,11.9105538196959,1.38562904941));
#1452=CARTESIAN_POINT('',(16.1465811640235,4.86347614304248,0.605012986028752));
#1453=CARTESIAN_POINT('',(16.116049053687,4.86347614304248,0.60303563953879));
#1454=CARTESIAN_POINT('',(16.085514371414,4.86347614304248,0.601098516019455));
#1455=CARTESIAN_POINT('',(18.2196465413137,11.9105538196959,1.38495039850171));
#1456=CARTESIAN_POINT('',(18.209167525867,11.9105538196959,1.38427174759342));
#1457=CARTESIAN_POINT('',(18.1986876276983,11.9105538196959,1.38360690172925));
#1458=CARTESIAN_POINT('',(16.0549789915718,4.86347614304248,0.599172301913138));
#1459=CARTESIAN_POINT('',(16.0397113016507,4.86347614304248,0.598209194859981));
#1460=CARTESIAN_POINT('',(16.0244434696393,4.86347614304248,0.597248309985165));
#1461=CARTESIAN_POINT('',(18.1882074901148,11.9105538196959,1.38294580011684));
#1462=CARTESIAN_POINT('',(18.1829674213231,11.9105538196959,1.38261524931063));
#1463=CARTESIAN_POINT('',(18.1777273037641,11.9105538196959,1.38228546118479));
#1464=CARTESIAN_POINT('',(16.0091757819799,4.86347614304248,0.596285167568313));
#1465=CARTESIAN_POINT('',(15.9939080943205,4.86347614304248,0.595322025151461));
#1466=CARTESIAN_POINT('',(15.9786407933594,4.86347614304248,0.594352864024699));
#1467=CARTESIAN_POINT('',(18.1724872357486,11.9105538196959,1.3819548982413));
#1468=CARTESIAN_POINT('',(18.1672471677332,11.9105538196959,1.38162433529782));
#1469=CARTESIAN_POINT('',(18.1620072324375,11.9105538196959,1.38129170665519));
#1470=CARTESIAN_POINT('',(15.9633729233984,4.86347614304248,0.59339246886468));
#1471=CARTESIAN_POINT('',(15.9328371834766,4.86347614304248,0.591471678544643));
#1472=CARTESIAN_POINT('',(15.9023000015057,4.86347614304248,0.589573094616384));
#1473=CARTESIAN_POINT('',(18.1567671018538,11.9105538196959,1.38096208660581));
#1474=CARTESIAN_POINT('',(18.1462868406863,11.9105538196959,1.38030284650705));
#1475=CARTESIAN_POINT('',(18.135806084589,11.9105538196959,1.37965122792936));
#1476=CARTESIAN_POINT('',(15.8717660310885,4.86347614304248,0.587625055444985));
#1477=CARTESIAN_POINT('',(15.8564990458799,4.86347614304248,0.586651035859286));
#1478=CARTESIAN_POINT('',(15.8412327539662,4.86347614304248,0.585666340108334));
#1479=CARTESIAN_POINT('',(18.1253264307384,11.9105538196959,1.37898263567212));
#1480=CARTESIAN_POINT('',(18.1200866038131,11.9105538196959,1.37864833954351));
#1481=CARTESIAN_POINT('',(18.1148470148356,11.9105538196959,1.37831037921679));
#1482=CARTESIAN_POINT('',(15.82596815832,4.86347614304248,0.584655523257435));
#1483=CARTESIAN_POINT('',(15.8107035626737,4.86347614304248,0.583644706406536));
#1484=CARTESIAN_POINT('',(15.7954405216982,4.86347614304248,0.582609948930368));
#1485=CARTESIAN_POINT('',(18.1096080080391,11.9105538196959,1.37796345379049));
#1486=CARTESIAN_POINT('',(18.1043690012425,11.9105538196959,1.37761652836418));
#1487=CARTESIAN_POINT('',(18.0991305280291,11.9105538196959,1.37726138620542));
#1488=CARTESIAN_POINT('',(15.7801778724181,4.86347614304248,0.58156915967247));
#1489=CARTESIAN_POINT('',(15.7496525738578,4.86347614304248,0.579487581156675));
#1490=CARTESIAN_POINT('',(15.71912873995,4.86347614304248,0.577383429536844));
#1491=CARTESIAN_POINT('',(18.0938921892506,11.9105538196959,1.3769041738611));
#1492=CARTESIAN_POINT('',(18.0834155116936,11.9105538196959,1.37618974917246));
#1493=CARTESIAN_POINT('',(18.0729393368242,11.9105538196959,1.37546757710235));
#1494=CARTESIAN_POINT('',(15.6885973785622,4.86347614304248,0.575395233214567));
#1495=CARTESIAN_POINT('',(15.6580660171745,4.86347614304248,0.573407036892289));
#1496=CARTESIAN_POINT('',(15.6275287402002,4.86347614304248,0.571510208494529));
#1497=CARTESIAN_POINT('',(18.0624605784263,11.9105538196959,1.37478520239117));
#1498=CARTESIAN_POINT('',(18.0519818200285,11.9105538196959,1.37410282768));
#1499=CARTESIAN_POINT('',(18.0415010313247,11.9105538196959,1.3734518116231));
#1500=CARTESIAN_POINT('',(15.5969924929007,4.86347614304248,0.56959724672519));
#1501=CARTESIAN_POINT('',(15.5817243692509,4.86347614304248,0.56864076584052));
#1502=CARTESIAN_POINT('',(15.5664565030198,4.86347614304248,0.567680251612955));
#1503=CARTESIAN_POINT('',(18.0310205960187,11.9105538196959,1.37279525838426));
#1504=CARTESIAN_POINT('',(18.0257803783656,11.9105538196959,1.37246698176484));
#1505=CARTESIAN_POINT('',(18.0205402490621,11.9105538196959,1.37213732084994));
#1506=CARTESIAN_POINT('',(15.5511897623651,4.86347614304248,0.566702266380484));
#1507=CARTESIAN_POINT('',(15.5359230217104,4.86347614304248,0.565724281148013));
#1508=CARTESIAN_POINT('',(15.5206575514378,4.86347614304248,0.564726389004572));
#1509=CARTESIAN_POINT('',(18.0153005060708,11.9105538196959,1.37180166366002));
#1510=CARTESIAN_POINT('',(18.0100607630796,11.9105538196959,1.3714660064701));
#1511=CARTESIAN_POINT('',(18.0048214561,11.9105538196959,1.37112351697069));
#1512=CARTESIAN_POINT('',(15.5053925533712,4.86347614304248,0.563721030336183));
#1513=CARTESIAN_POINT('',(15.4748625572381,4.86347614304248,0.561710312999404));
#1514=CARTESIAN_POINT('',(15.4443343827228,4.86347614304248,0.559671007647178));
#1515=CARTESIAN_POINT('',(17.9995823111876,11.9105538196959,1.37077846486327));
#1516=CARTESIAN_POINT('',(17.9891040213627,11.9105538196959,1.37008836064842));
#1517=CARTESIAN_POINT('',(17.9786263567407,11.9105538196959,1.36938844465666));
#1518=CARTESIAN_POINT('',(15.4138012258377,4.86347614304248,0.557710641168385));
#1519=CARTESIAN_POINT('',(15.3985346473951,4.86347614304248,0.556730457928988));
#1520=CARTESIAN_POINT('',(15.3832667501163,4.86347614304248,0.555771044101079));
#1521=CARTESIAN_POINT('',(17.9681469821049,11.9105538196959,1.36871562150798));
#1522=CARTESIAN_POINT('',(17.962907294787,11.9105538196959,1.36837920993363));
#1523=CARTESIAN_POINT('',(17.9576671548274,11.9105538196959,1.36804992669013));
#1524=CARTESIAN_POINT('',(15.367998470776,4.86347614304248,0.554817278011606));
#1525=CARTESIAN_POINT('',(15.3527301914357,4.86347614304248,0.553863511922133));
#1526=CARTESIAN_POINT('',(15.3374613002693,4.86347614304248,0.552919259108516));
#1527=CARTESIAN_POINT('',(17.9524268837394,11.9105538196959,1.36772258182356));
#1528=CARTESIAN_POINT('',(17.9471866126513,11.9105538196959,1.36739523695699));
#1529=CARTESIAN_POINT('',(17.9419461315767,11.9105538196959,1.36707115716983));
#1530=CARTESIAN_POINT('',(15.322191832353,4.86347614304248,0.551984531046877));
#1531=CARTESIAN_POINT('',(15.3069223644368,4.86347614304248,0.551049802985237));
#1532=CARTESIAN_POINT('',(15.2916523197707,4.86347614304248,0.550124599675575));
#1533=CARTESIAN_POINT('',(17.936705452554,11.9105538196959,1.36675034640082));
#1534=CARTESIAN_POINT('',(17.9314647735313,11.9105538196959,1.36642953563181));
#1535=CARTESIAN_POINT('',(17.9262238965606,11.9105538196959,1.36611199388096));
#1536=CARTESIAN_POINT('',(15.2763817334311,4.86347614304248,0.549208932594012));
#1537=CARTESIAN_POINT('',(15.2611111470915,4.86347614304248,0.548293265512449));
#1538=CARTESIAN_POINT('',(15.245839953863,4.86347614304248,0.547388797792716));
#1539=CARTESIAN_POINT('',(17.9209828336806,11.9105538196959,1.36579772508703));
#1540=CARTESIAN_POINT('',(17.9157417708005,11.9105538196959,1.36548345629309));
#1541=CARTESIAN_POINT('',(17.9105004996283,11.9105538196959,1.36517303126509));
#1542=CARTESIAN_POINT('',(15.2305687999669,4.86347614304248,0.546481040896316));
#1543=CARTESIAN_POINT('',(15.2000264921748,4.86347614304248,0.544665527103516));
#1544=CARTESIAN_POINT('',(15.1694833397063,4.86347614304248,0.542858498440466));
#1545=CARTESIAN_POINT('',(17.9052592419556,11.9105538196959,1.36486147734908));
#1546=CARTESIAN_POINT('',(17.89477672661,11.9105538196959,1.36423836951706));
#1547=CARTESIAN_POINT('',(17.8842939213606,11.9105538196959,1.3636181738914));
#1548=CARTESIAN_POINT('',(15.138934226197,4.86347614304248,0.541168046400197));
#1549=CARTESIAN_POINT('',(15.1236596694423,4.86347614304248,0.540322820380063));
#1550=CARTESIAN_POINT('',(15.1083832825965,4.86347614304248,0.539516323446684));
#1551=CARTESIAN_POINT('',(17.8738090702048,11.9105538196959,1.36303798887154));
#1552=CARTESIAN_POINT('',(17.868566644627,11.9105538196959,1.36274789636161));
#1553=CARTESIAN_POINT('',(17.8633235909381,11.9105538196959,1.36247109617553));
#1554=CARTESIAN_POINT('',(15.0931057626238,4.86347614304248,0.538723970087028));
#1555=CARTESIAN_POINT('',(15.0778282426512,4.86347614304248,0.537931616727372));
#1556=CARTESIAN_POINT('',(15.0625496570136,4.86347614304248,0.537153171053425));
#1557=CARTESIAN_POINT('',(17.8580801483455,11.9105538196959,1.36219915024701));
#1558=CARTESIAN_POINT('',(17.8528367057528,11.9105538196959,1.36192720431848));
#1559=CARTESIAN_POINT('',(17.8475928974101,11.9105538196959,1.36166003168771));
#1560=CARTESIAN_POINT('',(15.0472697665719,4.86347614304248,0.536402250435872));
#1561=CARTESIAN_POINT('',(15.0319898761303,4.86347614304248,0.535651329818319));
#1562=CARTESIAN_POINT('',(15.0167086808847,4.86347614304248,0.53492793425716));
#1563=CARTESIAN_POINT('',(17.8423486412418,11.9105538196959,1.36140230601254));
#1564=CARTESIAN_POINT('',(17.8371043850736,11.9105538196959,1.36114458033738));
#1565=CARTESIAN_POINT('',(17.8318596810797,11.9105538196959,1.36089630161783));
#1566=CARTESIAN_POINT('',(15.0014259416963,4.86347614304248,0.534245681123082));
#1567=CARTESIAN_POINT('',(14.9861432025078,4.86347614304248,0.533563427989003));
#1568=CARTESIAN_POINT('',(14.9708589408555,4.86347614304248,0.532929986457231));
#1569=CARTESIAN_POINT('',(17.8266144471846,11.9105538196959,1.36066214351176));
#1570=CARTESIAN_POINT('',(17.8213692132895,11.9105538196959,1.3604279854057));
#1571=CARTESIAN_POINT('',(17.8161234568651,11.9105538196959,1.36021058007331));
#1572=CARTESIAN_POINT('',(14.9555728458176,4.86347614304248,0.53233378284039));
#1573=CARTESIAN_POINT('',(14.9250006557419,4.86347614304248,0.53114137560671));
#1574=CARTESIAN_POINT('',(14.8944211224839,4.86347614304248,0.530035547887563));
#1575=CARTESIAN_POINT('',(17.8108770711991,11.9105538196959,1.36000595527531));
#1576=CARTESIAN_POINT('',(17.8003842998671,11.9105538196959,1.35959670567929));
#1577=CARTESIAN_POINT('',(17.7898890082598,11.9105538196959,1.35921717129328));
#1578=CARTESIAN_POINT('',(14.8638372410407,4.86347614304248,0.529162453627102));
#1579=CARTESIAN_POINT('',(14.8485453003191,4.86347614304248,0.528725906496872));
#1580=CARTESIAN_POINT('',(14.8332522725512,4.86347614304248,0.528347542731313));
#1581=CARTESIAN_POINT('',(17.7793922242991,11.9105538196959,1.35891751404256));
#1582=CARTESIAN_POINT('',(17.7741438323188,11.9105538196959,1.35876768541721));
#1583=CARTESIAN_POINT('',(17.7688950672501,11.9105538196959,1.35863782607568));
#1584=CARTESIAN_POINT('',(14.8179585321116,4.86347614304248,0.528045631573445));
#1585=CARTESIAN_POINT('',(14.8026647916721,4.86347614304248,0.527743720415577));
#1586=CARTESIAN_POINT('',(14.7873686713658,4.86347614304248,0.527497348278689));
#1587=CARTESIAN_POINT('',(17.7636460575832,11.9105538196959,1.35853420625864));
#1588=CARTESIAN_POINT('',(17.7583970479164,11.9105538196959,1.3584305864416));
#1589=CARTESIAN_POINT('',(17.7531472214485,11.9105538196959,1.35834602833541));
#1590=CARTESIAN_POINT('',(14.7720712155942,4.86347614304248,0.527306781619156));
#1591=CARTESIAN_POINT('',(14.7414763040511,4.86347614304248,0.52692564830009));
#1592=CARTESIAN_POINT('',(14.7108765022214,4.86347614304248,0.526773512999189));
#1593=CARTESIAN_POINT('',(17.7478969366316,11.9105538196959,1.35828062339134));
#1594=CARTESIAN_POINT('',(17.7373963669979,11.9105538196959,1.3581498135032));
#1595=CARTESIAN_POINT('',(17.7268941189545,11.9105538196959,1.35809759869883));
#1596=CARTESIAN_POINT('',(14.6802829193682,4.86347614304248,0.526887738027622));
#1597=CARTESIAN_POINT('',(14.649689336515,4.86347614304248,0.527001963056056));
#1598=CARTESIAN_POINT('',(14.6190935312328,4.86347614304248,0.527358589898002));
#1599=CARTESIAN_POINT('',(17.7163940053443,11.9105538196959,1.35813680220701));
#1600=CARTESIAN_POINT('',(17.7058938917342,11.9105538196959,1.3581760057152));
#1601=CARTESIAN_POINT('',(17.6953930153576,11.9105538196959,1.3582984046632));
#1602=CARTESIAN_POINT('',(14.5885020002487,4.86347614304248,0.527972171595554));
#1603=CARTESIAN_POINT('',(14.5732062347567,4.86347614304248,0.52827896244433));
#1604=CARTESIAN_POINT('',(14.5579121253279,4.86347614304248,0.528651691850554));
#1605=CARTESIAN_POINT('',(17.6848936059755,11.9105538196959,1.35850899384343));
#1606=CARTESIAN_POINT('',(17.6796439012844,11.9105538196959,1.35861428843355));
#1607=CARTESIAN_POINT('',(17.6743947649757,11.9105538196959,1.35874221399003));
#1608=CARTESIAN_POINT('',(14.5426214190743,4.86347614304248,0.529094885116708));
#1609=CARTESIAN_POINT('',(14.5273307128206,4.86347614304248,0.529538078382862));
#1610=CARTESIAN_POINT('',(14.5120437216802,4.86347614304248,0.530052604081385));
#1611=CARTESIAN_POINT('',(17.6691467966808,11.9105538196959,1.35889432365525));
#1612=CARTESIAN_POINT('',(17.6638988283858,11.9105538196959,1.35904643332048));
#1613=CARTESIAN_POINT('',(17.6586521351658,11.9105538196959,1.35922302519975));
#1614=CARTESIAN_POINT('',(14.4967566535248,4.86347614304248,0.530629614758508));
#1615=CARTESIAN_POINT('',(14.4661825172139,4.86347614304248,0.531783636112755));
#1616=CARTESIAN_POINT('',(14.4356135418367,4.86347614304248,0.533199702998647));
#1617=CARTESIAN_POINT('',(17.6534054155132,11.9105538196959,1.35942106273243));
#1618=CARTESIAN_POINT('',(17.6429119762081,11.9105538196959,1.35981713779779));
#1619=CARTESIAN_POINT('',(17.6324203082022,11.9105538196959,1.36030315028129));
#1620=CARTESIAN_POINT('',(14.4050666503661,4.86347614304248,0.53491218809109));
#1621=CARTESIAN_POINT('',(14.3897932046308,4.86347614304248,0.535768430637312));
#1622=CARTESIAN_POINT('',(14.3745249950682,4.86347614304248,0.53670154862775));
#1623=CARTESIAN_POINT('',(17.6219362196789,11.9105538196959,1.36089089732983));
#1624=CARTESIAN_POINT('',(17.6166941754172,11.9105538196959,1.3611847708541));
#1625=CARTESIAN_POINT('',(17.6114539282778,11.9105538196959,1.36150502902583));
#1626=CARTESIAN_POINT('',(14.3592613338483,4.86347614304248,0.537708762313297));
#1627=CARTESIAN_POINT('',(14.3439976726285,4.86347614304248,0.538715975998843));
#1628=CARTESIAN_POINT('',(14.3287385597513,4.86347614304248,0.539797285379499));
#1629=CARTESIAN_POINT('',(17.6062152421884,11.9105538196959,1.36185071779915));
#1630=CARTESIAN_POINT('',(17.6009765560991,11.9105538196959,1.36219640657247));
#1631=CARTESIAN_POINT('',(17.5957394310599,11.9105538196959,1.36256752594738));
#1632=CARTESIAN_POINT('',(14.3134833073868,4.86347614304248,0.540949910706155));
#1633=CARTESIAN_POINT('',(14.2982280550223,4.86347614304248,0.542102536032811));
#1634=CARTESIAN_POINT('',(14.2829778458819,4.86347614304248,0.543325208272902));
#1635=CARTESIAN_POINT('',(17.5905036309985,11.9105538196959,1.362963121878));
#1636=CARTESIAN_POINT('',(17.5852678309372,11.9105538196959,1.36335871780862));
#1637=CARTESIAN_POINT('',(17.5800337617757,11.9105538196959,1.36377835474655));
#1638=CARTESIAN_POINT('',(14.2677342015522,4.86347614304248,0.544612960700419));
#1639=CARTESIAN_POINT('',(14.2601123793873,4.86347614304248,0.545256836914178));
#1640=CARTESIAN_POINT('',(14.2524924258851,4.86347614304248,0.545916138511526));
#1641=CARTESIAN_POINT('',(17.5748019457421,11.9105538196959,1.36422032804715));
#1642=CARTESIAN_POINT('',(17.5721860377254,11.9105538196959,1.36444131469745));
#1643=CARTESIAN_POINT('',(17.5695707710578,11.9105538196959,1.36466759553905));
#1644=CARTESIAN_POINT('',(14.2448741164743,4.86347614304248,0.546591787926933));
#1645=CARTESIAN_POINT('',(14.2372558070634,4.86347614304248,0.547267437342339));
#1646=CARTESIAN_POINT('',(14.229639141744,4.86347614304248,0.547959434575804));
#1647=CARTESIAN_POINT('',(17.5669560686637,11.9105538196959,1.36489948716339));
#1648=CARTESIAN_POINT('',(17.5643413662696,11.9105538196959,1.36513137878774));
#1649=CARTESIAN_POINT('',(17.5617272281489,11.9105538196959,1.36536888119483));
#1650=CARTESIAN_POINT('',(14.2220238959449,4.86347614304248,0.548668702061794));
#1651=CARTESIAN_POINT('',(14.1915629127482,4.86347614304248,0.551505772005755));
#1652=CARTESIAN_POINT('',(14.1611226859982,4.86347614304248,0.554625668230428));
#1653=CARTESIAN_POINT('',(17.5591135772259,11.9105538196959,1.36561231097613));
#1654=CARTESIAN_POINT('',(17.5486589735341,11.9105538196959,1.36658603010129));
#1655=CARTESIAN_POINT('',(17.5382114937235,11.9105538196959,1.36765681886664));
#1656=CARTESIAN_POINT('',(14.1307120712362,4.86347614304248,0.55798810182984));
#1657=CARTESIAN_POINT('',(14.1231094175457,4.86347614304248,0.558828710229693));
#1658=CARTESIAN_POINT('',(14.1155087423935,4.86347614304248,0.55968392323213));
#1659=CARTESIAN_POINT('',(17.5277741771304,11.9105538196959,1.36881084959818));
#1660=CARTESIAN_POINT('',(17.5251648479821,11.9105538196959,1.36909935728107));
#1661=CARTESIAN_POINT('',(17.5225561978938,11.9105538196959,1.36939287745259));
#1662=CARTESIAN_POINT('',(14.1079099802348,4.86347614304248,0.560554106051438));
#1663=CARTESIAN_POINT('',(14.1003112180761,4.86347614304248,0.561424288870745));
#1664=CARTESIAN_POINT('',(14.092714368911,4.86347614304248,0.562309441506924));
#1665=CARTESIAN_POINT('',(17.5199482043696,11.9105538196959,1.36969153545901));
#1666=CARTESIAN_POINT('',(17.5173402108454,11.9105538196959,1.36999019346544));
#1667=CARTESIAN_POINT('',(17.5147328738854,11.9105538196959,1.37029398930677));
#1668=CARTESIAN_POINT('',(14.0851193671945,4.86347614304248,0.56320992917426));
#1669=CARTESIAN_POINT('',(14.0699293637615,4.86347614304248,0.565010904508931));
#1670=CARTESIAN_POINT('',(14.0547467501233,4.86347614304248,0.566873219968232));
#1671=CARTESIAN_POINT('',(17.5121261709936,11.9105538196959,1.37060304832927));
#1672=CARTESIAN_POINT('',(17.5069127652101,11.9105538196959,1.37122116637429));
#1673=CARTESIAN_POINT('',(17.5017018956998,11.9105538196959,1.371860337144));
#1674=CARTESIAN_POINT('',(14.0395710019212,4.86347614304248,0.568799797266454));
#1675=CARTESIAN_POINT('',(14.0243952537191,4.86347614304248,0.570726374564676));
#1676=CARTESIAN_POINT('',(14.0092267615571,4.86347614304248,0.572714224129433));
#1677=CARTESIAN_POINT('',(17.4964933824961,11.9105538196959,1.37252156340858));
#1678=CARTESIAN_POINT('',(17.4912848692923,11.9105538196959,1.37318278967316));
#1679=CARTESIAN_POINT('',(17.4860788464554,11.9105538196959,1.37386504537266));
#1680=CARTESIAN_POINT('',(13.9940661080574,4.86347614304248,0.574758415661816));
#1681=CARTESIAN_POINT('',(13.9864857813075,4.86347614304248,0.575780511428007));
#1682=CARTESIAN_POINT('',(13.9789074142232,4.86347614304248,0.576816692686105));
#1683=CARTESIAN_POINT('',(17.4808755139489,11.9105538196959,1.3745666383647));
#1684=CARTESIAN_POINT('',(17.4782738476956,11.9105538196959,1.37491743486071));
#1685=CARTESIAN_POINT('',(17.4756728540249,11.9105538196959,1.37527306567986));
#1686=CARTESIAN_POINT('',(13.9713310796322,4.86347614304248,0.577866343148745));
#1687=CARTESIAN_POINT('',(13.9637547450411,4.86347614304248,0.578915993611386));
#1688=CARTESIAN_POINT('',(13.9561804429435,4.86347614304248,0.579979113278569));
#1689=CARTESIAN_POINT('',(17.4730725579323,11.9105538196959,1.37563331930434));
#1690=CARTESIAN_POINT('',(17.4704722618396,11.9105538196959,1.37599357292882));
#1691=CARTESIAN_POINT('',(17.4678726633249,11.9105538196959,1.37635844935863));
#1692=CARTESIAN_POINT('',(13.9486082461668,4.86347614304248,0.581055085862932));
#1693=CARTESIAN_POINT('',(13.9334638526136,4.86347614304248,0.583207031031657));
#1694=CARTESIAN_POINT('',(13.9183291989135,4.86347614304248,0.585427139662722));
#1695=CARTESIAN_POINT('',(17.4652737873837,11.9105538196959,1.37672773707597));
#1696=CARTESIAN_POINT('',(17.4600760355012,11.9105538196959,1.37746631251066));
#1697=CARTESIAN_POINT('',(17.4548816264625,11.9105538196959,1.37822828252787));
#1698=CARTESIAN_POINT('',(13.903201335043,4.86347614304248,0.587695849963762));
#1699=CARTESIAN_POINT('',(13.8880734711725,4.86347614304248,0.589964560264802));
#1700=CARTESIAN_POINT('',(13.8729525181001,4.86347614304248,0.592276625365094));
#1701=CARTESIAN_POINT('',(17.4496895477811,11.9105538196959,1.37900693326727));
#1702=CARTESIAN_POINT('',(17.4444974690997,11.9105538196959,1.37978558400666));
#1703=CARTESIAN_POINT('',(17.4393077622936,11.9105538196959,1.38057911467431));
#1704=CARTESIAN_POINT('',(13.8578323050113,4.86347614304248,0.594595390477476));
#1705=CARTESIAN_POINT('',(13.8502721984669,4.86347614304248,0.595754773033667));
#1706=CARTESIAN_POINT('',(13.8427127547979,4.86347614304248,0.596919156389905));
#1707=CARTESIAN_POINT('',(17.4341183094596,11.9105538196959,1.38137494487282));
#1708=CARTESIAN_POINT('',(17.4315235830425,11.9105538196959,1.38177285997208));
#1709=CARTESIAN_POINT('',(17.4289290841329,11.9105538196959,1.38217249141064));
#1710=CARTESIAN_POINT('',(13.8351554975428,4.86347614304248,0.598097116099017));
#1711=CARTESIAN_POINT('',(13.8313768689153,4.86347614304248,0.598686095953572));
#1712=CARTESIAN_POINT('',(13.8275987868912,4.86347614304248,0.599278469896346));
#1713=CARTESIAN_POINT('',(17.4263353356288,11.9105538196959,1.38257678242922));
#1714=CARTESIAN_POINT('',(17.4250384613768,11.9105538196959,1.38277892793851));
#1715=CARTESIAN_POINT('',(17.4237417747261,11.9105538196959,1.38298223834281));
#1716=CARTESIAN_POINT('',(13.8238214419129,4.86347614304248,0.59987530987144));
#1717=CARTESIAN_POINT('',(13.8200440969346,4.86347614304248,0.600472149846535));
#1718=CARTESIAN_POINT('',(13.8162674890021,4.86347614304248,0.601073455853951));
#1719=CARTESIAN_POINT('',(17.4224453410391,11.9105538196959,1.38318708154721));
#1720=CARTESIAN_POINT('',(17.4211489073522,11.9105538196959,1.3833919247516));
#1721=CARTESIAN_POINT('',(17.4198527266288,11.9105538196959,1.38359830075609));
#1722=CARTESIAN_POINT('',(13.8124918085577,4.86347614304248,0.60168029983779));
#1723=CARTESIAN_POINT('',(13.7973890867802,4.86347614304248,0.604107675773149));
#1724=CARTESIAN_POINT('',(13.782303524239,4.86347614304248,0.606638459904505));
#1725=CARTESIAN_POINT('',(17.4185568642314,11.9105538196959,1.38380657746577));
#1726=CARTESIAN_POINT('',(17.4133734146417,11.9105538196959,1.38463968430449));
#1727=CARTESIAN_POINT('',(17.4081958543241,11.9105538196959,1.38550828217449));
#1728=CARTESIAN_POINT('',(13.7672292766876,4.86347614304248,0.6092390630334));
#1729=CARTESIAN_POINT('',(13.759692152912,4.86347614304248,0.610539364597848));
#1730=CARTESIAN_POINT('',(13.7521582648928,4.86347614304248,0.611858186597654));
#1731=CARTESIAN_POINT('',(17.4030221774574,11.9105538196959,1.38640084282812));
#1732=CARTESIAN_POINT('',(17.400435339024,11.9105538196959,1.38684712315494));
#1733=CARTESIAN_POINT('',(17.3978496111442,11.9105538196959,1.38729975993488));
#1734=CARTESIAN_POINT('',(13.744626518171,4.86347614304248,0.613188945601185));
#1735=CARTESIAN_POINT('',(13.7370947714492,4.86347614304248,0.614519704604715));
#1736=CARTESIAN_POINT('',(13.7295651660248,4.86347614304248,0.615862400611972));
#1737=CARTESIAN_POINT('',(17.3952646181853,11.9105538196959,1.387756493649));
#1738=CARTESIAN_POINT('',(17.3926796252265,11.9105538196959,1.38821322736312));
#1739=CARTESIAN_POINT('',(17.3900953671886,11.9105538196959,1.38867405801142));
#1740=CARTESIAN_POINT('',(13.7220366074386,4.86347614304248,0.617210450191321));
#1741=CARTESIAN_POINT('',(13.7145080488525,4.86347614304248,0.61855849977067));
#1742=CARTESIAN_POINT('',(13.7069790066047,4.86347614304248,0.619906172803911));
#1743=CARTESIAN_POINT('',(17.3875114684391,11.9105538196959,1.38913672607496));
#1744=CARTESIAN_POINT('',(17.3849275696897,11.9105538196959,1.38959939413849));
#1745=CARTESIAN_POINT('',(17.3823435049413,11.9105538196959,1.39006193296653));
#1746=CARTESIAN_POINT('',(13.699452688336,4.86347614304248,0.62126881282586));
#1747=CARTESIAN_POINT('',(13.6956895292016,4.86347614304248,0.621950132836835));
#1748=CARTESIAN_POINT('',(13.691927051062,4.86347614304248,0.622635194594987));
#1749=CARTESIAN_POINT('',(17.3797603750978,11.9105538196959,1.39052960865881));
#1750=CARTESIAN_POINT('',(17.3784688101761,11.9105538196959,1.39076344650495));
#1751=CARTESIAN_POINT('',(17.3771774789805,11.9105538196959,1.39099856856715));
#1752=CARTESIAN_POINT('',(13.6881656548722,4.86347614304248,0.623325916042168));
#1753=CARTESIAN_POINT('',(13.6844042586824,4.86347614304248,0.62401663748935));
#1754=CARTESIAN_POINT('',(13.6806439444424,4.86347614304248,0.62471301862556));
#1755=CARTESIAN_POINT('',(17.3758865191242,11.9105538196959,1.39123563310788));
#1756=CARTESIAN_POINT('',(17.3745955592678,11.9105538196959,1.39147269764861));
#1757=CARTESIAN_POINT('',(17.3733049707506,11.9105538196959,1.39171170466787));
#1758=CARTESIAN_POINT('',(13.6768851131073,4.86347614304248,0.625416977392652));
#1759=CARTESIAN_POINT('',(13.6693674504371,4.86347614304248,0.626824894926836));
#1760=CARTESIAN_POINT('',(13.6618557193865,4.86347614304248,0.628263122984546));
#1761=CARTESIAN_POINT('',(17.3720148911856,11.9105538196959,1.39195331242813));
#1762=CARTESIAN_POINT('',(17.3694347320555,11.9105538196959,1.39243652794864));
#1763=CARTESIAN_POINT('',(17.3668566087341,11.9105538196959,1.39293014643313));
#1764=CARTESIAN_POINT('',(13.6543531275959,4.86347614304248,0.6297470051006));
#1765=CARTESIAN_POINT('',(13.6506018317007,4.86347614304248,0.630488946158626));
#1766=CARTESIAN_POINT('',(13.6468500879799,4.86347614304248,0.631230581556273));
#1767=CARTESIAN_POINT('',(17.364281622125,11.9105538196959,1.39343943398136));
#1768=CARTESIAN_POINT('',(17.3629941288204,11.9105538196959,1.39369407775547));
#1769=CARTESIAN_POINT('',(17.3617064818164,11.9105538196959,1.39394861662298));
#1770=CARTESIAN_POINT('',(13.6430995747862,4.86347614304248,0.631978776692441));
#1771=CARTESIAN_POINT('',(13.6393490615925,4.86347614304248,0.632726971828609));
#1772=CARTESIAN_POINT('',(13.6355997789258,4.86347614304248,0.6334817267033));
#1773=CARTESIAN_POINT('',(17.3604192571451,11.9105538196959,1.39420540687766));
#1774=CARTESIAN_POINT('',(17.3591320324739,11.9105538196959,1.39446219713233));
#1775=CARTESIAN_POINT('',(17.3578452301354,11.9105538196959,1.39472123877417));
#1776=CARTESIAN_POINT('',(13.6318534051388,4.86347614304248,0.634249906715414));
#1777=CARTESIAN_POINT('',(13.6281070313518,4.86347614304248,0.635018086727528));
#1778=CARTESIAN_POINT('',(13.6243639582738,4.86347614304248,0.635801377045329));
#1779=CARTESIAN_POINT('',(17.3565594261622,11.9105538196959,1.39498488809694));
#1780=CARTESIAN_POINT('',(17.3552736221889,11.9105538196959,1.39524853741971));
#1781=CARTESIAN_POINT('',(17.3539889510616,11.9105538196959,1.39551737279496));
#1782=CARTESIAN_POINT('',(13.6206264721314,4.86347614304248,0.636609257469486));
#1783=CARTESIAN_POINT('',(13.6168889859891,4.86347614304248,0.637417137893644));
#1784=CARTESIAN_POINT('',(13.6131570463052,4.86347614304248,0.638249838651349));
#1785=CARTESIAN_POINT('',(17.352706197443,11.9105538196959,1.39579464781298));
#1786=CARTESIAN_POINT('',(17.3514234438244,11.9105538196959,1.39607192283101));
#1787=CARTESIAN_POINT('',(17.3501425938221,11.9105538196959,1.39635771650876));
#1788=CARTESIAN_POINT('',(13.6094244786596,4.86347614304248,0.639084660934208));
#1789=CARTESIAN_POINT('',(13.6075581948369,4.86347614304248,0.639502072075637));
#1790=CARTESIAN_POINT('',(13.6056924058964,4.86347614304248,0.639922301848106));
#1791=CARTESIAN_POINT('',(17.3488615282953,11.9105538196959,1.3966442383214));
#1792=CARTESIAN_POINT('',(17.3482209955319,11.9105538196959,1.39678749922772));
#1793=CARTESIAN_POINT('',(17.3475806326185,11.9105538196959,1.3969317275247));
#1794=CARTESIAN_POINT('',(13.6038276725893,4.86347614304248,0.640347204424803));
#1795=CARTESIAN_POINT('',(13.6019629392822,4.86347614304248,0.640772107001499));
#1796=CARTESIAN_POINT('',(13.6000992616085,4.86347614304248,0.641201682382423));
#1797=CARTESIAN_POINT('',(17.3469406320121,11.9105538196959,1.39707755958857));
#1798=CARTESIAN_POINT('',(17.3463006314057,11.9105538196959,1.39722339165243));
#1799=CARTESIAN_POINT('',(17.3456609931064,11.9105538196959,1.39737082748319));
#1800=CARTESIAN_POINT('',(13.5982372003193,4.86347614304248,0.641637784740763));
#1801=CARTESIAN_POINT('',(13.5963751390301,4.86347614304248,0.642073887099102));
#1802=CARTESIAN_POINT('',(13.5945146941254,4.86347614304248,0.642516516434857));
#1803=CARTESIAN_POINT('',(17.3450219095711,11.9105538196959,1.39752050345708));
#1804=CARTESIAN_POINT('',(17.3443828260359,11.9105538196959,1.39767017943096));
#1805=CARTESIAN_POINT('',(17.3437442972647,11.9105538196959,1.39782209554798));
#1806=CARTESIAN_POINT('',(13.5926564263563,4.86347614304248,0.642967526921216));
#1807=CARTESIAN_POINT('',(13.5907981585872,4.86347614304248,0.643418537407574));
#1808=CARTESIAN_POINT('',(13.5889420679538,4.86347614304248,0.643877929044536));
#1809=CARTESIAN_POINT('',(17.3431065157147,11.9105538196959,1.39797688818436));
#1810=CARTESIAN_POINT('',(17.3424687341646,11.9105538196959,1.39813168082074));
#1811=CARTESIAN_POINT('',(17.3418316998357,11.9105538196959,1.39828934997648));
#1812=CARTESIAN_POINT('',(13.587088715207,4.86347614304248,0.644347556005289));
#1813=CARTESIAN_POINT('',(13.5833820097135,4.86347614304248,0.645286809926796));
#1814=CARTESIAN_POINT('',(13.5796881208441,4.86347614304248,0.646272777954805));
#1815=CARTESIAN_POINT('',(17.341195605185,11.9105538196959,1.39845053202783));
#1816=CARTESIAN_POINT('',(17.3399234158834,11.9105538196959,1.39877289613052));
#1817=CARTESIAN_POINT('',(17.3386556254132,11.9105538196959,1.39911129311919));
#1818=CARTESIAN_POINT('',(13.5760037278953,4.86347614304248,0.647296951835145));
#1819=CARTESIAN_POINT('',(13.5741615314209,4.86347614304248,0.647809038775314));
#1820=CARTESIAN_POINT('',(13.5723215586908,4.86347614304248,0.648329745998654));
#1821=CARTESIAN_POINT('',(17.3373910940658,11.9105538196959,1.39946280285088));
#1822=CARTESIAN_POINT('',(17.3367588283921,11.9105538196959,1.39963855771672));
#1823=CARTESIAN_POINT('',(17.3361273259362,11.9105538196959,1.39981727117532));
#1824=CARTESIAN_POINT('',(13.570483471945,4.86347614304248,0.648856847867701));
#1825=CARTESIAN_POINT('',(13.5686453851992,4.86347614304248,0.649383949736748));
#1826=CARTESIAN_POINT('',(13.5668106399497,4.86347614304248,0.649920852813962));
#1827=CARTESIAN_POINT('',(17.3354964707746,11.9105538196959,1.3999981793591));
#1828=CARTESIAN_POINT('',(17.3348656156129,11.9105538196959,1.40017908754287));
#1829=CARTESIAN_POINT('',(17.3342359072961,11.9105538196959,1.40036335962814));
#1830=CARTESIAN_POINT('',(13.5649739892756,4.86347614304248,0.650453830307508));
#1831=CARTESIAN_POINT('',(13.5613006879273,4.86347614304248,0.651519785294598));
#1832=CARTESIAN_POINT('',(13.5576133972662,4.86347614304248,0.652556169190682));
#1833=CARTESIAN_POINT('',(17.3336055450128,11.9105538196959,1.4005462844023));
#1834=CARTESIAN_POINT('',(17.3323448204463,11.9105538196959,1.4009121339506));
#1835=CARTESIAN_POINT('',(17.3310792945665,11.9105538196959,1.40126783431772));
#1836=CARTESIAN_POINT('',(13.553973386379,4.86347614304248,0.653720652094828));
#1837=CARTESIAN_POINT('',(13.5521533809354,4.86347614304248,0.654302893546901));
#1838=CARTESIAN_POINT('',(13.5503492176324,4.86347614304248,0.654925469965928));
#1839=CARTESIAN_POINT('',(17.3298299957171,11.9105538196959,1.40166749992241));
#1840=CARTESIAN_POINT('',(17.3292053462924,11.9105538196959,1.40186733272476));
#1841=CARTESIAN_POINT('',(17.3285861340954,11.9105538196959,1.40208100900982));
#1842=CARTESIAN_POINT('',(13.5485403519313,4.86347614304248,0.655553337746942));
#1843=CARTESIAN_POINT('',(13.5467314862302,4.86347614304248,0.656181205527955));
#1844=CARTESIAN_POINT('',(13.5449229910476,4.86347614304248,0.65682222661153));
#1845=CARTESIAN_POINT('',(17.3279653079745,11.9105538196959,1.4022965013588));
#1846=CARTESIAN_POINT('',(17.3273444818536,11.9105538196959,1.40251199370778));
#1847=CARTESIAN_POINT('',(17.3267237828995,11.9105538196959,1.40273200044045));
#1848=CARTESIAN_POINT('',(13.5431212896432,4.86347614304248,0.657484697866894));
#1849=CARTESIAN_POINT('',(13.5413195882388,4.86347614304248,0.658147169122259));
#1850=CARTESIAN_POINT('',(13.5395246806126,4.86347614304248,0.658831090549414));
#1851=CARTESIAN_POINT('',(17.3261054156579,11.9105538196959,1.4029593691497));
#1852=CARTESIAN_POINT('',(17.3254870484164,11.9105538196959,1.40318673785896));
#1853=CARTESIAN_POINT('',(17.3248710128874,11.9105538196959,1.4034214685448));
#1854=CARTESIAN_POINT('',(13.537742990024,4.86347614304248,0.659544759017588));
#1855=CARTESIAN_POINT('',(13.5368521447298,4.86347614304248,0.659901593251676));
#1856=CARTESIAN_POINT('',(13.5359646036949,4.86347614304248,0.660265864246018));
#1857=CARTESIAN_POINT('',(17.3242595136169,11.9105538196959,1.40366640880014));
#1858=CARTESIAN_POINT('',(17.3239537639816,11.9105538196959,1.40378887892781));
#1859=CARTESIAN_POINT('',(17.323649148411,11.9105538196959,1.40391390144785));
#1860=CARTESIAN_POINT('',(13.5350811698269,4.86347614304248,0.660638609109269));
#1861=CARTESIAN_POINT('',(13.5341977359589,4.86347614304248,0.661011353972519));
#1862=CARTESIAN_POINT('',(13.5333184092578,4.86347614304248,0.661392572704679));
#1863=CARTESIAN_POINT('',(17.3233459424731,11.9105538196959,1.40404183230938));
#1864=CARTESIAN_POINT('',(17.3230427365353,11.9105538196959,1.40416976317092));
#1865=CARTESIAN_POINT('',(17.3227409402303,11.9105538196959,1.40430060237393));
#1866=CARTESIAN_POINT('',(13.532443992631,4.86347614304248,0.6617833024144));
#1867=CARTESIAN_POINT('',(13.5306951593774,4.86347614304248,0.662564761833844));
#1868=CARTESIAN_POINT('',(13.528965966421,4.86347614304248,0.663384265163536));
#1869=CARTESIAN_POINT('',(17.3224408291263,11.9105538196959,1.40443470586755));
#1870=CARTESIAN_POINT('',(17.3218406069184,11.9105538196959,1.40470291285479));
#1871=CARTESIAN_POINT('',(17.3212471255147,11.9105538196959,1.40498417700443));
#1872=CARTESIAN_POINT('',(13.5272628370215,4.86347614304248,0.664250109272707));
#1873=CARTESIAN_POINT('',(13.5264112723217,4.86347614304248,0.664683031327293));
#1874=CARTESIAN_POINT('',(13.5255662235111,4.86347614304248,0.665127538576748));
#1875=CARTESIAN_POINT('',(17.320662589461,11.9105538196959,1.40528134590938));
#1876=CARTESIAN_POINT('',(17.3203703214342,11.9105538196959,1.40542993036186));
#1877=CARTESIAN_POINT('',(17.3200802897449,11.9105538196959,1.40558249100316));
#1878=CARTESIAN_POINT('',(13.5247284934972,4.86347614304248,0.665584668129726));
#1879=CARTESIAN_POINT('',(13.5243096284902,4.86347614304248,0.665813232906216));
#1880=CARTESIAN_POINT('',(13.5238925931824,4.86347614304248,0.666044953258586));
#1881=CARTESIAN_POINT('',(17.3197927699613,11.9105538196959,1.4057393837824));
#1882=CARTESIAN_POINT('',(17.3196490100695,11.9105538196959,1.40581783017203));
#1883=CARTESIAN_POINT('',(17.3195058781542,11.9105538196959,1.40589735959613));
#1884=CARTESIAN_POINT('',(13.5234774879371,4.86347614304248,0.666279958825418));
#1885=CARTESIAN_POINT('',(13.5230623826919,4.86347614304248,0.666514964392251));
#1886=CARTESIAN_POINT('',(13.5226514794689,4.86347614304248,0.666755707172805));
#1887=CARTESIAN_POINT('',(17.3193634086613,11.9105538196959,1.40597801654836));
#1888=CARTESIAN_POINT('',(17.3192209391684,11.9105538196959,1.40605867350059));
#1889=CARTESIAN_POINT('',(17.3190799118639,11.9105538196959,1.40614129953883));
#1890=CARTESIAN_POINT('',(13.5222365015967,4.86347614304248,0.66699327764572));
#1891=CARTESIAN_POINT('',(13.520576590108,4.86347614304248,0.667943559537381));
#1892=CARTESIAN_POINT('',(13.5188411118986,4.86347614304248,0.668831682223329));
#1893=CARTESIAN_POINT('',(17.318937486087,11.9105538196959,1.40622283680003));
#1894=CARTESIAN_POINT('',(17.3183677829797,11.9105538196959,1.40654898584481));
#1895=CARTESIAN_POINT('',(17.3177721443959,11.9105538196959,1.40685380104567));
#1896=CARTESIAN_POINT('',(13.5172546320574,4.86347614304248,0.669894391094038));
#1897=CARTESIAN_POINT('',(13.5168580120971,4.86347614304248,0.670160068311715));
#1898=CARTESIAN_POINT('',(13.5164707045348,4.86347614304248,0.67043665716594));
#1899=CARTESIAN_POINT('',(17.3172276439805,11.9105538196959,1.40721853648481));
#1900=CARTESIAN_POINT('',(17.3170915188766,11.9105538196959,1.4073097203446));
#1901=CARTESIAN_POINT('',(17.3169585899083,11.9105538196959,1.40740464921928));
#1902=CARTESIAN_POINT('',(13.5160962182001,4.86347614304248,0.670727856803438));
#1903=CARTESIAN_POINT('',(13.5157217318654,4.86347614304248,0.671019056440937));
#1904=CARTESIAN_POINT('',(13.5153644712496,4.86347614304248,0.671327731547314));
#1905=CARTESIAN_POINT('',(17.3168300613512,11.9105538196959,1.40750459270388));
#1906=CARTESIAN_POINT('',(17.3167015327941,11.9105538196959,1.40760453618849));
#1907=CARTESIAN_POINT('',(17.3165789163267,11.9105538196959,1.4077104774802));
#1908=CARTESIAN_POINT('',(13.5150100342305,4.86347614304248,0.671646094105341));
#1909=CARTESIAN_POINT('',(13.5143011601924,4.86347614304248,0.672282819221395));
#1910=CARTESIAN_POINT('',(13.5136050940062,4.86347614304248,0.672956894493446));
#1911=CARTESIAN_POINT('',(17.3164572689543,11.9105538196959,1.40781974363071));
#1912=CARTESIAN_POINT('',(17.3162139742094,11.9105538196959,1.40803827593172));
#1913=CARTESIAN_POINT('',(17.315975075285,11.9105538196959,1.40826962728969));
#1914=CARTESIAN_POINT('',(13.5129568308813,4.86347614304248,0.673671126727502));
#1915=CARTESIAN_POINT('',(13.5126326993189,4.86347614304248,0.67402824284453));
#1916=CARTESIAN_POINT('',(13.5123205185218,4.86347614304248,0.67439539820206));
#1917=CARTESIAN_POINT('',(17.3157525829901,11.9105538196959,1.40851476103678));
#1918=CARTESIAN_POINT('',(17.3156413368426,11.9105538196959,1.40863732791032));
#1919=CARTESIAN_POINT('',(17.3155341923525,11.9105538196959,1.40876334038114));
#1920=CARTESIAN_POINT('',(13.5120246628913,4.86347614304248,0.674772943650842));
#1921=CARTESIAN_POINT('',(13.5117288072607,4.86347614304248,0.675150489099624));
#1922=CARTESIAN_POINT('',(13.5114492767967,4.86347614304248,0.675538424639658));
#1923=CARTESIAN_POINT('',(17.3154326508708,11.9105538196959,1.40889291886576));
#1924=CARTESIAN_POINT('',(17.3153311093891,11.9105538196959,1.40902249735038));
#1925=CARTESIAN_POINT('',(17.3152351709159,11.9105538196959,1.4091556418488));
#1926=CARTESIAN_POINT('',(13.5111904459005,4.86347614304248,0.675937101121696));
#1927=CARTESIAN_POINT('',(13.510672784108,4.86347614304248,0.676734454085771));
#1928=CARTESIAN_POINT('',(13.5102076061674,4.86347614304248,0.677585780446402));
#1929=CARTESIAN_POINT('',(17.3151463368022,11.9105538196959,1.40929247277753));
#1930=CARTESIAN_POINT('',(17.3149686685749,11.9105538196959,1.409566134635));
#1931=CARTESIAN_POINT('',(17.3148090134848,11.9105538196959,1.40985832086075));
#1932=CARTESIAN_POINT('',(13.5098187495334,4.86347614304248,0.678456453445148));
#1933=CARTESIAN_POINT('',(13.5094298928993,4.86347614304248,0.679327126443895));
#1934=CARTESIAN_POINT('',(13.5091185727677,4.86347614304248,0.680237420308472));
#1935=CARTESIAN_POINT('',(17.314675552855,11.9105538196959,1.4101571471031));
#1936=CARTESIAN_POINT('',(17.3145420922252,11.9105538196959,1.41045597334545));
#1937=CARTESIAN_POINT('',(17.3144352431266,11.9105538196959,1.41076839798178));
#1938=CARTESIAN_POINT('',(13.5088761680016,4.86347614304248,0.681172219576021));
#1939=CARTESIAN_POINT('',(13.5086337632354,4.86347614304248,0.682107018843569));
#1940=CARTESIAN_POINT('',(13.5084615972801,4.86347614304248,0.683060259495444));
#1941=CARTESIAN_POINT('',(13.5083552848982,4.86347614304248,0.68399753208829));
#1942=CARTESIAN_POINT('',(17.3143520466734,11.9105538196959,1.41108923318957));
#1943=CARTESIAN_POINT('',(17.3142688502202,11.9105538196959,1.41141006839737));
#1944=CARTESIAN_POINT('',(17.314209760636,11.9105538196959,1.41173723292695));
#1945=CARTESIAN_POINT('',(17.3141732728505,11.9105538196959,1.41205891701201));
#1946=B_SPLINE_SURFACE_WITH_KNOTS('Surf_OTGQOZDGCY, Wing, 0, 10, upper',1,3,((#1947, #1948, #1949, #1953, #1954, #1955, #1959, #1960, #1961, #1965, #1966, #1967, #1971, #1972, #1973, #1977, #1978, #1979, #1983, #1984, #1985, #1989, #1990, #1991, #1995, #1996, #1997, #2001, #2002, #2003, #2007, #2008, #2009, #2013, #2014, #2015, #2019, #2020, #2021, #2025, #2026, #2027, #2031, #2032, #2033, #2037, #2038, #2039, #2043, #2044, #2045, #2049, #2050, #2051, #2055, #2056, #2057, #2061, #2062, #2063, #2067, #2068, #2069, #2073, #2074, #2075, #2079, #2080, #2081, #2085, #2086, #2087, #2091, #2092, #2093, #2097, #2098, #2099, #2103, #2104, #2105, #2109, #2110, #2111, #2115, #2116, #2117, #2121, #2122, #2123, #2127, #2128, #2129, #2133, #2134, #2135, #2139, #2140, #2141, #2145, #2146, #2147, #2151, #2152, #2153, #2157, #2158, #2159, #2163, #2164, #2165, #2169, #2170, #2171, #2175, #2176, #2177, #2181, #2182, #2183, #2187, #2188, #2189, #2193, #2194, #2195, #2199, #2200, #2201, #2205, #2206, #2207, #2211, #2212, #2213, #2217, #2218, #2219, #2223, #2224, #2225, #2229, #2230, #2231, #2235, #2236, #2237, #2241, #2242, #2243, #2247, #2248, #2249, #2253, #2254, #2255, #2259, #2260, #2261, #2265, #2266, #2267, #2271, #2272, #2273, #2277, #2278, #2279, #2283, #2284, #2285, #2289, #2290, #2291, #2295, #2296, #2297, #2301, #2302, #2303, #2307, #2308, #2309, #2313, #2314, #2315, #2319, #2320, #2321, #2325, #2326, #2327, #2331, #2332, #2333, #2337, #2338, #2339, #2343, #2344, #2345, #2349, #2350, #2351, #2355, #2356, #2357, #2361, #2362, #2363, #2367, #2368, #2369, #2373, #2374, #2375, #2379, #2380, #2381, #2385, #2386, #2387, #2391, #2392, #2393, #2397, #2398, #2399, #2403, #2404, #2405, #2409, #2410, #2411, #2415, #2416, #2417, #2421, #2422, #2423, #2427, #2428, #2429, #2433, #2434, #2435, #2439, #2440, #2441, #2445, #2446, #2447, #2451, #2452, #2453, #2454),(#1950, #1951, #1952, #1956, #1957, #1958, #1962, #1963, #1964, #1968, #1969, #1970, #1974, #1975, #1976, #1980, #1981, #1982, #1986, #1987, #1988, #1992, #1993, #1994, #1998, #1999, #2000, #2004, #2005, #2006, #2010, #2011, #2012, #2016, #2017, #2018, #2022, #2023, #2024, #2028, #2029, #2030, #2034, #2035, #2036, #2040, #2041, #2042, #2046, #2047, #2048, #2052, #2053, #2054, #2058, #2059, #2060, #2064, #2065, #2066, #2070, #2071, #2072, #2076, #2077, #2078, #2082, #2083, #2084, #2088, #2089, #2090, #2094, #2095, #2096, #2100, #2101, #2102, #2106, #2107, #2108, #2112, #2113, #2114, #2118, #2119, #2120, #2124, #2125, #2126, #2130, #2131, #2132, #2136, #2137, #2138, #2142, #2143, #2144, #2148, #2149, #2150, #2154, #2155, #2156, #2160, #2161, #2162, #2166, #2167, #2168, #2172, #2173, #2174, #2178, #2179, #2180, #2184, #2185, #2186, #2190, #2191, #2192, #2196, #2197, #2198, #2202, #2203, #2204, #2208, #2209, #2210, #2214, #2215, #2216, #2220, #2221, #2222, #2226, #2227, #2228, #2232, #2233, #2234, #2238, #2239, #2240, #2244, #2245, #2246, #2250, #2251, #2252, #2256, #2257, #2258, #2262, #2263, #2264, #2268, #2269, #2270, #2274, #2275, #2276, #2280, #2281, #2282, #2286, #2287, #2288, #2292, #2293, #2294, #2298, #2299, #2300, #2304, #2305, #2306, #2310, #2311, #2312, #2316, #2317, #2318, #2322, #2323, #2324, #2328, #2329, #2330, #2334, #2335, #2336, #2340, #2341, #2342, #2346, #2347, #2348, #2352, #2353, #2354, #2358, #2359, #2360, #2364, #2365, #2366, #2370, #2371, #2372, #2376, #2377, #2378, #2382, #2383, #2384, #2388, #2389, #2390, #2394, #2395, #2396, #2400, #2401, #2402, #2406, #2407, #2408, #2412, #2413, #2414, #2418, #2419, #2420, #2424, #2425, #2426, #2430, #2431, #2432, #2436, #2437, #2438, #2442, #2443, #2444, #2448, #2449, #2450, #2455, #2456, #2457, #2458)),.UNSPECIFIED.,.F.,.F.,.F.,(2,2),(4,3,3,3,3,3,3,3,3,3,3,3,3,3,3,3,3,3,3,3,3,3,3,3,3,3,3,3,3,3,3,3,3,3,3,3,3,3,3,3,3,3,3,3,3,3,3,3,3,3,3,3,3,3,3,3,3,3,3,3,3,3,3,3,3,3,3,3,3,3,3,3,3,3,3,3,3,3,3,3,3,3,3,3,3,4),(0.,1.),(0.,1.,2.,3.,4.,5.,6.,7.,8.,9.,10.,11.,12.,13.,14.,15.,16.,17.,18.,19.,20.,21.,22.,23.,24.,25.,26.,27.,28.,29.,30.,31.,32.,33.,34.,35.,36.,37.,38.,39.,40.,41.,42.,43.,44.,45.,46.,47.,48.,49.,50.,51.,52.,53.,54.,55.,56.,57.,58.,59.,60.,61.,62.,63.,64.,65.,66.,67.,68.,69.,70.,71.,72.,73.,74.,75.,76.,77.,78.,79.,80.,81.,82.,83.,84.,85.),.PIECEWISE_BEZIER_KNOTS.);
#1947=CARTESIAN_POINT('',(13.5083552848982,4.86347614304248,0.68399753208829));
#1948=CARTESIAN_POINT('',(13.5082489746258,4.86347614304248,0.684934905393298));
#1949=CARTESIAN_POINT('',(13.5082375746991,4.86347614304248,0.685895578347106));
#1950=CARTESIAN_POINT('',(17.3141732728505,11.9105538196959,1.41205891701201));
#1951=CARTESIAN_POINT('',(17.3141367857891,11.9105538196959,1.41238063566278));
#1952=CARTESIAN_POINT('',(17.3141328731867,11.9105538196959,1.41271035105458));
#1953=CARTESIAN_POINT('',(13.5082999800099,4.86347614304248,0.686865453883031));
#1954=CARTESIAN_POINT('',(13.5083623853208,4.86347614304248,0.687835329418956));
#1955=CARTESIAN_POINT('',(13.5084985958693,4.86347614304248,0.688814407536999));
#1956=CARTESIAN_POINT('',(17.3141542914971,11.9105538196959,1.41304322489168));
#1957=CARTESIAN_POINT('',(17.3141757098075,11.9105538196959,1.41337609872878));
#1958=CARTESIAN_POINT('',(17.3142224590307,11.9105538196959,1.41371213101117));
#1959=CARTESIAN_POINT('',(13.5086875065475,4.86347614304248,0.689788591170476));
#1960=CARTESIAN_POINT('',(13.5088764172256,4.86347614304248,0.690762774803953));
#1961=CARTESIAN_POINT('',(13.5091180280335,4.86347614304248,0.691732063952865));
#1962=CARTESIAN_POINT('',(17.3142872956205,11.9105538196959,1.41404648344311));
#1963=CARTESIAN_POINT('',(17.3143521322104,11.9105538196959,1.41438083587505));
#1964=CARTESIAN_POINT('',(17.3144350561668,11.9105538196959,1.41471350845653));
#1965=CARTESIAN_POINT('',(13.5093912338632,4.86347614304248,0.692682361550528));
#1966=CARTESIAN_POINT('',(13.509527836778,4.86347614304248,0.69315751034936));
#1967=CARTESIAN_POINT('',(13.5096723384483,4.86347614304248,0.69362791126038));
#1968=CARTESIAN_POINT('',(17.3145288239437,11.9105538196959,1.41503966289182));
#1969=CARTESIAN_POINT('',(17.3145757078321,11.9105538196959,1.41520274010946));
#1970=CARTESIAN_POINT('',(17.3146253026757,11.9105538196959,1.41536418779056));
#1971=CARTESIAN_POINT('',(13.5098221007356,4.86347614304248,0.694091802150252));
#1972=CARTESIAN_POINT('',(13.5099718630228,4.86347614304248,0.694555693040125));
#1973=CARTESIAN_POINT('',(13.5101247296133,4.86347614304248,0.695011882287293));
#1974=CARTESIAN_POINT('',(17.314676703031,11.9105538196959,1.41552340114814));
#1975=CARTESIAN_POINT('',(17.3147281033864,11.9105538196959,1.41568261450571));
#1976=CARTESIAN_POINT('',(17.3147805691788,11.9105538196959,1.41583918455983));
#1977=CARTESIAN_POINT('',(13.5102935474696,4.86347614304248,0.695466058491258));
#1978=CARTESIAN_POINT('',(13.5106311831821,4.86347614304248,0.696374410899189));
#1979=CARTESIAN_POINT('',(13.5110191727315,4.86347614304248,0.697270823799715));
#1980=CARTESIAN_POINT('',(17.3148385096521,11.9105538196959,1.41599506371147));
#1981=CARTESIAN_POINT('',(17.3149543905987,11.9105538196959,1.41630682201474));
#1982=CARTESIAN_POINT('',(17.3150875536338,11.9105538196959,1.41661448252454));
#1983=CARTESIAN_POINT('',(13.5114176078388,4.86347614304248,0.698155927964503));
#1984=CARTESIAN_POINT('',(13.5116168253924,4.86347614304248,0.698598480046897));
#1985=CARTESIAN_POINT('',(13.5118214213033,4.86347614304248,0.699037987810935));
#1986=CARTESIAN_POINT('',(17.3152243017196,11.9105538196959,1.41691826172986));
#1987=CARTESIAN_POINT('',(17.3152926757625,11.9105538196959,1.41707015133252));
#1988=CARTESIAN_POINT('',(17.3153628957272,11.9105538196959,1.41722099608572));
#1989=CARTESIAN_POINT('',(13.5120325079213,4.86347614304248,0.699474464511405));
#1990=CARTESIAN_POINT('',(13.5122435945392,4.86347614304248,0.699910941211874));
#1991=CARTESIAN_POINT('',(13.5124611718641,4.86347614304248,0.700344386848774));
#1992=CARTESIAN_POINT('',(17.3154353433866,11.9105538196959,1.41737080053867));
#1993=CARTESIAN_POINT('',(17.315507791046,11.9105538196959,1.41752060499162));
#1994=CARTESIAN_POINT('',(17.3155824664,11.9105538196959,1.41766936914432));
#1995=CARTESIAN_POINT('',(13.5126863522457,4.86347614304248,0.700774814676892));
#1996=CARTESIAN_POINT('',(13.5135870737722,4.86347614304248,0.702496525989363));
#1997=CARTESIAN_POINT('',(13.5145889057752,4.86347614304248,0.704171269236262));
#1998=CARTESIAN_POINT('',(17.3156597512215,11.9105538196959,1.41781709754599));
#1999=CARTESIAN_POINT('',(17.3159688905075,11.9105538196959,1.41840801115266));
#2000=CARTESIAN_POINT('',(17.3163127322177,11.9105538196959,1.41898280471132));
#2001=CARTESIAN_POINT('',(13.5156295141572,4.86347614304248,0.705808425645494));
#2002=CARTESIAN_POINT('',(13.5158896662526,4.86347614304248,0.706217714747803));
#2003=CARTESIAN_POINT('',(13.5161523940368,4.86347614304248,0.706624532320225));
#2004=CARTESIAN_POINT('',(17.3166698824831,11.9105538196959,1.4195446979808));
#2005=CARTESIAN_POINT('',(17.3167591700494,11.9105538196959,1.41968517129817));
#2006=CARTESIAN_POINT('',(17.3168493416254,11.9105538196959,1.4198247963545));
#2007=CARTESIAN_POINT('',(13.5164195776493,4.86347614304248,0.707028362729187));
#2008=CARTESIAN_POINT('',(13.5166867612619,4.86347614304248,0.707432193138148));
#2009=CARTESIAN_POINT('',(13.5169584007029,4.86347614304248,0.707833036383649));
#2010=CARTESIAN_POINT('',(17.3169410424994,11.9105538196959,1.41996339617766));
#2011=CARTESIAN_POINT('',(17.3170327433734,11.9105538196959,1.42010199600082));
#2012=CARTESIAN_POINT('',(17.3171259735454,11.9105538196959,1.42023957059082));
#2013=CARTESIAN_POINT('',(13.5172363761121,4.86347614304248,0.708230376832114));
#2014=CARTESIAN_POINT('',(13.5177923269306,4.86347614304248,0.709025057729044));
#2015=CARTESIAN_POINT('',(13.5183681679773,4.86347614304248,0.709807511563626));
#2016=CARTESIAN_POINT('',(17.3172213783037,11.9105538196959,1.42037594297554));
#2017=CARTESIAN_POINT('',(17.3174121878204,11.9105538196959,1.42064868774498));
#2018=CARTESIAN_POINT('',(17.3176098239207,11.9105538196959,1.42091723602836));
#2019=CARTESIAN_POINT('',(13.5189578333224,4.86347614304248,0.710580460499211));
#2020=CARTESIAN_POINT('',(13.5201371640126,4.86347614304248,0.71212635837038));
#2021=CARTESIAN_POINT('',(13.5213717918965,4.86347614304248,0.71363423664556));
#2022=CARTESIAN_POINT('',(17.3178122046993,11.9105538196959,1.42118252210739));
#2023=CARTESIAN_POINT('',(17.3182169662563,11.9105538196959,1.42171309426544));
#2024=CARTESIAN_POINT('',(17.3186407065259,11.9105538196959,1.42223061760606));
#2025=CARTESIAN_POINT('',(13.5226131895365,4.86347614304248,0.715125872631553));
#2026=CARTESIAN_POINT('',(13.5232338883564,4.86347614304248,0.71587169062455));
#2027=CARTESIAN_POINT('',(13.523852552008,4.86347614304248,0.716615017641353));
#2028=CARTESIAN_POINT('',(17.3190667702635,11.9105538196959,1.42274256638281));
#2029=CARTESIAN_POINT('',(17.3192798021322,11.9105538196959,1.42299854077118));
#2030=CARTESIAN_POINT('',(17.3194921355049,11.9105538196959,1.42325366022428));
#2031=CARTESIAN_POINT('',(13.5244821511145,4.86347614304248,0.717350601755391));
#2032=CARTESIAN_POINT('',(13.5251117502209,4.86347614304248,0.718086185869428));
#2033=CARTESIAN_POINT('',(13.5257506301137,4.86347614304248,0.718814670114329));
#2034=CARTESIAN_POINT('',(17.3197082220671,11.9105538196959,1.42350612221294));
#2035=CARTESIAN_POINT('',(17.3199243086294,11.9105538196959,1.42375858420159));
#2036=CARTESIAN_POINT('',(17.3201435804777,11.9105538196959,1.42400860942327));
#2037=CARTESIAN_POINT('',(13.5263982404906,4.86347614304248,0.719536212859804));
#2038=CARTESIAN_POINT('',(13.5276934612444,4.86347614304248,0.720979298350754));
#2039=CARTESIAN_POINT('',(13.5290236039347,4.86347614304248,0.722394617844002));
#2040=CARTESIAN_POINT('',(17.3203658487411,11.9105538196959,1.42425625223249));
#2041=CARTESIAN_POINT('',(17.3208103852679,11.9105538196959,1.42475153785095));
#2042=CARTESIAN_POINT('',(17.3212669074554,11.9105538196959,1.42523729381961));
#2043=CARTESIAN_POINT('',(13.5303842661437,4.86347614304248,0.723783438297234));
#2044=CARTESIAN_POINT('',(13.5317449283527,4.86347614304248,0.725172258750465));
#2045=CARTESIAN_POINT('',(13.5331361100803,4.86347614304248,0.726534580163681));
#2046=CARTESIAN_POINT('',(17.3217339043367,11.9105538196959,1.42571395497476));
#2047=CARTESIAN_POINT('',(17.3222009012179,11.9105538196959,1.42619061612991));
#2048=CARTESIAN_POINT('',(17.322678372793,11.9105538196959,1.42665818247155));
#2049=CARTESIAN_POINT('',(13.5345534089089,4.86347614304248,0.727871669494566));
#2050=CARTESIAN_POINT('',(13.5359707077374,4.86347614304248,0.72920875882545));
#2051=CARTESIAN_POINT('',(13.5374141236669,4.86347614304248,0.730520616074004));
#2052=CARTESIAN_POINT('',(17.3231648080952,11.9105538196959,1.42711708883596));
#2053=CARTESIAN_POINT('',(17.3236512433974,11.9105538196959,1.42757599520036));
#2054=CARTESIAN_POINT('',(17.3241466424266,11.9105538196959,1.42802624158753));
#2055=CARTESIAN_POINT('',(13.5388792542793,4.86347614304248,0.731808508197914));
#2056=CARTESIAN_POINT('',(13.5418095155043,4.86347614304248,0.734384292445732));
#2057=CARTESIAN_POINT('',(13.5448266354616,4.86347614304248,0.736864216194973));
#2058=CARTESIAN_POINT('',(17.3246494942161,11.9105538196959,1.42846826283373));
#2059=CARTESIAN_POINT('',(17.3256551977951,11.9105538196959,1.42935230532615));
#2060=CARTESIAN_POINT('',(17.3266907124152,11.9105538196959,1.43020344725472));
#2061=CARTESIAN_POINT('',(13.5478953948086,4.86347614304248,0.739258415107123));
#2062=CARTESIAN_POINT('',(13.5494297744821,4.86347614304248,0.740455514563199));
#2063=CARTESIAN_POINT('',(13.5509770640031,4.86347614304248,0.741631182810001));
#2064=CARTESIAN_POINT('',(17.3277439503423,11.9105538196959,1.43102516730966));
#2065=CARTESIAN_POINT('',(17.3282705693058,11.9105538196959,1.43143602733712));
#2066=CARTESIAN_POINT('',(17.3288016190961,11.9105538196959,1.43183953189619));
#2067=CARTESIAN_POINT('',(13.5525328609537,4.86347614304248,0.742786686805217));
#2068=CARTESIAN_POINT('',(13.5540886579044,4.86347614304248,0.743942190800434));
#2069=CARTESIAN_POINT('',(13.5556584833776,4.86347614304248,0.745076926308124));
#2070=CARTESIAN_POINT('',(17.3293355887463,11.9105538196959,1.43223611582312));
#2071=CARTESIAN_POINT('',(17.3298695583966,11.9105538196959,1.43263269975005));
#2072=CARTESIAN_POINT('',(17.3304083428174,11.9105538196959,1.43302215566325));
#2073=CARTESIAN_POINT('',(13.5572502065993,4.86347614304248,0.74618848985619));
#2074=CARTESIAN_POINT('',(13.5604336530429,4.86347614304248,0.748411616952322));
#2075=CARTESIAN_POINT('',(13.5636911980967,4.86347614304248,0.750543907078269));
#2076=CARTESIAN_POINT('',(17.3309546428288,11.9105538196959,1.43340365865999));
#2077=CARTESIAN_POINT('',(17.3320472428518,11.9105538196959,1.43416666465348));
#2078=CARTESIAN_POINT('',(17.3331652744769,11.9105538196959,1.43489849422309));
#2079=CARTESIAN_POINT('',(13.5669957960213,4.86347614304248,0.752578527731923));
#2080=CARTESIAN_POINT('',(13.5686480949836,4.86347614304248,0.753595838058751));
#2081=CARTESIAN_POINT('',(13.5703163061326,4.86347614304248,0.754583417877501));
#2082=CARTESIAN_POINT('',(17.3342994552563,11.9105538196959,1.43559680236566));
#2083=CARTESIAN_POINT('',(17.334866545646,11.9105538196959,1.43594595643695));
#2084=CARTESIAN_POINT('',(17.3354390973041,11.9105538196959,1.43628490661306));
#2085=CARTESIAN_POINT('',(13.5720046980809,4.86347614304248,0.755540385817562));
#2086=CARTESIAN_POINT('',(13.5736930900292,4.86347614304248,0.756497353757623));
#2087=CARTESIAN_POINT('',(13.5753977005667,4.86347614304248,0.75742800021937));
#2088=CARTESIAN_POINT('',(17.3360185752738,11.9105538196959,1.4366133503962));
#2089=CARTESIAN_POINT('',(17.3365980532434,11.9105538196959,1.43694179417933));
#2090=CARTESIAN_POINT('',(17.3371830976428,11.9105538196959,1.43726120409043));
#2091=CARTESIAN_POINT('',(13.5771090001031,4.86347614304248,0.75834631912363));
#2092=CARTESIAN_POINT('',(13.5788202996395,4.86347614304248,0.75926463802789));
#2093=CARTESIAN_POINT('',(13.5805382881748,4.86347614304248,0.760170629374662));
#2094=CARTESIAN_POINT('',(17.3377704377931,11.9105538196959,1.43757638302424));
#2095=CARTESIAN_POINT('',(17.3383577779435,11.9105538196959,1.43789156195805));
#2096=CARTESIAN_POINT('',(17.3389474138449,11.9105538196959,1.43820250991457));
#2097=CARTESIAN_POINT('',(13.5822534361188,4.86347614304248,0.761078287084775));
#2098=CARTESIAN_POINT('',(13.5839685840628,4.86347614304248,0.761985944794888));
#2099=CARTESIAN_POINT('',(13.5856857479556,4.86347614304248,0.762889198302847));
#2100=CARTESIAN_POINT('',(17.3395360748185,11.9105538196959,1.43851402978856));
#2101=CARTESIAN_POINT('',(17.3401247357922,11.9105538196959,1.43882554966255));
#2102=CARTESIAN_POINT('',(17.3407140886656,11.9105538196959,1.43913555795736));
#2103=CARTESIAN_POINT('',(13.587410197218,4.86347614304248,0.763780626851149));
#2104=CARTESIAN_POINT('',(13.5908590957428,4.86347614304248,0.765563483947753));
#2105=CARTESIAN_POINT('',(13.5943303027298,4.86347614304248,0.7673077706399));
#2106=CARTESIAN_POINT('',(17.3413059419721,11.9105538196959,1.43944150777296));
#2107=CARTESIAN_POINT('',(17.3424896485852,11.9105538196959,1.44005340740416));
#2108=CARTESIAN_POINT('',(17.3436810117512,11.9105538196959,1.44065206917333));
#2109=CARTESIAN_POINT('',(13.5978221299021,4.86347614304248,0.769010150050767));
#2110=CARTESIAN_POINT('',(13.6013139570744,4.86347614304248,0.770712529461633));
#2111=CARTESIAN_POINT('',(13.6048264044319,4.86347614304248,0.77237300159122));
#2112=CARTESIAN_POINT('',(17.3448794520317,11.9105538196959,1.44123634782116));
#2113=CARTESIAN_POINT('',(17.3460778923122,11.9105538196959,1.44182062646899));
#2114=CARTESIAN_POINT('',(17.3472834097071,11.9105538196959,1.44239052199547));
#2115=CARTESIAN_POINT('',(13.6083577836976,4.86347614304248,0.773988229562707));
#2116=CARTESIAN_POINT('',(13.6118891629633,4.86347614304248,0.775603457534193));
#2117=CARTESIAN_POINT('',(13.6154394741373,4.86347614304248,0.777173441347579));
#2118=CARTESIAN_POINT('',(17.348495424778,11.9105538196959,1.4429448891413));
#2119=CARTESIAN_POINT('',(17.3497074398489,11.9105538196959,1.44349925628713));
#2120=CARTESIAN_POINT('',(17.3509259525957,11.9105538196959,1.44403809505229));
#2121=CARTESIAN_POINT('',(13.6190070289425,4.86347614304248,0.778694844126042));
#2122=CARTESIAN_POINT('',(13.6225745837476,4.86347614304248,0.780216246904504));
#2123=CARTESIAN_POINT('',(13.6261696512809,4.86347614304248,0.781675431937011));
#2124=CARTESIAN_POINT('',(17.35215038358,11.9105538196959,1.44456026017749));
#2125=CARTESIAN_POINT('',(17.3533748145643,11.9105538196959,1.44508242530268));
#2126=CARTESIAN_POINT('',(17.3546086882729,11.9105538196959,1.44558323649217));
#2127=CARTESIAN_POINT('',(13.6297869344022,4.86347614304248,0.783084728189605));
#2128=CARTESIAN_POINT('',(13.6370215006447,4.86347614304248,0.785903320694793));
#2129=CARTESIAN_POINT('',(13.6443394375044,4.86347614304248,0.78852948468844));
#2130=CARTESIAN_POINT('',(17.3558501866589,11.9105538196959,1.44606692520669));
#2131=CARTESIAN_POINT('',(17.3583331834308,11.9105538196959,1.44703430263571));
#2132=CARTESIAN_POINT('',(17.3608447940777,11.9105538196959,1.44793563610896));
#2133=CARTESIAN_POINT('',(13.6516643737574,4.86347614304248,0.791105956461833));
#2134=CARTESIAN_POINT('',(13.6553268418839,4.86347614304248,0.792394192348529));
#2135=CARTESIAN_POINT('',(13.6589878503988,4.86347614304248,0.793675509176212));
#2136=CARTESIAN_POINT('',(17.3633588070069,11.9105538196959,1.44881991456905));
#2137=CARTESIAN_POINT('',(17.3646158134714,11.9105538196959,1.44926205379909));
#2138=CARTESIAN_POINT('',(17.3658723189785,11.9105538196959,1.44970181831853));
#2139=CARTESIAN_POINT('',(13.6626613443959,4.86347614304248,0.794929978805707));
#2140=CARTESIAN_POINT('',(13.666334838393,4.86347614304248,0.796184448435202));
#2141=CARTESIAN_POINT('',(13.6700179374341,4.86347614304248,0.797415622519975));
#2142=CARTESIAN_POINT('',(17.3671331096646,11.9105538196959,1.45013236853206));
#2143=CARTESIAN_POINT('',(17.3683939003507,11.9105538196959,1.4505629187456));
#2144=CARTESIAN_POINT('',(17.3696579876122,11.9105538196959,1.45098547362667));
#2145=CARTESIAN_POINT('',(13.6737098957306,4.86347614304248,0.798622540423263));
#2146=CARTESIAN_POINT('',(13.6810938123237,4.86347614304248,0.801036376229837));
#2147=CARTESIAN_POINT('',(13.6885131659386,4.86347614304248,0.803353187310468));
#2148=CARTESIAN_POINT('',(17.3709251154848,11.9105538196959,1.4513997034723));
#2149=CARTESIAN_POINT('',(17.3734593712301,11.9105538196959,1.45222816316357));
#2150=CARTESIAN_POINT('',(17.37600578942,11.9105538196959,1.45302332271309));
#2151=CARTESIAN_POINT('',(13.6959619902678,4.86347614304248,0.805565288571041));
#2152=CARTESIAN_POINT('',(13.7034108145969,4.86347614304248,0.807777389831614));
#2153=CARTESIAN_POINT('',(13.7108891096403,4.86347614304248,0.809884781272128));
#2154=CARTESIAN_POINT('',(17.3785623223405,11.9105538196959,1.45378254449711));
#2155=CARTESIAN_POINT('',(17.3811188552609,11.9105538196959,1.45454176628112));
#2156=CARTESIAN_POINT('',(17.3836855029119,11.9105538196959,1.45526505029963));
#2157=CARTESIAN_POINT('',(13.7183909090902,4.86347614304248,0.811879777798469));
#2158=CARTESIAN_POINT('',(13.7258927085401,4.86347614304248,0.813874774324811));
#2159=CARTESIAN_POINT('',(13.7334132400591,4.86347614304248,0.81576193365713));
#2160=CARTESIAN_POINT('',(17.3862602175794,11.9105538196959,1.45594975892885));
#2161=CARTESIAN_POINT('',(17.388834932247,11.9105538196959,1.45663446755807));
#2162=CARTESIAN_POINT('',(17.3914160760031,11.9105538196959,1.45728216506656));
#2163=CARTESIAN_POINT('',(13.740977841252,4.86347614304248,0.817490987536433));
#2164=CARTESIAN_POINT('',(13.7561070436378,4.86347614304248,0.820949095295038));
#2165=CARTESIAN_POINT('',(13.7713826579453,4.86347614304248,0.823854154608529));
#2166=CARTESIAN_POINT('',(17.3940123450416,11.9105538196959,1.45787559873721));
#2167=CARTESIAN_POINT('',(17.3992048831188,11.9105538196959,1.4590624660785));
#2168=CARTESIAN_POINT('',(17.4044476716625,11.9105538196959,1.46005952003528));
#2169=CARTESIAN_POINT('',(13.7866703425336,4.86347614304248,0.826634605642544));
#2170=CARTESIAN_POINT('',(13.7904922636806,4.86347614304248,0.827329718401047));
#2171=CARTESIAN_POINT('',(13.7943149392202,4.86347614304248,0.828017043142084));
#2172=CARTESIAN_POINT('',(17.4096946028828,11.9105538196959,1.46101380681773));
#2173=CARTESIAN_POINT('',(17.4110063356879,11.9105538196959,1.46125237851335));
#2174=CARTESIAN_POINT('',(17.4123183274102,11.9105538196959,1.46148827726056));
#2175=CARTESIAN_POINT('',(13.7981362700642,4.86347614304248,0.828703274243241));
#2176=CARTESIAN_POINT('',(13.8019576009082,4.86347614304248,0.829389505344399));
#2177=CARTESIAN_POINT('',(13.8057766561046,4.86347614304248,0.830077425452573));
#2178=CARTESIAN_POINT('',(17.4136298576156,11.9105538196959,1.46172380065642));
#2179=CARTESIAN_POINT('',(17.4149413878211,11.9105538196959,1.46195932405228));
#2180=CARTESIAN_POINT('',(17.4162521369948,11.9105538196959,1.4621954271372));
#2181=CARTESIAN_POINT('',(13.8095995950457,4.86347614304248,0.830750554067352));
#2182=CARTESIAN_POINT('',(13.8172454729278,4.86347614304248,0.83209681129691));
#2183=CARTESIAN_POINT('',(13.8249015229733,4.86347614304248,0.833397022489748));
#2184=CARTESIAN_POINT('',(17.4175642191199,11.9105538196959,1.46242645359015));
#2185=CARTESIAN_POINT('',(17.4201883833702,11.9105538196959,1.46288850649603));
#2186=CARTESIAN_POINT('',(17.4228160388386,11.9105538196959,1.46333475580614));
#2187=CARTESIAN_POINT('',(13.832566366861,4.86347614304248,0.834645212162874));
#2188=CARTESIAN_POINT('',(13.8478960546365,4.86347614304248,0.837141591509124));
#2189=CARTESIAN_POINT('',(13.8632584358184,4.86347614304248,0.839435630519463));
#2190=CARTESIAN_POINT('',(17.4254467124675,11.9105538196959,1.46376315065737));
#2191=CARTESIAN_POINT('',(17.4307080597253,11.9105538196959,1.46461994035982));
#2192=CARTESIAN_POINT('',(17.4359806277834,11.9105538196959,1.46540728424008));
#2193=CARTESIAN_POINT('',(13.8786501728087,4.86347614304248,0.841461707861034));
#2194=CARTESIAN_POINT('',(13.894041909799,4.86347614304248,0.843487785202604));
#2195=CARTESIAN_POINT('',(13.9094802498814,4.86347614304248,0.845210442592305));
#2196=CARTESIAN_POINT('',(17.4412632711348,11.9105538196959,1.46610266020737));
#2197=CARTESIAN_POINT('',(17.4465459144862,11.9105538196959,1.46679803617466));
#2198=CARTESIAN_POINT('',(17.451844552622,11.9105538196959,1.46738927448729));
#2199=CARTESIAN_POINT('',(13.9249309917992,4.86347614304248,0.846791757267157));
#2200=CARTESIAN_POINT('',(13.9326563627582,4.86347614304248,0.847582414604583));
#2201=CARTESIAN_POINT('',(13.940384834176,4.86347614304248,0.848337736263296));
#2202=CARTESIAN_POINT('',(17.4571474472283,11.9105538196959,1.46793200215077));
#2203=CARTESIAN_POINT('',(17.4597988945314,11.9105538196959,1.4682033659825));
#2204=CARTESIAN_POINT('',(17.4624514059522,11.9105538196959,1.46846260215196));
#2205=CARTESIAN_POINT('',(13.9481121308956,4.86347614304248,0.849077981897926));
#2206=CARTESIAN_POINT('',(13.9558394276152,4.86347614304248,0.849818227532555));
#2207=CARTESIAN_POINT('',(13.9635709640006,4.86347614304248,0.850518333323513));
#2208=CARTESIAN_POINT('',(17.4651035142013,11.9105538196959,1.46871666403482));
#2209=CARTESIAN_POINT('',(17.4677556224505,11.9105538196959,1.46897072591767));
#2210=CARTESIAN_POINT('',(17.4704091858078,11.9105538196959,1.46921101128665));
#2211=CARTESIAN_POINT('',(13.9713071546524,4.86347614304248,0.851176154198839));
#2212=CARTESIAN_POINT('',(13.986779535956,4.86347614304248,0.852491795949491));
#2213=CARTESIAN_POINT('',(14.002268775579,4.86347614304248,0.853646443492101));
#2214=CARTESIAN_POINT('',(17.4730643465695,11.9105538196959,1.46943678392528));
#2215=CARTESIAN_POINT('',(17.4783746680931,11.9105538196959,1.46988832920255));
#2216=CARTESIAN_POINT('',(17.48369077561,11.9105538196959,1.47028461918386));
#2217=CARTESIAN_POINT('',(14.0177674336797,4.86347614304248,0.854672754705899));
#2218=CARTESIAN_POINT('',(14.0332660917804,4.86347614304248,0.855699065919697));
#2219=CARTESIAN_POINT('',(14.0487741683589,4.86347614304248,0.856597040804682));
#2220=CARTESIAN_POINT('',(17.4890101156704,11.9105538196959,1.47063686247606));
#2221=CARTESIAN_POINT('',(17.4943294557309,11.9105538196959,1.47098910576825));
#2222=CARTESIAN_POINT('',(17.4996520283347,11.9105538196959,1.47129730237133));
#2223=CARTESIAN_POINT('',(14.0642842235735,4.86347614304248,0.857399337240084));
#2224=CARTESIAN_POINT('',(14.0720392511808,4.86347614304248,0.857800485457785));
#2225=CARTESIAN_POINT('',(14.0797947734471,4.86347614304248,0.858177714063089));
#2226=CARTESIAN_POINT('',(17.5049752800321,11.9105538196959,1.47157266089214));
#2227=CARTESIAN_POINT('',(17.5076369058809,11.9105538196959,1.47171034015255));
#2228=CARTESIAN_POINT('',(17.5102987015029,11.9105538196959,1.47183980989239));
#2229=CARTESIAN_POINT('',(14.0875498603923,4.86347614304248,0.858535105290902));
#2230=CARTESIAN_POINT('',(14.0953049473375,4.86347614304248,0.858892496518714));
#2231=CARTESIAN_POINT('',(14.1030596504163,4.86347614304248,0.859229133931109));
#2232=CARTESIAN_POINT('',(17.5129603477172,11.9105538196959,1.47196247118751));
#2233=CARTESIAN_POINT('',(17.5156219939314,11.9105538196959,1.47208513248264));
#2234=CARTESIAN_POINT('',(17.5182835083977,11.9105538196959,1.4722006707997));
#2235=CARTESIAN_POINT('',(14.1108172501586,4.86347614304248,0.859524730346351));
#2236=CARTESIAN_POINT('',(14.1418476491277,4.86347614304248,0.860707116007319));
#2237=CARTESIAN_POINT('',(14.172908890537,4.86347614304248,0.86133794754979));
#2238=CARTESIAN_POINT('',(17.5209460170365,11.9105538196959,1.47230212331533));
#2239=CARTESIAN_POINT('',(17.5315960515914,11.9105538196959,1.47270793337788));
#2240=CARTESIAN_POINT('',(17.5422566716709,11.9105538196959,1.47292444292815));
#2241=CARTESIAN_POINT('',(14.2039685765102,4.86347614304248,0.861754061529552));
#2242=CARTESIAN_POINT('',(14.2117334980036,4.86347614304248,0.861858090024493));
#2243=CARTESIAN_POINT('',(14.2194983222821,4.86347614304248,0.861948698671764));
#2244=CARTESIAN_POINT('',(17.5529167579047,11.9105538196959,1.4730672586318));
#2245=CARTESIAN_POINT('',(17.5555817794631,11.9105538196959,1.47310296255771));
#2246=CARTESIAN_POINT('',(17.5582467676562,11.9105538196959,1.47313406061821));
#2247=CARTESIAN_POINT('',(14.2272625431291,4.86347614304248,0.86203115054255));
#2248=CARTESIAN_POINT('',(14.2350267639761,4.86347614304248,0.862113602413336));
#2249=CARTESIAN_POINT('',(14.2427899199541,4.86347614304248,0.8621927851219));
#2250=CARTESIAN_POINT('',(17.5609115487438,11.9105538196959,1.47316235916744));
#2251=CARTESIAN_POINT('',(17.5635763298313,11.9105538196959,1.47319065771668));
#2252=CARTESIAN_POINT('',(17.5662407454421,11.9105538196959,1.47321783424713));
#2253=CARTESIAN_POINT('',(14.2505536628431,4.86347614304248,0.862251078972197));
#2254=CARTESIAN_POINT('',(14.2660811486211,4.86347614304248,0.862367666672791));
#2255=CARTESIAN_POINT('',(14.2816103085385,4.86347614304248,0.862408015616748));
#2256=CARTESIAN_POINT('',(17.5689053624882,11.9105538196959,1.47323784145105));
#2257=CARTESIAN_POINT('',(17.5742345965806,11.9105538196959,1.4732778558589));
#2258=CARTESIAN_POINT('',(17.5795644052593,11.9105538196959,1.4732917041387));
#2259=CARTESIAN_POINT('',(14.2971399053929,4.86347614304248,0.862386326794844));
#2260=CARTESIAN_POINT('',(14.3126695022472,4.86347614304248,0.86236463797294));
#2261=CARTESIAN_POINT('',(14.3281995360385,4.86347614304248,0.862280911385174));
#2262=CARTESIAN_POINT('',(17.5848943639004,11.9105538196959,1.4732842602543));
#2263=CARTESIAN_POINT('',(17.5902243225415,11.9105538196959,1.47327681636991));
#2264=CARTESIAN_POINT('',(17.595554431145,11.9105538196959,1.47324808032131));
#2265=CARTESIAN_POINT('',(14.3437287695644,4.86347614304248,0.862149348022323));
#2266=CARTESIAN_POINT('',(14.3592580030902,4.86347614304248,0.862017784659473));
#2267=CARTESIAN_POINT('',(14.3747862300074,4.86347614304248,0.861844189243178));
#2268=CARTESIAN_POINT('',(17.6008842650871,11.9105538196959,1.47320292607234));
#2269=CARTESIAN_POINT('',(17.6062140990291,11.9105538196959,1.47315777182338));
#2270=CARTESIAN_POINT('',(17.6115435874901,11.9105538196959,1.47309819162965));
#2271=CARTESIAN_POINT('',(14.3903128618083,4.86347614304248,0.861624499021933));
#2272=CARTESIAN_POINT('',(14.4213661254103,4.86347614304248,0.861185118579443));
#2273=CARTESIAN_POINT('',(14.4524170055477,4.86347614304248,0.860455925587704));
#2274=CARTESIAN_POINT('',(17.6168725284865,11.9105538196959,1.47302279110225));
#2275=CARTESIAN_POINT('',(17.6275304104793,11.9105538196959,1.47287199004745));
#2276=CARTESIAN_POINT('',(17.6381874744362,11.9105538196959,1.47262172157469));
#2277=CARTESIAN_POINT('',(14.483465110989,4.86347614304248,0.859627470520187));
#2278=CARTESIAN_POINT('',(14.4989891637096,4.86347614304248,0.859213242986429));
#2279=CARTESIAN_POINT('',(14.5145125227562,4.86347614304248,0.858774199933726));
#2280=CARTESIAN_POINT('',(17.6488435860815,11.9105538196959,1.47233738507277));
#2281=CARTESIAN_POINT('',(17.6541716419042,11.9105538196959,1.4721952168218));
#2282=CARTESIAN_POINT('',(17.6594994596489,11.9105538196959,1.47204453156355));
#2283=CARTESIAN_POINT('',(14.5300351392248,4.86347614304248,0.858334160171262));
#2284=CARTESIAN_POINT('',(14.5455577556934,4.86347614304248,0.857894120408798));
#2285=CARTESIAN_POINT('',(14.5610802760392,4.86347614304248,0.857441889612901));
#2286=CARTESIAN_POINT('',(17.6648270225313,11.9105538196959,1.47189350422161));
#2287=CARTESIAN_POINT('',(17.6701545854137,11.9105538196959,1.47174247687966));
#2288=CARTESIAN_POINT('',(17.6754821153054,11.9105538196959,1.47158726541725));
#2289=CARTESIAN_POINT('',(14.5766022191284,4.86347614304248,0.856964519905294));
#2290=CARTESIAN_POINT('',(14.6076461053067,4.86347614304248,0.856009780490081));
#2291=CARTESIAN_POINT('',(14.6386874423096,4.86347614304248,0.854958989166145));
#2292=CARTESIAN_POINT('',(17.6808094470753,11.9105538196959,1.47142342595497));
#2293=CARTESIAN_POINT('',(17.6914641106149,11.9105538196959,1.47109574703041));
#2294=CARTESIAN_POINT('',(17.7021178992446,11.9105538196959,1.47073510184757));
#2295=CARTESIAN_POINT('',(14.6697209078391,4.86347614304248,0.853736206257493));
#2296=CARTESIAN_POINT('',(14.7007543733685,4.86347614304248,0.852513423348842));
#2297=CARTESIAN_POINT('',(14.7317811540361,4.86347614304248,0.851107670145433));
#2298=CARTESIAN_POINT('',(17.7127689862827,11.9105538196959,1.47031542692675));
#2299=CARTESIAN_POINT('',(17.7234200733208,11.9105538196959,1.46989575200594));
#2300=CARTESIAN_POINT('',(17.7340688660277,11.9105538196959,1.46941327931176));
#2301=CARTESIAN_POINT('',(14.7628029999694,4.86347614304248,0.849592103771281));
#2302=CARTESIAN_POINT('',(14.7783139229361,4.86347614304248,0.848834320584206));
#2303=CARTESIAN_POINT('',(14.7938235344044,4.86347614304248,0.848049343414522));
#2304=CARTESIAN_POINT('',(17.74471596507,11.9105538196959,1.46889311731607));
#2305=CARTESIAN_POINT('',(17.7500395145912,11.9105538196959,1.46863303631822));
#2306=CARTESIAN_POINT('',(17.7553626139891,11.9105538196959,1.46836362199357));
#2307=CARTESIAN_POINT('',(14.8093319304805,4.86347614304248,0.84724671811287));
#2308=CARTESIAN_POINT('',(14.8248403265566,4.86347614304248,0.846444092811217));
#2309=CARTESIAN_POINT('',(14.8403475668123,4.86347614304248,0.845624467360358));
#2310=CARTESIAN_POINT('',(17.7606852962487,11.9105538196959,1.4680881506016));
#2311=CARTESIAN_POINT('',(17.7660079785083,11.9105538196959,1.46781267920964));
#2312=CARTESIAN_POINT('',(17.7713302640754,11.9105538196959,1.46753137314644));
#2313=CARTESIAN_POINT('',(14.8558536689013,4.86347614304248,0.844777368537675));
#2314=CARTESIAN_POINT('',(14.8868658730792,4.86347614304248,0.843083170892309));
#2315=CARTESIAN_POINT('',(14.9178732503483,4.86347614304248,0.841289884801988));
#2316=CARTESIAN_POINT('',(17.7766521590089,11.9105538196959,1.46724063786643));
#2317=CARTESIAN_POINT('',(17.787295948876,11.9105538196959,1.46665916730642));
#2318=CARTESIAN_POINT('',(17.7979380820855,11.9105538196959,1.46604368830959));
#2319=CARTESIAN_POINT('',(14.9488739169853,4.86347614304248,0.839397816356218));
#2320=CARTESIAN_POINT('',(14.9643742503038,4.86347614304248,0.838451782133333));
#2321=CARTESIAN_POINT('',(14.9798730440476,4.86347614304248,0.837481023520553));
#2322=CARTESIAN_POINT('',(17.8085779121191,11.9105538196959,1.46539430592982));
#2323=CARTESIAN_POINT('',(17.813897827136,11.9105538196959,1.46506961473994));
#2324=CARTESIAN_POINT('',(17.8192172137509,11.9105538196959,1.46473643781943));
#2325=CARTESIAN_POINT('',(14.9953703107777,4.86347614304248,0.836485542540858));
#2326=CARTESIAN_POINT('',(15.0108675775078,4.86347614304248,0.835490061561164));
#2327=CARTESIAN_POINT('',(15.0263633172242,4.86347614304248,0.834469858214553));
#2328=CARTESIAN_POINT('',(17.8245360762749,11.9105538196959,1.46439477586262));
#2329=CARTESIAN_POINT('',(17.8298549387989,11.9105538196959,1.46405311390581));
#2330=CARTESIAN_POINT('',(17.835173277232,11.9105538196959,1.46370296691269));
#2331=CARTESIAN_POINT('',(15.041857542488,4.86347614304248,0.833424934524007));
#2332=CARTESIAN_POINT('',(15.0573517677518,4.86347614304248,0.832380010833462));
#2333=CARTESIAN_POINT('',(15.0728443365578,4.86347614304248,0.831310394135388));
#2334=CARTESIAN_POINT('',(17.8404910958854,11.9105538196959,1.46334433557757));
#2335=CARTESIAN_POINT('',(17.8458089145388,11.9105538196959,1.46298570424245));
#2336=CARTESIAN_POINT('',(17.8511261646745,11.9105538196959,1.46261859794755));
#2337=CARTESIAN_POINT('',(15.0883350150044,4.86347614304248,0.83021613381583));
#2338=CARTESIAN_POINT('',(15.1038256934509,4.86347614304248,0.829121873496273));
#2339=CARTESIAN_POINT('',(15.1193139916509,4.86347614304248,0.827999214457126));
#2340=CARTESIAN_POINT('',(17.8564427660143,11.9105538196959,1.46224303364278));
#2341=CARTESIAN_POINT('',(17.8617593673541,11.9105538196959,1.46186746933802));
#2342=CARTESIAN_POINT('',(17.8670751517625,11.9105538196959,1.46148215822513));
#2343=CARTESIAN_POINT('',(15.13480233421,4.86347614304248,0.826869317350001));
#2344=CARTESIAN_POINT('',(15.1657790193283,4.86347614304248,0.824609523135752));
#2345=CARTESIAN_POINT('',(15.1967532772424,4.86347614304248,0.822296161800641));
#2346=CARTESIAN_POINT('',(17.8723909513956,11.9105538196959,1.46109436291362));
#2347=CARTESIAN_POINT('',(17.8830225506616,11.9105538196959,1.46031877229061));
#2348=CARTESIAN_POINT('',(17.8936533168798,11.9105538196959,1.4595247967384));
#2349=CARTESIAN_POINT('',(15.2277095450937,4.86347614304248,0.819779227958306));
#2350=CARTESIAN_POINT('',(15.2431876790193,4.86347614304248,0.818520761037138));
#2351=CARTESIAN_POINT('',(15.2586607532717,4.86347614304248,0.81720407607516));
#2352=CARTESIAN_POINT('',(17.9042779086755,11.9105538196959,1.45866095246686));
#2353=CARTESIAN_POINT('',(17.9095902045734,11.9105538196959,1.45822903033108));
#2354=CARTESIAN_POINT('',(17.914900763926,11.9105538196959,1.45777712701019));
#2355=CARTESIAN_POINT('',(15.2741296063275,4.86347614304248,0.815837375199676));
#2356=CARTESIAN_POINT('',(15.2895984593833,4.86347614304248,0.814470674324191));
#2357=CARTESIAN_POINT('',(15.3050630912426,4.86347614304248,0.813053957535199));
#2358=CARTESIAN_POINT('',(17.9202098745092,11.9105538196959,1.45730805758041));
#2359=CARTESIAN_POINT('',(17.9255189850924,11.9105538196959,1.45683898815064));
#2360=CARTESIAN_POINT('',(17.9308266469064,11.9105538196959,1.45635275261199));
#2361=CARTESIAN_POINT('',(15.320524340382,4.86347614304248,0.811595426960001));
#2362=CARTESIAN_POINT('',(15.3359855895214,4.86347614304248,0.810136896384803));
#2363=CARTESIAN_POINT('',(15.3514428528768,4.86347614304248,0.808636304065995));
#2364=CARTESIAN_POINT('',(17.9361331477271,11.9105538196959,1.45585216604071));
#2365=CARTESIAN_POINT('',(17.9414396485478,11.9105538196959,1.45535157946944));
#2366=CARTESIAN_POINT('',(17.9467447813958,11.9105538196959,1.45483655676335));
#2367=CARTESIAN_POINT('',(15.3668961041656,4.86347614304248,0.8070971679363));
#2368=CARTESIAN_POINT('',(15.3823493554545,4.86347614304248,0.805558031806604));
#2369=CARTESIAN_POINT('',(15.3977985946769,4.86347614304248,0.803980351866022));
#2370=CARTESIAN_POINT('',(17.9520485372507,11.9105538196959,1.45430830532249));
#2371=CARTESIAN_POINT('',(17.9573522931056,11.9105538196959,1.45378005388163));
#2372=CARTESIAN_POINT('',(17.9626546719673,11.9105538196959,1.453238573706));
#2373=CARTESIAN_POINT('',(15.4132437955504,4.86347614304248,0.802367646047275));
#2374=CARTESIAN_POINT('',(15.4441341972972,4.86347614304248,0.799142234409781));
#2375=CARTESIAN_POINT('',(15.4750104631434,4.86347614304248,0.795759561103065));
#2376=CARTESIAN_POINT('',(17.9679556648154,11.9105538196959,1.45268507219563));
#2377=CARTESIAN_POINT('',(17.9785576505116,11.9105538196959,1.45157806917491));
#2378=CARTESIAN_POINT('',(17.9891547845838,11.9105538196959,1.45041709191386));
#2379=CARTESIAN_POINT('',(15.5058680038528,4.86347614304248,0.792221432467578));
#2380=CARTESIAN_POINT('',(15.5212967742075,4.86347614304248,0.790452368149834));
#2381=CARTESIAN_POINT('',(15.5367205506639,4.86347614304248,0.788642901519961));
#2382=CARTESIAN_POINT('',(17.9997454919466,11.9105538196959,1.44920276037191));
#2383=CARTESIAN_POINT('',(18.005040845628,11.9105538196959,1.44859559460093));
#2384=CARTESIAN_POINT('',(18.0103344853389,11.9105538196959,1.4479745622335));
#2385=CARTESIAN_POINT('',(15.5521397149278,4.86347614304248,0.786797960165372));
#2386=CARTESIAN_POINT('',(15.5675588791917,4.86347614304248,0.784953018810784));
#2387=CARTESIAN_POINT('',(15.5829774148176,4.86347614304248,0.783092099853262));
#2388=CARTESIAN_POINT('',(18.0156265420857,11.9105538196959,1.4473413544814));
#2389=CARTESIAN_POINT('',(18.0209185988324,11.9105538196959,1.4467081467293));
#2390=CARTESIAN_POINT('',(18.0262104398224,11.9105538196959,1.44606945525707));
#2391=CARTESIAN_POINT('',(15.5983913674323,4.86347614304248,0.781192592167249));
#2392=CARTESIAN_POINT('',(15.6292192726618,4.86347614304248,0.777393576795224));
#2393=CARTESIAN_POINT('',(15.660028845847,4.86347614304248,0.773440206509231));
#2394=CARTESIAN_POINT('',(18.0315007078637,11.9105538196959,1.44541751963376));
#2395=CARTESIAN_POINT('',(18.0420812439462,11.9105538196959,1.44411364838715));
#2396=CARTESIAN_POINT('',(18.0526554882339,11.9105538196959,1.44275680053624));
#2397=CARTESIAN_POINT('',(15.6907884520037,4.86347614304248,0.769151592304799));
#2398=CARTESIAN_POINT('',(15.7215480581604,4.86347614304248,0.764862978100367));
#2399=CARTESIAN_POINT('',(15.7522686059235,4.86347614304248,0.760268792504282));
#2400=CARTESIAN_POINT('',(18.0632125831907,11.9105538196959,1.44128489263344));
#2401=CARTESIAN_POINT('',(18.0737696781474,11.9105538196959,1.43981298473064));
#2402=CARTESIAN_POINT('',(18.084313367758,11.9105538196959,1.43823620077119));
#2403=CARTESIAN_POINT('',(15.7829561182914,4.86347614304248,0.755461815572177));
#2404=CARTESIAN_POINT('',(15.7982998744753,4.86347614304248,0.753058327106125));
#2405=CARTESIAN_POINT('',(15.8136349972599,4.86347614304248,0.750600478640613));
#2406=CARTESIAN_POINT('',(18.0948457191933,11.9105538196959,1.43658638407104));
#2407=CARTESIAN_POINT('',(18.100111894911,11.9105538196959,1.43576147572097));
#2408=CARTESIAN_POINT('',(18.1053751075343,11.9105538196959,1.43491791031549));
#2409=CARTESIAN_POINT('',(15.8289616605858,4.86347614304248,0.748098069603141));
#2410=CARTESIAN_POINT('',(15.8442883239117,4.86347614304248,0.745595660565669));
#2411=CARTESIAN_POINT('',(15.8596070888313,4.86347614304248,0.743049645687818));
#2412=CARTESIAN_POINT('',(18.1106354167618,11.9105538196959,1.43405905114497));
#2413=CARTESIAN_POINT('',(18.1158957259894,11.9105538196959,1.43320019197445));
#2414=CARTESIAN_POINT('',(18.1211533243817,11.9105538196959,1.43232636671512));
#2415=CARTESIAN_POINT('',(15.8749185121944,4.86347614304248,0.740451202844804));
#2416=CARTESIAN_POINT('',(15.9055413589206,4.86347614304248,0.735254317158776));
#2417=CARTESIAN_POINT('',(15.936132173031,4.86347614304248,0.729853064641511));
#2418=CARTESIAN_POINT('',(18.1264084030568,11.9105538196959,1.43143454749956));
#2419=CARTESIAN_POINT('',(18.1369185604069,11.9105538196959,1.42965090906845));
#2420=CARTESIAN_POINT('',(18.1474177237487,11.9105538196959,1.42779712929573));
#2421=CARTESIAN_POINT('',(15.9666761677154,4.86347614304248,0.724217572365408));
#2422=CARTESIAN_POINT('',(15.9819481650576,4.86347614304248,0.721399826227357));
#2423=CARTESIAN_POINT('',(15.9972078184019,4.86347614304248,0.718522252746707));
#2424=CARTESIAN_POINT('',(18.1579008180575,11.9105538196959,1.42586295540599));
#2425=CARTESIAN_POINT('',(18.1631423652119,11.9105538196959,1.42489586846112));
#2426=CARTESIAN_POINT('',(18.1683796757464,11.9105538196959,1.42390824799792));
#2427=CARTESIAN_POINT('',(16.012459219023,4.86347614304248,0.715592396991432));
#2428=CARTESIAN_POINT('',(16.0277106196441,4.86347614304248,0.712662541236156));
#2429=CARTESIAN_POINT('',(16.0429524776063,4.86347614304248,0.709678123777726));
#2430=CARTESIAN_POINT('',(18.1736141538396,11.9105538196959,1.42290268358137));
#2431=CARTESIAN_POINT('',(18.1788486319327,11.9105538196959,1.42189711916483));
#2432=CARTESIAN_POINT('',(18.1840798348618,11.9105538196959,1.42087282846557));
#2433=CARTESIAN_POINT('',(16.0581827302763,4.86347614304248,0.706635738180403));
#2434=CARTESIAN_POINT('',(16.0886432356162,4.86347614304248,0.700550966985757));
#2435=CARTESIAN_POINT('',(16.1190561808428,4.86347614304248,0.694242292038088));
#2436=CARTESIAN_POINT('',(18.1893070547044,11.9105538196959,1.41982864235075));
#2437=CARTESIAN_POINT('',(18.1997614943896,11.9105538196959,1.41774027012112));
#2438=CARTESIAN_POINT('',(18.2101996108283,11.9105538196959,1.41557505122544));
#2439=CARTESIAN_POINT('',(16.1494087860428,4.86347614304248,0.687654428249816));
#2440=CARTESIAN_POINT('',(16.1797613912428,4.86347614304248,0.681066564461545));
#2441=CARTESIAN_POINT('',(16.2100578904614,4.86347614304248,0.674202642541216));
#2442=CARTESIAN_POINT('',(18.2206170177889,11.9105538196959,1.41331401110611));
#2443=CARTESIAN_POINT('',(18.2310344247495,11.9105538196959,1.41105297098678));
#2444=CARTESIAN_POINT('',(18.2414325754111,11.9105538196959,1.40869718414349));
#2445=CARTESIAN_POINT('',(16.2403138209415,4.86347614304248,0.66717276249951));
#2446=CARTESIAN_POINT('',(16.2705697514215,4.86347614304248,0.660142882457803));
#2447=CARTESIAN_POINT('',(16.3007883159259,4.86347614304248,0.652969739713476));
#2448=CARTESIAN_POINT('',(18.2518168023565,11.9105538196959,1.40628443832493));
#2449=CARTESIAN_POINT('',(18.262201029302,11.9105538196959,1.40387169250638));
#2450=CARTESIAN_POINT('',(18.2725724317609,11.9105538196959,1.40140977707402));
#2451=CARTESIAN_POINT('',(16.3309630542295,4.86347614304248,0.64560755581829));
#2452=CARTESIAN_POINT('',(16.3611377925331,4.86347614304248,0.638245371923104));
#2453=CARTESIAN_POINT('',(16.3912698766625,4.86347614304248,0.630702452092486));
#2454=CARTESIAN_POINT('',(16.4213593066177,4.86347614304248,0.622978796326435));
#2455=CARTESIAN_POINT('',(18.2829287925005,11.9105538196959,1.39888298027192));
#2456=CARTESIAN_POINT('',(18.2932851532401,11.9105538196959,1.39635618346981));
#2457=CARTESIAN_POINT('',(18.3036268745151,11.9105538196959,1.39376735575539));
#2458=CARTESIAN_POINT('',(18.3139539563254,11.9105538196959,1.39111649712865));
#2459=B_SPLINE_SURFACE_WITH_KNOTS('Surf_OTGQOZDGCY, Wing, 0, 13, lower',3,3,((#2460, #2461, #2462, #2469, #2470, #2471, #2481, #2482, #2483, #2493, #2494, #2495, #2505, #2506, #2507, #2517, #2518, #2519, #2529, #2530, #2531, #2541, #2542, #2543, #2553, #2554, #2555, #2565, #2566, #2567, #2577, #2578, #2579, #2589, #2590, #2591, #2601, #2602, #2603, #2613, #2614, #2615, #2625, #2626, #2627, #2637, #2638, #2639, #2649, #2650, #2651, #2661, #2662, #2663, #2673, #2674, #2675, #2685, #2686, #2687, #2697, #2698, #2699, #2709, #2710, #2711, #2721, #2722, #2723, #2733, #2734, #2735, #2745, #2746, #2747, #2757, #2758, #2759, #2769, #2770, #2771, #2781, #2782, #2783, #2793, #2794, #2795, #2805, #2806, #2807, #2817, #2818, #2819, #2829, #2830, #2831, #2841, #2842, #2843, #2853, #2854, #2855, #2865, #2866, #2867, #2877, #2878, #2879, #2889, #2890, #2891, #2901, #2902, #2903, #2913, #2914, #2915, #2925, #2926, #2927, #2937, #2938, #2939, #2949, #2950, #2951, #2961, #2962, #2963, #2973, #2974, #2975, #2985, #2986, #2987, #2997, #2998, #2999, #3009, #3010, #3011, #3021, #3022, #3023, #3033, #3034, #3035, #3045, #3046, #3047, #3057, #3058, #3059, #3069, #3070, #3071, #3081, #3082, #3083, #3093, #3094, #3095, #3105, #3106, #3107, #3117, #3118, #3119, #3129, #3130, #3131, #3141, #3142, #3143, #3153, #3154, #3155, #3165, #3166, #3167, #3177, #3178, #3179, #3189, #3190, #3191, #3201, #3202, #3203, #3213, #3214, #3215, #3225, #3226, #3227, #3237, #3238, #3239, #3249, #3250, #3251, #3261, #3262, #3263, #3273, #3274, #3275, #3285, #3286, #3287, #3297, #3298, #3299, #3309, #3310, #3311, #3321, #3322, #3323, #3333, #3334, #3335, #3345, #3346, #3347, #3357, #3358, #3359, #3369, #3370, #3371, #3381, #3382, #3383, #3393, #3394, #3395, #3405, #3406, #3407, #3417, #3418, #3419, #3429, #3430, #3431, #3441, #3442, #3443, #3453, #3454, #3455, #3465, #3466, #3467, #3468),(#2460, #2463, #2464, #2472, #2473, #2474, #2484, #2485, #2486, #2496, #2497, #2498, #2508, #2509, #2510, #2520, #2521, #2522, #2532, #2533, #2534, #2544, #2545, #2546, #2556, #2557, #2558, #2568, #2569, #2570, #2580, #2581, #2582, #2592, #2593, #2594, #2604, #2605, #2606, #2616, #2617, #2618, #2628, #2629, #2630, #2640, #2641, #2642, #2652, #2653, #2654, #2664, #2665, #2666, #2676, #2677, #2678, #2688, #2689, #2690, #2700, #2701, #2702, #2712, #2713, #2714, #2724, #2725, #2726, #2736, #2737, #2738, #2748, #2749, #2750, #2760, #2761, #2762, #2772, #2773, #2774, #2784, #2785, #2786, #2796, #2797, #2798, #2808, #2809, #2810, #2820, #2821, #2822, #2832, #2833, #2834, #2844, #2845, #2846, #2856, #2857, #2858, #2868, #2869, #2870, #2880, #2881, #2882, #2892, #2893, #2894, #2904, #2905, #2906, #2916, #2917, #2918, #2928, #2929, #2930, #2940, #2941, #2942, #2952, #2953, #2954, #2964, #2965, #2966, #2976, #2977, #2978, #2988, #2989, #2990, #3000, #3001, #3002, #3012, #3013, #3014, #3024, #3025, #3026, #3036, #3037, #3038, #3048, #3049, #3050, #3060, #3061, #3062, #3072, #3073, #3074, #3084, #3085, #3086, #3096, #3097, #3098, #3108, #3109, #3110, #3120, #3121, #3122, #3132, #3133, #3134, #3144, #3145, #3146, #3156, #3157, #3158, #3168, #3169, #3170, #3180, #3181, #3182, #3192, #3193, #3194, #3204, #3205, #3206, #3216, #3217, #3218, #3228, #3229, #3230, #3240, #3241, #3242, #3252, #3253, #3254, #3264, #3265, #3266, #3276, #3277, #3278, #3288, #3289, #3290, #3300, #3301, #3302, #3312, #3313, #3314, #3324, #3325, #3326, #3336, #3337, #3338, #3348, #3349, #3350, #3360, #3361, #3362, #3372, #3373, #3374, #3384, #3385, #3386, #3396, #3397, #3398, #3408, #3409, #3410, #3420, #3421, #3422, #3432, #3433, #3434, #3444, #3445, #3446, #3456, #3457, #3458, #3469, #3470, #3471, #3468),(#2460, #2465, #2466, #2475, #2476, #2477, #2487, #2488, #2489, #2499, #2500, #2501, #2511, #2512, #2513, #2523, #2524, #2525, #2535, #2536, #2537, #2547, #2548, #2549, #2559, #2560, #2561, #2571, #2572, #2573, #2583, #2584, #2585, #2595, #2596, #2597, #2607, #2608, #2609, #2619, #2620, #2621, #2631, #2632, #2633, #2643, #2644, #2645, #2655, #2656, #2657, #2667, #2668, #2669, #2679, #2680, #2681, #2691, #2692, #2693, #2703, #2704, #2705, #2715, #2716, #2717, #2727, #2728, #2729, #2739, #2740, #2741, #2751, #2752, #2753, #2763, #2764, #2765, #2775, #2776, #2777, #2787, #2788, #2789, #2799, #2800, #2801, #2811, #2812, #2813, #2823, #2824, #2825, #2835, #2836, #2837, #2847, #2848, #2849, #2859, #2860, #2861, #2871, #2872, #2873, #2883, #2884, #2885, #2895, #2896, #2897, #2907, #2908, #2909, #2919, #2920, #2921, #2931, #2932, #2933, #2943, #2944, #2945, #2955, #2956, #2957, #2967, #2968, #2969, #2979, #2980, #2981, #2991, #2992, #2993, #3003, #3004, #3005, #3015, #3016, #3017, #3027, #3028, #3029, #3039, #3040, #3041, #3051, #3052, #3053, #3063, #3064, #3065, #3075, #3076, #3077, #3087, #3088, #3089, #3099, #3100, #3101, #3111, #3112, #3113, #3123, #3124, #3125, #3135, #3136, #3137, #3147, #3148, #3149, #3159, #3160, #3161, #3171, #3172, #3173, #3183, #3184, #3185, #3195, #3196, #3197, #3207, #3208, #3209, #3219, #3220, #3221, #3231, #3232, #3233, #3243, #3244, #3245, #3255, #3256, #3257, #3267, #3268, #3269, #3279, #3280, #3281, #3291, #3292, #3293, #3303, #3304, #3305, #3315, #3316, #3317, #3327, #3328, #3329, #3339, #3340, #3341, #3351, #3352, #3353, #3363, #3364, #3365, #3375, #3376, #3377, #3387, #3388, #3389, #3399, #3400, #3401, #3411, #3412, #3413, #3423, #3424, #3425, #3435, #3436, #3437, #3447, #3448, #3449, #3459, #3460, #3461, #3472, #3473, #3474, #3468),(#2460, #2467, #2468, #2478, #2479, #2480, #2490, #2491, #2492, #2502, #2503, #2504, #2514, #2515, #2516, #2526, #2527, #2528, #2538, #2539, #2540, #2550, #2551, #2552, #2562, #2563, #2564, #2574, #2575, #2576, #2586, #2587, #2588, #2598, #2599, #2600, #2610, #2611, #2612, #2622, #2623, #2624, #2634, #2635, #2636, #2646, #2647, #2648, #2658, #2659, #2660, #2670, #2671, #2672, #2682, #2683, #2684, #2694, #2695, #2696, #2706, #2707, #2708, #2718, #2719, #2720, #2730, #2731, #2732, #2742, #2743, #2744, #2754, #2755, #2756, #2766, #2767, #2768, #2778, #2779, #2780, #2790, #2791, #2792, #2802, #2803, #2804, #2814, #2815, #2816, #2826, #2827, #2828, #2838, #2839, #2840, #2850, #2851, #2852, #2862, #2863, #2864, #2874, #2875, #2876, #2886, #2887, #2888, #2898, #2899, #2900, #2910, #2911, #2912, #2922, #2923, #2924, #2934, #2935, #2936, #2946, #2947, #2948, #2958, #2959, #2960, #2970, #2971, #2972, #2982, #2983, #2984, #2994, #2995, #2996, #3006, #3007, #3008, #3018, #3019, #3020, #3030, #3031, #3032, #3042, #3043, #3044, #3054, #3055, #3056, #3066, #3067, #3068, #3078, #3079, #3080, #3090, #3091, #3092, #3102, #3103, #3104, #3114, #3115, #3116, #3126, #3127, #3128, #3138, #3139, #3140, #3150, #3151, #3152, #3162, #3163, #3164, #3174, #3175, #3176, #3186, #3187, #3188, #3198, #3199, #3200, #3210, #3211, #3212, #3222, #3223, #3224, #3234, #3235, #3236, #3246, #3247, #3248, #3258, #3259, #3260, #3270, #3271, #3272, #3282, #3283, #3284, #3294, #3295, #3296, #3306, #3307, #3308, #3318, #3319, #3320, #3330, #3331, #3332, #3342, #3343, #3344, #3354, #3355, #3356, #3366, #3367, #3368, #3378, #3379, #3380, #3390, #3391, #3392, #3402, #3403, #3404, #3414, #3415, #3416, #3426, #3427, #3428, #3438, #3439, #3440, #3450, #3451, #3452, #3462, #3463, #3464, #3475, #3476, #3477, #3468)),.UNSPECIFIED.,.F.,.F.,.F.,(4,4),(4,3,3,3,3,3,3,3,3,3,3,3,3,3,3,3,3,3,3,3,3,3,3,3,3,3,3,3,3,3,3,3,3,3,3,3,3,3,3,3,3,3,3,3,3,3,3,3,3,3,3,3,3,3,3,3,3,3,3,3,3,3,3,3,3,3,3,3,3,3,3,3,3,3,3,3,3,3,3,3,3,3,3,3,3,4),(0.,1.),(0.,1.,2.,3.,4.,5.,6.,7.,8.,9.,10.,11.,12.,13.,14.,15.,16.,17.,18.,19.,20.,21.,22.,23.,24.,25.,26.,27.,28.,29.,30.,31.,32.,33.,34.,35.,36.,37.,38.,39.,40.,41.,42.,43.,44.,45.,46.,47.,48.,49.,50.,51.,52.,53.,54.,55.,56.,57.,58.,59.,60.,61.,62.,63.,64.,65.,66.,67.,68.,69.,70.,71.,72.,73.,74.,75.,76.,77.,78.,79.,80.,81.,82.,83.,84.,85.),.PIECEWISE_BEZIER_KNOTS.);
#2460=CARTESIAN_POINT('',(18.3139539563254,11.9105538196959,1.39111649712865));
#2461=CARTESIAN_POINT('',(18.3034753224671,11.9105538196959,1.39043187848969));
#2462=CARTESIAN_POINT('',(18.2929966886077,11.9105538196959,1.38974725986782));
#2463=CARTESIAN_POINT('',(18.3037152660665,11.9114378830753,1.39052840653552));
#2464=CARTESIAN_POINT('',(18.2934765639054,11.9123035581884,1.3899386334959));
#2465=CARTESIAN_POINT('',(18.3039439706838,11.912155508576,1.3913536061767));
#2466=CARTESIAN_POINT('',(18.2939305827212,11.9137236449209,1.39157289005732));
#2467=CARTESIAN_POINT('',(18.3039857798335,11.912155508576,1.39227377499186));
#2468=CARTESIAN_POINT('',(18.2940101385681,11.9137236449209,1.39339556935617));
#2469=CARTESIAN_POINT('',(18.2825180547473,11.9105538196959,1.38906264126306));
#2470=CARTESIAN_POINT('',(18.2720394208868,11.9105538196959,1.3883780226583));
#2471=CARTESIAN_POINT('',(18.2615607318445,11.9105538196959,1.38769426705168));
#2472=CARTESIAN_POINT('',(18.2832377100851,11.9131509071558,1.38934717455999));
#2473=CARTESIAN_POINT('',(18.273003183809,11.913996489014,1.38875583675325));
#2474=CARTESIAN_POINT('',(18.2627679750103,11.9148228355676,1.38816356080156));
#2475=CARTESIAN_POINT('',(18.2839135474603,11.9152583534943,1.3917743953433));
#2476=CARTESIAN_POINT('',(18.2739042554186,11.9167896338658,1.39197527917813));
#2477=CARTESIAN_POINT('',(18.2638903316269,11.9182858568216,1.39215828215389));
#2478=CARTESIAN_POINT('',(18.28402679189,11.9152583534943,1.39448195918848));
#2479=CARTESIAN_POINT('',(18.2740511687519,11.9167896338658,1.39556721054817));
#2480=CARTESIAN_POINT('',(18.2640667657855,11.9182858568216,1.39661597664607));
#2481=CARTESIAN_POINT('',(18.2510823076225,11.9105538196959,1.38700636987218));
#2482=CARTESIAN_POINT('',(18.2406038834005,11.9105538196959,1.38631847269267));
#2483=CARTESIAN_POINT('',(18.2301255567605,11.9105538196959,1.38562904941));
#2484=CARTESIAN_POINT('',(18.2525338180613,11.9156354747222,1.38756594645323));
#2485=CARTESIAN_POINT('',(18.2423037894071,11.9164463934267,1.38696844593368));
#2486=CARTESIAN_POINT('',(18.2320736966879,11.9172409172406,1.3863679135592));
#2487=CARTESIAN_POINT('',(18.2538750876532,11.9197570421805,1.39232415651142));
#2488=CARTESIAN_POINT('',(18.2438672328849,11.9212248987804,1.39248946103417));
#2489=CARTESIAN_POINT('',(18.2338559729646,11.922662865246,1.39263743355776));
#2490=CARTESIAN_POINT('',(18.25407742094,11.9197570421805,1.3976347391114));
#2491=CARTESIAN_POINT('',(18.2440954508226,11.9212248987804,1.39865245441328));
#2492=CARTESIAN_POINT('',(18.2341062020679,11.922662865246,1.39963713557824));
#2493=CARTESIAN_POINT('',(18.2196465413137,11.9105538196959,1.38495039850171));
#2494=CARTESIAN_POINT('',(18.209167525867,11.9105538196959,1.38427174759342));
#2495=CARTESIAN_POINT('',(18.1986876276983,11.9105538196959,1.38360690172925));
#2496=CARTESIAN_POINT('',(18.2218387633245,11.9180059526405,1.38577516552613));
#2497=CARTESIAN_POINT('',(18.2116076984762,11.9187693536709,1.38518251828203));
#2498=CARTESIAN_POINT('',(18.2013709721846,11.9195023226035,1.38460054461019));
#2499=CARTESIAN_POINT('',(18.2238322961006,11.9240472578324,1.39276662464687));
#2500=CARTESIAN_POINT('',(18.2138155478812,11.925428498186,1.39289530816736));
#2501=CARTESIAN_POINT('',(18.2037847880138,11.9267544828076,1.39300717874157));
#2502=CARTESIAN_POINT('',(18.2240994163404,11.9240472578324,1.40057360935235));
#2503=CARTESIAN_POINT('',(18.214099550415,11.925428498186,1.40150915090252));
#2504=CARTESIAN_POINT('',(18.2040802126084,11.9267544828076,1.40239739132727));
#2505=CARTESIAN_POINT('',(18.1882074901148,11.9105538196959,1.38294580011684));
#2506=CARTESIAN_POINT('',(18.1829674213231,11.9105538196959,1.38261524931063));
#2507=CARTESIAN_POINT('',(18.1777273037641,11.9105538196959,1.38228546118479));
#2508=CARTESIAN_POINT('',(18.1911313023995,11.9202125750971,1.3840200434921));
#2509=CARTESIAN_POINT('',(18.1860128098334,11.9205671303734,1.38372982500866));
#2510=CARTESIAN_POINT('',(18.180893507799,11.9209158933902,1.38343978545745));
#2511=CARTESIAN_POINT('',(18.1937452558336,11.9280391883305,1.39310022835485));
#2512=CARTESIAN_POINT('',(18.1887278960474,11.928680443409,1.39314658729865));
#2513=CARTESIAN_POINT('',(18.1837082222621,11.9293111776254,1.39318794032808));
#2514=CARTESIAN_POINT('',(18.1940476754155,11.9280391883305,1.40324432887701));
#2515=CARTESIAN_POINT('',(18.1890338118747,11.928680443409,1.40366749393242));
#2516=CARTESIAN_POINT('',(18.1840165522691,11.9293111776254,1.40407990141734));
#2517=CARTESIAN_POINT('',(18.1724872357486,11.9105538196959,1.3819548982413));
#2518=CARTESIAN_POINT('',(18.1672471677332,11.9105538196959,1.38162433529782));
#2519=CARTESIAN_POINT('',(18.1620072324375,11.9105538196959,1.38129170665519));
#2520=CARTESIAN_POINT('',(18.1757736903891,11.9212595833489,1.38314847021991));
#2521=CARTESIAN_POINT('',(18.1706547366387,11.9216029022157,1.38285717527901));
#2522=CARTESIAN_POINT('',(18.1655354914746,11.9219416999218,1.38256337779267));
#2523=CARTESIAN_POINT('',(18.1786868234132,11.9299326937117,1.3932235044571));
#2524=CARTESIAN_POINT('',(18.1736669731691,11.930553497567,1.39325896520528));
#2525=CARTESIAN_POINT('',(18.1686458164827,11.9311660835042,1.39328792744684));
#2526=CARTESIAN_POINT('',(18.1789966534691,11.9299326937117,1.40448151400151));
#2527=CARTESIAN_POINT('',(18.1739783029463,11.930553497567,1.40488293692602));
#2528=CARTESIAN_POINT('',(18.1689578310674,11.9311660835042,1.40527342794758));
#2529=CARTESIAN_POINT('',(18.1567671018538,11.9105538196959,1.38096208660581));
#2530=CARTESIAN_POINT('',(18.1462868406863,11.9105538196959,1.38030284650705));
#2531=CARTESIAN_POINT('',(18.135806084589,11.9105538196959,1.37965122792936));
#2532=CARTESIAN_POINT('',(18.1604149894991,11.9222739873907,1.38227191295012));
#2533=CARTESIAN_POINT('',(18.1501764822655,11.9229374789554,1.38168904045091));
#2534=CARTESIAN_POINT('',(18.1399335398905,11.9235766175012,1.38111126970166));
#2535=CARTESIAN_POINT('',(18.163621634491,11.9317668557286,1.39331334827334));
#2536=CARTESIAN_POINT('',(18.1535777483882,11.932966324358,1.3933639001097));
#2537=CARTESIAN_POINT('',(18.143522738741,11.9341216050365,1.3933976208844));
#2538=CARTESIAN_POINT('',(18.163933223702,11.9317668557286,1.4056538495713));
#2539=CARTESIAN_POINT('',(18.1538884872366,11.932966324358,1.40641416076947));
#2540=CARTESIAN_POINT('',(18.1438283517666,11.9341216050365,1.40713324874051));
#2541=CARTESIAN_POINT('',(18.1253264307384,11.9105538196959,1.37898263567212));
#2542=CARTESIAN_POINT('',(18.1200866038131,11.9105538196959,1.37864833954351));
#2543=CARTESIAN_POINT('',(18.1148470148356,11.9105538196959,1.37831037921679));
#2544=CARTESIAN_POINT('',(18.1296904631657,11.9242005253724,1.38051510409063));
#2545=CARTESIAN_POINT('',(18.1245700919077,11.9245119671306,1.3802170486794));
#2546=CARTESIAN_POINT('',(18.1194495331643,11.9248193460555,1.37991494283203));
#2547=CARTESIAN_POINT('',(18.1334638678853,11.9352492020172,1.39339961983622));
#2548=CARTESIAN_POINT('',(18.1284365269276,11.9358120216587,1.39340049499603));
#2549=CARTESIAN_POINT('',(18.123408033135,11.9363674616232,1.39339374322962));
#2550=CARTESIAN_POINT('',(18.1337610366253,11.9352492020172,1.40780578188726));
#2551=CARTESIAN_POINT('',(18.1287294749408,11.9358120216587,1.40814181702351));
#2552=CARTESIAN_POINT('',(18.1236960044931,11.9363674616232,1.40846623851655));
#2553=CARTESIAN_POINT('',(18.1096080080391,11.9105538196959,1.37796345379049));
#2554=CARTESIAN_POINT('',(18.1043690012425,11.9105538196959,1.37761652836418));
#2555=CARTESIAN_POINT('',(18.0991305280291,11.9105538196959,1.37726138620542));
#2556=CARTESIAN_POINT('',(18.1143298105787,11.9251248166395,1.37960374895417));
#2557=CARTESIAN_POINT('',(18.1092108472332,11.9254299495013,1.37929257458182));
#2558=CARTESIAN_POINT('',(18.1040925698215,11.9257328992811,1.3789730286709));
#2559=CARTESIAN_POINT('',(18.1183798396892,11.9369194156101,1.39337637337873));
#2560=CARTESIAN_POINT('',(18.1133530088853,11.937470724852,1.39335892743974));
#2561=CARTESIAN_POINT('',(18.1083262147089,11.9380180520789,1.39333132064407));
#2562=CARTESIAN_POINT('',(18.1186619314847,11.9369194156101,1.40877833311106));
#2563=CARTESIAN_POINT('',(18.1136292223946,11.937470724852,1.40909028299503));
#2564=CARTESIAN_POINT('',(18.1085956078995,11.9380180520789,1.40939007100148));
#2565=CARTESIAN_POINT('',(18.0938921892506,11.9105538196959,1.3769041738611));
#2566=CARTESIAN_POINT('',(18.0834155116936,11.9105538196959,1.37618974917246));
#2567=CARTESIAN_POINT('',(18.0729393368242,11.9105538196959,1.37546757710235));
#2568=CARTESIAN_POINT('',(18.0989737686875,11.9260312210117,1.37865095738754));
#2569=CARTESIAN_POINT('',(18.0887383822001,11.9266268669253,1.37800687566969));
#2570=CARTESIAN_POINT('',(18.0785008144077,11.9272043371927,1.37735325435364));
#2571=CARTESIAN_POINT('',(18.103297669855,11.9385569808532,1.39329707244803));
#2572=CARTESIAN_POINT('',(18.093244557451,11.9396329360475,1.39322836716183));
#2573=CARTESIAN_POINT('',(18.083184440621,11.9406759160051,1.39313395251036));
#2574=CARTESIAN_POINT('',(18.1035593943724,11.9385569808532,1.40967862164304));
#2575=CARTESIAN_POINT('',(18.0934909494721,11.9396329360475,1.41025531748615));
#2576=CARTESIAN_POINT('',(18.0834122591976,11.9406759160051,1.41078823366859));
#2577=CARTESIAN_POINT('',(18.0624605784263,11.9105538196959,1.37478520239117));
#2578=CARTESIAN_POINT('',(18.0519818200285,11.9105538196959,1.37410282768));
#2579=CARTESIAN_POINT('',(18.0415010313247,11.9105538196959,1.3734518116231));
#2580=CARTESIAN_POINT('',(18.0682509967302,11.9277433222629,1.37673510511081));
#2581=CARTESIAN_POINT('',(18.0580038359407,11.9282810989313,1.37611701831578));
#2582=CARTESIAN_POINT('',(18.0477444368219,11.92878011155,1.37552592267725));
#2583=CARTESIAN_POINT('',(18.0731018555313,11.9416492514321,1.39303945651948));
#2584=CARTESIAN_POINT('',(18.0630240427752,11.94262029149,1.39294472562533));
#2585=CARTESIAN_POINT('',(18.052922393041,11.9435212063878,1.3928411154074));
#2586=CARTESIAN_POINT('',(18.0733081423259,11.9416492514321,1.41128137278423));
#2587=CARTESIAN_POINT('',(18.0632088059452,11.94262029149,1.41177406260853));
#2588=CARTESIAN_POINT('',(18.0530814969601,11.9435212063878,1.41221776242291));
#2589=CARTESIAN_POINT('',(18.0310205960187,11.9105538196959,1.37279525838426));
#2590=CARTESIAN_POINT('',(18.0257803783656,11.9105538196959,1.37246698176484));
#2591=CARTESIAN_POINT('',(18.0205402490621,11.9105538196959,1.37213732084994));
#2592=CARTESIAN_POINT('',(18.0374836425703,11.9292658432006,1.37492798073568));
#2593=CARTESIAN_POINT('',(18.0323541396054,11.9295082977895,1.37462902780718));
#2594=CARTESIAN_POINT('',(18.0272242616305,11.9297474416893,1.37432836309544));
#2595=CARTESIAN_POINT('',(18.0428164473936,11.9443980357647,1.39271894308097));
#2596=CARTESIAN_POINT('',(18.0377650816865,11.9448356720951,1.39265778325804));
#2597=CARTESIAN_POINT('',(18.0327125950793,11.9452673058831,1.39259198826551));
#2598=CARTESIAN_POINT('',(18.0429480796928,11.9443980357647,1.41262979368906));
#2599=CARTESIAN_POINT('',(18.0378829816838,11.9448356720951,1.4128356701474));
#2600=CARTESIAN_POINT('',(18.0328163098166,11.9452673058831,1.4130336383608));
#2601=CARTESIAN_POINT('',(18.0153005060708,11.9105538196959,1.37180166366002));
#2602=CARTESIAN_POINT('',(18.0100607630796,11.9105538196959,1.3714660064701));
#2603=CARTESIAN_POINT('',(18.0048214561,11.9105538196959,1.37112351697069));
#2604=CARTESIAN_POINT('',(18.0220953979199,11.9299864408909,1.37402176003608));
#2605=CARTESIAN_POINT('',(18.0169671183058,11.9302251665767,1.3737151692724));
#2606=CARTESIAN_POINT('',(18.0118393726426,11.9304622496153,1.3734016386895));
#2607=CARTESIAN_POINT('',(18.0276614904063,11.9456986546269,1.39252034479241));
#2608=CARTESIAN_POINT('',(18.0226114354112,11.9461294861932,1.39244865482609));
#2609=CARTESIAN_POINT('',(18.0175615414218,11.9465573270202,1.39236870474377));
#2610=CARTESIAN_POINT('',(18.0277508572284,11.9456986546269,1.41322585524838));
#2611=CARTESIAN_POINT('',(18.0226864567196,11.9461294861932,1.4134179832782));
#2612=CARTESIAN_POINT('',(18.0176216663313,11.9465573270202,1.41360035465656));
#2613=CARTESIAN_POINT('',(17.9995823111876,11.9105538196959,1.37077846486327));
#2614=CARTESIAN_POINT('',(17.9891040213627,11.9105538196959,1.37008836064842));
#2615=CARTESIAN_POINT('',(17.9786263567407,11.9105538196959,1.36938844465666));
#2616=CARTESIAN_POINT('',(18.0067113448813,11.9306961741586,1.37308524189396));
#2617=CARTESIAN_POINT('',(17.9964569967453,11.9311632119975,1.37245248675522));
#2618=CARTESIAN_POINT('',(17.9862015515478,11.9316180801553,1.37180875272964));
#2619=CARTESIAN_POINT('',(18.0125105878722,11.9469794415096,1.39228311192686));
#2620=CARTESIAN_POINT('',(18.0024117490655,11.9478221379795,1.3921117981883));
#2621=CARTESIAN_POINT('',(17.9923088489125,11.9486427733869,1.39191882285109));
#2622=CARTESIAN_POINT('',(18.012555304803,11.9469794415096,1.41377396545519));
#2623=CARTESIAN_POINT('',(18.0024256575981,11.9478221379795,1.41412093712694));
#2624=CARTESIAN_POINT('',(17.9922900271977,11.9486427733869,1.41443424383271));
#2625=CARTESIAN_POINT('',(17.9681469821049,11.9105538196959,1.36871562150798));
#2626=CARTESIAN_POINT('',(17.962907294787,11.9105538196959,1.36837920993363));
#2627=CARTESIAN_POINT('',(17.9576671548274,11.9105538196959,1.36804992669013));
#2628=CARTESIAN_POINT('',(17.9759391475722,11.9320512991121,1.37118963466226));
#2629=CARTESIAN_POINT('',(17.9708087314621,11.9322675273598,1.37088009108402));
#2630=CARTESIAN_POINT('',(17.9656766135047,11.9324786443438,1.37057708374489));
#2631=CARTESIAN_POINT('',(17.9821940557001,11.949424252789,1.39173057979223));
#2632=CARTESIAN_POINT('',(17.9771380715849,11.9498142743209,1.391636401303));
#2633=CARTESIAN_POINT('',(17.9720791704261,11.9501950522149,1.3915440613598));
#2634=CARTESIAN_POINT('',(17.9821416532624,11.949424252789,1.41473008976511));
#2635=CARTESIAN_POINT('',(17.9770688825933,11.9498142743209,1.41487790343733));
#2636=CARTESIAN_POINT('',(17.9719929416522,11.9501950522149,1.41502231622521));
#2637=CARTESIAN_POINT('',(17.9524268837394,11.9105538196959,1.36772258182356));
#2638=CARTESIAN_POINT('',(17.9471866126513,11.9105538196959,1.36739523695699));
#2639=CARTESIAN_POINT('',(17.9419461315767,11.9105538196959,1.36707115716983));
#2640=CARTESIAN_POINT('',(17.9605434643754,11.9326856666932,1.37027556855548));
#2641=CARTESIAN_POINT('',(17.9554108140373,11.9328924435099,1.369974061826));
#2642=CARTESIAN_POINT('',(17.9502769093559,11.9330947987837,1.36967532612475));
#2643=CARTESIAN_POINT('',(17.9670182349712,11.9505684216199,1.39144950305358));
#2644=CARTESIAN_POINT('',(17.9619581960255,11.9509413292328,1.39135490827694));
#2645=CARTESIAN_POINT('',(17.9568958012448,11.9513062398801,1.3912590512915));
#2646=CARTESIAN_POINT('',(17.9669146276151,11.9505684216199,1.4151603558325));
#2647=CARTESIAN_POINT('',(17.9618372125956,11.9509413292328,1.41529832706079));
#2648=CARTESIAN_POINT('',(17.9567571245138,11.9513062398801,1.41543052334749));
#2649=CARTESIAN_POINT('',(17.936705452554,11.9105538196959,1.36675034640082));
#2650=CARTESIAN_POINT('',(17.9314647735313,11.9105538196959,1.36642953563181));
#2651=CARTESIAN_POINT('',(17.9262238965606,11.9105538196959,1.36611199388096));
#2652=CARTESIAN_POINT('',(17.9451416324659,11.9332924333615,1.36937932907327));
#2653=CARTESIAN_POINT('',(17.9400068300122,11.9334898314482,1.36908333909315));
#2654=CARTESIAN_POINT('',(17.9348706395745,11.9336825402081,1.36879008900749));
#2655=CARTESIAN_POINT('',(17.9518308279032,11.9516626149268,1.39116161053726));
#2656=CARTESIAN_POINT('',(17.9467667073469,11.9520185458575,1.39106413535832));
#2657=CARTESIAN_POINT('',(17.9417000258652,11.9523659995221,1.39096510164711));
#2658=CARTESIAN_POINT('',(17.951674139787,11.9516626149268,1.41555629605825));
#2659=CARTESIAN_POINT('',(17.9465920103248,11.9520185458575,1.41568200524562));
#2660=CARTESIAN_POINT('',(17.9415070584823,11.9523659995221,1.41580134199015));
#2661=CARTESIAN_POINT('',(17.9209828336806,11.9105538196959,1.36579772508703));
#2662=CARTESIAN_POINT('',(17.9157417708005,11.9105538196959,1.36548345629309));
#2663=CARTESIAN_POINT('',(17.9105004996283,11.9105538196959,1.36517303126509));
#2664=CARTESIAN_POINT('',(17.929732788995,11.9338698558128,1.36849949944685));
#2665=CARTESIAN_POINT('',(17.9245953863922,11.9340569452294,1.36820891562814));
#2666=CARTESIAN_POINT('',(17.9194562202703,11.934238509708,1.36792154163425));
#2667=CARTESIAN_POINT('',(17.936630216765,11.9527037070025,1.39086375432421));
#2668=CARTESIAN_POINT('',(17.9315612129579,11.9530409904154,1.39076237495316));
#2669=CARTESIAN_POINT('',(17.9264889183186,11.9533682914745,1.39065909499088));
#2670=CARTESIAN_POINT('',(17.9364186354101,11.9527037070025,1.41591278776331));
#2671=CARTESIAN_POINT('',(17.9313310200571,11.9530409904154,1.41602417533842));
#2672=CARTESIAN_POINT('',(17.926239776323,11.9533682914745,1.41612793302293));
#2673=CARTESIAN_POINT('',(17.9052592419556,11.9105538196959,1.36486147734908));
#2674=CARTESIAN_POINT('',(17.89477672661,11.9105538196959,1.36423836951706));
#2675=CARTESIAN_POINT('',(17.8842939213606,11.9105538196959,1.3636181738914));
#2676=CARTESIAN_POINT('',(17.9143156971179,11.9344151017352,1.36763249922591));
#2677=CARTESIAN_POINT('',(17.9040359119325,11.9347676400924,1.36705442895598));
#2678=CARTESIAN_POINT('',(17.893750464733,11.9351010187338,1.36647713927252));
#2679=CARTESIAN_POINT('',(17.9214137755649,11.953686607217,1.39054958378487));
#2680=CARTESIAN_POINT('',(17.9112657573239,11.9543220301304,1.39033047457313));
#2681=CARTESIAN_POINT('',(17.9011064494006,11.954922837178,1.39009451051983));
#2682=CARTESIAN_POINT('',(17.9211452074758,11.953686607217,1.41622031797955));
#2683=CARTESIAN_POINT('',(17.9109583441973,11.9543220301304,1.41640493140285));
#2684=CARTESIAN_POINT('',(17.9007585884617,11.954922837178,1.41655285266327));
#2685=CARTESIAN_POINT('',(17.8738090702048,11.9105538196959,1.36303798887154));
#2686=CARTESIAN_POINT('',(17.868566644627,11.9105538196959,1.36274789636161));
#2687=CARTESIAN_POINT('',(17.8633235909381,11.9105538196959,1.36247109617553));
#2688=CARTESIAN_POINT('',(17.8834588754085,11.9354189161676,1.36593789665523));
#2689=CARTESIAN_POINT('',(17.8783136441134,11.935577568448,1.36566827831468));
#2690=CARTESIAN_POINT('',(17.873166616835,11.9357320668828,1.36541140131223));
#2691=CARTESIAN_POINT('',(17.8909379659692,11.9554956768853,1.3898822315496));
#2692=CARTESIAN_POINT('',(17.8858547371279,11.9557815434693,1.38977605161249));
#2693=CARTESIAN_POINT('',(17.8807689135593,11.9560599088057,1.38967872369095));
#2694=CARTESIAN_POINT('',(17.8905499963969,11.9554956768853,1.41670853781383));
#2695=CARTESIAN_POINT('',(17.8854467165539,11.9557815434693,1.41678631171048));
#2696=CARTESIAN_POINT('',(17.8803410195808,11.9560599088057,1.41686864077896));
#2697=CARTESIAN_POINT('',(17.8580801483455,11.9105538196959,1.36219915024701));
#2698=CARTESIAN_POINT('',(17.8528367057528,11.9105538196959,1.36192720431848));
#2699=CARTESIAN_POINT('',(17.8475928974101,11.9105538196959,1.36166003168771));
#2700=CARTESIAN_POINT('',(17.8680181313797,11.9358827119826,1.36515891812471));
#2701=CARTESIAN_POINT('',(17.8628700000312,11.9360331669025,1.36490643494943));
#2702=CARTESIAN_POINT('',(17.8577205496823,11.9361801192121,1.36465830426724));
#2703=CARTESIAN_POINT('',(17.8756806759608,11.9563313143087,1.3895822299404));
#2704=CARTESIAN_POINT('',(17.8705930749241,11.9566023654001,1.38948570878471));
#2705=CARTESIAN_POINT('',(17.8655033244058,11.9568670900918,1.38939031155181));
#2706=CARTESIAN_POINT('',(17.8752327930513,11.9563313143087,1.41694782728545));
#2707=CARTESIAN_POINT('',(17.870125205168,11.9566023654001,1.41702696948926));
#2708=CARTESIAN_POINT('',(17.865015391904,11.9568670900918,1.41710363195508));
#2709=CARTESIAN_POINT('',(17.8423486412418,11.9105538196959,1.36140230601254));
#2710=CARTESIAN_POINT('',(17.8371043850736,11.9105538196959,1.36114458033738));
#2711=CARTESIAN_POINT('',(17.8318596810797,11.9105538196959,1.36089630161783));
#2712=CARTESIAN_POINT('',(17.8525692211494,11.9363224021718,1.36441902910689));
#2713=CARTESIAN_POINT('',(17.8474182254,11.9364645030899,1.36417975253776));
#2714=CARTESIAN_POINT('',(17.8422653273956,11.9366019421089,1.36394932957204));
#2715=CARTESIAN_POINT('',(17.8604105177455,11.957123385665,1.38929939114579));
#2716=CARTESIAN_POINT('',(17.855318309275,11.9573793424746,1.3892084437516));
#2717=CARTESIAN_POINT('',(17.8502230121771,11.9576268847816,1.38912197094642));
#2718=CARTESIAN_POINT('',(17.859902490733,11.957123385665,1.41717989729703));
#2719=CARTESIAN_POINT('',(17.8547901897278,11.9573793424746,1.417256120594));
#2720=CARTESIAN_POINT('',(17.8496747815323,11.9576268847816,1.41733194399403));
#2721=CARTESIAN_POINT('',(17.8266144471846,11.9105538196959,1.36066214351176));
#2722=CARTESIAN_POINT('',(17.8213692132895,11.9105538196959,1.3604279854057));
#2723=CARTESIAN_POINT('',(17.8161234568651,11.9105538196959,1.36021058007331));
#2724=CARTESIAN_POINT('',(17.8371099614868,11.9367335611187,1.36373226282726));
#2725=CARTESIAN_POINT('',(17.8319549017019,11.9368650090753,1.36351519275029));
#2726=CARTESIAN_POINT('',(17.8267970883542,11.9369899945304,1.36331401321447));
#2727=CARTESIAN_POINT('',(17.8451236894965,11.957863925596,1.38904332945381));
#2728=CARTESIAN_POINT('',(17.840024917055,11.9581006486433,1.38896466107063));
#2729=CARTESIAN_POINT('',(17.8349215964549,11.9583257131632,1.38889571446712));
#2730=CARTESIAN_POINT('',(17.8445553501312,11.957863925596,1.41740945898202));
#2731=CARTESIAN_POINT('',(17.8394364707953,11.9581006486433,1.41748693422533));
#2732=CARTESIAN_POINT('',(17.8343130433592,11.9583257131632,1.41756728068589));
#2733=CARTESIAN_POINT('',(17.8108770711991,11.9105538196959,1.36000595527531));
#2734=CARTESIAN_POINT('',(17.8003842998671,11.9105538196959,1.35959670567929));
#2735=CARTESIAN_POINT('',(17.7898890082598,11.9105538196959,1.35921717129328));
#2736=CARTESIAN_POINT('',(17.8216367924727,11.9371095159051,1.36312489503736));
#2737=CARTESIAN_POINT('',(17.8113170285007,11.9373480835002,1.36274664267198));
#2738=CARTESIAN_POINT('',(17.800989359278,11.937570191125,1.36239600367572));
#2739=CARTESIAN_POINT('',(17.8298143250846,11.9585409202804,1.38883363674883));
#2740=CARTESIAN_POINT('',(17.8196012701202,11.9589704535183,1.38870940099839));
#2741=CARTESIAN_POINT('',(17.8093760263983,11.9593702904655,1.38859728247617));
#2742=CARTESIAN_POINT('',(17.8291856932921,11.9585409202804,1.41764872325488));
#2743=CARTESIAN_POINT('',(17.8189324858899,11.9589704535183,1.41781149643673));
#2744=CARTESIAN_POINT('',(17.808667151743,11.9593702904655,1.41796911575168));
#2745=CARTESIAN_POINT('',(17.7793922242991,11.9105538196959,1.35891751404256));
#2746=CARTESIAN_POINT('',(17.7741438323188,11.9105538196959,1.35876768541721));
#2747=CARTESIAN_POINT('',(17.7688950672501,11.9105538196959,1.35863782607568));
#2748=CARTESIAN_POINT('',(17.7906495328119,11.9377634343234,1.362121298145));
#2749=CARTESIAN_POINT('',(17.7854799493713,11.9378598552121,1.3619839335324));
#2750=CARTESIAN_POINT('',(17.7803071785369,11.9379488538731,1.36186552296408));
#2751=CARTESIAN_POINT('',(17.7991300162058,11.9597180763813,1.38853328049491));
#2752=CARTESIAN_POINT('',(17.7940076037258,11.9598915984913,1.38850124152237));
#2753=CARTESIAN_POINT('',(17.7888797381207,11.9600517384186,1.38848098394953));
#2754=CARTESIAN_POINT('',(17.7983810049291,11.9597180763813,1.41814397683613));
#2755=CARTESIAN_POINT('',(17.7932385261346,11.9598915984913,1.41823135919855));
#2756=CARTESIAN_POINT('',(17.7880905887364,11.9600517384186,1.41832255649602));
#2757=CARTESIAN_POINT('',(17.7636460575832,11.9105538196959,1.35853420625864));
#2758=CARTESIAN_POINT('',(17.7583970479164,11.9105538196959,1.3584305864416));
#2759=CARTESIAN_POINT('',(17.7531472214485,11.9105538196959,1.35834602833541));
#2760=CARTESIAN_POINT('',(17.7751310461857,11.9380297845077,1.36177221155697));
#2761=CARTESIAN_POINT('',(17.7699550956197,11.9381105984884,1.36167889095352));
#2762=CARTESIAN_POINT('',(17.7647758983081,11.938185076623,1.36160374655558));
#2763=CARTESIAN_POINT('',(17.7837459722966,11.9601973321563,1.38847797703129));
#2764=CARTESIAN_POINT('',(17.7786125330301,11.9603427108282,1.38847494587634));
#2765=CARTESIAN_POINT('',(17.7734739823185,11.9604766677818,1.38848395158355));
#2766=CARTESIAN_POINT('',(17.7829367085265,11.9601973321563,1.41842231499363));
#2767=CARTESIAN_POINT('',(17.7777831559894,11.9603427108282,1.41852204457249));
#2768=CARTESIAN_POINT('',(17.7726246005068,11.9604766677818,1.4186270065617));
#2769=CARTESIAN_POINT('',(17.7478969366316,11.9105538196959,1.35828062339134));
#2770=CARTESIAN_POINT('',(17.7373963669979,11.9105538196959,1.3581498135032));
#2771=CARTESIAN_POINT('',(17.7268941189545,11.9105538196959,1.35809759869883));
#2772=CARTESIAN_POINT('',(17.7595934365563,11.9382523985917,1.36154677080347));
#2773=CARTESIAN_POINT('',(17.7492289588366,11.93838673648,1.36143279037398));
#2774=CARTESIAN_POINT('',(17.7388511250132,11.9384919689985,1.36139338419898));
#2775=CARTESIAN_POINT('',(17.768329914116,11.9605977248884,1.38850418212651));
#2776=CARTESIAN_POINT('',(17.758042578095,11.960839276,1.3885445755891));
#2777=CARTESIAN_POINT('',(17.7477324996206,11.9610283670621,1.3886312110193));
#2778=CARTESIAN_POINT('',(17.7674605286593,11.9605977248884,1.41873547834718));
#2779=CARTESIAN_POINT('',(17.7571331881072,11.960839276,1.41895234488115));
#2780=CARTESIAN_POINT('',(17.7467830950738,11.9610283670621,1.41918396888845));
#2781=CARTESIAN_POINT('',(17.7163940053443,11.9105538196959,1.35813680220701));
#2782=CARTESIAN_POINT('',(17.7058938917342,11.9105538196959,1.3581760057152));
#2783=CARTESIAN_POINT('',(17.6953930153576,11.9105538196959,1.3582984046632));
#2784=CARTESIAN_POINT('',(17.7284594993565,11.9385588798214,1.36144018285496));
#2785=CARTESIAN_POINT('',(17.7180681440492,11.9386255341931,1.36148694983893));
#2786=CARTESIAN_POINT('',(17.7076610336366,11.9386569605625,1.36161212131818));
#2787=CARTESIAN_POINT('',(17.7373948571003,11.9611483878024,1.38876659041081));
#2788=CARTESIAN_POINT('',(17.727057697954,11.961267938498,1.38890190886832));
#2789=CARTESIAN_POINT('',(17.7166923117406,11.9613240062079,1.3890811095999));
#2790=CARTESIAN_POINT('',(17.7364042174482,11.9611483878024,1.41942259300694));
#2791=CARTESIAN_POINT('',(17.7260258250735,11.961267938498,1.41966115404095));
#2792=CARTESIAN_POINT('',(17.715618664561,11.9613240062079,1.4199051067266));
#2793=CARTESIAN_POINT('',(17.6848936059755,11.9105538196959,1.35850899384343));
#2794=CARTESIAN_POINT('',(17.6796439012844,11.9105538196959,1.35861428843355));
#2795=CARTESIAN_POINT('',(17.6743947649757,11.9105538196959,1.35874221399003));
#2796=CARTESIAN_POINT('',(17.6972424154932,11.9386584753617,1.36182128192625));
#2797=CARTESIAN_POINT('',(17.6920330912667,11.9386591910339,1.3619258572487));
#2798=CARTESIAN_POINT('',(17.6868209328455,11.9386522178988,1.3620519850903));
#2799=CARTESIAN_POINT('',(17.7063044751166,11.9613261688906,1.38931479737739));
#2800=CARTESIAN_POINT('',(17.7011105276962,11.9613271737834,1.3894316328812));
#2801=CARTESIAN_POINT('',(17.6959108425872,11.9613143225348,1.38956241366129));
#2802=CARTESIAN_POINT('',(17.7051884029707,11.9613261688906,1.42017075955505));
#2803=CARTESIAN_POINT('',(17.6999732430821,11.9613271737834,1.42030357804489));
#2804=CARTESIAN_POINT('',(17.6947521329521,11.9613143225348,1.42044188266932));
#2805=CARTESIAN_POINT('',(17.6691467966808,11.9105538196959,1.35889432365525));
#2806=CARTESIAN_POINT('',(17.6638988283858,11.9105538196959,1.35904643332048));
#2807=CARTESIAN_POINT('',(17.6586521351658,11.9105538196959,1.35922302519975));
#2808=CARTESIAN_POINT('',(17.681606826331,11.9386382860582,1.36220129364883));
#2809=CARTESIAN_POINT('',(17.6763926751611,11.9386243431029,1.36235060204999));
#2810=CARTESIAN_POINT('',(17.6711770396922,11.9386043310694,1.36252349319448));
#2811=CARTESIAN_POINT('',(17.6907064395215,11.9612889290491,1.38970945105922));
#2812=CARTESIAN_POINT('',(17.685501954563,11.961263514996,1.38985648830325));
#2813=CARTESIAN_POINT('',(17.6802934288395,11.9612271604231,1.39002103122263));
#2814=CARTESIAN_POINT('',(17.6895259737055,11.9612889290491,1.42058876680192));
#2815=CARTESIAN_POINT('',(17.6842997323594,11.961263514996,1.42073565092724));
#2816=CARTESIAN_POINT('',(17.679069029364,11.9612271604231,1.42089332230413));
#2817=CARTESIAN_POINT('',(17.6534054155132,11.9105538196959,1.35942106273243));
#2818=CARTESIAN_POINT('',(17.6429119762081,11.9105538196959,1.35981713779779));
#2819=CARTESIAN_POINT('',(17.6324203082022,11.9105538196959,1.36030315028129));
#2820=CARTESIAN_POINT('',(17.6659580339867,11.938576980997,1.36271680566265));
#2821=CARTESIAN_POINT('',(17.6555197945318,11.9385222936271,1.36310344092495));
#2822=CARTESIAN_POINT('',(17.6450692809058,11.9384373608939,1.36357579379475));
#2823=CARTESIAN_POINT('',(17.6750787987392,11.9611775837657,1.39019871020977));
#2824=CARTESIAN_POINT('',(17.6646491225535,11.9610784523703,1.39055408502707));
#2825=CARTESIAN_POINT('',(17.6541952806219,11.9609248188575,1.39096503442836));
#2826=CARTESIAN_POINT('',(17.6738321606575,11.9611775837657,1.42105602076665));
#2827=CARTESIAN_POINT('',(17.6633580060197,11.9610784523703,1.4213814336524));
#2828=CARTESIAN_POINT('',(17.652858925531,11.9609248188575,1.42172885621364));
#2829=CARTESIAN_POINT('',(17.6219362196789,11.9105538196959,1.36089089732983));
#2830=CARTESIAN_POINT('',(17.6166941754172,11.9105538196959,1.3611847708541));
#2831=CARTESIAN_POINT('',(17.6114539282778,11.9105538196959,1.36150502902583));
#2832=CARTESIAN_POINT('',(17.634603465132,11.9383034877301,1.36414339943586));
#2833=CARTESIAN_POINT('',(17.6293703051496,11.9382366248617,1.36442722691537));
#2834=CARTESIAN_POINT('',(17.62413404759,11.9381595495671,1.36473605656966));
#2835=CARTESIAN_POINT('',(17.6437058929335,11.9606829922895,1.39142261073879));
#2836=CARTESIAN_POINT('',(17.6384607405793,11.9605622109869,1.39165143529225));
#2837=CARTESIAN_POINT('',(17.6332080372221,11.9604230234004,1.39189503738811));
#2838=CARTESIAN_POINT('',(17.6423219779677,11.9606829922895,1.42206843806807));
#2839=CARTESIAN_POINT('',(17.6370530440604,11.9605622109869,1.42223826053877));
#2840=CARTESIAN_POINT('',(17.6317759121353,11.9604230234004,1.42241143141204));
#2841=CARTESIAN_POINT('',(17.6062152421884,11.9105538196959,1.36185071779915));
#2842=CARTESIAN_POINT('',(17.6009765560991,11.9105538196959,1.36219640657247));
#2843=CARTESIAN_POINT('',(17.5957394310599,11.9105538196959,1.36256752594738));
#2844=CARTESIAN_POINT('',(17.6188946840593,11.9380728465385,1.36506901418182));
#2845=CARTESIAN_POINT('',(17.6136551074364,11.937986216189,1.36540199656486));
#2846=CARTESIAN_POINT('',(17.6084121549961,11.9378894934441,1.36575905865042));
#2847=CARTESIAN_POINT('',(17.6279480536204,11.9602664836787,1.39215311090785));
#2848=CARTESIAN_POINT('',(17.6226876823746,11.960110073919,1.3924112198082));
#2849=CARTESIAN_POINT('',(17.6174195591588,11.9599354746728,1.39268327882559));
#2850=CARTESIAN_POINT('',(17.6264909726658,11.9602664836787,1.42258827857976));
#2851=CARTESIAN_POINT('',(17.6212056440898,11.960110073919,1.42276515548531));
#2852=CARTESIAN_POINT('',(17.6159120549593,11.9599354746728,1.42294464533991));
#2853=CARTESIAN_POINT('',(17.5905036309985,11.9105538196959,1.362963121878));
#2854=CARTESIAN_POINT('',(17.5852678309372,11.9105538196959,1.36335871780862));
#2855=CARTESIAN_POINT('',(17.5800337617757,11.9105538196959,1.36377835474655));
#2856=CARTESIAN_POINT('',(17.60316510855,11.937781730113,1.36613914789934));
#2857=CARTESIAN_POINT('',(17.5979178009811,11.9376740639229,1.36651927162181));
#2858=CARTESIAN_POINT('',(17.5926668039593,11.9375554938655,1.36692201365725));
#2859=CARTESIAN_POINT('',(17.6121427240818,11.9597409792799,1.39296730658266));
#2860=CARTESIAN_POINT('',(17.6068654137918,11.9595466571745,1.39325138196615));
#2861=CARTESIAN_POINT('',(17.6015797042469,11.9593326832735,1.39354712652091));
#2862=CARTESIAN_POINT('',(17.6106094251541,11.9597409792799,1.42312370317035));
#2863=CARTESIAN_POINT('',(17.6053063182597,11.9595466571745,1.42330279974596));
#2864=CARTESIAN_POINT('',(17.5999943719616,11.9593326832735,1.42348127885011));
#2865=CARTESIAN_POINT('',(17.5748019457421,11.9105538196959,1.36422032804715));
#2866=CARTESIAN_POINT('',(17.5721860377254,11.9105538196959,1.36444131469745));
#2867=CARTESIAN_POINT('',(17.5695707710578,11.9105538196959,1.36466759553905));
#2868=CARTESIAN_POINT('',(17.5874122367498,11.9374252680997,1.36734560040735));
#2869=CARTESIAN_POINT('',(17.5847848361412,11.937360201506,1.3675574108854));
#2870=CARTESIAN_POINT('',(17.5821565719694,11.9372921440337,1.36777413742982));
#2871=CARTESIAN_POINT('',(17.5962853686449,11.9590977023936,1.39385202173614));
#2872=CARTESIAN_POINT('',(17.5936379877651,11.9589802942785,1.3940044921588));
#2873=CARTESIAN_POINT('',(17.5909884351994,11.9588574955371,1.39415887650882));
#2874=CARTESIAN_POINT('',(17.5946733319972,11.9590977023936,1.42365576049134));
#2875=CARTESIAN_POINT('',(17.5920125980568,11.9589802942785,1.42374301920741));
#2876=CARTESIAN_POINT('',(17.5893495698437,11.9588574955371,1.42382881240105));
#2877=CARTESIAN_POINT('',(17.5669560686637,11.9105538196959,1.36489948716339));
#2878=CARTESIAN_POINT('',(17.5643413662696,11.9105538196959,1.36513137878774));
#2879=CARTESIAN_POINT('',(17.5617272281489,11.9105538196959,1.36536888119483));
#2880=CARTESIAN_POINT('',(17.5795280229686,11.937222499099,1.36799625814924));
#2881=CARTESIAN_POINT('',(17.5768993910672,11.9371528880515,1.36821839157265));
#2882=CARTESIAN_POINT('',(17.5742702771105,11.9370812817685,1.36844587269229));
#2883=CARTESIAN_POINT('',(17.5883377080071,11.9587318329385,1.39431701984443));
#2884=CARTESIAN_POINT('',(17.5856868297755,11.958606230551,1.39447517994451));
#2885=CARTESIAN_POINT('',(17.5830344561469,11.9584770300243,1.39463665218469));
#2886=CARTESIAN_POINT('',(17.586685111256,11.9587318329385,1.42391653691257));
#2887=CARTESIAN_POINT('',(17.5840205009845,11.958606230551,1.42400427441925));
#2888=CARTESIAN_POINT('',(17.5813541825746,11.9584770300243,1.42409304162174));
#2889=CARTESIAN_POINT('',(17.5591135772259,11.9105538196959,1.36561231097613));
#2890=CARTESIAN_POINT('',(17.5486589735341,11.9105538196959,1.36658603010129));
#2891=CARTESIAN_POINT('',(17.5382114937235,11.9105538196959,1.36765681886664));
#2892=CARTESIAN_POINT('',(17.5716403552196,11.9370071625756,1.36867895652647));
#2893=CARTESIAN_POINT('',(17.5611197918875,11.9367110559681,1.36961143266816));
#2894=CARTESIAN_POINT('',(17.5505851482064,11.9363743145806,1.37063576526533));
#2895=CARTESIAN_POINT('',(17.5803801167031,11.958343299253,1.39480118282464));
#2896=CARTESIAN_POINT('',(17.569761162603,11.957809033328,1.39545948953605));
#2897=CARTESIAN_POINT('',(17.5591093558824,11.9572015063961,1.39616840684471));
#2898=CARTESIAN_POINT('',(17.5786857538348,11.958343299253,1.42418200932453));
#2899=CARTESIAN_POINT('',(17.5680104355218,11.957809033328,1.42453802145937));
#2900=CARTESIAN_POINT('',(17.5573001330839,11.9572015063961,1.42489828877742));
#2901=CARTESIAN_POINT('',(17.5277741771304,11.9105538196959,1.36881084959818));
#2902=CARTESIAN_POINT('',(17.5251648479821,11.9105538196959,1.36909935728107));
#2903=CARTESIAN_POINT('',(17.5225561978938,11.9105538196959,1.36939287745259));
#2904=CARTESIAN_POINT('',(17.5400272146826,11.9359722856272,1.37173544775591));
#2905=CARTESIAN_POINT('',(17.5373874384953,11.9358719094558,1.37201042281961));
#2906=CARTESIAN_POINT('',(17.53474598294,11.9357669589914,1.37228986618868));
#2907=CARTESIAN_POINT('',(17.5484074204421,11.9564763107373,1.39688719761742));
#2908=CARTESIAN_POINT('',(17.5457314017791,11.9562952425493,1.39706696124224));
#2909=CARTESIAN_POINT('',(17.5430518742907,11.9561059298851,1.39724660806645));
#2910=CARTESIAN_POINT('',(17.5465397611205,11.9564763107373,1.42519444867788));
#2911=CARTESIAN_POINT('',(17.5438491308623,11.9562952425493,1.42526853472161));
#2912=CARTESIAN_POINT('',(17.541155073922,11.9561059298851,1.42533731729044));
#2913=CARTESIAN_POINT('',(17.5199482043696,11.9105538196959,1.36969153545901));
#2914=CARTESIAN_POINT('',(17.5173402108454,11.9105538196959,1.36999019346544));
#2915=CARTESIAN_POINT('',(17.5147328738854,11.9105538196959,1.37029398930677));
#2916=CARTESIAN_POINT('',(17.5321036283518,11.9356591120073,1.37257409651729));
#2917=CARTESIAN_POINT('',(17.529461148772,11.9355513222816,1.3728583509086));
#2918=CARTESIAN_POINT('',(17.5268178011708,11.9354407164714,1.37314740301383));
#2919=CARTESIAN_POINT('',(17.5403700191693,11.9559113928022,1.39742809033386));
#2920=CARTESIAN_POINT('',(17.5376879355942,11.9557169562921,1.39760960111081));
#2921=CARTESIAN_POINT('',(17.5350035761236,11.9555174399382,1.39779303322961));
#2922=CARTESIAN_POINT('',(17.5384584707121,11.9559113928022,1.42540460146337));
#2923=CARTESIAN_POINT('',(17.535761637982,11.9557169562921,1.42547190497056));
#2924=CARTESIAN_POINT('',(17.5330623058516,11.9555174399382,1.42553788028498));
#2925=CARTESIAN_POINT('',(17.5121261709936,11.9105538196959,1.37060304832927));
#2926=CARTESIAN_POINT('',(17.5069127652101,11.9105538196959,1.37122116637429));
#2927=CARTESIAN_POINT('',(17.5017018956998,11.9105538196959,1.371860337144));
#2928=CARTESIAN_POINT('',(17.5241733761761,11.9353269221633,1.37344133582802));
#2929=CARTESIAN_POINT('',(17.518884133164,11.9350995186455,1.37402927993367));
#2930=CARTESIAN_POINT('',(17.5135905396749,11.9348593862101,1.37463676005536));
#2931=CARTESIAN_POINT('',(17.532316656552,11.9553121732132,1.39797810389381));
#2932=CARTESIAN_POINT('',(17.5269420985466,11.9549019644474,1.39834833695697));
#2933=CARTESIAN_POINT('',(17.5215572243615,11.95446879697,1.39872513664407));
#2934=CARTESIAN_POINT('',(17.5303602832674,11.9553121732132,1.42560182989283));
#2935=CARTESIAN_POINT('',(17.5249555157831,11.9549019644474,1.4257297901379));
#2936=CARTESIAN_POINT('',(17.5195399102032,11.95446879697,1.42584965298835));
#2937=CARTESIAN_POINT('',(17.4964933824961,11.9105538196959,1.37252156340858));
#2938=CARTESIAN_POINT('',(17.4912848692923,11.9105538196959,1.37318278967316));
#2939=CARTESIAN_POINT('',(17.4860788464554,11.9105538196959,1.37386504537266));
#2940=CARTESIAN_POINT('',(17.5082909030644,11.9346035479468,1.37526444364234));
#2941=CARTESIAN_POINT('',(17.5029906825524,11.9343479938576,1.37589225146347));
#2942=CARTESIAN_POINT('',(17.497684606087,11.9340770204599,1.37653929312118));
#2943=CARTESIAN_POINT('',(17.5161597280164,11.9540073094453,1.39910624201066));
#2944=CARTESIAN_POINT('',(17.5107611622351,11.9535463182531,1.39948748738241));
#2945=CARTESIAN_POINT('',(17.5053501713403,11.9530575183858,1.39987231615009));
#2946=CARTESIAN_POINT('',(17.5141119058785,11.9540073094453,1.42595583673706));
#2947=CARTESIAN_POINT('',(17.5086828269018,11.9535463182531,1.42606210861308));
#2948=CARTESIAN_POINT('',(17.5032415091673,11.9530575183858,1.42615424484018));
#2949=CARTESIAN_POINT('',(17.4808755139489,11.9105538196959,1.3745666383647));
#2950=CARTESIAN_POINT('',(17.4782738476956,11.9105538196959,1.37491743486071));
#2951=CARTESIAN_POINT('',(17.4756728540249,11.9105538196959,1.37527306567986));
#2952=CARTESIAN_POINT('',(17.4923716609278,11.9337883104042,1.37720363735513));
#2953=CARTESIAN_POINT('',(17.4897149427358,11.9336440771574,1.3775358645355));
#2954=CARTESIAN_POINT('',(17.4870564073124,11.9334952453174,1.37787240236005));
#2955=CARTESIAN_POINT('',(17.4999252859246,11.9525367345512,1.40025652363916));
#2956=CARTESIAN_POINT('',(17.4972123927658,11.9522765540692,1.40044868649899));
#2957=CARTESIAN_POINT('',(17.4944958781289,11.9520080802968,1.40064051035471));
#2958=CARTESIAN_POINT('',(17.4977871253182,11.9525367345512,1.42622544711961));
#2959=CARTESIAN_POINT('',(17.495059480817,11.9522765540692,1.42626108254163));
#2960=CARTESIAN_POINT('',(17.4923284630533,11.9520080802968,1.4262911079708));
#2961=CARTESIAN_POINT('',(17.4730725579323,11.9105538196959,1.37563331930434));
#2962=CARTESIAN_POINT('',(17.4704722618396,11.9105538196959,1.37599357292882));
#2963=CARTESIAN_POINT('',(17.4678726633249,11.9105538196959,1.37635844935863));
#2964=CARTESIAN_POINT('',(17.4843961867561,11.93334205018,1.37821306917505));
#2965=CARTESIAN_POINT('',(17.4817357930855,11.9331889419215,1.37855377579006));
#2966=CARTESIAN_POINT('',(17.4790747572881,11.9330335876669,1.37889885312789));
#2967=CARTESIAN_POINT('',(17.4917759228751,11.951731736348,1.40083204073412));
#2968=CARTESIAN_POINT('',(17.4890556499033,11.9514555427468,1.40102361269284));
#2969=CARTESIAN_POINT('',(17.486333406454,11.9511752908924,1.40121719255657));
#2970=CARTESIAN_POINT('',(17.489594207238,11.951731736348,1.42631582468807));
#2971=CARTESIAN_POINT('',(17.4868596322509,11.9514555427468,1.42634056431535));
#2972=CARTESIAN_POINT('',(17.4841227821478,11.9511752908924,1.42636463116731));
#2973=CARTESIAN_POINT('',(17.4652737873837,11.9105538196959,1.37672773707597));
#2974=CARTESIAN_POINT('',(17.4600760355012,11.9105538196959,1.37746631251066));
#2975=CARTESIAN_POINT('',(17.4548816264625,11.9105538196959,1.37822828252787));
#2976=CARTESIAN_POINT('',(17.4764122752203,11.9328743355554,1.37924790569697));
#2977=CARTESIAN_POINT('',(17.47108677618,11.932556109944,1.37994613805612));
#2978=CARTESIAN_POINT('',(17.4657552062008,11.9322209553059,1.38066585036271));
#2979=CARTESIAN_POINT('',(17.4836080403918,11.9508880057527,1.40141077060409));
#2980=CARTESIAN_POINT('',(17.4781563257091,11.950313917229,1.40179805810608));
#2981=CARTESIAN_POINT('',(17.4726911362297,11.9497092773671,1.40218950954548));
#2982=CARTESIAN_POINT('',(17.481382898347,11.9508880057527,1.42638418311184));
#2983=CARTESIAN_POINT('',(17.4759021435933,11.950313917229,1.4264233577831));
#2984=CARTESIAN_POINT('',(17.4704081443517,11.9497092773671,1.42644706892196));
#2985=CARTESIAN_POINT('',(17.4496895477811,11.9105538196959,1.37900693326727));
#2986=CARTESIAN_POINT('',(17.4444974690997,11.9105538196959,1.37978558400666));
#2987=CARTESIAN_POINT('',(17.4393077622936,11.9105538196959,1.38057911467431));
#2988=CARTESIAN_POINT('',(17.4604104314536,11.9318568370671,1.3813990331599));
#2989=CARTESIAN_POINT('',(17.4550648435623,11.9314931420938,1.3821324173767));
#2990=CARTESIAN_POINT('',(17.4497077259799,11.9311040304611,1.38287790901792));
#2991=CARTESIAN_POINT('',(17.4672032333042,11.9490524084283,1.40256540946752));
#2992=CARTESIAN_POINT('',(17.4617138345095,11.9483962641574,1.40294150188896));
#2993=CARTESIAN_POINT('',(17.4562033841732,11.9476942592485,1.40330401973821));
#2994=CARTESIAN_POINT('',(17.4648951444352,11.9490524084283,1.42642229030953));
#2995=CARTESIAN_POINT('',(17.4593806426646,11.9483962641574,1.42639759849947));
#2996=CARTESIAN_POINT('',(17.4538471727133,11.9476942592485,1.42633015988721));
#2997=CARTESIAN_POINT('',(17.4341183094596,11.9105538196959,1.38137494487282));
#2998=CARTESIAN_POINT('',(17.4315235830425,11.9105538196959,1.38177285997208));
#2999=CARTESIAN_POINT('',(17.4289290841329,11.9105538196959,1.38217249141064));
#3000=CARTESIAN_POINT('',(17.4443411148487,11.930697875166,1.38362395243506));
#3001=CARTESIAN_POINT('',(17.441657470224,11.9304949750255,1.38399705977273));
#3002=CARTESIAN_POINT('',(17.4389714007258,11.9302874270928,1.38437140019686));
#3003=CARTESIAN_POINT('',(17.4506779873933,11.9469614917092,1.40364984940652));
#3004=CARTESIAN_POINT('',(17.4479146644556,11.9465954089269,1.40382283896039));
#3005=CARTESIAN_POINT('',(17.4451473897763,11.9462209355774,1.40399235112188));
#3006=CARTESIAN_POINT('',(17.4483017411295,11.9469614917092,1.42622639053922));
#3007=CARTESIAN_POINT('',(17.4455283988311,11.9465954089269,1.42617453120979));
#3008=CARTESIAN_POINT('',(17.4427518643129,11.9462209355774,1.42611383482102));
#3009=CARTESIAN_POINT('',(17.4263353356288,11.9105538196959,1.38257678242922));
#3010=CARTESIAN_POINT('',(17.4250384613768,11.9105538196959,1.38277892793851));
#3011=CARTESIAN_POINT('',(17.4237417747261,11.9105538196959,1.38298223834281));
#3012=CARTESIAN_POINT('',(17.4362833108145,11.9300750235954,1.38474988002004));
#3013=CARTESIAN_POINT('',(17.4349391774865,11.9299688685769,1.38493914262022));
#3014=CARTESIAN_POINT('',(17.4335943929585,11.9298612182718,1.3851294093713));
#3015=CARTESIAN_POINT('',(17.4423764607156,11.9458376953666,1.4041610638922));
#3016=CARTESIAN_POINT('',(17.4409908333155,11.9456461541715,1.40424543938146));
#3017=CARTESIAN_POINT('',(17.439604130524,11.945451914261,1.40432931309862));
#3018=CARTESIAN_POINT('',(17.4399724212219,11.9458376953666,1.42604673407236));
#3019=CARTESIAN_POINT('',(17.4385825363791,11.9456461541715,1.42601318928525));
#3020=CARTESIAN_POINT('',(17.4371918885188,11.945451914261,1.42597743444291));
#3021=CARTESIAN_POINT('',(17.4224453410391,11.9105538196959,1.38318708154721));
#3022=CARTESIAN_POINT('',(17.4211489073522,11.9105538196959,1.3833919247516));
#3023=CARTESIAN_POINT('',(17.4198527266288,11.9105538196959,1.38359830075609));
#3024=CARTESIAN_POINT('',(17.432249698527,11.9297534000698,1.38532119415504));
#3025=CARTESIAN_POINT('',(17.4309049446962,11.9296456141865,1.3855129945242));
#3026=CARTESIAN_POINT('',(17.429560159933,11.9295374240856,1.38570628689763));
#3027=CARTESIAN_POINT('',(17.4382171544961,11.9452573656182,1.40441446937395));
#3028=CARTESIAN_POINT('',(17.4368300689396,11.9450628715659,1.40449963875383));
#3029=CARTESIAN_POINT('',(17.4354425624302,11.944867643106,1.40458583517069));
#3030=CARTESIAN_POINT('',(17.435800683556,11.9452573656182,1.42594269310706));
#3031=CARTESIAN_POINT('',(17.434409368778,11.9450628715659,1.42590795557783));
#3032=CARTESIAN_POINT('',(17.4330174365273,11.944867643106,1.4258737159226));
#3033=CARTESIAN_POINT('',(17.4185568642314,11.9105538196959,1.38380657746577));
#3034=CARTESIAN_POINT('',(17.4133734146417,11.9105538196959,1.38463968430449));
#3035=CARTESIAN_POINT('',(17.4081958543241,11.9105538196959,1.38550828217449));
#3036=CARTESIAN_POINT('',(17.4282150732866,11.9294281739792,1.38590136471456));
#3037=CARTESIAN_POINT('',(17.4228341325735,11.9289915141373,1.38668183728412));
#3038=CARTESIAN_POINT('',(17.4174485110018,11.9285367558637,1.38749582466226));
#3039=CARTESIAN_POINT('',(17.4340542382418,11.9446704983993,1.40467271001686));
#3040=CARTESIAN_POINT('',(17.4284998450796,11.9438824960339,1.40502034611336));
#3041=CARTESIAN_POINT('',(17.4229318153612,11.943061771764,1.40538254252102));
#3042=CARTESIAN_POINT('',(17.4316246690821,11.9446704983993,1.4258388995436));
#3043=CARTESIAN_POINT('',(17.4260524998377,11.9438824960339,1.42569967516818));
#3044=CARTESIAN_POINT('',(17.4204661941435,11.943061771764,1.42555352876278));
#3045=CARTESIAN_POINT('',(17.4030221774574,11.9105538196959,1.38640084282812));
#3046=CARTESIAN_POINT('',(17.400435339024,11.9105538196959,1.38684712315494));
#3047=CARTESIAN_POINT('',(17.3978496111442,11.9105538196959,1.38729975993488));
#3048=CARTESIAN_POINT('',(17.4120386910689,11.9280300823783,1.38832815000901));
#3049=CARTESIAN_POINT('',(17.4093333650989,11.927776973792,1.38874442992026));
#3050=CARTESIAN_POINT('',(17.4066211496197,11.9275090984373,1.38916547344435));
#3051=CARTESIAN_POINT('',(17.4173271910379,11.9421473817245,1.40571151692211));
#3052=CARTESIAN_POINT('',(17.4145241102407,11.9416905653308,1.40587609140631));
#3053=CARTESIAN_POINT('',(17.4117107869736,11.941207101223,1.40603079391729));
#3054=CARTESIAN_POINT('',(17.4148559606154,11.9421473817245,1.42531572076264));
#3055=CARTESIAN_POINT('',(17.4120500747055,11.9416905653308,1.42519682705951));
#3056=CARTESIAN_POINT('',(17.4092377777404,11.941207101223,1.42505147941126));
#3057=CARTESIAN_POINT('',(17.3952646181853,11.9105538196959,1.387756493649));
#3058=CARTESIAN_POINT('',(17.3926796252265,11.9105538196959,1.38821322736312));
#3059=CARTESIAN_POINT('',(17.3900953671886,11.9105538196959,1.38867405801142));
#3060=CARTESIAN_POINT('',(17.4039041896504,11.9272313783963,1.3895895791268));
#3061=CARTESIAN_POINT('',(17.4011869231496,11.9269538190614,1.39001377134242));
#3062=CARTESIAN_POINT('',(17.3984646682287,11.9266659977925,1.39044098603897));
#3063=CARTESIAN_POINT('',(17.4088895496481,11.9407058532355,1.40617862861067));
#3064=CARTESIAN_POINT('',(17.4060677456823,11.9402048674296,1.40632652001638));
#3065=CARTESIAN_POINT('',(17.4032379497338,11.9396853426467,1.4064671156764));
#3066=CARTESIAN_POINT('',(17.4064191206735,11.9407058532355,1.42488799370829));
#3067=CARTESIAN_POINT('',(17.4035998976358,11.9402048674296,1.42472450310643));
#3068=CARTESIAN_POINT('',(17.4007746863199,11.9396853426467,1.42454201127568));
#3069=CARTESIAN_POINT('',(17.3875114684391,11.9105538196959,1.38913672607496));
#3070=CARTESIAN_POINT('',(17.3849275696897,11.9105538196959,1.38959939413849));
#3071=CARTESIAN_POINT('',(17.3823435049413,11.9105538196959,1.39006193296653));
#3072=CARTESIAN_POINT('',(17.3957375970501,11.9263690058582,1.39086909774969));
#3073=CARTESIAN_POINT('',(17.3930101971205,11.9260721829274,1.39129730257859));
#3074=CARTESIAN_POINT('',(17.3902776678217,11.925766640667,1.39172450037913));
#3075=CARTESIAN_POINT('',(17.4004013147488,11.9391492488977,1.40659946211059));
#3076=CARTESIAN_POINT('',(17.3975640718033,11.938613427214,1.40673186294412));
#3077=CARTESIAN_POINT('',(17.3947199642243,11.9380618470606,1.40685457913037));
#3078=CARTESIAN_POINT('',(17.3979453063257,11.9391492488977,1.42434089495909));
#3079=CARTESIAN_POINT('',(17.3951153200553,11.938613427214,1.42413976263134));
#3080=CARTESIAN_POINT('',(17.392281285288,11.9380618470606,1.42391909898767));
#3081=CARTESIAN_POINT('',(17.3797603750978,11.9105538196959,1.39052960865881));
#3082=CARTESIAN_POINT('',(17.3784688101761,11.9105538196959,1.39076344650495));
#3083=CARTESIAN_POINT('',(17.3771774789805,11.9105538196959,1.39099856856715));
#3084=CARTESIAN_POINT('',(17.3875407436204,11.9254517211754,1.39215586738253));
#3085=CARTESIAN_POINT('',(17.38617214966,11.9252943261371,1.3923715879392));
#3086=CARTESIAN_POINT('',(17.3848024520932,11.9251345866907,1.39258835199758));
#3087=CARTESIAN_POINT('',(17.3918696405089,11.9374933178012,1.40697212731052));
#3088=CARTESIAN_POINT('',(17.3904442348631,11.9372091555504,1.40703092040472));
#3089=CARTESIAN_POINT('',(17.3890172662173,11.9369207547392,1.40708842086507));
#3090=CARTESIAN_POINT('',(17.3894441108872,11.9374933178012,1.42368269661058));
#3091=CARTESIAN_POINT('',(17.3880252810526,11.9372091555504,1.42356448477185));
#3092=CARTESIAN_POINT('',(17.3866056576283,11.9369207547392,1.42344233588552));
#3093=CARTESIAN_POINT('',(17.3758865191242,11.9105538196959,1.39123563310788));
#3094=CARTESIAN_POINT('',(17.3745955592678,11.9105538196959,1.39147269764861));
#3095=CARTESIAN_POINT('',(17.3733049707506,11.9105538196959,1.39171170466787));
#3096=CARTESIAN_POINT('',(17.3834317424412,11.9249724204414,1.39280680688048));
#3097=CARTESIAN_POINT('',(17.3820609420855,11.924810298105,1.39302528742464));
#3098=CARTESIAN_POINT('',(17.3806889555021,11.9246454229424,1.39324542427055));
#3099=CARTESIAN_POINT('',(17.3875888151123,11.9366279661686,1.40714519359571));
#3100=CARTESIAN_POINT('',(17.3861601963198,11.9363352464941,1.4072019788005));
#3101=CARTESIAN_POINT('',(17.3847300002372,11.9360375509747,1.40725770433638));
#3102=CARTESIAN_POINT('',(17.3851853537297,11.9366279661686,1.42331672422114));
#3103=CARTESIAN_POINT('',(17.3837648831133,11.9363352464941,1.42319110407048));
#3104=CARTESIAN_POINT('',(17.3823439086048,11.9360375509747,1.42306135503511));
#3105=CARTESIAN_POINT('',(17.3720148911856,11.9105538196959,1.39195331242813));
#3106=CARTESIAN_POINT('',(17.3694347320555,11.9105538196959,1.39243652794864));
#3107=CARTESIAN_POINT('',(17.3668566087341,11.9105538196959,1.39293014643313));
#3108=CARTESIAN_POINT('',(17.3793167821775,11.9244794450722,1.39346805347808));
#3109=CARTESIAN_POINT('',(17.3765721593381,11.9241476277657,1.39391339227068));
#3110=CARTESIAN_POINT('',(17.3738257605512,11.923809458672,1.39436849442146));
#3111=CARTESIAN_POINT('',(17.3832988263653,11.9357378516677,1.4073147051459));
#3112=CARTESIAN_POINT('',(17.3804359677413,11.9351386701358,1.40742874546246));
#3113=CARTESIAN_POINT('',(17.3775683173548,11.9345279726494,1.40754584721455));
#3114=CARTESIAN_POINT('',(17.3809216791231,11.9357378516677,1.42293149949097));
#3115=CARTESIAN_POINT('',(17.3780767125348,11.9351386701358,1.4226717612123));
#3116=CARTESIAN_POINT('',(17.3752270538467,11.9345279726494,1.4224074881683));
#3117=CARTESIAN_POINT('',(17.364281622125,11.9105538196959,1.39343943398136));
#3118=CARTESIAN_POINT('',(17.3629941288204,11.9105538196959,1.39369407775547));
#3119=CARTESIAN_POINT('',(17.3617064818164,11.9105538196959,1.39394861662298));
#3120=CARTESIAN_POINT('',(17.3710713818428,11.9234510936482,1.39483711269621));
#3121=CARTESIAN_POINT('',(17.3696940428013,11.9232719837451,1.39507146686799));
#3122=CARTESIAN_POINT('',(17.3683141597124,11.9230885759446,1.39530527609159));
#3123=CARTESIAN_POINT('',(17.3746893579079,11.933880783821,1.40765659594857));
#3124=CARTESIAN_POINT('',(17.3732496012193,11.9335573007626,1.40771198966612));
#3125=CARTESIAN_POINT('',(17.3718070965067,11.9332260508254,1.40776269570884));
#3126=CARTESIAN_POINT('',(17.372373073088,11.933880783821,1.42211442575978));
#3127=CARTESIAN_POINT('',(17.3709458081635,11.9335573007626,1.42196787555436));
#3128=CARTESIAN_POINT('',(17.3695179304951,11.9332260508254,1.42181195779898));
#3129=CARTESIAN_POINT('',(17.3604192571451,11.9105538196959,1.39420540687766));
#3130=CARTESIAN_POINT('',(17.3591320324739,11.9105538196959,1.39446219713233));
#3131=CARTESIAN_POINT('',(17.3578452301354,11.9105538196959,1.39472123877417));
#3132=CARTESIAN_POINT('',(17.3669314494128,11.9228992536851,1.39554071478536));
#3133=CARTESIAN_POINT('',(17.3655486307461,11.9227099768691,1.39577618479474));
#3134=CARTESIAN_POINT('',(17.364163635639,11.9225160330856,1.39601342113712));
#3135=CARTESIAN_POINT('',(17.3703611424439,11.9328841138268,1.40780928735988));
#3136=CARTESIAN_POINT('',(17.3689149881826,11.9325422436028,1.40785588954709));
#3137=CARTESIAN_POINT('',(17.3674657760643,11.9321919332295,1.40789964964988));
#3138=CARTESIAN_POINT('',(17.368089079224,11.9328841138268,1.42164544161053));
#3139=CARTESIAN_POINT('',(17.3666600300644,11.9325422436028,1.42147890749719));
#3140=CARTESIAN_POINT('',(17.365229432004,11.9321919332295,1.42130432412532));
#3141=CARTESIAN_POINT('',(17.3565594261622,11.9105538196959,1.39498488809694));
#3142=CARTESIAN_POINT('',(17.3552736221889,11.9105538196959,1.39524853741971));
#3143=CARTESIAN_POINT('',(17.3539889510616,11.9105538196959,1.39551737279496));
#3144=CARTESIAN_POINT('',(17.3627768814276,11.9223171346956,1.39625474286908));
#3145=CARTESIAN_POINT('',(17.3613900124162,11.9221182818636,1.39649609799576));
#3146=CARTESIAN_POINT('',(17.3600014416727,11.9219143421206,1.39674210324382));
#3147=CARTESIAN_POINT('',(17.3660137956295,11.9318326615316,1.40794258607802));
#3148=CARTESIAN_POINT('',(17.3645616031483,11.9314734548933,1.4079855320708));
#3149=CARTESIAN_POINT('',(17.3631066071225,11.9311050456632,1.40802807540518));
#3150=CARTESIAN_POINT('',(17.3637975756953,11.9318326615316,1.42112337627082));
#3151=CARTESIAN_POINT('',(17.3623655101842,11.9314734548933,1.42094240660623));
#3152=CARTESIAN_POINT('',(17.3609321146914,11.9311050456632,1.42075533200077));
#3153=CARTESIAN_POINT('',(17.352706197443,11.9105538196959,1.39579464781298));
#3154=CARTESIAN_POINT('',(17.3514234438244,11.9105538196959,1.39607192283101));
#3155=CARTESIAN_POINT('',(17.3501425938221,11.9105538196959,1.39635771650876));
#3156=CARTESIAN_POINT('',(17.358611686213,11.921704824268,1.39699595140964));
#3157=CARTESIAN_POINT('',(17.3572218094603,11.92149535297,1.39724983613832));
#3158=CARTESIAN_POINT('',(17.3558307167366,11.9212802845171,1.39751164411615));
#3159=CARTESIAN_POINT('',(17.3616490620048,11.9307265443317,1.40807289030126));
#3160=CARTESIAN_POINT('',(17.3601912927986,11.9303481076817,1.40811771495278));
#3161=CARTESIAN_POINT('',(17.3587309319691,11.9299595422011,1.40816486915007));
#3162=CARTESIAN_POINT('',(17.3594975873182,11.9307265443317,1.42056424681628));
#3163=CARTESIAN_POINT('',(17.3580628392732,11.9303481076817,1.42037313660149));
#3164=CARTESIAN_POINT('',(17.3566269212161,11.9299595422011,1.42017804847632));
#3165=CARTESIAN_POINT('',(17.3488615282953,11.9105538196959,1.3966442383214));
#3166=CARTESIAN_POINT('',(17.3482209955319,11.9105538196959,1.39678749922772));
#3167=CARTESIAN_POINT('',(17.3475806326185,11.9105538196959,1.3969317275247));
#3168=CARTESIAN_POINT('',(17.3544373518535,11.9210616210585,1.39777382506995));
#3169=CARTESIAN_POINT('',(17.3537406213976,11.920952306353,1.39790493013614));
#3170=CARTESIAN_POINT('',(17.3530433434621,11.9208417132159,1.39803687106396));
#3171=CARTESIAN_POINT('',(17.3572683854533,11.9295644676215,1.40820896741703));
#3172=CARTESIAN_POINT('',(17.3565370235471,11.929366952992,1.40823101993649));
#3173=CARTESIAN_POINT('',(17.3558050522213,11.929167124872,1.40825267685868));
#3174=CARTESIAN_POINT('',(17.3551909829709,11.9295644676215,1.41997604279614));
#3175=CARTESIAN_POINT('',(17.3544729267415,11.929366952992,1.41987502915449));
#3176=CARTESIAN_POINT('',(17.3537549020382,11.929167124872,1.41977223367785));
#3177=CARTESIAN_POINT('',(17.3469406320121,11.9105538196959,1.39707755958857));
#3178=CARTESIAN_POINT('',(17.3463006314057,11.9105538196959,1.39722339165243));
#3179=CARTESIAN_POINT('',(17.3456609931064,11.9105538196959,1.39737082748319));
#3180=CARTESIAN_POINT('',(17.3523459948988,11.920730379299,1.39817034044272));
#3181=CARTESIAN_POINT('',(17.3516486137144,11.9206190568196,1.39830381986706));
#3182=CARTESIAN_POINT('',(17.3509514620787,11.9205075592058,1.39843888874789));
#3183=CARTESIAN_POINT('',(17.3550727321483,11.9289659526146,1.40827509721098));
#3184=CARTESIAN_POINT('',(17.3543403518528,11.9287647953839,1.40829751983544));
#3185=CARTESIAN_POINT('',(17.353607794072,11.9285633145299,1.4083212758237));
#3186=CARTESIAN_POINT('',(17.353036619774,11.9289659526146,1.41966933828649));
#3187=CARTESIAN_POINT('',(17.3523182783905,11.9287647953838,1.41956643536314));
#3188=CARTESIAN_POINT('',(17.351599392751,11.9285633145299,1.41946457296487));
#3189=CARTESIAN_POINT('',(17.3450219095711,11.9105538196959,1.39752050345708));
#3190=CARTESIAN_POINT('',(17.3443828260359,11.9105538196959,1.39767017943096));
#3191=CARTESIAN_POINT('',(17.3437442972647,11.9105538196959,1.39782209554798));
#3192=CARTESIAN_POINT('',(17.3502539767795,11.920394466247,1.39857602959292));
#3193=CARTESIAN_POINT('',(17.349556458756,11.9202813855638,1.39871318094741));
#3194=CARTESIAN_POINT('',(17.3488586059714,11.920166709418,1.39885240478702));
#3195=CARTESIAN_POINT('',(17.3528745705699,11.9283589461521,1.40834552154168));
#3196=CARTESIAN_POINT('',(17.3521412866016,11.9281545941473,1.40836976985516));
#3197=CARTESIAN_POINT('',(17.3514073348897,11.9279473540299,1.408394507923));
#3198=CARTESIAN_POINT('',(17.3508803201428,11.9283589461521,1.41936141698759));
#3199=CARTESIAN_POINT('',(17.3501611881978,11.9281545941473,1.41925825348296));
#3200=CARTESIAN_POINT('',(17.3494418673687,11.9279473540299,1.41915379585988));
#3201=CARTESIAN_POINT('',(17.3431065157147,11.9105538196959,1.39797688818436));
#3202=CARTESIAN_POINT('',(17.3424687341646,11.9105538196959,1.39813168082074));
#3203=CARTESIAN_POINT('',(17.3418316998357,11.9105538196959,1.39828934997648));
#3204=CARTESIAN_POINT('',(17.3481598524826,11.9200490151742,1.39899418383542));
#3205=CARTESIAN_POINT('',(17.3474610643819,11.9199313324918,1.39913597401634));
#3206=CARTESIAN_POINT('',(17.3467611551458,11.9198102215305,1.39928027636912));
#3207=CARTESIAN_POINT('',(17.3506722223136,11.9277346568915,1.40841889129021));
#3208=CARTESIAN_POINT('',(17.349937045837,11.9275219742422,1.40844327703996));
#3209=CARTESIAN_POINT('',(17.3492006130698,11.9273030935497,1.40846690307015));
#3210=CARTESIAN_POINT('',(17.348722710303,11.9277346568915,1.41904570845357));
#3211=CARTESIAN_POINT('',(17.3480034906594,11.9275219742422,1.41893761248501));
#3212=CARTESIAN_POINT('',(17.3472847134258,11.9273030935497,1.41882507705244));
#3213=CARTESIAN_POINT('',(17.341195605185,11.9105538196959,1.39845053202783));
#3214=CARTESIAN_POINT('',(17.3399234158834,11.9105538196959,1.39877289613052));
#3215=CARTESIAN_POINT('',(17.3386556254132,11.9105538196959,1.39911129311919));
#3216=CARTESIAN_POINT('',(17.3460603109163,11.9196856745331,1.39942772558597));
#3217=CARTESIAN_POINT('',(17.3446585092844,11.9194366103787,1.39972265991819));
#3218=CARTESIAN_POINT('',(17.3432544111732,11.9191753362239,1.40003232875966));
#3219=CARTESIAN_POINT('',(17.3484627351378,11.9270779984391,1.408490326685));
#3220=CARTESIAN_POINT('',(17.3469867706783,11.9266278400462,1.40853717933248));
#3221=CARTESIAN_POINT('',(17.3455057050893,11.9261555862715,1.40858666504682));
#3222=CARTESIAN_POINT('',(17.3465657340546,11.9270779984391,1.41870856668813));
#3223=CARTESIAN_POINT('',(17.3451275716781,11.9266278400462,1.41847551471424));
#3224=CARTESIAN_POINT('',(17.3436875398759,11.9261555862715,1.41823145429368));
#3225=CARTESIAN_POINT('',(17.3373910940658,11.9105538196959,1.39946280285088));
#3226=CARTESIAN_POINT('',(17.3367588283921,11.9105538196959,1.39963855771672));
#3227=CARTESIAN_POINT('',(17.3361273259362,11.9105538196959,1.39981727117532));
#3228=CARTESIAN_POINT('',(17.3418472805211,11.9189026253452,1.40035390790099));
#3229=CARTESIAN_POINT('',(17.3411436510929,11.9187662813898,1.40051471822012));
#3230=CARTESIAN_POINT('',(17.3404391988313,11.9186270586201,1.4006781866665));
#3231=CARTESIAN_POINT('',(17.3440214556654,11.9256626395018,1.40863719499036));
#3232=CARTESIAN_POINT('',(17.3432792130269,11.925416173172,1.40866246191276));
#3233=CARTESIAN_POINT('',(17.3425363692102,11.9251644976577,1.40868770367425));
#3234=CARTESIAN_POINT('',(17.3422504255552,11.9256626395018,1.417976235308));
#3235=CARTESIAN_POINT('',(17.3415317538468,11.925416173172,1.41784860587161));
#3236=CARTESIAN_POINT('',(17.3408143396153,11.9251644976577,1.41771794310348));
#3237=CARTESIAN_POINT('',(17.3354964707746,11.9105538196959,1.3999981793591));
#3238=CARTESIAN_POINT('',(17.3348656156129,11.9105538196959,1.40017908754287));
#3239=CARTESIAN_POINT('',(17.3342359072961,11.9105538196959,1.40036335962814));
#3240=CARTESIAN_POINT('',(17.339734069007,11.9184854480636,1.40084360411052));
#3241=CARTESIAN_POINT('',(17.33902889387,11.9183438435054,1.40100903610708));
#3242=CARTESIAN_POINT('',(17.3383234743316,11.918199731788,1.40117757194431));
#3243=CARTESIAN_POINT('',(17.3417927039767,11.924908497954,1.40871260538102));
#3244=CARTESIAN_POINT('',(17.3410489555415,11.9246524990119,1.40873750787157));
#3245=CARTESIAN_POINT('',(17.3403042303502,11.9243919572294,1.40876299784034));
#3246=CARTESIAN_POINT('',(17.3400972519051,11.924908497954,1.41758436690996));
#3247=CARTESIAN_POINT('',(17.3393800836279,11.9246524990119,1.41745077579777));
#3248=CARTESIAN_POINT('',(17.3386624277663,11.9243919572294,1.4173149334085));
#3249=CARTESIAN_POINT('',(17.3336055450128,11.9105538196959,1.4005462844023));
#3250=CARTESIAN_POINT('',(17.3323448204463,11.9105538196959,1.4009121339506));
#3251=CARTESIAN_POINT('',(17.3310792945665,11.9105538196959,1.40126783431772));
#3252=CARTESIAN_POINT('',(17.3376164713851,11.9180539717491,1.40134460218987));
#3253=CARTESIAN_POINT('',(17.3362023242399,11.9177624674647,1.4016787078029));
#3254=CARTESIAN_POINT('',(17.3347801992764,11.9174653868531,1.40200214876583));
#3255=CARTESIAN_POINT('',(17.3395583031556,11.9241284279624,1.40878549641358));
#3256=CARTESIAN_POINT('',(17.3380661895968,11.9236013655565,1.40883049406845));
#3257=CARTESIAN_POINT('',(17.3365685515683,11.9230641899105,1.40886002930135));
#3258=CARTESIAN_POINT('',(17.3379449712284,11.9241284279624,1.41717443452091));
#3259=CARTESIAN_POINT('',(17.3365098076923,11.9236013655565,1.41689338740839));
#3260=CARTESIAN_POINT('',(17.3350753292753,11.9230641899105,1.41659152082194));
#3261=CARTESIAN_POINT('',(17.3298299957171,11.9105538196959,1.40166749992241));
#3262=CARTESIAN_POINT('',(17.3292053462924,11.9105538196959,1.40186733272476));
#3263=CARTESIAN_POINT('',(17.3285861340954,11.9105538196959,1.40208100900982));
#3264=CARTESIAN_POINT('',(17.333364006136,11.9171495272422,1.40236754026464));
#3265=CARTESIAN_POINT('',(17.3326558318042,11.9169916022964,1.40255026223967));
#3266=CARTESIAN_POINT('',(17.3319501864992,11.916828370266,1.40274625855418));
#3267=CARTESIAN_POINT('',(17.3350715332268,11.9224930071434,1.40891270437319));
#3268=CARTESIAN_POINT('',(17.3343228816058,11.9222074050414,1.40893904181546));
#3269=CARTESIAN_POINT('',(17.3335748512292,11.9219121901846,1.40897325823755));
#3270=CARTESIAN_POINT('',(17.3336452143046,11.9224930071434,1.41629161069396));
#3271=CARTESIAN_POINT('',(17.3329300199059,11.9222074050414,1.41614162635752));
#3272=CARTESIAN_POINT('',(17.3322160029145,11.9219121901846,1.4159934378397));
#3273=CARTESIAN_POINT('',(17.3279653079745,11.9105538196959,1.4022965013588));
#3274=CARTESIAN_POINT('',(17.3273444818536,11.9105538196959,1.40251199370778));
#3275=CARTESIAN_POINT('',(17.3267237828995,11.9105538196959,1.40273200044045));
#3276=CARTESIAN_POINT('',(17.3312412860832,11.9166621754557,1.40294377291076));
#3277=CARTESIAN_POINT('',(17.330532330881,11.9164959829756,1.40314130696465));
#3278=CARTESIAN_POINT('',(17.3298215576491,11.9163262705697,1.40334299519931));
#3279=CARTESIAN_POINT('',(17.332824598096,11.921611608148,1.40900639189552));
#3280=CARTESIAN_POINT('',(17.3320742447113,11.9213110157094,1.40903952612512));
#3281=CARTESIAN_POINT('',(17.3313224704961,11.9210040453487,1.4090735606409));
#3282=CARTESIAN_POINT('',(17.3315026784587,11.921611608148,1.41584126801668));
#3283=CARTESIAN_POINT('',(17.3307892580371,11.9213110157094,1.41568907725935));
#3284=CARTESIAN_POINT('',(17.3300768531595,11.9210040453487,1.41553414494394));
#3285=CARTESIAN_POINT('',(17.3261054156579,11.9105538196959,1.4029593691497));
#3286=CARTESIAN_POINT('',(17.3254870484164,11.9105538196959,1.40318673785896));
#3287=CARTESIAN_POINT('',(17.3248710128874,11.9105538196959,1.4034214685448));
#3288=CARTESIAN_POINT('',(17.3291107671516,11.9161522955858,1.40355160357158));
#3289=CARTESIAN_POINT('',(17.3283999202693,11.9159783244054,1.40376023382918));
#3290=CARTESIAN_POINT('',(17.3276890550431,11.9158000931472,1.40397578693201));
#3291=CARTESIAN_POINT('',(17.3305705940782,11.9206893516144,1.40911046293449));
#3292=CARTESIAN_POINT('',(17.3298186147346,11.9203746483534,1.4091473664535));
#3293=CARTESIAN_POINT('',(17.3290665314234,11.9200522243116,1.40918713892966));
#3294=CARTESIAN_POINT('',(17.329366591693,11.9206893516144,1.41537753479922));
#3295=CARTESIAN_POINT('',(17.3286562323542,11.9203746483534,1.41522090237624));
#3296=CARTESIAN_POINT('',(17.3279480154535,11.9200522243116,1.41506259104993));
#3297=CARTESIAN_POINT('',(17.3242595136169,11.9105538196959,1.40366640880014));
#3298=CARTESIAN_POINT('',(17.3239537639816,11.9105538196959,1.40378887892781));
#3299=CARTESIAN_POINT('',(17.323649148411,11.9105538196959,1.40391390144785));
#3300=CARTESIAN_POINT('',(17.3269799723716,11.9156168595745,1.4042010300659));
#3301=CARTESIAN_POINT('',(17.3266254097555,11.9155252456532,1.40431366107597));
#3302=CARTESIAN_POINT('',(17.3262712927404,11.9154323819285,1.40442871530334));
#3303=CARTESIAN_POINT('',(17.3283156628779,11.9197207344355,1.4092317489308));
#3304=CARTESIAN_POINT('',(17.327940189814,11.9195549877481,1.40925405506514));
#3305=CARTESIAN_POINT('',(17.3275650203921,11.9193869755865,1.40927757099978));
#3306=CARTESIAN_POINT('',(17.3272430689986,11.9197207344355,1.41490366491367));
#3307=CARTESIAN_POINT('',(17.3268905591819,11.9195549877481,1.41482419321693));
#3308=CARTESIAN_POINT('',(17.3265388670851,11.9193869755865,1.4147445677108));
#3309=CARTESIAN_POINT('',(17.3233459424731,11.9105538196959,1.40404183230938));
#3310=CARTESIAN_POINT('',(17.3230427365353,11.9105538196959,1.40416976317092));
#3311=CARTESIAN_POINT('',(17.3227409402303,11.9105538196959,1.40430060237393));
#3312=CARTESIAN_POINT('',(17.3259178464165,11.9153381755827,1.40454653876367));
#3313=CARTESIAN_POINT('',(17.3255643860332,11.9152439719407,1.40466436905453));
#3314=CARTESIAN_POINT('',(17.3252115548496,11.9151483490705,1.40478496098634));
#3315=CARTESIAN_POINT('',(17.3271903194003,11.9192165297146,1.40930254290231));
#3316=CARTESIAN_POINT('',(17.3268155927868,11.9190460838228,1.40932751591955));
#3317=CARTESIAN_POINT('',(17.3264413864683,11.9188730655472,1.40935388147399));
#3318=CARTESIAN_POINT('',(17.3261881336593,11.9192165297146,1.41466492143164));
#3319=CARTESIAN_POINT('',(17.3258373761872,11.9190460838228,1.41458526938794));
#3320=CARTESIAN_POINT('',(17.3254877858015,11.9188730655472,1.41450547208329));
#3321=CARTESIAN_POINT('',(17.3224408291263,11.9105538196959,1.40443470586755));
#3322=CARTESIAN_POINT('',(17.3218406069184,11.9105538196959,1.40470291285479));
#3323=CARTESIAN_POINT('',(17.3212471255147,11.9105538196959,1.40498417700443));
#3324=CARTESIAN_POINT('',(17.324859924093,11.9150518577875,1.40490872849861));
#3325=CARTESIAN_POINT('',(17.3241566192511,11.9148588823832,1.40515628536031));
#3326=CARTESIAN_POINT('',(17.3234577145684,11.9146616883161,1.40541646896238));
#3327=CARTESIAN_POINT('',(17.3260674542948,11.9186984693078,1.40938242134429));
#3328=CARTESIAN_POINT('',(17.3253195108471,11.9183492744623,1.40943950518556));
#3329=CARTESIAN_POINT('',(17.3245730806294,11.9179924211279,1.40950466743997));
#3330=CARTESIAN_POINT('',(17.3251378141512,11.9186984693078,1.41442670858727));
#3331=CARTESIAN_POINT('',(17.3244377965884,11.9183492744623,1.41426916402051));
#3332=CARTESIAN_POINT('',(17.3237380802245,11.9179924211279,1.41411454154085));
#3333=CARTESIAN_POINT('',(17.320662589461,11.9105538196959,1.40528134590938));
#3334=CARTESIAN_POINT('',(17.3203703214342,11.9105538196959,1.40542993036186));
#3335=CARTESIAN_POINT('',(17.3200802897449,11.9105538196959,1.40558249100316));
#3336=CARTESIAN_POINT('',(17.3227637561172,11.9144572007271,1.40569180360623));
#3337=CARTESIAN_POINT('',(17.3224167543481,11.9143549602768,1.40582948365577));
#3338=CARTESIAN_POINT('',(17.3220709895479,11.9142508981353,1.40597095274086));
#3339=CARTESIAN_POINT('',(17.3238305965392,11.9176223483961,1.40957786866291));
#3340=CARTESIAN_POINT('',(17.3234593132331,11.9174373095563,1.40961447240903));
#3341=CARTESIAN_POINT('',(17.3230890172189,11.9172489682621,1.40965308679544));
#3342=CARTESIAN_POINT('',(17.3230450794307,11.9176223483961,1.4139599598515));
#3343=CARTESIAN_POINT('',(17.322698540419,11.9174373095563,1.4138826599573));
#3344=CARTESIAN_POINT('',(17.3223536813011,11.9172489682621,1.41380537030004));
#3345=CARTESIAN_POINT('',(17.3197927699613,11.9105538196959,1.4057393837824));
#3346=CARTESIAN_POINT('',(17.3196490100695,11.9105538196959,1.40581783017203));
#3347=CARTESIAN_POINT('',(17.3195058781542,11.9105538196959,1.40589735959613));
#3348=CARTESIAN_POINT('',(17.3217265316176,11.9141446333441,1.40611652701492));
#3349=CARTESIAN_POINT('',(17.3215542974915,11.9140915029198,1.40618931775447));
#3350=CARTESIAN_POINT('',(17.3213823604016,11.9140377668644,1.40626312918382));
#3351=CARTESIAN_POINT('',(17.3227200156982,11.9170566352042,1.40969370754111));
#3352=CARTESIAN_POINT('',(17.3225355054966,11.9169604699135,1.40971401906069));
#3353=CARTESIAN_POINT('',(17.3223513698635,11.9168632072251,1.40973478771566));
#3354=CARTESIAN_POINT('',(17.3220113071573,11.9170566352042,1.41372773109354));
#3355=CARTESIAN_POINT('',(17.3218401113843,11.9169604699135,1.41368890934923));
#3356=CARTESIAN_POINT('',(17.3216697168101,11.9168632072251,1.41364991351235));
#3357=CARTESIAN_POINT('',(17.3193634086613,11.9105538196959,1.40597801654836));
#3358=CARTESIAN_POINT('',(17.3192209391684,11.9105538196959,1.40605867350059));
#3359=CARTESIAN_POINT('',(17.3190799118639,11.9105538196959,1.40614129953883));
#3360=CARTESIAN_POINT('',(17.3212107871626,11.91398348541,1.4063380121641));
#3361=CARTESIAN_POINT('',(17.321039210905,11.9139292061489,1.40641289775236));
#3362=CARTESIAN_POINT('',(17.3208686872973,11.9138742140218,1.40648967823397));
#3363=CARTESIAN_POINT('',(17.3221675498065,11.9167649558656,1.40975609886777));
#3364=CARTESIAN_POINT('',(17.3219837242302,11.9166667068396,1.40977741100123));
#3365=CARTESIAN_POINT('',(17.3218006547915,11.9165671656056,1.40979988624942));
#3366=CARTESIAN_POINT('',(17.321499877135,11.9167649558656,1.4136108653049));
#3367=CARTESIAN_POINT('',(17.32133003247,11.9166667068396,1.41357181579234));
#3368=CARTESIAN_POINT('',(17.3211609683235,11.9165671656056,1.41353310268685));
#3369=CARTESIAN_POINT('',(17.318937486087,11.9105538196959,1.40622283680003));
#3370=CARTESIAN_POINT('',(17.3183677829797,11.9105538196959,1.40654898584481));
#3371=CARTESIAN_POINT('',(17.3177721443959,11.9105538196959,1.40685380104567));
#3372=CARTESIAN_POINT('',(17.3206967441266,11.9138191882642,1.40656536984393));
#3373=CARTESIAN_POINT('',(17.3200089491788,11.9135991228992,1.40686816459861));
#3374=CARTESIAN_POINT('',(17.3192954924005,11.9133796545492,1.40714974338114));
#3375=CARTESIAN_POINT('',(17.3216166593041,11.9164675625994,1.40982132262654));
#3376=CARTESIAN_POINT('',(17.3208806366567,11.9160692017502,1.40990708095836));
#3377=CARTESIAN_POINT('',(17.3201279555927,11.9156719063915,1.409973543476));
#3378=CARTESIAN_POINT('',(17.3209916078098,11.9164675625994,1.41349341470769));
#3379=CARTESIAN_POINT('',(17.3203141306761,11.9160692017502,1.41333465213106));
#3380=CARTESIAN_POINT('',(17.3196308232375,11.9156719063915,1.4131588806715));
#3381=CARTESIAN_POINT('',(17.3172276439805,11.9105538196959,1.40721853648481));
#3382=CARTESIAN_POINT('',(17.3170915188766,11.9105538196959,1.4073097203446));
#3383=CARTESIAN_POINT('',(17.3169585899083,11.9105538196959,1.40740464921928));
#3384=CARTESIAN_POINT('',(17.3186237317036,11.9131428745648,1.40748942503695));
#3385=CARTESIAN_POINT('',(17.3184557948133,11.9130837059465,1.40757435553878));
#3386=CARTESIAN_POINT('',(17.3182904493204,11.9130234280764,1.40766291546989));
#3387=CARTESIAN_POINT('',(17.31940563374,11.9152432300444,1.41007959506221));
#3388=CARTESIAN_POINT('',(17.319225059158,11.9151361037464,1.41010611507108));
#3389=CARTESIAN_POINT('',(17.3190464540549,11.9150269666325,1.41013509868996));
#3390=CARTESIAN_POINT('',(17.3189733515639,11.9152432300444,1.41300171394637));
#3391=CARTESIAN_POINT('',(17.3188089912019,11.9151361037464,1.4129624225676));
#3392=CARTESIAN_POINT('',(17.3186464390769,11.9150269666325,1.41292427500574));
#3393=CARTESIAN_POINT('',(17.3168300613512,11.9105538196959,1.40750459270388));
#3394=CARTESIAN_POINT('',(17.3167015327941,11.9105538196959,1.40760453618849));
#3395=CARTESIAN_POINT('',(17.3165789163267,11.9105538196959,1.4077104774802));
#3396=CARTESIAN_POINT('',(17.3181287628461,11.9129617889699,1.4077563475196));
#3397=CARTESIAN_POINT('',(17.3179670769921,11.9129001589909,1.4078497838691));
#3398=CARTESIAN_POINT('',(17.3178104586088,11.9128369779468,1.40794905557163));
#3399=CARTESIAN_POINT('',(17.3188704201719,11.9149153619093,1.41016748186529));
#3400=CARTESIAN_POINT('',(17.3186943873237,11.9148037716246,1.41019986798277));
#3401=CARTESIAN_POINT('',(17.3185219119565,11.9146893695069,1.4102363805585));
#3402=CARTESIAN_POINT('',(17.3184858595899,11.9149153619093,1.41288785596519));
#3403=CARTESIAN_POINT('',(17.3183252818024,11.9148037716246,1.41285143690392));
#3404=CARTESIAN_POINT('',(17.3181672460411,11.9146893695069,1.41281720205284));
#3405=CARTESIAN_POINT('',(17.3164572689543,11.9105538196959,1.40781974363071));
#3406=CARTESIAN_POINT('',(17.3162139742094,11.9105538196959,1.40803827593172));
#3407=CARTESIAN_POINT('',(17.315975075285,11.9105538196959,1.40826962728969));
#3408=CARTESIAN_POINT('',(17.317654228597,11.9127727292471,1.4080515422311));
#3409=CARTESIAN_POINT('',(17.3173417673263,11.91264425314,1.40825652921116));
#3410=CARTESIAN_POINT('',(17.317031556021,11.9125118358402,1.4084739324312));
#3411=CARTESIAN_POINT('',(17.3183495499362,11.914573031996,1.41027503781314));
#3412=CARTESIAN_POINT('',(17.3180048231594,11.9143403889333,1.41035236126155));
#3413=CARTESIAN_POINT('',(17.3176604231761,11.9141005991502,1.41043802127334));
#3414=CARTESIAN_POINT('',(17.3180095659159,11.914573031996,1.41278390477652));
#3415=CARTESIAN_POINT('',(17.3176942049032,11.9143403889333,1.41271730948333));
#3416=CARTESIAN_POINT('',(17.3173789493417,11.9141005991502,1.41265443545811));
#3417=CARTESIAN_POINT('',(17.3157525829901,11.9105538196959,1.40851476103678));
#3418=CARTESIAN_POINT('',(17.3156413368426,11.9105538196959,1.40863732791032));
#3419=CARTESIAN_POINT('',(17.3155341923525,11.9105538196959,1.40876334038114));
#3420=CARTESIAN_POINT('',(17.3167354196827,11.9123751445757,1.40870468217223));
#3421=CARTESIAN_POINT('',(17.3165873529595,11.9123068131005,1.4088200653428));
#3422=CARTESIAN_POINT('',(17.3164428321287,11.9122374629598,1.40893879092899));
#3423=CARTESIAN_POINT('',(17.3173284015122,11.9138530596222,1.4105326556973));
#3424=CARTESIAN_POINT('',(17.317162392964,11.913729311837,1.41057997898872));
#3425=CARTESIAN_POINT('',(17.3169997865316,11.9136037168628,1.41062963041193));
#3426=CARTESIAN_POINT('',(17.3170763158498,11.9138530596222,1.41259559416919));
#3427=CARTESIAN_POINT('',(17.316925002438,11.913729311837,1.41256617411454));
#3428=CARTESIAN_POINT('',(17.3167774704367,11.9136037168628,1.4125379383881));
#3429=CARTESIAN_POINT('',(17.3154326508708,11.9105538196959,1.40889291886576));
#3430=CARTESIAN_POINT('',(17.3153311093891,11.9105538196959,1.40902249735038));
#3431=CARTESIAN_POINT('',(17.3152351709159,11.9105538196959,1.4091556418488));
#3432=CARTESIAN_POINT('',(17.3163031784982,11.912166761518,1.40906094494193));
#3433=CARTESIAN_POINT('',(17.3161635254743,11.9120960684237,1.40918310479975));
#3434=CARTESIAN_POINT('',(17.3160287767963,11.9120240923241,1.40930870065751));
#3435=CARTESIAN_POINT('',(17.316840434095,11.9134756710978,1.41068120414334));
#3436=CARTESIAN_POINT('',(17.3166810824514,11.9133476379145,1.41073278206801));
#3437=CARTESIAN_POINT('',(17.3165252176301,11.9132172777279,1.41078638700404));
#3438=CARTESIAN_POINT('',(17.3166319415886,11.9134756710978,1.41250990950747));
#3439=CARTESIAN_POINT('',(17.3164864142148,11.9133476379145,1.41248188089539));
#3440=CARTESIAN_POINT('',(17.3163433268523,11.9132172777279,1.41245427628053));
#3441=CARTESIAN_POINT('',(17.3151463368022,11.9105538196959,1.40929247277753));
#3442=CARTESIAN_POINT('',(17.3149686685749,11.9105538196959,1.409566134635));
#3443=CARTESIAN_POINT('',(17.3148090134848,11.9105538196959,1.40985832086075));
#3444=CARTESIAN_POINT('',(17.315900501299,11.9119509588695,1.40943786631014));
#3445=CARTESIAN_POINT('',(17.3156439420734,11.911804696321,1.40969621437321));
#3446=CARTESIAN_POINT('',(17.3154022263297,11.9116525989236,1.4099724966785));
#3447=CARTESIAN_POINT('',(17.3163743296829,11.9130848180101,1.41084227154042));
#3448=CARTESIAN_POINT('',(17.3160725374909,11.9128198987856,1.41095405043208));
#3449=CARTESIAN_POINT('',(17.3157814090784,11.9125443990552,1.41107765480053));
#3450=CARTESIAN_POINT('',(17.3162040051335,11.9130848180101,1.4124274815536));
#3451=CARTESIAN_POINT('',(17.315925347165,11.9128198987856,1.41237388928743));
#3452=CARTESIAN_POINT('',(17.3156553774104,11.9125443990552,1.4123252001531));
#3453=CARTESIAN_POINT('',(17.314675552855,11.9105538196959,1.4101571471031));
#3454=CARTESIAN_POINT('',(17.3145420922252,11.9105538196959,1.41045597334545));
#3455=CARTESIAN_POINT('',(17.3144352431266,11.9105538196959,1.41076839798178));
#3456=CARTESIAN_POINT('',(17.3151857088567,11.9114986933551,1.41025525368623));
#3457=CARTESIAN_POINT('',(17.3149691737478,11.9113447757849,1.41053803442664));
#3458=CARTESIAN_POINT('',(17.3147773531996,11.911187374395,1.41083407504041));
#3459=CARTESIAN_POINT('',(17.3155128525096,11.9122656122804,1.41120570826089));
#3460=CARTESIAN_POINT('',(17.3152442613784,11.9119867930522,1.41133377436863));
#3461=CARTESIAN_POINT('',(17.3149969331714,11.9117016511879,1.41147137504703));
#3462=CARTESIAN_POINT('',(17.3154057451963,11.9122656122804,1.41227864735655));
#3463=CARTESIAN_POINT('',(17.3151560804456,11.9119867930522,1.41223208851513));
#3464=CARTESIAN_POINT('',(17.3149253287737,11.9117016511879,1.4121908311924));
#3465=CARTESIAN_POINT('',(17.3143520466734,11.9105538196959,1.41108923318957));
#3466=CARTESIAN_POINT('',(17.3142688502202,11.9105538196959,1.41141006839737));
#3467=CARTESIAN_POINT('',(17.314209760636,11.9105538196959,1.41173723292695));
#3468=CARTESIAN_POINT('',(17.3141732728505,11.9105538196959,1.41205891701201));
#3469=CARTESIAN_POINT('',(17.3146084622454,11.911028656618,1.41113841549805));
#3470=CARTESIAN_POINT('',(17.3144395564998,11.9108699247308,1.41144278215143));
#3471=CARTESIAN_POINT('',(17.3142943168585,11.910710391871,1.41175342269297));
#3472=CARTESIAN_POINT('',(17.3147723205303,11.9114141136627,1.41161597800067));
#3473=CARTESIAN_POINT('',(17.3145476780441,11.9111265394811,1.41176059612497));
#3474=CARTESIAN_POINT('',(17.3143466150091,11.9108375030158,1.4119107005828));
#3475=CARTESIAN_POINT('',(17.3147177575108,11.9114141136627,1.41215510769245));
#3476=CARTESIAN_POINT('',(17.3145101582834,11.9111265394811,1.41211937946382));
#3477=CARTESIAN_POINT('',(17.3143264781481,11.9108375030158,1.41208824273595));
#3478=B_SPLINE_SURFACE_WITH_KNOTS('Surf_OTGQOZDGCY, Wing, 0, 16, upper',3,3,((#3479, #3480, #3481, #3488, #3489, #3490, #3500, #3501, #3502, #3512, #3513, #3514, #3524, #3525, #3526, #3536, #3537, #3538, #3548, #3549, #3550, #3560, #3561, #3562, #3572, #3573, #3574, #3584, #3585, #3586, #3596, #3597, #3598, #3608, #3609, #3610, #3620, #3621, #3622, #3632, #3633, #3634, #3644, #3645, #3646, #3656, #3657, #3658, #3668, #3669, #3670, #3680, #3681, #3682, #3692, #3693, #3694, #3704, #3705, #3706, #3716, #3717, #3718, #3728, #3729, #3730, #3740, #3741, #3742, #3752, #3753, #3754, #3764, #3765, #3766, #3776, #3777, #3778, #3788, #3789, #3790, #3800, #3801, #3802, #3812, #3813, #3814, #3824, #3825, #3826, #3836, #3837, #3838, #3848, #3849, #3850, #3860, #3861, #3862, #3872, #3873, #3874, #3884, #3885, #3886, #3896, #3897, #3898, #3908, #3909, #3910, #3920, #3921, #3922, #3932, #3933, #3934, #3944, #3945, #3946, #3956, #3957, #3958, #3968, #3969, #3970, #3980, #3981, #3982, #3992, #3993, #3994, #4004, #4005, #4006, #4016, #4017, #4018, #4028, #4029, #4030, #4040, #4041, #4042, #4052, #4053, #4054, #4064, #4065, #4066, #4076, #4077, #4078, #4088, #4089, #4090, #4100, #4101, #4102, #4112, #4113, #4114, #4124, #4125, #4126, #4136, #4137, #4138, #4148, #4149, #4150, #4160, #4161, #4162, #4172, #4173, #4174, #4184, #4185, #4186, #4196, #4197, #4198, #4208, #4209, #4210, #4220, #4221, #4222, #4232, #4233, #4234, #4244, #4245, #4246, #4256, #4257, #4258, #4268, #4269, #4270, #4280, #4281, #4282, #4292, #4293, #4294, #4304, #4305, #4306, #4316, #4317, #4318, #4328, #4329, #4330, #4340, #4341, #4342, #4352, #4353, #4354, #4364, #4365, #4366, #4376, #4377, #4378, #4388, #4389, #4390, #4400, #4401, #4402, #4412, #4413, #4414, #4424, #4425, #4426, #4436, #4437, #4438, #4448, #4449, #4450, #4460, #4461, #4462, #4472, #4473, #4474, #4484, #4485, #4486, #4487),(#3479, #3482, #3483, #3491, #3492, #3493, #3503, #3504, #3505, #3515, #3516, #3517, #3527, #3528, #3529, #3539, #3540, #3541, #3551, #3552, #3553, #3563, #3564, #3565, #3575, #3576, #3577, #3587, #3588, #3589, #3599, #3600, #3601, #3611, #3612, #3613, #3623, #3624, #3625, #3635, #3636, #3637, #3647, #3648, #3649, #3659, #3660, #3661, #3671, #3672, #3673, #3683, #3684, #3685, #3695, #3696, #3697, #3707, #3708, #3709, #3719, #3720, #3721, #3731, #3732, #3733, #3743, #3744, #3745, #3755, #3756, #3757, #3767, #3768, #3769, #3779, #3780, #3781, #3791, #3792, #3793, #3803, #3804, #3805, #3815, #3816, #3817, #3827, #3828, #3829, #3839, #3840, #3841, #3851, #3852, #3853, #3863, #3864, #3865, #3875, #3876, #3877, #3887, #3888, #3889, #3899, #3900, #3901, #3911, #3912, #3913, #3923, #3924, #3925, #3935, #3936, #3937, #3947, #3948, #3949, #3959, #3960, #3961, #3971, #3972, #3973, #3983, #3984, #3985, #3995, #3996, #3997, #4007, #4008, #4009, #4019, #4020, #4021, #4031, #4032, #4033, #4043, #4044, #4045, #4055, #4056, #4057, #4067, #4068, #4069, #4079, #4080, #4081, #4091, #4092, #4093, #4103, #4104, #4105, #4115, #4116, #4117, #4127, #4128, #4129, #4139, #4140, #4141, #4151, #4152, #4153, #4163, #4164, #4165, #4175, #4176, #4177, #4187, #4188, #4189, #4199, #4200, #4201, #4211, #4212, #4213, #4223, #4224, #4225, #4235, #4236, #4237, #4247, #4248, #4249, #4259, #4260, #4261, #4271, #4272, #4273, #4283, #4284, #4285, #4295, #4296, #4297, #4307, #4308, #4309, #4319, #4320, #4321, #4331, #4332, #4333, #4343, #4344, #4345, #4355, #4356, #4357, #4367, #4368, #4369, #4379, #4380, #4381, #4391, #4392, #4393, #4403, #4404, #4405, #4415, #4416, #4417, #4427, #4428, #4429, #4439, #4440, #4441, #4451, #4452, #4453, #4463, #4464, #4465, #4475, #4476, #4477, #4488, #4489, #4490, #4487),(#3479, #3484, #3485, #3494, #3495, #3496, #3506, #3507, #3508, #3518, #3519, #3520, #3530, #3531, #3532, #3542, #3543, #3544, #3554, #3555, #3556, #3566, #3567, #3568, #3578, #3579, #3580, #3590, #3591, #3592, #3602, #3603, #3604, #3614, #3615, #3616, #3626, #3627, #3628, #3638, #3639, #3640, #3650, #3651, #3652, #3662, #3663, #3664, #3674, #3675, #3676, #3686, #3687, #3688, #3698, #3699, #3700, #3710, #3711, #3712, #3722, #3723, #3724, #3734, #3735, #3736, #3746, #3747, #3748, #3758, #3759, #3760, #3770, #3771, #3772, #3782, #3783, #3784, #3794, #3795, #3796, #3806, #3807, #3808, #3818, #3819, #3820, #3830, #3831, #3832, #3842, #3843, #3844, #3854, #3855, #3856, #3866, #3867, #3868, #3878, #3879, #3880, #3890, #3891, #3892, #3902, #3903, #3904, #3914, #3915, #3916, #3926, #3927, #3928, #3938, #3939, #3940, #3950, #3951, #3952, #3962, #3963, #3964, #3974, #3975, #3976, #3986, #3987, #3988, #3998, #3999, #4000, #4010, #4011, #4012, #4022, #4023, #4024, #4034, #4035, #4036, #4046, #4047, #4048, #4058, #4059, #4060, #4070, #4071, #4072, #4082, #4083, #4084, #4094, #4095, #4096, #4106, #4107, #4108, #4118, #4119, #4120, #4130, #4131, #4132, #4142, #4143, #4144, #4154, #4155, #4156, #4166, #4167, #4168, #4178, #4179, #4180, #4190, #4191, #4192, #4202, #4203, #4204, #4214, #4215, #4216, #4226, #4227, #4228, #4238, #4239, #4240, #4250, #4251, #4252, #4262, #4263, #4264, #4274, #4275, #4276, #4286, #4287, #4288, #4298, #4299, #4300, #4310, #4311, #4312, #4322, #4323, #4324, #4334, #4335, #4336, #4346, #4347, #4348, #4358, #4359, #4360, #4370, #4371, #4372, #4382, #4383, #4384, #4394, #4395, #4396, #4406, #4407, #4408, #4418, #4419, #4420, #4430, #4431, #4432, #4442, #4443, #4444, #4454, #4455, #4456, #4466, #4467, #4468, #4478, #4479, #4480, #4491, #4492, #4493, #4487),(#3479, #3486, #3487, #3497, #3498, #3499, #3509, #3510, #3511, #3521, #3522, #3523, #3533, #3534, #3535, #3545, #3546, #3547, #3557, #3558, #3559, #3569, #3570, #3571, #3581, #3582, #3583, #3593, #3594, #3595, #3605, #3606, #3607, #3617, #3618, #3619, #3629, #3630, #3631, #3641, #3642, #3643, #3653, #3654, #3655, #3665, #3666, #3667, #3677, #3678, #3679, #3689, #3690, #3691, #3701, #3702, #3703, #3713, #3714, #3715, #3725, #3726, #3727, #3737, #3738, #3739, #3749, #3750, #3751, #3761, #3762, #3763, #3773, #3774, #3775, #3785, #3786, #3787, #3797, #3798, #3799, #3809, #3810, #3811, #3821, #3822, #3823, #3833, #3834, #3835, #3845, #3846, #3847, #3857, #3858, #3859, #3869, #3870, #3871, #3881, #3882, #3883, #3893, #3894, #3895, #3905, #3906, #3907, #3917, #3918, #3919, #3929, #3930, #3931, #3941, #3942, #3943, #3953, #3954, #3955, #3965, #3966, #3967, #3977, #3978, #3979, #3989, #3990, #3991, #4001, #4002, #4003, #4013, #4014, #4015, #4025, #4026, #4027, #4037, #4038, #4039, #4049, #4050, #4051, #4061, #4062, #4063, #4073, #4074, #4075, #4085, #4086, #4087, #4097, #4098, #4099, #4109, #4110, #4111, #4121, #4122, #4123, #4133, #4134, #4135, #4145, #4146, #4147, #4157, #4158, #4159, #4169, #4170, #4171, #4181, #4182, #4183, #4193, #4194, #4195, #4205, #4206, #4207, #4217, #4218, #4219, #4229, #4230, #4231, #4241, #4242, #4243, #4253, #4254, #4255, #4265, #4266, #4267, #4277, #4278, #4279, #4289, #4290, #4291, #4301, #4302, #4303, #4313, #4314, #4315, #4325, #4326, #4327, #4337, #4338, #4339, #4349, #4350, #4351, #4361, #4362, #4363, #4373, #4374, #4375, #4385, #4386, #4387, #4397, #4398, #4399, #4409, #4410, #4411, #4421, #4422, #4423, #4433, #4434, #4435, #4445, #4446, #4447, #4457, #4458, #4459, #4469, #4470, #4471, #4481, #4482, #4483, #4494, #4495, #4496, #4487)),.UNSPECIFIED.,.F.,.F.,.F.,(4,4),(4,3,3,3,3,3,3,3,3,3,3,3,3,3,3,3,3,3,3,3,3,3,3,3,3,3,3,3,3,3,3,3,3,3,3,3,3,3,3,3,3,3,3,3,3,3,3,3,3,3,3,3,3,3,3,3,3,3,3,3,3,3,3,3,3,3,3,3,3,3,3,3,3,3,3,3,3,3,3,3,3,3,3,3,3,4),(0.,1.),(0.,1.,2.,3.,4.,5.,6.,7.,8.,9.,10.,11.,12.,13.,14.,15.,16.,17.,18.,19.,20.,21.,22.,23.,24.,25.,26.,27.,28.,29.,30.,31.,32.,33.,34.,35.,36.,37.,38.,39.,40.,41.,42.,43.,44.,45.,46.,47.,48.,49.,50.,51.,52.,53.,54.,55.,56.,57.,58.,59.,60.,61.,62.,63.,64.,65.,66.,67.,68.,69.,70.,71.,72.,73.,74.,75.,76.,77.,78.,79.,80.,81.,82.,83.,84.,85.),.PIECEWISE_BEZIER_KNOTS.);
#3479=CARTESIAN_POINT('',(17.3141732728505,11.9105538196959,1.41205891701201));
#3480=CARTESIAN_POINT('',(17.3141367857891,11.9105538196959,1.41238063566278));
#3481=CARTESIAN_POINT('',(17.3141328731867,11.9105538196959,1.41271035105458));
#3482=CARTESIAN_POINT('',(17.3142213455914,11.9107103927545,1.4123967981642));
#3483=CARTESIAN_POINT('',(17.3143035933063,11.910869928745,1.41274295360804));
#3484=CARTESIAN_POINT('',(17.3143063412872,11.9108375030158,1.4122657848891));
#3485=CARTESIAN_POINT('',(17.3144726385227,11.9111265394811,1.41247816280267));
#3486=CARTESIAN_POINT('',(17.3143264781481,11.9108375030158,1.41208824273595));
#3487=CARTESIAN_POINT('',(17.3145101582834,11.9111265394811,1.41211937946382));
#3488=CARTESIAN_POINT('',(17.3141542914971,11.9105538196959,1.41304322489168));
#3489=CARTESIAN_POINT('',(17.3141757098075,11.9105538196959,1.41337609872878));
#3490=CARTESIAN_POINT('',(17.3142224590307,11.9105538196959,1.41371213101117));
#3491=CARTESIAN_POINT('',(17.3144107376521,11.9110286660316,1.41309215621747));
#3492=CARTESIAN_POINT('',(17.3145178737527,11.91118739147,1.41344132890978));
#3493=CARTESIAN_POINT('',(17.314649623794,11.9113448027982,1.41379349549677));
#3494=CARTESIAN_POINT('',(17.3146631944913,11.9114141136627,1.41269423738423));
#3495=CARTESIAN_POINT('',(17.314853724376,11.9117016511879,1.41291028733777));
#3496=CARTESIAN_POINT('',(17.3150678995127,11.9119867930522,1.41313040266163));
#3497=CARTESIAN_POINT('',(17.3147177575108,11.9114141136627,1.41215510769245));
#3498=CARTESIAN_POINT('',(17.3149253287737,11.9117016511879,1.4121908311924));
#3499=CARTESIAN_POINT('',(17.3151560804456,11.9119867930522,1.41223208851513));
#3500=CARTESIAN_POINT('',(17.3142872956205,11.9105538196959,1.41404648344311));
#3501=CARTESIAN_POINT('',(17.3143521322104,11.9105538196959,1.41438083587505));
#3502=CARTESIAN_POINT('',(17.3144350561668,11.9105538196959,1.41471350845653));
#3503=CARTESIAN_POINT('',(17.3147975716851,11.9114987312112,1.41414359598449));
#3504=CARTESIAN_POINT('',(17.3149455086572,11.9116526494417,1.41449366747512));
#3505=CARTESIAN_POINT('',(17.3151105452318,11.9118047598608,1.41484184626817));
#3506=CARTESIAN_POINT('',(17.3152986378829,11.9122656122804,1.41335158645221));
#3507=CARTESIAN_POINT('',(17.3155293457424,11.9125443990552,1.41357274550567));
#3508=CARTESIAN_POINT('',(17.315778156839,11.9128198987856,1.41379372814279));
#3509=CARTESIAN_POINT('',(17.3154057451963,11.9122656122804,1.41227864735655));
#3510=CARTESIAN_POINT('',(17.3156553774104,11.9125443990552,1.4123252001531));
#3511=CARTESIAN_POINT('',(17.315925347165,11.9128198987856,1.41237388928743));
#3512=CARTESIAN_POINT('',(17.3145288239437,11.9105538196959,1.41503966289182));
#3513=CARTESIAN_POINT('',(17.3145757078321,11.9105538196959,1.41520274010946));
#3514=CARTESIAN_POINT('',(17.3146253026757,11.9105538196959,1.41536418779056));
#3515=CARTESIAN_POINT('',(17.3152832636615,11.9119510346895,1.41518288374144));
#3516=CARTESIAN_POINT('',(17.3153696214658,11.912024174665,1.41535339302408));
#3517=CARTESIAN_POINT('',(17.3154580619255,11.9120961565328,1.41552214836612));
#3518=CARTESIAN_POINT('',(17.3160336805841,11.9130848180101,1.41401269156679));
#3519=CARTESIAN_POINT('',(17.3161614360746,11.9132172777279,1.41412216555702));
#3520=CARTESIAN_POINT('',(17.3162917459783,11.9133476379145,1.41423097972277));
#3521=CARTESIAN_POINT('',(17.3162040051335,11.9130848180101,1.4124274815536));
#3522=CARTESIAN_POINT('',(17.3163433268523,11.9132172777279,1.41245427628053));
#3523=CARTESIAN_POINT('',(17.3164864142148,11.9133476379145,1.41248188089539));
#3524=CARTESIAN_POINT('',(17.314676703031,11.9105538196959,1.41552340114814));
#3525=CARTESIAN_POINT('',(17.3147281033864,11.9105538196959,1.41568261450571));
#3526=CARTESIAN_POINT('',(17.3147805691788,11.9105538196959,1.41583918455983));
#3527=CARTESIAN_POINT('',(17.3155476120131,11.9121668545914,1.41568853262495));
#3528=CARTESIAN_POINT('',(17.3156371646781,11.9122375610792,1.41585491163312));
#3529=CARTESIAN_POINT('',(17.3157270501338,11.9123069151374,1.41601850414672));
#3530=CARTESIAN_POINT('',(17.3164234490823,11.9134756710978,1.4143386148716));
#3531=CARTESIAN_POINT('',(17.3165551543417,11.9136037168628,1.41444624636426));
#3532=CARTESIAN_POINT('',(17.316687611912,11.913729311837,1.41455236924035));
#3533=CARTESIAN_POINT('',(17.3166319415886,11.9134756710978,1.41250990950747));
#3534=CARTESIAN_POINT('',(17.3167774704367,11.9136037168628,1.4125379383881));
#3535=CARTESIAN_POINT('',(17.316925002438,11.913729311837,1.41256617411454));
#3536=CARTESIAN_POINT('',(17.3148385096521,11.9105538196959,1.41599506371147));
#3537=CARTESIAN_POINT('',(17.3149543905987,11.9105538196959,1.41630682201474));
#3538=CARTESIAN_POINT('',(17.3150875536338,11.9105538196959,1.41661448252454));
#3539=CARTESIAN_POINT('',(17.315821855659,11.9123752505799,1.41618129605389));
#3540=CARTESIAN_POINT('',(17.3160114755433,11.9125119497783,1.41650686540523));
#3541=CARTESIAN_POINT('',(17.3162160515015,11.9126443741589,1.41682787978866));
#3542=CARTESIAN_POINT('',(17.3168242301873,11.9138530596222,1.41465853264108));
#3543=CARTESIAN_POINT('',(17.3170974755073,11.9141005991502,1.41487084964289));
#3544=CARTESIAN_POINT('',(17.3173835866469,11.9143403889333,1.41508225770511));
#3545=CARTESIAN_POINT('',(17.3170763158498,11.9138530596222,1.41259559416919));
#3546=CARTESIAN_POINT('',(17.3173789493417,11.9141005991502,1.41265443545811));
#3547=CARTESIAN_POINT('',(17.3176942049032,11.9143403889333,1.41271730948333));
#3548=CARTESIAN_POINT('',(17.3152243017196,11.9105538196959,1.41691826172986));
#3549=CARTESIAN_POINT('',(17.3152926757625,11.9105538196959,1.41707015133252));
#3550=CARTESIAN_POINT('',(17.3153628957272,11.9105538196959,1.41722099608572));
#3551=CARTESIAN_POINT('',(17.3164220727207,11.9127728560358,1.41714459097037));
#3552=CARTESIAN_POINT('',(17.3165250854594,11.9128371075482,1.41730293969027));
#3553=CARTESIAN_POINT('',(17.3166293642546,11.912900291306,1.41746013010937));
#3554=CARTESIAN_POINT('',(17.3176695818956,11.914573031996,1.4152927717399));
#3555=CARTESIAN_POINT('',(17.3178125801256,11.9146893695069,1.41539802354719));
#3556=CARTESIAN_POINT('',(17.3179561762811,11.9148037716246,1.41550300582506));
#3557=CARTESIAN_POINT('',(17.3180095659159,11.914573031996,1.41278390477652));
#3558=CARTESIAN_POINT('',(17.3181672460411,11.9146893695069,1.41281720205284));
#3559=CARTESIAN_POINT('',(17.3183252818024,11.9148037716246,1.41285143690392));
#3560=CARTESIAN_POINT('',(17.3154353433866,11.9105538196959,1.41737080053867));
#3561=CARTESIAN_POINT('',(17.315507791046,11.9105538196959,1.41752060499162));
#3562=CARTESIAN_POINT('',(17.3155824664,11.9105538196959,1.41766936914432));
#3563=CARTESIAN_POINT('',(17.3167350289369,11.9129619224987,1.41761611757053));
#3564=CARTESIAN_POINT('',(17.3168406960579,11.9130235627033,1.41777210093512));
#3565=CARTESIAN_POINT('',(17.3169478516787,11.913083840532,1.41792690102275));
#3566=CARTESIAN_POINT('',(17.3181012990078,11.9149153619093,1.41560823006508));
#3567=CARTESIAN_POINT('',(17.3182464240989,11.9150269666325,1.41571345132152));
#3568=CARTESIAN_POINT('',(17.3183929232458,11.9151361037464,1.41581873006412));
#3569=CARTESIAN_POINT('',(17.3184858595899,11.9149153619093,1.41288785596519));
#3570=CARTESIAN_POINT('',(17.3186464390769,11.9150269666325,1.41292427500574));
#3571=CARTESIAN_POINT('',(17.3188089912019,11.9151361037464,1.4129624225676));
#3572=CARTESIAN_POINT('',(17.3156597512215,11.9105538196959,1.41781709754599));
#3573=CARTESIAN_POINT('',(17.3159688905075,11.9105538196959,1.41840801115266));
#3574=CARTESIAN_POINT('',(17.3163127322177,11.9105538196959,1.41898280471132));
#3575=CARTESIAN_POINT('',(17.3170570135226,11.9131430084536,1.41808054828441));
#3576=CARTESIAN_POINT('',(17.3174936920466,11.9133797838956,1.41869510040016));
#3577=CARTESIAN_POINT('',(17.317955657546,11.9135992335485,1.41929171246743));
#3578=CARTESIAN_POINT('',(17.3185410693877,11.9152432300444,1.41592383283054));
#3579=CARTESIAN_POINT('',(17.3191336908822,11.9156719063915,1.416344217867));
#3580=CARTESIAN_POINT('',(17.3197476246954,11.9160692017502,1.41676222330376));
#3581=CARTESIAN_POINT('',(17.3189733515639,11.9152432300444,1.41300171394637));
#3582=CARTESIAN_POINT('',(17.3196308232375,11.9156719063915,1.4131588806715));
#3583=CARTESIAN_POINT('',(17.3203141306761,11.9160692017502,1.41333465213106));
#3584=CARTESIAN_POINT('',(17.3166698824831,11.9105538196959,1.4195446979808));
#3585=CARTESIAN_POINT('',(17.3167591700494,11.9105538196959,1.41968517129817));
#3586=CARTESIAN_POINT('',(17.3168493416254,11.9105538196959,1.4198247963545));
#3587=CARTESIAN_POINT('',(17.3184312067252,11.9138192911314,1.41987542874847));
#3588=CARTESIAN_POINT('',(17.3185500922498,11.9138743146105,1.42002134824555));
#3589=CARTESIAN_POINT('',(17.3186698405733,11.9139293052115,1.42016641273386));
#3590=CARTESIAN_POINT('',(17.3203665563156,11.9164675625994,1.41716550678885));
#3591=CARTESIAN_POINT('',(17.3205212818555,11.9165671656056,1.41726631912427));
#3592=CARTESIAN_POINT('',(17.3206763407098,11.9166667068396,1.41736622058345));
#3593=CARTESIAN_POINT('',(17.3209916078098,11.9164675625994,1.41349341470769));
#3594=CARTESIAN_POINT('',(17.3211609683235,11.9165671656056,1.41353310268685));
#3595=CARTESIAN_POINT('',(17.32133003247,11.9166667068396,1.41357181579234));
#3596=CARTESIAN_POINT('',(17.3169410424994,11.9105538196959,1.41996339617766));
#3597=CARTESIAN_POINT('',(17.3170327433734,11.9105538196959,1.42010199600082));
#3598=CARTESIAN_POINT('',(17.3171259735454,11.9105538196959,1.42023957059082));
#3599=CARTESIAN_POINT('',(17.3187907294567,11.9139835826339,1.42031037662362));
#3600=CARTESIAN_POINT('',(17.318911616761,11.9140378621407,1.4204543366385));
#3601=CARTESIAN_POINT('',(17.3190337351133,11.9140915963069,1.42059721318962));
#3602=CARTESIAN_POINT('',(17.3208322044635,11.9167649558656,1.41746563174203));
#3603=CARTESIAN_POINT('',(17.3209880637566,11.9168632072251,1.41756503930904));
#3604=CARTESIAN_POINT('',(17.3211447172719,11.9169604699135,1.41766379963777));
#3605=CARTESIAN_POINT('',(17.321499877135,11.9167649558656,1.4136108653049));
#3606=CARTESIAN_POINT('',(17.3216697168101,11.9168632072251,1.41364991351235));
#3607=CARTESIAN_POINT('',(17.3218401113843,11.9169604699135,1.41368890934923));
#3608=CARTESIAN_POINT('',(17.3172213783037,11.9105538196959,1.42037594297554));
#3609=CARTESIAN_POINT('',(17.3174121878204,11.9105538196959,1.42064868774498));
#3610=CARTESIAN_POINT('',(17.3176098239207,11.9105538196959,1.42091723602836));
#3611=CARTESIAN_POINT('',(17.3191576968153,11.9141447251731,1.42073882352424));
#3612=CARTESIAN_POINT('',(17.3194056139444,11.9142509865845,1.42102203276014));
#3613=CARTESIAN_POINT('',(17.3196591524995,11.9143550460951,1.42130081191349));
#3614=CARTESIAN_POINT('',(17.3213025986164,11.9170566352042,1.41776175464597));
#3615=CARTESIAN_POINT('',(17.3216183453832,11.9172489682621,1.41795765380463));
#3616=CARTESIAN_POINT('',(17.3219377676049,11.9174373095563,1.41815084750558));
#3617=CARTESIAN_POINT('',(17.3220113071573,11.9170566352042,1.41372773109354));
#3618=CARTESIAN_POINT('',(17.3223536813011,11.9172489682621,1.41380537030004));
#3619=CARTESIAN_POINT('',(17.322698540419,11.9174373095563,1.4138826599573));
#3620=CARTESIAN_POINT('',(17.3178122046993,11.9105538196959,1.42118252210739));
#3621=CARTESIAN_POINT('',(17.3182169662563,11.9105538196959,1.42171309426544));
#3622=CARTESIAN_POINT('',(17.3186407065259,11.9105538196959,1.42223061760606));
#3623=CARTESIAN_POINT('',(17.31991643761,11.9144572840886,1.42157613346974));
#3624=CARTESIAN_POINT('',(17.3204309773179,11.9146617660109,1.42212673298928));
#3625=CARTESIAN_POINT('',(17.3209604990686,11.9148589554683,1.42266350677911));
#3626=CARTESIAN_POINT('',(17.3222595623222,11.9176223483961,1.4183420510401));
#3627=CARTESIAN_POINT('',(17.3229030798196,11.9179924211279,1.41872441564173));
#3628=CARTESIAN_POINT('',(17.3235560823297,11.9183492744623,1.41909882285545));
#3629=CARTESIAN_POINT('',(17.3230450794307,11.9176223483961,1.4139599598515));
#3630=CARTESIAN_POINT('',(17.3237380802245,11.9179924211279,1.41411454154085));
#3631=CARTESIAN_POINT('',(17.3244377965884,11.9183492744623,1.41426916402051));
#3632=CARTESIAN_POINT('',(17.3190667702635,11.9105538196959,1.42274256638281));
#3633=CARTESIAN_POINT('',(17.3192798021322,11.9105538196959,1.42299854077118));
#3634=CARTESIAN_POINT('',(17.3194921355049,11.9105538196959,1.42325366022428));
#3635=CARTESIAN_POINT('',(17.3214900207275,11.9150519213812,1.42319423329905));
#3636=CARTESIAN_POINT('',(17.321754766519,11.9151484075056,1.42345957675725));
#3637=CARTESIAN_POINT('',(17.3220183347464,11.9152440232544,1.4237239656797));
#3638=CARTESIAN_POINT('',(17.3242081740076,11.9186984693078,1.41947099583025));
#3639=CARTESIAN_POINT('',(17.3245341851347,11.9188730655472,1.41965706269258));
#3640=CARTESIAN_POINT('',(17.3248591595876,11.9190460838228,1.41984302285632));
#3641=CARTESIAN_POINT('',(17.3251378141512,11.9186984693078,1.41442670858727));
#3642=CARTESIAN_POINT('',(17.3254877858015,11.9188730655472,1.41450547208329));
#3643=CARTESIAN_POINT('',(17.3258373761872,11.9190460838228,1.41458526938794));
#3644=CARTESIAN_POINT('',(17.3197082220671,11.9105538196959,1.42350612221294));
#3645=CARTESIAN_POINT('',(17.3199243086294,11.9105538196959,1.42375858420159));
#3646=CARTESIAN_POINT('',(17.3201435804777,11.9105538196959,1.42400860942327));
#3647=CARTESIAN_POINT('',(17.3222848761103,11.9153382201106,1.42398554516242));
#3648=CARTESIAN_POINT('',(17.3225514077089,11.9154324193612,1.42424711196931));
#3649=CARTESIAN_POINT('',(17.3228203863796,11.9155252760956,1.42450609803961));
#3650=CARTESIAN_POINT('',(17.3251859479182,11.9192165297146,1.42002729996097));
#3651=CARTESIAN_POINT('',(17.325512713778,11.9193869755865,1.42021156442183));
#3652=CARTESIAN_POINT('',(17.3258409285499,11.9195549877481,1.42039433136873));
#3653=CARTESIAN_POINT('',(17.3261881336593,11.9192165297146,1.41466492143164));
#3654=CARTESIAN_POINT('',(17.3265388670851,11.9193869755865,1.4147445677108));
#3655=CARTESIAN_POINT('',(17.3268905591819,11.9195549877481,1.41482419321693));
#3656=CARTESIAN_POINT('',(17.3203658487411,11.9105538196959,1.42425625223249));
#3657=CARTESIAN_POINT('',(17.3208103852679,11.9105538196959,1.42475153785095));
#3658=CARTESIAN_POINT('',(17.3212669074554,11.9105538196959,1.42523729381961));
#3659=CARTESIAN_POINT('',(17.3230916735479,11.9156168832561,1.42476256740528));
#3660=CARTESIAN_POINT('',(17.3236342173633,11.9158001025077,1.42527546966679));
#3661=CARTESIAN_POINT('',(17.3241859936775,11.9159783206325,1.42577830825553));
#3662=CARTESIAN_POINT('',(17.3261704751193,11.9197207344355,1.42057558089653));
#3663=CARTESIAN_POINT('',(17.3268294994837,11.9200522243116,1.42093804317021));
#3664=CARTESIAN_POINT('',(17.3274938499739,11.9203746483534,1.42129443829898));
#3665=CARTESIAN_POINT('',(17.3272430689986,11.9197207344355,1.41490366491367));
#3666=CARTESIAN_POINT('',(17.3279480154535,11.9200522243116,1.41506259104993));
#3667=CARTESIAN_POINT('',(17.3286562323542,11.9203746483534,1.41522090237624));
#3668=CARTESIAN_POINT('',(17.3217339043367,11.9105538196959,1.42571395497476));
#3669=CARTESIAN_POINT('',(17.3222009012179,11.9105538196959,1.42619061612991));
#3670=CARTESIAN_POINT('',(17.322678372793,11.9105538196959,1.42665818247155));
#3671=CARTESIAN_POINT('',(17.324745893854,11.9161522809604,1.42627159474948));
#3672=CARTESIAN_POINT('',(17.325305751593,11.9163262444184,1.42676483652066));
#3673=CARTESIAN_POINT('',(17.3258737322579,11.9164959480038,1.42724852991304));
#3674=CARTESIAN_POINT('',(17.3281625893078,11.9206893516144,1.42164460666395));
#3675=CARTESIAN_POINT('',(17.3288312358229,11.9210040453487,1.42199472924698));
#3676=CARTESIAN_POINT('',(17.3295042713628,11.9213110157094,1.42233862839358));
#3677=CARTESIAN_POINT('',(17.329366591693,11.9206893516144,1.41537753479922));
#3678=CARTESIAN_POINT('',(17.3300768531595,11.9210040453487,1.41553414494394));
#3679=CARTESIAN_POINT('',(17.3307892580371,11.9213110157094,1.41568907725935));
#3680=CARTESIAN_POINT('',(17.3231648080952,11.9105538196959,1.42711708883596));
#3681=CARTESIAN_POINT('',(17.3236512433974,11.9105538196959,1.42757599520036));
#3682=CARTESIAN_POINT('',(17.3241466424266,11.9105538196959,1.42802624158753));
#3683=CARTESIAN_POINT('',(17.326448727509,11.9166621355812,1.42772318573154));
#3684=CARTESIAN_POINT('',(17.3270236799902,11.9168283252688,1.42819780033969));
#3685=CARTESIAN_POINT('',(17.3276059478174,11.9169915582147,1.42866343604437));
#3686=CARTESIAN_POINT('',(17.3301807588214,11.921611608148,1.42267614413784));
#3687=CARTESIAN_POINT('',(17.3308571545999,11.9219121901846,1.42301361744184));
#3688=CARTESIAN_POINT('',(17.331537158206,11.9222074050414,1.42334421089958));
#3689=CARTESIAN_POINT('',(17.3315026784587,11.921611608148,1.41584126801668));
#3690=CARTESIAN_POINT('',(17.3322160029145,11.9219121901846,1.4159934378397));
#3691=CARTESIAN_POINT('',(17.3329300199059,11.9222074050414,1.41614162635752));
#3692=CARTESIAN_POINT('',(17.3246494942161,11.9105538196959,1.42846826283373));
#3693=CARTESIAN_POINT('',(17.3256551977951,11.9105538196959,1.42935230532615));
#3694=CARTESIAN_POINT('',(17.3266907124152,11.9105538196959,1.43020344725472));
#3695=CARTESIAN_POINT('',(17.32819275929,11.9171494825656,1.42912029663942));
#3696=CARTESIAN_POINT('',(17.3293662580924,11.9174653410353,1.4300339050575));
#3697=CARTESIAN_POINT('',(17.3305592586389,11.9177624197881,1.430912678155));
#3698=CARTESIAN_POINT('',(17.3322188953824,11.9224930071434,1.42367051701474));
#3699=CARTESIAN_POINT('',(17.3335821069824,11.9230641899105,1.42432301234253));
#3700=CARTESIAN_POINT('',(17.3349534257877,11.9236013655565,1.42495628074833));
#3701=CARTESIAN_POINT('',(17.3336452143046,11.9224930071434,1.41629161069396));
#3702=CARTESIAN_POINT('',(17.3350753292753,11.9230641899105,1.41659152082194));
#3703=CARTESIAN_POINT('',(17.3365098076923,11.9236013655565,1.41689338740839));
#3704=CARTESIAN_POINT('',(17.3277439503423,11.9105538196959,1.43102516730966));
#3705=CARTESIAN_POINT('',(17.3282705693058,11.9105538196959,1.43143602733712));
#3706=CARTESIAN_POINT('',(17.3288016190961,11.9105538196959,1.43183953189619));
#3707=CARTESIAN_POINT('',(17.3317667969677,11.9180539383473,1.43176140621019));
#3708=CARTESIAN_POINT('',(17.3323705080838,11.9181997059892,1.43218572227082));
#3709=CARTESIAN_POINT('',(17.3329777173687,11.9183438291268,1.43260250483268));
#3710=CARTESIAN_POINT('',(17.3363316393012,11.9241284279624,1.42556337262823));
#3711=CARTESIAN_POINT('',(17.3370206251823,11.9243919572294,1.42586686897666));
#3712=CARTESIAN_POINT('',(17.3377112117143,11.9246524990119,1.42616404372398));
#3713=CARTESIAN_POINT('',(17.3379449712284,11.9241284279624,1.41717443452091));
#3714=CARTESIAN_POINT('',(17.3386624277663,11.9243919572294,1.4173149334085));
#3715=CARTESIAN_POINT('',(17.3393800836279,11.9246524990119,1.41745077579777));
#3716=CARTESIAN_POINT('',(17.3293355887463,11.9105538196959,1.43223611582312));
#3717=CARTESIAN_POINT('',(17.3298695583966,11.9105538196959,1.43263269975005));
#3718=CARTESIAN_POINT('',(17.3304083428174,11.9105538196959,1.43302215566325));
#3719=CARTESIAN_POINT('',(17.333586455132,11.9184854454046,1.43301210483119));
#3720=CARTESIAN_POINT('',(17.3341951552685,11.9186270681066,1.43342167495537));
#3721=CARTESIAN_POINT('',(17.3348073407777,11.918766305683,1.43382386962402));
#3722=CARTESIAN_POINT('',(17.3384017998335,11.924908497954,1.42645612843889));
#3723=CARTESIAN_POINT('',(17.3390923100204,11.9251644976577,1.42674818253271));
#3724=CARTESIAN_POINT('',(17.3397842946666,11.925416173172,1.42703474983046));
#3725=CARTESIAN_POINT('',(17.3400972519051,11.924908497954,1.41758436690996));
#3726=CARTESIAN_POINT('',(17.3408143396153,11.9251644976577,1.41771794310348));
#3727=CARTESIAN_POINT('',(17.3415317538468,11.925416173172,1.41784860587161));
#3728=CARTESIAN_POINT('',(17.3309546428288,11.9105538196959,1.43340365865999));
#3729=CARTESIAN_POINT('',(17.3320472428518,11.9105538196959,1.43416666465348));
#3730=CARTESIAN_POINT('',(17.3331652744769,11.9105538196959,1.43489849422309));
#3731=CARTESIAN_POINT('',(17.3354254451106,11.9189026693446,1.43421781970431));
#3732=CARTESIAN_POINT('',(17.3366615457036,11.9191754215237,1.43500563752195));
#3733=CARTESIAN_POINT('',(17.337916745798,11.9194367531767,1.43576113212121));
#3734=CARTESIAN_POINT('',(17.340479395445,11.9256626395018,1.42731527562563));
#3735=CARTESIAN_POINT('',(17.3418693746625,11.9261555862715,1.42787624354054));
#3736=CARTESIAN_POINT('',(17.3432683726779,11.9266278400462,1.42841385009601));
#3737=CARTESIAN_POINT('',(17.3422504255552,11.9256626395018,1.417976235308));
#3738=CARTESIAN_POINT('',(17.3436875398759,11.9261555862715,1.41823145429368));
#3739=CARTESIAN_POINT('',(17.3451275716781,11.9266278400462,1.41847551471424));
#3740=CARTESIAN_POINT('',(17.3342994552563,11.9105538196959,1.43559680236566));
#3741=CARTESIAN_POINT('',(17.334866545646,11.9105538196959,1.43594595643695));
#3742=CARTESIAN_POINT('',(17.3354390973041,11.9105538196959,1.43628490661306));
#3743=CARTESIAN_POINT('',(17.3391813718463,11.9196858803239,1.43648190177569));
#3744=CARTESIAN_POINT('',(17.3398136359444,11.919810460027,1.43684225273388));
#3745=CARTESIAN_POINT('',(17.3404494747046,11.9199316064743,1.43719207005034));
#3746=CARTESIAN_POINT('',(17.3446687329714,11.9270779984391,1.42892680669127));
#3747=CARTESIAN_POINT('',(17.3453688137818,11.9273030935497,1.42918325103473));
#3748=CARTESIAN_POINT('',(17.3460699354819,11.9275219742422,1.42943194793007));
#3749=CARTESIAN_POINT('',(17.3465657340546,11.9270779984391,1.41870856668813));
#3750=CARTESIAN_POINT('',(17.3472847134258,11.9273030935497,1.41882507705244));
#3751=CARTESIAN_POINT('',(17.3480034906594,11.9275219742422,1.41893761248501));
#3752=CARTESIAN_POINT('',(17.3360185752738,11.9105538196959,1.4366133503962));
#3753=CARTESIAN_POINT('',(17.3365980532434,11.9105538196959,1.43694179417933));
#3754=CARTESIAN_POINT('',(17.3371830976428,11.9105538196959,1.43726120409043));
#3755=CARTESIAN_POINT('',(17.3410903556055,11.9200493293095,1.43753105489436));
#3756=CARTESIAN_POINT('',(17.3417312061187,11.9201670646201,1.43787001994372));
#3757=CARTESIAN_POINT('',(17.3423759621558,11.9202817854687,1.43819966318538));
#3758=CARTESIAN_POINT('',(17.3467731982924,11.9277346568915,1.42967252561693));
#3759=CARTESIAN_POINT('',(17.3474763998477,11.9279473540299,1.42991308379675));
#3760=CARTESIAN_POINT('',(17.348181089794,11.9281545941473,1.43014673711076));
#3761=CARTESIAN_POINT('',(17.348722710303,11.9277346568915,1.41904570845357));
#3762=CARTESIAN_POINT('',(17.3494418673687,11.9279473540299,1.41915379585988));
#3763=CARTESIAN_POINT('',(17.3501611881978,11.9281545941473,1.41925825348296));
#3764=CARTESIAN_POINT('',(17.3377704377931,11.9105538196959,1.43757638302424));
#3765=CARTESIAN_POINT('',(17.3383577779435,11.9105538196959,1.43789156195805));
#3766=CARTESIAN_POINT('',(17.3389474138449,11.9105538196959,1.43820250991457));
#3767=CARTESIAN_POINT('',(17.3430221207242,11.9203949123232,1.43852491322084));
#3768=CARTESIAN_POINT('',(17.3436682502673,11.9205080524123,1.43885014516635));
#3769=CARTESIAN_POINT('',(17.3443157831354,11.9206195986258,1.43917098498042));
#3770=CARTESIAN_POINT('',(17.3488860697157,11.9283589461521,1.4303773124335));
#3771=CARTESIAN_POINT('',(17.34959099143,11.9285633145299,1.43060787010604));
#3772=CARTESIAN_POINT('',(17.3502962049281,11.9287647953838,1.43083535089084));
#3773=CARTESIAN_POINT('',(17.3508803201428,11.9283589461521,1.41936141698759));
#3774=CARTESIAN_POINT('',(17.351599392751,11.9285633145299,1.41946457296487));
#3775=CARTESIAN_POINT('',(17.3523182783905,11.9287647953838,1.41956643536314));
#3776=CARTESIAN_POINT('',(17.3395360748185,11.9105538196959,1.43851402978856));
#3777=CARTESIAN_POINT('',(17.3401247357922,11.9105538196959,1.43882554966255));
#3778=CARTESIAN_POINT('',(17.3407140886656,11.9105538196959,1.43913555795736));
#3779=CARTESIAN_POINT('',(17.3449622142341,11.9207309688813,1.43949235937898));
#3780=CARTESIAN_POINT('',(17.3456086163138,11.9208423514938,1.43981371612194));
#3781=CARTESIAN_POINT('',(17.3462552783055,11.9209529938885,1.44013347567785));
#3782=CARTESIAN_POINT('',(17.3510005073997,11.9289659526146,1.431063579362));
#3783=CARTESIAN_POINT('',(17.351704751855,11.929167124872,1.43129179049703));
#3784=CARTESIAN_POINT('',(17.3524088299358,11.929366952992,1.4315190383725));
#3785=CARTESIAN_POINT('',(17.353036619774,11.9289659526146,1.41966933828649));
#3786=CARTESIAN_POINT('',(17.3537549020382,11.929167124872,1.41977223367785));
#3787=CARTESIAN_POINT('',(17.3544729267415,11.929366952992,1.41987502915449));
#3788=CARTESIAN_POINT('',(17.3413059419721,11.9105538196959,1.43944150777296));
#3789=CARTESIAN_POINT('',(17.3424896485852,11.9105538196959,1.44005340740416));
#3790=CARTESIAN_POINT('',(17.3436810117512,11.9105538196959,1.44065206917333));
#3791=CARTESIAN_POINT('',(17.3469037184897,11.9210623603209,1.44044904737188));
#3792=CARTESIAN_POINT('',(17.3482005130085,11.9212811300281,1.44108013976853));
#3793=CARTESIAN_POINT('',(17.3495028932766,11.9214963146818,1.44169761839935));
#3794=CARTESIAN_POINT('',(17.3531135804886,11.9295644676215,1.43174311817526));
#3795=CARTESIAN_POINT('',(17.354522910463,11.9299595422011,1.43219122780258));
#3796=CARTESIAN_POINT('',(17.3559343857479,11.9303481076817,1.4326285582502));
#3797=CARTESIAN_POINT('',(17.3551909829709,11.9295644676215,1.41997604279614));
#3798=CARTESIAN_POINT('',(17.3566269212161,11.9299595422011,1.42017804847632));
#3799=CARTESIAN_POINT('',(17.3580628392732,11.9303481076817,1.42037313660149));
#3800=CARTESIAN_POINT('',(17.3448794520317,11.9105538196959,1.44123634782116));
#3801=CARTESIAN_POINT('',(17.3460778923122,11.9105538196959,1.44182062646899));
#3802=CARTESIAN_POINT('',(17.3472834097071,11.9105538196959,1.44239052199547));
#3803=CARTESIAN_POINT('',(17.3508092162556,11.9217059066532,1.44230015403368));
#3804=CARTESIAN_POINT('',(17.3521154296118,11.9219155490496,1.44290262796169));
#3805=CARTESIAN_POINT('',(17.3534256013692,11.922119617696,1.44349016750148));
#3806=CARTESIAN_POINT('',(17.3573461126316,11.9307265443317,1.4330556033313));
#3807=CARTESIAN_POINT('',(17.3587576222604,11.9311050456632,1.43348258859635));
#3808=CARTESIAN_POINT('',(17.3601694172202,11.9314734548933,1.43389928114165));
#3809=CARTESIAN_POINT('',(17.3594975873182,11.9307265443317,1.42056424681628));
#3810=CARTESIAN_POINT('',(17.3609321146914,11.9311050456632,1.42075533200077));
#3811=CARTESIAN_POINT('',(17.3623655101842,11.9314734548933,1.42094240660623));
#3812=CARTESIAN_POINT('',(17.348495424778,11.9105538196959,1.4429448891413));
#3813=CARTESIAN_POINT('',(17.3497074398489,11.9105538196959,1.44349925628713));
#3814=CARTESIAN_POINT('',(17.3509259525957,11.9105538196959,1.44403809505229));
#3815=CARTESIAN_POINT('',(17.3547394193768,11.9223186046244,1.44406168273825));
#3816=CARTESIAN_POINT('',(17.3560531325769,11.9225176409023,1.44463314274154));
#3817=CARTESIAN_POINT('',(17.3573705675779,11.9227117280801,1.44518859739332));
#3818=CARTESIAN_POINT('',(17.3615813557611,11.9318326615316,1.43430416646362));
#3819=CARTESIAN_POINT('',(17.3629930879436,11.9321919332295,1.43470899860075));
#3820=CARTESIAN_POINT('',(17.3644050719462,11.9325422436028,1.43510192544729));
#3821=CARTESIAN_POINT('',(17.3637975756953,11.9318326615316,1.42112337627082));
#3822=CARTESIAN_POINT('',(17.365229432004,11.9321919332295,1.42130432412532));
#3823=CARTESIAN_POINT('',(17.3666600300644,11.9325422436028,1.42147890749719));
#3824=CARTESIAN_POINT('',(17.35215038358,11.9105538196959,1.44456026017749));
#3825=CARTESIAN_POINT('',(17.3533748145643,11.9105538196959,1.44508242530268));
#3826=CARTESIAN_POINT('',(17.3546086882729,11.9105538196959,1.44558323649217));
#3827=CARTESIAN_POINT('',(17.3586913033536,11.9229011541918,1.44572693711771));
#3828=CARTESIAN_POINT('',(17.3600119392247,11.9230906295324,1.44626522776744));
#3829=CARTESIAN_POINT('',(17.3613387350177,11.923274199916,1.44678162823589));
#3830=CARTESIAN_POINT('',(17.3658170160041,11.9328841138268,1.43548159586117));
#3831=CARTESIAN_POINT('',(17.3672287644835,11.9332260508254,1.43586121988912));
#3832=CARTESIAN_POINT('',(17.3686420151077,11.9335573007626,1.4362237614426));
#3833=CARTESIAN_POINT('',(17.368089079224,11.9328841138268,1.42164544161053));
#3834=CARTESIAN_POINT('',(17.3695179304951,11.9332260508254,1.42181195779898));
#3835=CARTESIAN_POINT('',(17.3709458081635,11.9335573007626,1.42196787555436));
#3836=CARTESIAN_POINT('',(17.3558501866589,11.9105538196959,1.44606692520669));
#3837=CARTESIAN_POINT('',(17.3583331834308,11.9105538196959,1.44703430263571));
#3838=CARTESIAN_POINT('',(17.3608447940777,11.9105538196959,1.44793563610896));
#3839=CARTESIAN_POINT('',(17.3626707385263,11.9234534823031,1.44728051288779));
#3840=CARTESIAN_POINT('',(17.3653344658799,11.9238122042282,1.44827815564643));
#3841=CARTESIAN_POINT('',(17.3680155809355,11.9241507574482,1.44920792297819));
#3842=CARTESIAN_POINT('',(17.3700567882681,11.933880783821,1.43657225557099));
#3843=CARTESIAN_POINT('',(17.3728857903386,11.9345279726494,1.43726912912206));
#3844=CARTESIAN_POINT('',(17.3757174573282,11.9351386701358,1.43791477696214));
#3845=CARTESIAN_POINT('',(17.372373073088,11.933880783821,1.42211442575978));
#3846=CARTESIAN_POINT('',(17.3752270538467,11.9345279726494,1.4224074881683));
#3847=CARTESIAN_POINT('',(17.3780767125348,11.9351386701358,1.4226717612123));
#3848=CARTESIAN_POINT('',(17.3633588070069,11.9105538196959,1.44881991456905));
#3849=CARTESIAN_POINT('',(17.3646158134714,11.9105538196959,1.44926205379909));
#3850=CARTESIAN_POINT('',(17.3658723189785,11.9105538196959,1.44970181831853));
#3851=CARTESIAN_POINT('',(17.3706952854622,11.9244829656635,1.4501199419205));
#3852=CARTESIAN_POINT('',(17.3720350070708,11.924649144701,1.45057589854686));
#3853=CARTESIAN_POINT('',(17.3733735363715,11.9248142214123,1.45102934713745));
#3854=CARTESIAN_POINT('',(17.3785445318809,11.9357378516677,1.43854829383604));
#3855=CARTESIAN_POINT('',(17.3799578169723,11.9360375509747,1.43886500573384));
#3856=CARTESIAN_POINT('',(17.3813695699067,11.9363352464941,1.43918022934047));
#3857=CARTESIAN_POINT('',(17.3809216791231,11.9357378516677,1.42293149949097));
#3858=CARTESIAN_POINT('',(17.3823439086048,11.9360375509747,1.42306135503511));
#3859=CARTESIAN_POINT('',(17.3837648831133,11.9363352464941,1.42319110407048));
#3860=CARTESIAN_POINT('',(17.3671331096646,11.9105538196959,1.45013236853206));
#3861=CARTESIAN_POINT('',(17.3683939003507,11.9105538196959,1.4505629187456));
#3862=CARTESIAN_POINT('',(17.3696579876122,11.9105538196959,1.45098547362667));
#3863=CARTESIAN_POINT('',(17.3747147774437,11.9249765512332,1.45147332269821));
#3864=CARTESIAN_POINT('',(17.3760559323892,11.9251389286941,1.45191726472467));
#3865=CARTESIAN_POINT('',(17.3773989879892,11.9252988841378,1.45235298084229));
#3866=CARTESIAN_POINT('',(17.3827818923471,11.9366279661686,1.43948825484658));
#3867=CARTESIAN_POINT('',(17.3841940490393,11.9369207547392,1.43979625090597));
#3868=CARTESIAN_POINT('',(17.385606327242,11.9372091555504,1.44009804913899));
#3869=CARTESIAN_POINT('',(17.3851853537297,11.9366279661686,1.42331672422114));
#3870=CARTESIAN_POINT('',(17.3866056576283,11.9369207547392,1.42344233588552));
#3871=CARTESIAN_POINT('',(17.3880252810526,11.9372091555504,1.42356448477185));
#3872=CARTESIAN_POINT('',(17.3709251154848,11.9105538196959,1.4513997034723));
#3873=CARTESIAN_POINT('',(17.3734593712301,11.9105538196959,1.45222816316357));
#3874=CARTESIAN_POINT('',(17.37600578942,11.9105538196959,1.45302332271309));
#3875=CARTESIAN_POINT('',(17.3787437345749,11.9254564998963,1.45278015218443));
#3876=CARTESIAN_POINT('',(17.3814329759726,11.9257718719408,1.45363440147819));
#3877=CARTESIAN_POINT('',(17.3841289974589,11.9260778854714,1.45445448643473));
#3878=CARTESIAN_POINT('',(17.3870185812654,11.9374933178012,1.44039326591064));
#3879=CARTESIAN_POINT('',(17.3898426063517,11.9380618470606,1.44098361884498));
#3880=CARTESIAN_POINT('',(17.3926665683072,11.938613427214,1.44154766231857));
#3881=CARTESIAN_POINT('',(17.3894441108872,11.9374933178012,1.42368269661058));
#3882=CARTESIAN_POINT('',(17.392281285288,11.9380618470606,1.42391909898767));
#3883=CARTESIAN_POINT('',(17.3951153200553,11.938613427214,1.42413976263134));
#3884=CARTESIAN_POINT('',(17.3785623223405,11.9105538196959,1.45378254449711));
#3885=CARTESIAN_POINT('',(17.3811188552609,11.9105538196959,1.45454176628112));
#3886=CARTESIAN_POINT('',(17.3836855029119,11.9105538196959,1.45526505029963));
#3887=CARTESIAN_POINT('',(17.3868301200352,11.9263751978842,1.45523785559552));
#3888=CARTESIAN_POINT('',(17.3895309256193,11.9266726938919,1.45602111901382));
#3889=CARTESIAN_POINT('',(17.3922366165816,11.9269610352884,1.45676764381413));
#3890=CARTESIAN_POINT('',(17.3954892979026,11.9391492488977,1.44208232780759));
#3891=CARTESIAN_POINT('',(17.398311422906,11.9396853426467,1.44261690687496));
#3892=CARTESIAN_POINT('',(17.4011320495892,11.9402048674296,1.44312248619647));
#3893=CARTESIAN_POINT('',(17.3979453063257,11.9391492488977,1.42434089495909));
#3894=CARTESIAN_POINT('',(17.4007746863199,11.9396853426467,1.42454201127568));
#3895=CARTESIAN_POINT('',(17.4035998976358,11.9402048674296,1.42472450310643));
#3896=CARTESIAN_POINT('',(17.3862602175794,11.9105538196959,1.45594975892885));
#3897=CARTESIAN_POINT('',(17.388834932247,11.9105538196959,1.45663446755807));
#3898=CARTESIAN_POINT('',(17.3914160760031,11.9105538196959,1.45728216506656));
#3899=CARTESIAN_POINT('',(17.3949445995933,11.9272391237452,1.45747471777808));
#3900=CARTESIAN_POINT('',(17.3976522845012,11.9275173868076,1.45818170425577));
#3901=CARTESIAN_POINT('',(17.4003608720272,11.9277858108154,1.45885085373978));
#3902=CARTESIAN_POINT('',(17.4039486916989,11.9407058532355,1.44359735880592));
#3903=CARTESIAN_POINT('',(17.4067647685072,11.941207101223,1.44407216490523));
#3904=CARTESIAN_POINT('',(17.4095760391702,11.9416905653308,1.44451756271271));
#3905=CARTESIAN_POINT('',(17.4064191206735,11.9407058532355,1.42488799370829));
#3906=CARTESIAN_POINT('',(17.4092377777404,11.941207101223,1.42505147941126));
#3907=CARTESIAN_POINT('',(17.4120500747055,11.9416905653308,1.42519682705951));
#3908=CARTESIAN_POINT('',(17.3940123450416,11.9105538196959,1.45787559873721));
#3909=CARTESIAN_POINT('',(17.3992048831188,11.9105538196959,1.4590624660785));
#3910=CARTESIAN_POINT('',(17.4044476716625,11.9105538196959,1.46005952003528));
#3911=CARTESIAN_POINT('',(17.4030764878681,11.9280394794956,1.45946456198783));
#3912=CARTESIAN_POINT('',(17.4085069023275,11.9285473117187,1.46069177802506));
#3913=CARTESIAN_POINT('',(17.4139591359184,11.9290032631208,1.46172512320225));
#3914=CARTESIAN_POINT('',(17.4123847301928,11.9421473817245,1.44491992460317));
#3915=CARTESIAN_POINT('',(17.4180005729259,11.943061771764,1.44572451500455));
#3916=CARTESIAN_POINT('',(17.4236051545957,11.9438824960339,1.44637900422299));
#3917=CARTESIAN_POINT('',(17.4148559606154,11.9421473817245,1.42531572076264));
#3918=CARTESIAN_POINT('',(17.4204661941435,11.943061771764,1.42555352876278));
#3919=CARTESIAN_POINT('',(17.4260524998377,11.9438824960339,1.42569967516818));
#3920=CARTESIAN_POINT('',(17.4096946028828,11.9105538196959,1.46101380681773));
#3921=CARTESIAN_POINT('',(17.4110063356879,11.9105538196959,1.46125237851335));
#3922=CARTESIAN_POINT('',(17.4123183274102,11.9105538196959,1.46148827726056));
#3923=CARTESIAN_POINT('',(17.4194048876794,11.9294411155864,1.46271404459418));
#3924=CARTESIAN_POINT('',(17.4207661779268,11.929550670696,1.46296124775991));
#3925=CARTESIAN_POINT('',(17.4221271034918,11.9296591658062,1.46320568236578));
#3926=CARTESIAN_POINT('',(17.4291950999224,11.9446704983993,1.44700508907035));
#3927=CARTESIAN_POINT('',(17.4305923106243,11.944867643106,1.44716159667451));
#3928=CARTESIAN_POINT('',(17.4319886686164,11.9450628715659,1.44731627240182));
#3929=CARTESIAN_POINT('',(17.4316246690821,11.9446704983993,1.4258388995436));
#3930=CARTESIAN_POINT('',(17.4330174365273,11.944867643106,1.4258737159226));
#3931=CARTESIAN_POINT('',(17.434409368778,11.9450628715659,1.42590795557783));
#3932=CARTESIAN_POINT('',(17.4136298576156,11.9105538196959,1.46172380065642));
#3933=CARTESIAN_POINT('',(17.4149413878211,11.9105538196959,1.46195932405228));
#3934=CARTESIAN_POINT('',(17.4162521369948,11.9105538196959,1.4621954271372));
#3935=CARTESIAN_POINT('',(17.4234872852787,11.9297672567415,1.46344969337265));
#3936=CARTESIAN_POINT('',(17.4248474080069,11.9298753826569,1.46369369369317));
#3937=CARTESIAN_POINT('',(17.426206590698,11.9299833405018,1.46393824173767));
#3938=CARTESIAN_POINT('',(17.4333842126159,11.9452573656182,1.44747091684017));
#3939=CARTESIAN_POINT('',(17.4347796465136,11.945451914261,1.44762555578719));
#3940=CARTESIAN_POINT('',(17.4361742394426,11.9456461541715,1.44778093918903));
#3941=CARTESIAN_POINT('',(17.435800683556,11.9452573656182,1.42594269310706));
#3942=CARTESIAN_POINT('',(17.4371918885188,11.945451914261,1.42597743444291));
#3943=CARTESIAN_POINT('',(17.4385825363791,11.9456461541715,1.42601318928525));
#3944=CARTESIAN_POINT('',(17.4175642191199,11.9105538196959,1.46242645359015));
#3945=CARTESIAN_POINT('',(17.4201883833702,11.9105538196959,1.46288850649603));
#3946=CARTESIAN_POINT('',(17.4228160388386,11.9105538196959,1.46333475580614));
#3947=CARTESIAN_POINT('',(17.4275662576198,11.9300898045454,1.46417759234143));
#3948=CARTESIAN_POINT('',(17.4302854156323,11.9303028338832,1.46465626253753));
#3949=CARTESIAN_POINT('',(17.433005265412,11.930511011789,1.46511872767751));
#3950=CARTESIAN_POINT('',(17.4375683817283,11.9458376953666,1.44793240425251));
#3951=CARTESIAN_POINT('',(17.4403563388495,11.9462209355774,1.44823531852017));
#3952=CARTESIAN_POINT('',(17.4431421332067,11.9465954089269,1.44852622345919));
#3953=CARTESIAN_POINT('',(17.4399724212219,11.9458376953666,1.42604673407236));
#3954=CARTESIAN_POINT('',(17.4427518643129,11.9462209355774,1.42611383482102));
#3955=CARTESIAN_POINT('',(17.4455283988311,11.9465954089269,1.42617453120979));
#3956=CARTESIAN_POINT('',(17.4254467124675,11.9105538196959,1.46376315065737));
#3957=CARTESIAN_POINT('',(17.4307080597253,11.9105538196959,1.46461994035982));
#3958=CARTESIAN_POINT('',(17.4359806277834,11.9105538196959,1.46540728424008));
#3959=CARTESIAN_POINT('',(17.4357254524623,11.9307145465204,1.46556297116175));
#3960=CARTESIAN_POINT('',(17.4411651497527,11.9311220006638,1.46645135031793));
#3961=CARTESIAN_POINT('',(17.4466062088205,11.9315124307786,1.46726897741861));
#3962=CARTESIAN_POINT('',(17.4459254948657,11.9469614917092,1.44880293167191));
#3963=CARTESIAN_POINT('',(17.4514909612534,11.9476942592485,1.44935630003622));
#3964=CARTESIAN_POINT('',(17.4570474508197,11.9483962641574,1.44985369510997));
#3965=CARTESIAN_POINT('',(17.4483017411295,11.9469614917092,1.42622639053922));
#3966=CARTESIAN_POINT('',(17.4538471727133,11.9476942592485,1.42633015988721));
#3967=CARTESIAN_POINT('',(17.4593806426646,11.9483962641574,1.42639759849947));
#3968=CARTESIAN_POINT('',(17.4412632711348,11.9105538196959,1.46610266020737));
#3969=CARTESIAN_POINT('',(17.4465459144862,11.9105538196959,1.46679803617466));
#3970=CARTESIAN_POINT('',(17.451844552622,11.9105538196959,1.46738927448729));
#3971=CARTESIAN_POINT('',(17.4520433103257,11.9318774300456,1.46799274867915));
#3972=CARTESIAN_POINT('',(17.4574795954985,11.9322428872615,1.46871642259922));
#3973=CARTESIAN_POINT('',(17.4629161638514,11.932579364691,1.46933388592563));
#3974=CARTESIAN_POINT('',(17.4625870555661,11.9490524084283,1.45027917115154));
#3975=CARTESIAN_POINT('',(17.4681251524738,11.9497092773671,1.45070462829843));
#3976=CARTESIAN_POINT('',(17.4736479614776,11.950313917229,1.45104865746012));
#3977=CARTESIAN_POINT('',(17.4648951444352,11.9490524084283,1.42642229030953));
#3978=CARTESIAN_POINT('',(17.4704081443517,11.9497092773671,1.42644706892196));
#3979=CARTESIAN_POINT('',(17.4759021435933,11.950313917229,1.4264233577831));
#3980=CARTESIAN_POINT('',(17.4571474472283,11.9105538196959,1.46793200215077));
#3981=CARTESIAN_POINT('',(17.4597988945314,11.9105538196959,1.4682033659825));
#3982=CARTESIAN_POINT('',(17.4624514059522,11.9105538196959,1.46846260215196));
#3983=CARTESIAN_POINT('',(17.4683474998398,11.9328988944476,1.46990153134288));
#3984=CARTESIAN_POINT('',(17.4710628979155,11.9330588095233,1.47018533196022));
#3985=CARTESIAN_POINT('',(17.4737771731172,11.933214822642,1.47045671262692));
#3986=CARTESIAN_POINT('',(17.4791577563023,11.9508880057527,1.4513575956196));
#3987=CARTESIAN_POINT('',(17.4819121578416,11.9511752908924,1.45151206977805));
#3988=CARTESIAN_POINT('',(17.4846636145986,11.9514555427468,1.45165751593785));
#3989=CARTESIAN_POINT('',(17.481382898347,11.9508880057527,1.42638418311184));
#3990=CARTESIAN_POINT('',(17.4841227821478,11.9511752908924,1.42636463116731));
#3991=CARTESIAN_POINT('',(17.4868596322509,11.9514555427468,1.42634056431535));
#3992=CARTESIAN_POINT('',(17.4651035142013,11.9105538196959,1.46871666403482));
#3993=CARTESIAN_POINT('',(17.4677556224505,11.9105538196959,1.46897072591767));
#3994=CARTESIAN_POINT('',(17.4704091858078,11.9105538196959,1.46921101128665));
#3995=CARTESIAN_POINT('',(17.4764897003746,11.9333685865403,1.47072273133099));
#3996=CARTESIAN_POINT('',(17.479202052847,11.9335224441305,1.47098873705018));
#3997=CARTESIAN_POINT('',(17.4819134557271,11.9336719331094,1.47124064798906));
#3998=CARTESIAN_POINT('',(17.4874124916008,11.951731736348,1.45179960864202));
#3999=CARTESIAN_POINT('',(17.4901610479777,11.9520080802968,1.45194170558689));
#4000=CARTESIAN_POINT('',(17.4929065688681,11.9522765540692,1.45207347858426));
#4001=CARTESIAN_POINT('',(17.489594207238,11.951731736348,1.42631582468807));
#4002=CARTESIAN_POINT('',(17.4923284630533,11.9520080802968,1.4262911079708));
#4003=CARTESIAN_POINT('',(17.495059480817,11.9522765540692,1.42626108254163));
#4004=CARTESIAN_POINT('',(17.4730643465695,11.9105538196959,1.46943678392528));
#4005=CARTESIAN_POINT('',(17.4783746680931,11.9105538196959,1.46988832920255));
#4006=CARTESIAN_POINT('',(17.48369077561,11.9105538196959,1.47028461918386));
#4007=CARTESIAN_POINT('',(17.4846239423959,11.9338168174522,1.47147771440769));
#4008=CARTESIAN_POINT('',(17.49004441894,11.9341068484902,1.47195181693356));
#4009=CARTESIAN_POINT('',(17.4954610319247,11.9343791159463,1.47236939643328));
#4010=CARTESIAN_POINT('',(17.4956489647117,11.9525367345512,1.45219437060005));
#4011=CARTESIAN_POINT('',(17.5011328469944,11.9530575183858,1.45243617353027));
#4012=CARTESIAN_POINT('',(17.5066044915686,11.9535463182531,1.45263672984375));
#4013=CARTESIAN_POINT('',(17.4977871253182,11.9525367345512,1.42622544711961));
#4014=CARTESIAN_POINT('',(17.5032415091673,11.9530575183858,1.42615424484018));
#4015=CARTESIAN_POINT('',(17.5086828269018,11.9535463182531,1.42606210861308));
#4016=CARTESIAN_POINT('',(17.4890101156704,11.9105538196959,1.47063686247606));
#4017=CARTESIAN_POINT('',(17.4943294557309,11.9105538196959,1.47098910576825));
#4018=CARTESIAN_POINT('',(17.4996520283347,11.9105538196959,1.47129730237133));
#4019=CARTESIAN_POINT('',(17.5008724607213,11.9346359351395,1.4727418085875));
#4020=CARTESIAN_POINT('',(17.5062832974504,11.9348930594826,1.47311419825416));
#4021=CARTESIAN_POINT('',(17.5116888949695,11.9351344445689,1.47344141333934));
#4022=CARTESIAN_POINT('',(17.5120640837406,11.9540073094453,1.45280543146345));
#4023=CARTESIAN_POINT('',(17.517522596045,11.95446879697,1.45297416933263));
#4024=CARTESIAN_POINT('',(17.5229689330196,11.9549019644474,1.45311124331883));
#4025=CARTESIAN_POINT('',(17.5141119058785,11.9540073094453,1.42595583673706));
#4026=CARTESIAN_POINT('',(17.5195399102032,11.95446879697,1.42584965298835));
#4027=CARTESIAN_POINT('',(17.5249555157831,11.9549019644474,1.4257297901379));
#4028=CARTESIAN_POINT('',(17.5049752800321,11.9105538196959,1.47157266089214));
#4029=CARTESIAN_POINT('',(17.5076369058809,11.9105538196959,1.47171034015255));
#4030=CARTESIAN_POINT('',(17.5102987015029,11.9105538196959,1.47183980989239));
#4031=CARTESIAN_POINT('',(17.5170882382047,11.9353630675288,1.47373485902562));
#4032=CARTESIAN_POINT('',(17.519787710273,11.9354774781074,1.4738815776805));
#4033=CARTESIAN_POINT('',(17.5224856290867,11.9355886912842,1.47401985564647));
#4034=CARTESIAN_POINT('',(17.5284039099829,11.9553121732132,1.45322555589184));
#4035=CARTESIAN_POINT('',(17.5311210355795,11.9555174399382,1.45328272734035));
#4036=CARTESIAN_POINT('',(17.5338353403697,11.9557169562921,1.45333420883032));
#4037=CARTESIAN_POINT('',(17.5303602832674,11.9553121732132,1.42560182989283));
#4038=CARTESIAN_POINT('',(17.5330623058516,11.9555174399382,1.42553788028498));
#4039=CARTESIAN_POINT('',(17.535761637982,11.9557169562921,1.42547190497056));
#4040=CARTESIAN_POINT('',(17.5129603477172,11.9105538196959,1.47196247118751));
#4041=CARTESIAN_POINT('',(17.5156219939314,11.9105538196959,1.47208513248264));
#4042=CARTESIAN_POINT('',(17.5182835083977,11.9105538196959,1.4722006707997));
#4043=CARTESIAN_POINT('',(17.5251818656353,11.9356970795809,1.47415111794139));
#4044=CARTESIAN_POINT('',(17.5278779752323,11.9358055291294,1.47428237834548));
#4045=CARTESIAN_POINT('',(17.5305723889364,11.9359110727827,1.47440630483817));
#4046=CARTESIAN_POINT('',(17.5365469222549,11.9559113928022,1.45338111259287));
#4047=CARTESIAN_POINT('',(17.5392582735533,11.9561059298851,1.45342802651442));
#4048=CARTESIAN_POINT('',(17.5419668599454,11.9562952425493,1.45347010820098));
#4049=CARTESIAN_POINT('',(17.5384584707121,11.9559113928022,1.42540460146337));
#4050=CARTESIAN_POINT('',(17.541155073922,11.9561059298851,1.42533731729044));
#4051=CARTESIAN_POINT('',(17.5438491308623,11.9562952425493,1.42526853472161));
#4052=CARTESIAN_POINT('',(17.5209460170365,11.9105538196959,1.47230212331533));
#4053=CARTESIAN_POINT('',(17.5315960515914,11.9105538196959,1.47270793337788));
#4054=CARTESIAN_POINT('',(17.5422566716709,11.9105538196959,1.47292444292815));
#4055=CARTESIAN_POINT('',(17.5332654177579,11.9360120295608,1.47451583745139));
#4056=CARTESIAN_POINT('',(17.5440363425728,11.9364164166964,1.47495396091296));
#4057=CARTESIAN_POINT('',(17.5547841259217,11.9367553129612,1.47519836130611));
#4058=CARTESIAN_POINT('',(17.544672101799,11.9564763107373,1.45350169973833));
#4059=CARTESIAN_POINT('',(17.5554909102853,11.9572015063961,1.45362817071013));
#4060=CARTESIAN_POINT('',(17.5662597084405,11.957809033328,1.45361655338269));
#4061=CARTESIAN_POINT('',(17.5465397611205,11.9564763107373,1.42519444867788));
#4062=CARTESIAN_POINT('',(17.5573001330839,11.9572015063961,1.42489828877742));
#4063=CARTESIAN_POINT('',(17.5680104355218,11.957809033328,1.42453802145937));
#4064=CARTESIAN_POINT('',(17.5529167579047,11.9105538196959,1.4730672586318));
#4065=CARTESIAN_POINT('',(17.5555817794631,11.9105538196959,1.47310296255771));
#4066=CARTESIAN_POINT('',(17.5582467676562,11.9105538196959,1.47313406061821));
#4067=CARTESIAN_POINT('',(17.5655100339972,11.9370534219651,1.47536602094555));
#4068=CARTESIAN_POINT('',(17.5681912878701,11.9371280472711,1.47540794074757));
#4069=CARTESIAN_POINT('',(17.5708712052455,11.9372001495321,1.47544506774667));
#4070=CARTESIAN_POINT('',(17.5769913909664,11.958343299253,1.45356283582442));
#4071=CARTESIAN_POINT('',(17.5796739090022,11.9584770300243,1.45354943105879));
#4072=CARTESIAN_POINT('',(17.5823541721935,11.958606230551,1.45353336889398));
#4073=CARTESIAN_POINT('',(17.5786857538348,11.958343299253,1.42418200932453));
#4074=CARTESIAN_POINT('',(17.5813541825746,11.9584770300243,1.42409304162174));
#4075=CARTESIAN_POINT('',(17.5840205009845,11.958606230551,1.42400427441925));
#4076=CARTESIAN_POINT('',(17.5609115487438,11.9105538196959,1.47316235916744));
#4077=CARTESIAN_POINT('',(17.5635763298313,11.9105538196959,1.47319065771668));
#4078=CARTESIAN_POINT('',(17.5662407454421,11.9105538196959,1.47321783424713));
#4079=CARTESIAN_POINT('',(17.5735498645727,11.9372702476098,1.47547924052314));
#4080=CARTESIAN_POINT('',(17.5762284393919,11.9373403815549,1.47551341533247));
#4081=CARTESIAN_POINT('',(17.5789057974742,11.9374089200527,1.47554633689286));
#4082=CARTESIAN_POINT('',(17.5850325145049,11.9587318329385,1.45351605398072));
#4083=CARTESIAN_POINT('',(17.587710704488,11.9588574955371,1.45349874829327));
#4084=CARTESIAN_POINT('',(17.5903872083486,11.9589802942785,1.45348154625603));
#4085=CARTESIAN_POINT('',(17.586685111256,11.9587318329385,1.42391653691257));
#4086=CARTESIAN_POINT('',(17.5893495698437,11.9588574955371,1.42382881240105));
#4087=CARTESIAN_POINT('',(17.5920125980568,11.9589802942785,1.42374301920741));
#4088=CARTESIAN_POINT('',(17.5689053624882,11.9105538196959,1.47323784145105));
#4089=CARTESIAN_POINT('',(17.5742345965806,11.9105538196959,1.4732778558589));
#4090=CARTESIAN_POINT('',(17.5795644052593,11.9105538196959,1.4732917041387));
#4091=CARTESIAN_POINT('',(17.5815818422389,11.9374744554679,1.47557188016169));
#4092=CARTESIAN_POINT('',(17.5869336931882,11.9376056241616,1.47562297304679));
#4093=CARTESIAN_POINT('',(17.5922802571397,11.9377250880937,1.4756470754603));
#4094=CARTESIAN_POINT('',(17.5930612953495,11.9590977023936,1.45345949924654));
#4095=CARTESIAN_POINT('',(17.5984090396764,11.9593326832735,1.45341543117932));
#4096=CARTESIAN_POINT('',(17.6037472227275,11.9595466571745,1.45335421752577));
#4097=CARTESIAN_POINT('',(17.5946733319972,11.9590977023936,1.42365576049134));
#4098=CARTESIAN_POINT('',(17.5999943719616,11.9593326832735,1.42348127885011));
#4099=CARTESIAN_POINT('',(17.6053063182597,11.9595466571745,1.42330279974596));
#4100=CARTESIAN_POINT('',(17.5848943639004,11.9105538196959,1.4732842602543));
#4101=CARTESIAN_POINT('',(17.5902243225415,11.9105538196959,1.47327681636991));
#4102=CARTESIAN_POINT('',(17.595554431145,11.9105538196959,1.47324808032131));
#4103=CARTESIAN_POINT('',(17.5976215149015,11.9378336007255,1.47564909325614));
#4104=CARTESIAN_POINT('',(17.6029625061179,11.9379422156324,1.47565112035691));
#4105=CARTESIAN_POINT('',(17.6082981903126,11.9380397413755,1.47563105331022));
#4106=CARTESIAN_POINT('',(17.6090761262263,11.9597409792799,1.45328009975804));
#4107=CARTESIAN_POINT('',(17.6144045507597,11.9599354746728,1.45320601185423));
#4108=CARTESIAN_POINT('',(17.619723605805,11.960110073919,1.45311909116241));
#4109=CARTESIAN_POINT('',(17.6106094251541,11.9597409792799,1.42312370317035));
#4110=CARTESIAN_POINT('',(17.6159120549593,11.9599354746728,1.42294464533991));
#4111=CARTESIAN_POINT('',(17.6212056440898,11.960110073919,1.42276515548531));
#4112=CARTESIAN_POINT('',(17.6008842650871,11.9105538196959,1.47320292607234));
#4113=CARTESIAN_POINT('',(17.6062140990291,11.9105538196959,1.47315777182338));
#4114=CARTESIAN_POINT('',(17.6115435874901,11.9105538196959,1.47309819162965));
#4115=CARTESIAN_POINT('',(17.6136286327568,11.9381271268443,1.47559381329749));
#4116=CARTESIAN_POINT('',(17.6189588573573,11.9382145885068,1.47555658203545));
#4117=CARTESIAN_POINT('',(17.6242840420293,11.9382923749404,1.47550419645769));
#4118=CARTESIAN_POINT('',(17.6250338917111,11.9602664836787,1.45302344625167));
#4119=CARTESIAN_POINT('',(17.6303437870485,11.9604230234004,1.45292782543598));
#4120=CARTESIAN_POINT('',(17.6356453475415,11.9605622109869,1.45282508578529));
#4121=CARTESIAN_POINT('',(17.6264909726658,11.9602664836787,1.42258827857976));
#4122=CARTESIAN_POINT('',(17.6317759121353,11.9604230234004,1.42241143141204));
#4123=CARTESIAN_POINT('',(17.6370530440604,11.9605622109869,1.42223826053877));
#4124=CARTESIAN_POINT('',(17.6168725284865,11.9105538196959,1.47302279110225));
#4125=CARTESIAN_POINT('',(17.6275304104793,11.9105538196959,1.47287199004745));
#4126=CARTESIAN_POINT('',(17.6381874744362,11.9105538196959,1.47262172157469));
#4127=CARTESIAN_POINT('',(17.6296037584301,11.9383598966324,1.47543522200318));
#4128=CARTESIAN_POINT('',(17.6402426749859,11.9384950938973,1.47529729474613));
#4129=CARTESIAN_POINT('',(17.6508577606929,11.9385811029883,1.47505639662345));
#4130=CARTESIAN_POINT('',(17.640938063002,11.9606829922895,1.45271426539736));
#4131=CARTESIAN_POINT('',(17.6515225704401,11.9609248188575,1.45249267799893));
#4132=CARTESIAN_POINT('',(17.6620668894859,11.9610784523703,1.45220878227773));
#4133=CARTESIAN_POINT('',(17.6423219779677,11.9606829922895,1.42206843806807));
#4134=CARTESIAN_POINT('',(17.652858925531,11.9609248188575,1.42172885621364));
#4135=CARTESIAN_POINT('',(17.6633580060197,11.9610784523703,1.4213814336524));
#4136=CARTESIAN_POINT('',(17.6488435860815,11.9105538196959,1.47233738507277));
#4137=CARTESIAN_POINT('',(17.6541716419042,11.9105538196959,1.4721952168218));
#4138=CARTESIAN_POINT('',(17.6594994596489,11.9105538196959,1.47204453156355));
#4139=CARTESIAN_POINT('',(17.6614577486536,11.9386367122065,1.47477905911981));
#4140=CARTESIAN_POINT('',(17.6667576248156,11.9386645232215,1.47464039414547));
#4141=CARTESIAN_POINT('',(17.6720538928647,11.9386849591356,1.47449263757358));
#4142=CARTESIAN_POINT('',(17.6725855225757,11.9611775837657,1.45191333132354));
#4143=CARTESIAN_POINT('',(17.6778446298886,11.9612271604231,1.45176561338564));
#4144=CARTESIAN_POINT('',(17.6830975101559,11.961263514996,1.45161481355122));
#4145=CARTESIAN_POINT('',(17.6738321606575,11.9611775837657,1.42105602076665));
#4146=CARTESIAN_POINT('',(17.679069029364,11.9612271604231,1.42089332230413));
#4147=CARTESIAN_POINT('',(17.6842997323594,11.961263514996,1.42073565092724));
#4148=CARTESIAN_POINT('',(17.6648270225313,11.9105538196959,1.47189350422161));
#4149=CARTESIAN_POINT('',(17.6701545854137,11.9105538196959,1.47174247687966));
#4150=CARTESIAN_POINT('',(17.6754821153054,11.9105538196959,1.47158726541725));
#4151=CARTESIAN_POINT('',(17.6773471330293,11.9386992897889,1.47434401164619));
#4152=CARTESIAN_POINT('',(17.6826403265485,11.9387136087576,1.47419538587645));
#4153=CARTESIAN_POINT('',(17.6879303530706,11.9387209294639,1.47404199928107));
#4154=CARTESIAN_POINT('',(17.6883455078895,11.9612889290491,1.45146808254462));
#4155=CARTESIAN_POINT('',(17.6935934233171,11.9613143225348,1.45132135167735));
#4156=CARTESIAN_POINT('',(17.6988359584681,11.9613271737834,1.45117552320859));
#4157=CARTESIAN_POINT('',(17.6895259737055,11.9612889290491,1.42058876680192));
#4158=CARTESIAN_POINT('',(17.6947521329521,11.9613143225348,1.42044188266932));
#4159=CARTESIAN_POINT('',(17.6999732430821,11.9613271737834,1.42030357804489));
#4160=CARTESIAN_POINT('',(17.6808094470753,11.9105538196959,1.47142342595497));
#4161=CARTESIAN_POINT('',(17.6914641106149,11.9105538196959,1.47109574703041));
#4162=CARTESIAN_POINT('',(17.7021178992446,11.9105538196959,1.47073510184757));
#4163=CARTESIAN_POINT('',(17.6932167565932,11.9387205197616,1.47387937727317));
#4164=CARTESIAN_POINT('',(17.7037895292412,11.9387196136264,1.47355412557795));
#4165=CARTESIAN_POINT('',(17.7143483654431,11.9386886334395,1.47319353171495));
#4166=CARTESIAN_POINT('',(17.7040723308248,11.9613261688906,1.45102672173272));
#4167=CARTESIAN_POINT('',(17.7145450173814,11.9613240062079,1.45072910385331));
#4168=CARTESIAN_POINT('',(17.7249939521929,11.961267938498,1.45042039921358));
#4169=CARTESIAN_POINT('',(17.7051884029707,11.9613261688906,1.42017075955505));
#4170=CARTESIAN_POINT('',(17.715618664561,11.9613240062079,1.4199051067266));
#4171=CARTESIAN_POINT('',(17.7260258250735,11.961267938498,1.41966115404095));
#4172=CARTESIAN_POINT('',(17.7127689862827,11.9105538196959,1.47031542692675));
#4173=CARTESIAN_POINT('',(17.7234200733208,11.9105538196959,1.46989575200594));
#4174=CARTESIAN_POINT('',(17.7340688660277,11.9105538196959,1.46941327931176));
#4175=CARTESIAN_POINT('',(17.7248894074744,11.9386222390604,1.4727712539988));
#4176=CARTESIAN_POINT('',(17.7354307203416,11.9385555806925,1.47234893802202));
#4177=CARTESIAN_POINT('',(17.7459537260029,11.9384503903966,1.47186090468673));
#4178=CARTESIAN_POINT('',(17.7354135777961,11.9611483878024,1.45007859560307));
#4179=CARTESIAN_POINT('',(17.745833690527,11.9610283670621,1.4497367267576));
#4180=CARTESIAN_POINT('',(17.7562237981193,11.960839276,1.44936011417319));
#4181=CARTESIAN_POINT('',(17.7364042174482,11.9611483878024,1.41942259300694));
#4182=CARTESIAN_POINT('',(17.7467830950738,11.9610283670621,1.41918396888845));
#4183=CARTESIAN_POINT('',(17.7571331881072,11.960839276,1.41895234488115));
#4184=CARTESIAN_POINT('',(17.74471596507,11.9105538196959,1.46889311731607));
#4185=CARTESIAN_POINT('',(17.7500395145912,11.9105538196959,1.46863303631822));
#4186=CARTESIAN_POINT('',(17.7553626139891,11.9105538196959,1.46836362199357));
#4187=CARTESIAN_POINT('',(17.7564632782047,11.938315940563,1.47133286757568));
#4188=CARTESIAN_POINT('',(17.7617182799477,11.938248559367,1.47106882103188));
#4189=CARTESIAN_POINT('',(17.7669700064835,11.9381739841891,1.47079486841911));
#4190=CARTESIAN_POINT('',(17.7665911432026,11.9605977248884,1.44896677456785));
#4191=CARTESIAN_POINT('',(17.771775218695,11.9604766677818,1.44877006153985));
#4192=CARTESIAN_POINT('',(17.7769537789487,11.9603427108282,1.44856914326864));
#4193=CARTESIAN_POINT('',(17.7674605286593,11.9605977248884,1.41873547834718));
#4194=CARTESIAN_POINT('',(17.7726246005068,11.9604766677818,1.4186270065617));
#4195=CARTESIAN_POINT('',(17.7777831559894,11.9603427108282,1.41852204457249));
#4196=CARTESIAN_POINT('',(17.7606852962487,11.9105538196959,1.4680881506016));
#4197=CARTESIAN_POINT('',(17.7660079785083,11.9105538196959,1.46781267920964));
#4198=CARTESIAN_POINT('',(17.7713302640754,11.9105538196959,1.46753137314644));
#4199=CARTESIAN_POINT('',(17.7722188673063,11.9380930402023,1.47051433204778));
#4200=CARTESIAN_POINT('',(17.7774679125362,11.9380119774143,1.47023377309131));
#4201=CARTESIAN_POINT('',(17.7827134246601,11.9379228031161,1.46994669486905));
#4202=CARTESIAN_POINT('',(17.7821274447564,11.9601973321563,1.44836665295598));
#4203=CARTESIAN_POINT('',(17.787301439352,11.9600517384186,1.44816412904251));
#4204=CARTESIAN_POINT('',(17.7924694485435,11.9598915984913,1.44796147687472));
#4205=CARTESIAN_POINT('',(17.7829367085265,11.9601973321563,1.41842231499363));
#4206=CARTESIAN_POINT('',(17.7880905887364,11.9600517384186,1.41832255649602));
#4207=CARTESIAN_POINT('',(17.7932385261346,11.9598915984913,1.41823135919855));
#4208=CARTESIAN_POINT('',(17.7766521590089,11.9105538196959,1.46724063786643));
#4209=CARTESIAN_POINT('',(17.787295948876,11.9105538196959,1.46665916730642));
#4210=CARTESIAN_POINT('',(17.7979380820855,11.9105538196959,1.46604368830959));
#4211=CARTESIAN_POINT('',(17.7879557144082,11.9378261677166,1.46964958462283));
#4212=CARTESIAN_POINT('',(17.7984409641614,11.9376324895383,1.46905528230661));
#4213=CARTESIAN_POINT('',(17.8089138309055,11.937409796562,1.46842458638733));
#4214=CARTESIAN_POINT('',(17.7976319936525,11.9597180763813,1.44775467317736));
#4215=CARTESIAN_POINT('',(17.8079582770876,11.9593702904655,1.44734094902719));
#4216=CARTESIAN_POINT('',(17.8182637016596,11.9589704535183,1.44691359187508));
#4217=CARTESIAN_POINT('',(17.7983810049291,11.9597180763813,1.41814397683613));
#4218=CARTESIAN_POINT('',(17.808667151743,11.9593702904655,1.41796911575168));
#4219=CARTESIAN_POINT('',(17.8189324858899,11.9589704535183,1.41781149643673));
#4220=CARTESIAN_POINT('',(17.8085779121191,11.9105538196959,1.46539430592982));
#4221=CARTESIAN_POINT('',(17.813897827136,11.9105538196959,1.46506961473994));
#4222=CARTESIAN_POINT('',(17.8192172137509,11.9105538196959,1.46473643781943));
#4223=CARTESIAN_POINT('',(17.8193789851686,11.9371705607642,1.46775868833586));
#4224=CARTESIAN_POINT('',(17.8246119836991,11.9370507029481,1.46742568633673));
#4225=CARTESIAN_POINT('',(17.8298425914073,11.9369253538295,1.46708374947509));
#4226=CARTESIAN_POINT('',(17.8285570614996,11.9585409202804,1.44646380976094));
#4227=CARTESIAN_POINT('',(17.8337044902635,11.9583257131632,1.44623884690467));
#4228=CARTESIAN_POINT('',(17.8388480245357,11.9581006486433,1.44600920738002));
#4229=CARTESIAN_POINT('',(17.8291856932921,11.9585409202804,1.41764872325488));
#4230=CARTESIAN_POINT('',(17.8343130433592,11.9583257131632,1.41756728068589));
#4231=CARTESIAN_POINT('',(17.8394364707953,11.9581006486433,1.41748693422533));
#4232=CARTESIAN_POINT('',(17.8245360762749,11.9105538196959,1.46439477586262));
#4233=CARTESIAN_POINT('',(17.8298549387989,11.9105538196959,1.46405311390581));
#4234=CARTESIAN_POINT('',(17.835173277232,11.9105538196959,1.46370296691269));
#4235=CARTESIAN_POINT('',(17.8350704334187,11.9367935098447,1.46673278666368));
#4236=CARTESIAN_POINT('',(17.8402985873742,11.9366614935891,1.46638178402197));
#4237=CARTESIAN_POINT('',(17.8455242711583,11.9365236287136,1.46602180947557));
#4238=CARTESIAN_POINT('',(17.8439870107658,11.957863925596,1.44577558851023));
#4239=CARTESIAN_POINT('',(17.8491265508876,11.9576268847816,1.44554191704164));
#4240=CARTESIAN_POINT('',(17.8542620701805,11.9573793424746,1.4453037974364));
#4241=CARTESIAN_POINT('',(17.8445553501312,11.957863925596,1.41740945898202));
#4242=CARTESIAN_POINT('',(17.8496747815323,11.9576268847816,1.41733194399403));
#4243=CARTESIAN_POINT('',(17.8547901897278,11.9573793424746,1.417256120594));
#4244=CARTESIAN_POINT('',(17.8404910958854,11.9105538196959,1.46334433557757));
#4245=CARTESIAN_POINT('',(17.8458089145388,11.9105538196959,1.46298570424245));
#4246=CARTESIAN_POINT('',(17.8511261646745,11.9105538196959,1.46261859794755));
#4247=CARTESIAN_POINT('',(17.8507479766486,11.9363810793491,1.46565296515115));
#4248=CARTESIAN_POINT('',(17.8559720214694,11.9362383470905,1.46528407669565));
#4249=CARTESIAN_POINT('',(17.8611940642535,11.9360909231157,1.46490632395686));
#4250=CARTESIAN_POINT('',(17.8593944637204,11.957123385665,1.44506040344827));
#4251=CARTESIAN_POINT('',(17.8645274594022,11.9568670900918,1.44481695235834));
#4252=CARTESIAN_POINT('',(17.8696573354118,11.9566023654001,1.44456823019381));
#4253=CARTESIAN_POINT('',(17.859902490733,11.957123385665,1.41717989729703));
#4254=CARTESIAN_POINT('',(17.865015391904,11.9568670900918,1.41710363195508));
#4255=CARTESIAN_POINT('',(17.870125205168,11.9566023654001,1.41702696948926));
#4256=CARTESIAN_POINT('',(17.8564427660143,11.9105538196959,1.46224303364278));
#4257=CARTESIAN_POINT('',(17.8617593673541,11.9105538196959,1.46186746933802));
#4258=CARTESIAN_POINT('',(17.8670751517625,11.9105538196959,1.46148215822513));
#4259=CARTESIAN_POINT('',(17.8664145060924,11.9359399799261,1.46451982650431));
#4260=CARTESIAN_POINT('',(17.8716353091468,11.9357888460498,1.46413328114244));
#4261=CARTESIAN_POINT('',(17.8768542276766,11.9356338406864,1.46373667651709));
#4262=CARTESIAN_POINT('',(17.8747849101418,11.9563313143087,1.4443134246305));
#4263=CARTESIAN_POINT('',(17.8799131256024,11.9560599088057,1.44405855786696));
#4264=CARTESIAN_POINT('',(17.8850386959799,11.9557815434693,1.44379657180846));
#4265=CARTESIAN_POINT('',(17.8752327930513,11.9563313143087,1.41694782728545));
#4266=CARTESIAN_POINT('',(17.8803410195808,11.9560599088057,1.41686864077896));
#4267=CARTESIAN_POINT('',(17.8854467165539,11.9557815434693,1.41678631171048));
#4268=CARTESIAN_POINT('',(17.8723909513956,11.9105538196959,1.46109436291362));
#4269=CARTESIAN_POINT('',(17.8830225506616,11.9105538196959,1.46031877229061));
#4270=CARTESIAN_POINT('',(17.8936533168798,11.9105538196959,1.4595247967384));
#4271=CARTESIAN_POINT('',(17.8820719881679,11.9354746634257,1.46333719660658));
#4272=CARTESIAN_POINT('',(17.8925086590516,11.9351557156624,1.46253808269562));
#4273=CARTESIAN_POINT('',(17.9029403940898,11.9348212206103,1.46171916488187));
#4274=CARTESIAN_POINT('',(17.8901620268246,11.9554956768853,1.44353484407806));
#4275=CARTESIAN_POINT('',(17.9004107275229,11.954922837178,1.4430111948067));
#4276=CARTESIAN_POINT('',(17.9106509310707,11.9543220301304,1.44247938823258));
#4277=CARTESIAN_POINT('',(17.8905499963969,11.9554956768853,1.41670853781383));
#4278=CARTESIAN_POINT('',(17.9007585884617,11.954922837178,1.41655285266327));
#4279=CARTESIAN_POINT('',(17.9109583441973,11.9543220301304,1.41640493140285));
#4280=CARTESIAN_POINT('',(17.9042779086755,11.9105538196959,1.45866095246686));
#4281=CARTESIAN_POINT('',(17.9095902045734,11.9105538196959,1.45822903033108));
#4282=CARTESIAN_POINT('',(17.914900763926,11.9105538196959,1.45777712701019));
#4283=CARTESIAN_POINT('',(17.9133606150596,11.9344674765535,1.46082894309127));
#4284=CARTESIAN_POINT('',(17.9185713692982,11.9342902829027,1.46038374076482));
#4285=CARTESIAN_POINT('',(17.9237790265822,11.93410809428,1.45991818947965));
#4286=CARTESIAN_POINT('',(17.9208766393867,11.953686607217,1.44189105217424));
#4287=CARTESIAN_POINT('',(17.9259906343273,11.9533682914745,1.44159677105499));
#4288=CARTESIAN_POINT('',(17.9311008271563,11.9530409904154,1.44128597572367));
#4289=CARTESIAN_POINT('',(17.9211452074758,11.953686607217,1.41622031797955));
#4290=CARTESIAN_POINT('',(17.926239776323,11.9533682914745,1.41612793302293));
#4291=CARTESIAN_POINT('',(17.9313310200571,11.9530409904154,1.41602417533842));
#4292=CARTESIAN_POINT('',(17.9202098745092,11.9105538196959,1.45730805758041));
#4293=CARTESIAN_POINT('',(17.9255189850924,11.9105538196959,1.45683898815064));
#4294=CARTESIAN_POINT('',(17.9308266469064,11.9105538196959,1.45635275261199));
#4295=CARTESIAN_POINT('',(17.9289836862199,11.9339203567541,1.45943503122245));
#4296=CARTESIAN_POINT('',(17.9341888031385,11.9337323945494,1.45895180465824));
#4297=CARTESIAN_POINT('',(17.93939100435,11.933539016526,1.45845097688365));
#4298=CARTESIAN_POINT('',(17.9362070540553,11.9527037070025,1.44096182120241));
#4299=CARTESIAN_POINT('',(17.9413140910994,11.9523659995221,1.44063758233319));
#4300=CARTESIAN_POINT('',(17.9464173133026,11.9520185458575,1.44029987513293));
#4301=CARTESIAN_POINT('',(17.9364186354101,11.9527037070025,1.41591278776331));
#4302=CARTESIAN_POINT('',(17.9415070584823,11.9523659995221,1.41580134199015));
#4303=CARTESIAN_POINT('',(17.9465920103248,11.9520185458575,1.41568200524562));
#4304=CARTESIAN_POINT('',(17.9361331477271,11.9105538196959,1.45585216604071));
#4305=CARTESIAN_POINT('',(17.9414396485478,11.9105538196959,1.45535157946944));
#4306=CARTESIAN_POINT('',(17.9467447813958,11.9105538196959,1.45483655676335));
#4307=CARTESIAN_POINT('',(17.9445908617622,11.9333409305226,1.4579354054185));
#4308=CARTESIAN_POINT('',(17.9497912034364,11.9331426102436,1.45741975864998));
#4309=CARTESIAN_POINT('',(17.9549890116521,11.9329395507594,1.45688927502953));
#4310=CARTESIAN_POINT('',(17.9515174516707,11.9516626149268,1.43995098157924));
#4311=CARTESIAN_POINT('',(17.9566184477827,11.9513062398801,1.43960199540349));
#4312=CARTESIAN_POINT('',(17.9617162291658,11.9509413292328,1.43924174584465));
#4313=CARTESIAN_POINT('',(17.951674139787,11.9516626149268,1.41555629605825));
#4314=CARTESIAN_POINT('',(17.9567571245138,11.9513062398801,1.41543052334749));
#4315=CARTESIAN_POINT('',(17.9618372125956,11.9509413292328,1.41529832706079));
#4316=CARTESIAN_POINT('',(17.9520485372507,11.9105538196959,1.45430830532249));
#4317=CARTESIAN_POINT('',(17.9573522931056,11.9105538196959,1.45378005388163));
#4318=CARTESIAN_POINT('',(17.9626546719673,11.9105538196959,1.453238573706));
#4319=CARTESIAN_POINT('',(17.960184408071,11.9327320529419,1.45634517794161));
#4320=CARTESIAN_POINT('',(17.9653803135416,11.932524312535,1.45580099900919));
#4321=CARTESIAN_POINT('',(17.9705739528876,11.9323124627178,1.45524323131391));
#4322=CARTESIAN_POINT('',(17.9668110202589,11.9505684216199,1.43887120861142));
#4323=CARTESIAN_POINT('',(17.9719067128784,11.9501950522149,1.43850057109061));
#4324=CARTESIAN_POINT('',(17.9769996936018,11.9498142743209,1.43811940557165));
#4325=CARTESIAN_POINT('',(17.9669146276151,11.9505684216199,1.4151603558325));
#4326=CARTESIAN_POINT('',(17.9719929416522,11.9501950522149,1.41502231622521));
#4327=CARTESIAN_POINT('',(17.9770688825933,11.9498142743209,1.41487790343733));
#4328=CARTESIAN_POINT('',(17.9679556648154,11.9105538196959,1.45268507219563));
#4329=CARTESIAN_POINT('',(17.9785576505116,11.9105538196959,1.45157806917491));
#4330=CARTESIAN_POINT('',(17.9891547845838,11.9105538196959,1.45041709191386));
#4331=CARTESIAN_POINT('',(17.975764964832,11.9320954833485,1.4546729769562));
#4332=CARTESIAN_POINT('',(17.9861485926001,11.9316607734168,1.45353220301622));
#4333=CARTESIAN_POINT('',(17.9965221499157,11.931204342947,1.45233547868095));
#4334=CARTESIAN_POINT('',(17.9820892508247,11.949424252789,1.43772959973799));
#4335=CARTESIAN_POINT('',(17.992271205483,11.9486427733869,1.43694966481433));
#4336=CARTESIAN_POINT('',(18.0024395661308,11.9478221379795,1.43613007606557));
#4337=CARTESIAN_POINT('',(17.9821416532624,11.949424252789,1.41473008976511));
#4338=CARTESIAN_POINT('',(17.9922900271977,11.9486427733869,1.41443424383271));
#4339=CARTESIAN_POINT('',(18.0024256575981,11.9478221379795,1.41412093712694));
#4340=CARTESIAN_POINT('',(17.9997454919466,11.9105538196959,1.44920276037191));
#4341=CARTESIAN_POINT('',(18.005040845628,11.9105538196959,1.44859559460093));
#4342=CARTESIAN_POINT('',(18.0103344853389,11.9105538196959,1.4479745622335));
#4343=CARTESIAN_POINT('',(18.0068876240913,11.9307357092396,1.45108426717522));
#4344=CARTESIAN_POINT('',(18.0120712318644,11.9305009947992,1.45045850839066));
#4345=CARTESIAN_POINT('',(18.0172526983889,11.9302631138841,1.44981858358034));
#4346=CARTESIAN_POINT('',(18.0126000217337,11.9469794415096,1.43526481898352));
#4347=CARTESIAN_POINT('',(18.0176817912408,11.9465573270202,1.43483200456935));
#4348=CARTESIAN_POINT('',(18.0227614780281,11.9461294861932,1.43438731173031));
#4349=CARTESIAN_POINT('',(18.012555304803,11.9469794415096,1.41377396545519));
#4350=CARTESIAN_POINT('',(18.0176216663313,11.9465573270202,1.41360035465656));
#4351=CARTESIAN_POINT('',(18.0226864567196,11.9461294861932,1.4134179832782));
#4352=CARTESIAN_POINT('',(18.0156265420857,11.9105538196959,1.4473413544814));
#4353=CARTESIAN_POINT('',(18.0209185988324,11.9105538196959,1.4467081467293));
#4354=CARTESIAN_POINT('',(18.0262104398224,11.9105538196959,1.44606945525707));
#4355=CARTESIAN_POINT('',(18.0224326993623,11.9300235885127,1.44916631338932));
#4356=CARTESIAN_POINT('',(18.0276132956467,11.9297837956732,1.44851393570972));
#4357=CARTESIAN_POINT('',(18.032794318456,11.9295438643089,1.44785600709235));
#4358=CARTESIAN_POINT('',(18.0278402240505,11.9456986546269,1.43393136570435));
#4359=CARTESIAN_POINT('',(18.0329200245539,11.9452673058831,1.43347528845609));
#4360=CARTESIAN_POINT('',(18.0380008816812,11.9448356720951,1.43301355703676));
#4361=CARTESIAN_POINT('',(18.0277508572284,11.9456986546269,1.41322585524838));
#4362=CARTESIAN_POINT('',(18.0328163098166,11.9452673058831,1.4130336383608));
#4363=CARTESIAN_POINT('',(18.0378829816838,11.9448356720951,1.4128356701474));
#4364=CARTESIAN_POINT('',(18.0315007078637,11.9105538196959,1.44541751963376));
#4365=CARTESIAN_POINT('',(18.0420812439462,11.9105538196959,1.44411364838715));
#4366=CARTESIAN_POINT('',(18.0526554882339,11.9105538196959,1.44275680053624));
#4367=CARTESIAN_POINT('',(18.0379733204246,11.9293006153002,1.44718450582604));
#4368=CARTESIAN_POINT('',(18.0483331462102,11.9288133146048,1.4458411689725));
#4369=CARTESIAN_POINT('',(18.0586849936546,11.9283127095699,1.44444350248981));
#4370=CARTESIAN_POINT('',(18.043079711992,11.9443980357647,1.43254064429715));
#4371=CARTESIAN_POINT('',(18.0532406008792,11.9435212063878,1.43159440943842));
#4372=CARTESIAN_POINT('',(18.0633935691151,11.94262029149,1.43060339959173));
#4373=CARTESIAN_POINT('',(18.0429480796928,11.9443980357647,1.41262979368906));
#4374=CARTESIAN_POINT('',(18.0530814969601,11.9435212063878,1.41221776242291));
#4375=CARTESIAN_POINT('',(18.0632088059452,11.94262029149,1.41177406260853));
#4376=CARTESIAN_POINT('',(18.0632125831907,11.9105538196959,1.44128489263344));
#4377=CARTESIAN_POINT('',(18.0737696781474,11.9105538196959,1.43981298473064));
#4378=CARTESIAN_POINT('',(18.084313367758,11.9105538196959,1.43823620077119));
#4379=CARTESIAN_POINT('',(18.0690095574945,11.9277732231204,1.44292723786993));
#4380=CARTESIAN_POINT('',(18.0793368239939,11.9272325666659,1.44141042992629));
#4381=CARTESIAN_POINT('',(18.0896410772556,11.9266533317132,1.43978506186476));
#4382=CARTESIAN_POINT('',(18.0735144291205,11.9416492514321,1.42952328904898));
#4383=CARTESIAN_POINT('',(18.0836400777742,11.9406759160051,1.42844251482683));
#4384=CARTESIAN_POINT('',(18.0937373414931,11.9396329360475,1.42728226781048));
#4385=CARTESIAN_POINT('',(18.0733081423259,11.9416492514321,1.41128137278423));
#4386=CARTESIAN_POINT('',(18.0834122591976,11.9406759160051,1.41078823366859));
#4387=CARTESIAN_POINT('',(18.0934909494721,11.9396329360475,1.41025531748615));
#4388=CARTESIAN_POINT('',(18.0948457191933,11.9105538196959,1.43658638407104));
#4389=CARTESIAN_POINT('',(18.100111894911,11.9105538196959,1.43576147572097));
#4390=CARTESIAN_POINT('',(18.1053751075343,11.9105538196959,1.43491791031549));
#4391=CARTESIAN_POINT('',(18.0999313887022,11.9260559042472,1.43808471446207));
#4392=CARTESIAN_POINT('',(18.1050776695449,11.925756711704,1.43723429363475));
#4393=CARTESIAN_POINT('',(18.1102203491098,11.9254528885703,1.43636470755746));
#4394=CARTESIAN_POINT('',(18.1038211188898,11.9385569808532,1.42606017083804));
#4395=CARTESIAN_POINT('',(18.1088650010901,11.9380180520789,1.4254488213589));
#4396=CARTESIAN_POINT('',(18.113905435904,11.937470724852,1.42482163855033));
#4397=CARTESIAN_POINT('',(18.1035593943724,11.9385569808532,1.40967862164304));
#4398=CARTESIAN_POINT('',(18.1085956078995,11.9380180520789,1.40939007100148));
#4399=CARTESIAN_POINT('',(18.1136292223946,11.937470724852,1.40909028299503));
#4400=CARTESIAN_POINT('',(18.1106354167618,11.9105538196959,1.43405905114497));
#4401=CARTESIAN_POINT('',(18.1158957259894,11.9105538196959,1.43320019197445));
#4402=CARTESIAN_POINT('',(18.1211533243817,11.9105538196959,1.43232636671512));
#4403=CARTESIAN_POINT('',(18.1153603001754,11.925146887762,1.43547953716112));
#4404=CARTESIAN_POINT('',(18.1205010213071,11.9248405638746,1.43459419250731));
#4405=CARTESIAN_POINT('',(18.1256393069476,11.9245323389501,1.43369360975663));
#4406=CARTESIAN_POINT('',(18.1189440232802,11.9369194156101,1.42418029284339));
#4407=CARTESIAN_POINT('',(18.1239839758511,11.9363674616232,1.42353873380348));
#4408=CARTESIAN_POINT('',(18.129022422954,11.9358120216587,1.42288313905099));
#4409=CARTESIAN_POINT('',(18.1186619314847,11.9369194156101,1.40877833311106));
#4410=CARTESIAN_POINT('',(18.1236960044931,11.9363674616232,1.40846623851655));
#4411=CARTESIAN_POINT('',(18.1287294749408,11.9358120216587,1.40814181702351));
#4412=CARTESIAN_POINT('',(18.1264084030568,11.9105538196959,1.43143454749956));
#4413=CARTESIAN_POINT('',(18.1369185604069,11.9105538196959,1.42965090906845));
#4414=CARTESIAN_POINT('',(18.1474177237487,11.9105538196959,1.42779712929573));
#4415=CARTESIAN_POINT('',(18.1307746650587,11.9242200536014,1.43277455543565));
#4416=CARTESIAN_POINT('',(18.1410477458669,11.9235945062541,1.43093589679212));
#4417=CARTESIAN_POINT('',(18.1513086672892,11.9229537475826,1.42902522077815));
#4418=CARTESIAN_POINT('',(18.1340582053654,11.9352492020172,1.4222119439383));
#4419=CARTESIAN_POINT('',(18.1441339647923,11.9341216050365,1.42086887659663));
#4420=CARTESIAN_POINT('',(18.1541992260851,11.932966324358,1.41946442142925));
#4421=CARTESIAN_POINT('',(18.1337610366253,11.9352492020172,1.40780578188726));
#4422=CARTESIAN_POINT('',(18.1438283517666,11.9341216050365,1.40713324874051));
#4423=CARTESIAN_POINT('',(18.1538884872366,11.932966324358,1.40641416076947));
#4424=CARTESIAN_POINT('',(18.1579008180575,11.9105538196959,1.42586295540599));
#4425=CARTESIAN_POINT('',(18.1631423652119,11.9105538196959,1.42489586846112));
#4426=CARTESIAN_POINT('',(18.1683796757464,11.9105538196959,1.42390824799792));
#4427=CARTESIAN_POINT('',(18.1615496528123,11.9222886374573,1.42703133768882));
#4428=CARTESIAN_POINT('',(18.1666714069682,11.9219555698836,1.42603408298062));
#4429=CARTESIAN_POINT('',(18.1717878803681,11.921615994542,1.42501553013266));
#4430=CARTESIAN_POINT('',(18.1642448129131,11.9317668557286,1.41799435086925));
#4431=CARTESIAN_POINT('',(18.169269845652,11.9311660835042,1.41725892844832));
#4432=CARTESIAN_POINT('',(18.1742896327235,11.930553497567,1.41650690864677));
#4433=CARTESIAN_POINT('',(18.163933223702,11.9317668557286,1.4056538495713));
#4434=CARTESIAN_POINT('',(18.1689578310674,11.9311660835042,1.40527342794758));
#4435=CARTESIAN_POINT('',(18.1739783029463,11.930553497567,1.40488293692602));
#4436=CARTESIAN_POINT('',(18.1736141538396,11.9105538196959,1.42290268358137));
#4437=CARTESIAN_POINT('',(18.1788486319327,11.9105538196959,1.42189711916483));
#4438=CARTESIAN_POINT('',(18.1840798348618,11.9105538196959,1.42087282846557));
#4439=CARTESIAN_POINT('',(18.1769011118376,11.9212719074919,1.4239784506012));
#4440=CARTESIAN_POINT('',(18.1820152148161,11.9209274709544,1.4229411479821));
#4441=CARTESIAN_POINT('',(18.1871254923299,11.9205779710764,1.42188447098009));
#4442=CARTESIAN_POINT('',(18.1793064835251,11.9299326937117,1.41573952354593));
#4443=CARTESIAN_POINT('',(18.1843248822761,11.9293111776254,1.41497186250659));
#4444=CARTESIAN_POINT('',(18.1893397277021,11.928680443409,1.41418840056619));
#4445=CARTESIAN_POINT('',(18.1789966534691,11.9299326937117,1.40448151400151));
#4446=CARTESIAN_POINT('',(18.1840165522691,11.9293111776254,1.40407990141734));
#4447=CARTESIAN_POINT('',(18.1890338118747,11.928680443409,1.40366749393242));
#4448=CARTESIAN_POINT('',(18.1893070547044,11.9105538196959,1.41982864235075));
#4449=CARTESIAN_POINT('',(18.1997614943896,11.9105538196959,1.41774027012112));
#4450=CARTESIAN_POINT('',(18.2101996108283,11.9105538196959,1.41557505122544));
#4451=CARTESIAN_POINT('',(18.1922310413061,11.920222688129,1.42080717113591));
#4452=CARTESIAN_POINT('',(18.2024448444566,11.9195110518534,1.4186518580706));
#4453=CARTESIAN_POINT('',(18.2126396756876,11.9187767499611,1.41641674323581));
#4454=CARTESIAN_POINT('',(18.1943500949974,11.9280391883305,1.41338842939917));
#4455=CARTESIAN_POINT('',(18.204375637203,11.9267544828076,1.41178760391296));
#4456=CARTESIAN_POINT('',(18.2143835529487,11.925428498186,1.41012299363768));
#4457=CARTESIAN_POINT('',(18.1940476754155,11.9280391883305,1.40324432887701));
#4458=CARTESIAN_POINT('',(18.2040802126084,11.9267544828076,1.40239739132727));
#4459=CARTESIAN_POINT('',(18.214099550415,11.925428498186,1.40150915090252));
#4460=CARTESIAN_POINT('',(18.2206170177889,11.9105538196959,1.41331401110611));
#4461=CARTESIAN_POINT('',(18.2310344247495,11.9105538196959,1.41105297098678));
#4462=CARTESIAN_POINT('',(18.2414325754111,11.9105538196959,1.40869718414349));
#4463=CARTESIAN_POINT('',(18.2228090726601,11.918012065908,1.41408200999635));
#4464=CARTESIAN_POINT('',(18.2329823545293,11.9172458651929,1.41174618063606));
#4465=CARTESIAN_POINT('',(18.243132267913,11.916450252873,1.4093117506606));
#4466=CARTESIAN_POINT('',(18.2243665365801,11.9240472578324,1.40838059405783));
#4467=CARTESIAN_POINT('',(18.2343564311712,11.922662865246,1.40663683759872));
#4468=CARTESIAN_POINT('',(18.2443236687602,11.9212248987804,1.40481544779239));
#4469=CARTESIAN_POINT('',(18.2240994163404,11.9240472578324,1.40057360935235));
#4470=CARTESIAN_POINT('',(18.2341062020679,11.922662865246,1.39963713557824));
#4471=CARTESIAN_POINT('',(18.2440954508226,11.9212248987804,1.39865245441328));
#4472=CARTESIAN_POINT('',(18.2518168023565,11.9105538196959,1.40628443832493));
#4473=CARTESIAN_POINT('',(18.262201029302,11.9105538196959,1.40387169250638));
#4474=CARTESIAN_POINT('',(18.2725724317609,11.9105538196959,1.40140977707402));
#4475=CARTESIAN_POINT('',(18.2532681218092,11.9156383564882,1.40681771476686));
#4476=CARTESIAN_POINT('',(18.2634081077917,11.9148248792907,1.40432244815515));
#4477=CARTESIAN_POINT('',(18.2735360699402,11.9139978240607,1.40177555007579));
#4478=CARTESIAN_POINT('',(18.2542797542269,11.9197570421805,1.40294532171138));
#4479=CARTESIAN_POINT('',(18.2642431999442,11.9182858568216,1.40107367113826));
#4480=CARTESIAN_POINT('',(18.2741980820852,11.9167896338658,1.39915914191821));
#4481=CARTESIAN_POINT('',(18.25407742094,11.9197570421805,1.3976347391114));
#4482=CARTESIAN_POINT('',(18.2640667657855,11.9182858568216,1.39661597664607));
#4483=CARTESIAN_POINT('',(18.2740511687519,11.9167896338658,1.39556721054817));
#4484=CARTESIAN_POINT('',(18.2829287925005,11.9105538196959,1.39888298027192));
#4485=CARTESIAN_POINT('',(18.2932851532401,11.9105538196959,1.39635618346981));
#4486=CARTESIAN_POINT('',(18.3036268745151,11.9105538196959,1.39376735575539));
#4487=CARTESIAN_POINT('',(18.3139539563254,11.9105538196959,1.39111649712865));
#4488=CARTESIAN_POINT('',(18.2836483693613,11.9131516696134,1.39916066934945));
#4489=CARTESIAN_POINT('',(18.2937649868874,11.9123039061816,1.39654445434561));
#4490=CARTESIAN_POINT('',(18.3038668059683,11.911437972388,1.3938630927289));
#4491=CARTESIAN_POINT('',(18.2841400363197,11.9152583534943,1.39718952303367));
#4492=CARTESIAN_POINT('',(18.2940896944149,11.9137236449209,1.39521824865502));
#4493=CARTESIAN_POINT('',(18.3040275889833,11.912155508576,1.39319394380702));
#4494=CARTESIAN_POINT('',(18.28402679189,11.9152583534943,1.39448195918848));
#4495=CARTESIAN_POINT('',(18.2940101385681,11.9137236449209,1.39339556935617));
#4496=CARTESIAN_POINT('',(18.3039857798335,11.912155508576,1.39227377499186));
#4497=GEOMETRIC_SET('OTGQOZDGCY, Wing, 0',(#407,#920,#1433,#1946,#2459,#3478));
#4498=GEOMETRICALLY_BOUNDED_SURFACE_SHAPE_REPRESENTATION('',(#4497),#12);
#4499=SHAPE_REPRESENTATION_RELATIONSHIP('','',#26,#4498);
#4500=B_SPLINE_SURFACE_WITH_KNOTS('Surf_OTGQOZDGCY, Wing, 1, 1, lower',1,3,((#4501, #4502, #4503, #4507, #4508, #4509, #4513, #4514, #4515, #4519, #4520, #4521, #4525, #4526, #4527, #4531, #4532, #4533, #4537, #4538, #4539, #4543, #4544, #4545, #4549, #4550, #4551, #4555, #4556, #4557, #4561, #4562, #4563, #4567, #4568, #4569, #4573, #4574, #4575, #4579, #4580, #4581, #4585, #4586, #4587, #4591, #4592, #4593, #4597, #4598, #4599, #4603, #4604, #4605, #4609, #4610, #4611, #4615, #4616, #4617, #4621, #4622, #4623, #4627, #4628, #4629, #4633, #4634, #4635, #4639, #4640, #4641, #4645, #4646, #4647, #4651, #4652, #4653, #4657, #4658, #4659, #4663, #4664, #4665, #4669, #4670, #4671, #4675, #4676, #4677, #4681, #4682, #4683, #4687, #4688, #4689, #4693, #4694, #4695, #4699, #4700, #4701, #4705, #4706, #4707, #4711, #4712, #4713, #4717, #4718, #4719, #4723, #4724, #4725, #4729, #4730, #4731, #4735, #4736, #4737, #4741, #4742, #4743, #4747, #4748, #4749, #4753, #4754, #4755, #4759, #4760, #4761, #4765, #4766, #4767, #4771, #4772, #4773, #4777, #4778, #4779, #4783, #4784, #4785, #4789, #4790, #4791, #4795, #4796, #4797, #4801, #4802, #4803, #4807, #4808, #4809, #4813, #4814, #4815, #4819, #4820, #4821, #4825, #4826, #4827, #4831, #4832, #4833, #4837, #4838, #4839, #4843, #4844, #4845, #4849, #4850, #4851, #4855, #4856, #4857, #4861, #4862, #4863, #4867, #4868, #4869, #4873, #4874, #4875, #4879, #4880, #4881, #4885, #4886, #4887, #4891, #4892, #4893, #4897, #4898, #4899, #4903, #4904, #4905, #4909, #4910, #4911, #4915, #4916, #4917, #4921, #4922, #4923, #4927, #4928, #4929, #4933, #4934, #4935, #4939, #4940, #4941, #4945, #4946, #4947, #4951, #4952, #4953, #4957, #4958, #4959, #4963, #4964, #4965, #4969, #4970, #4971, #4975, #4976, #4977, #4981, #4982, #4983, #4987, #4988, #4989, #4993, #4994, #4995, #4999, #5000, #5001, #5005, #5006, #5007, #5008),(#4504, #4505, #4506, #4510, #4511, #4512, #4516, #4517, #4518, #4522, #4523, #4524, #4528, #4529, #4530, #4534, #4535, #4536, #4540, #4541, #4542, #4546, #4547, #4548, #4552, #4553, #4554, #4558, #4559, #4560, #4564, #4565, #4566, #4570, #4571, #4572, #4576, #4577, #4578, #4582, #4583, #4584, #4588, #4589, #4590, #4594, #4595, #4596, #4600, #4601, #4602, #4606, #4607, #4608, #4612, #4613, #4614, #4618, #4619, #4620, #4624, #4625, #4626, #4630, #4631, #4632, #4636, #4637, #4638, #4642, #4643, #4644, #4648, #4649, #4650, #4654, #4655, #4656, #4660, #4661, #4662, #4666, #4667, #4668, #4672, #4673, #4674, #4678, #4679, #4680, #4684, #4685, #4686, #4690, #4691, #4692, #4696, #4697, #4698, #4702, #4703, #4704, #4708, #4709, #4710, #4714, #4715, #4716, #4720, #4721, #4722, #4726, #4727, #4728, #4732, #4733, #4734, #4738, #4739, #4740, #4744, #4745, #4746, #4750, #4751, #4752, #4756, #4757, #4758, #4762, #4763, #4764, #4768, #4769, #4770, #4774, #4775, #4776, #4780, #4781, #4782, #4786, #4787, #4788, #4792, #4793, #4794, #4798, #4799, #4800, #4804, #4805, #4806, #4810, #4811, #4812, #4816, #4817, #4818, #4822, #4823, #4824, #4828, #4829, #4830, #4834, #4835, #4836, #4840, #4841, #4842, #4846, #4847, #4848, #4852, #4853, #4854, #4858, #4859, #4860, #4864, #4865, #4866, #4870, #4871, #4872, #4876, #4877, #4878, #4882, #4883, #4884, #4888, #4889, #4890, #4894, #4895, #4896, #4900, #4901, #4902, #4906, #4907, #4908, #4912, #4913, #4914, #4918, #4919, #4920, #4924, #4925, #4926, #4930, #4931, #4932, #4936, #4937, #4938, #4942, #4943, #4944, #4948, #4949, #4950, #4954, #4955, #4956, #4960, #4961, #4962, #4966, #4967, #4968, #4972, #4973, #4974, #4978, #4979, #4980, #4984, #4985, #4986, #4990, #4991, #4992, #4996, #4997, #4998, #5002, #5003, #5004, #5009, #5010, #5011, #5012)),.UNSPECIFIED.,.F.,.F.,.F.,(2,2),(4,3,3,3,3,3,3,3,3,3,3,3,3,3,3,3,3,3,3,3,3,3,3,3,3,3,3,3,3,3,3,3,3,3,3,3,3,3,3,3,3,3,3,3,3,3,3,3,3,3,3,3,3,3,3,3,3,3,3,3,3,3,3,3,3,3,3,3,3,3,3,3,3,3,3,3,3,3,3,3,3,3,3,3,3,4),(0.,1.),(0.,1.,2.,3.,4.,5.,6.,7.,8.,9.,10.,11.,12.,13.,14.,15.,16.,17.,18.,19.,20.,21.,22.,23.,24.,25.,26.,27.,28.,29.,30.,31.,32.,33.,34.,35.,36.,37.,38.,39.,40.,41.,42.,43.,44.,45.,46.,47.,48.,49.,50.,51.,52.,53.,54.,55.,56.,57.,58.,59.,60.,61.,62.,63.,64.,65.,66.,67.,68.,69.,70.,71.,72.,73.,74.,75.,76.,77.,78.,79.,80.,81.,82.,83.,84.,85.),.PIECEWISE_BEZIER_KNOTS.);
#4501=CARTESIAN_POINT('',(10.8823529411765,0.,0.2));
#4502=CARTESIAN_POINT('',(10.8825211721407,0.,0.198243618195852));
#4503=CARTESIAN_POINT('',(10.8828120428712,0.,0.196455222734107));
#4504=CARTESIAN_POINT('',(13.5083552848982,-4.86347614304248,0.68399753208829));
#4505=CARTESIAN_POINT('',(13.5084615972801,-4.86347614304248,0.683060259495444));
#4506=CARTESIAN_POINT('',(13.5086337632354,-4.86347614304248,0.682107018843569));
#4507=CARTESIAN_POINT('',(10.8832348780449,0.,0.194699023882716));
#4508=CARTESIAN_POINT('',(10.8836577132186,0.,0.192942825031325));
#4509=CARTESIAN_POINT('',(10.8842102356532,0.,0.191230207077266));
#4510=CARTESIAN_POINT('',(13.5088761680016,-4.86347614304248,0.681172219576021));
#4511=CARTESIAN_POINT('',(13.5091185727677,-4.86347614304248,0.680237420308472));
#4512=CARTESIAN_POINT('',(13.5094298928993,-4.86347614304248,0.679327126443895));
#4513=CARTESIAN_POINT('',(10.8849090622633,0.,0.189589157910677));
#4514=CARTESIAN_POINT('',(10.8856078888733,0.,0.187948108744088));
#4515=CARTESIAN_POINT('',(10.8864500851179,0.,0.186340750654185));
#4516=CARTESIAN_POINT('',(13.5098187495334,-4.86347614304248,0.678456453445148));
#4517=CARTESIAN_POINT('',(13.5102076061674,-4.86347614304248,0.677585780446402));
#4518=CARTESIAN_POINT('',(13.510672784108,-4.86347614304248,0.676734454085771));
#4519=CARTESIAN_POINT('',(10.8873921999654,0.,0.184832621664408));
#4520=CARTESIAN_POINT('',(10.8878632573891,0.,0.18407855716952));
#4521=CARTESIAN_POINT('',(10.8883733783125,0.,0.183343904924363));
#4522=CARTESIAN_POINT('',(13.5111904459005,-4.86347614304248,0.675937101121696));
#4523=CARTESIAN_POINT('',(13.5114492767967,-4.86347614304248,0.675538424639658));
#4524=CARTESIAN_POINT('',(13.5117288072607,-4.86347614304248,0.675150489099624));
#4525=CARTESIAN_POINT('',(10.8889143701648,0.,0.182628151560796));
#4526=CARTESIAN_POINT('',(10.889455362017,0.,0.181912398197229));
#4527=CARTESIAN_POINT('',(10.8900272247981,0.,0.181215543715253));
#4528=CARTESIAN_POINT('',(13.5120246628913,-4.86347614304248,0.674772943650842));
#4529=CARTESIAN_POINT('',(13.5123205185218,-4.86347614304248,0.67439539820206));
#4530=CARTESIAN_POINT('',(13.5126326993189,-4.86347614304248,0.67402824284453));
#4531=CARTESIAN_POINT('',(10.8906217659372,0.,0.180537074746727));
#4532=CARTESIAN_POINT('',(10.8918108482153,0.,0.179180136809675));
#4533=CARTESIAN_POINT('',(10.8930906439256,0.,0.177896740926422));
#4534=CARTESIAN_POINT('',(13.5129568308813,-4.86347614304248,0.673671126727502));
#4535=CARTESIAN_POINT('',(13.5136050940062,-4.86347614304248,0.672956894493446));
#4536=CARTESIAN_POINT('',(13.5143011601924,-4.86347614304248,0.672282819221395));
#4537=CARTESIAN_POINT('',(10.8943956125014,0.,0.176682780151846));
#4538=CARTESIAN_POINT('',(10.8950480967893,0.,0.176075799764558));
#4539=CARTESIAN_POINT('',(10.8957061780863,0.,0.175486844921785));
#4540=CARTESIAN_POINT('',(13.5150100342305,-4.86347614304248,0.671646094105341));
#4541=CARTESIAN_POINT('',(13.5153644712496,-4.86347614304248,0.671327731547314));
#4542=CARTESIAN_POINT('',(13.5157217318654,-4.86347614304248,0.671019056440937));
#4543=CARTESIAN_POINT('',(10.8963970458498,0.,0.17493001081714));
#4544=CARTESIAN_POINT('',(10.8970879136133,0.,0.174373176712496));
#4545=CARTESIAN_POINT('',(10.8978032369331,0.,0.173843249521703));
#4546=CARTESIAN_POINT('',(13.5160962182001,-4.86347614304248,0.670727856803438));
#4547=CARTESIAN_POINT('',(13.5164707045348,-4.86347614304248,0.67043665716594));
#4548=CARTESIAN_POINT('',(13.5168580120971,-4.86347614304248,0.670160068311715));
#4549=CARTESIAN_POINT('',(10.898536332748,0.,0.173333425551089));
#4550=CARTESIAN_POINT('',(10.9014687160076,0.,0.171294129668635));
#4551=CARTESIAN_POINT('',(10.9046854591879,0.,0.169576485309043));
#4552=CARTESIAN_POINT('',(13.5172546320574,-4.86347614304248,0.669894391094038));
#4553=CARTESIAN_POINT('',(13.5188411118986,-4.86347614304248,0.668831682223329));
#4554=CARTESIAN_POINT('',(13.520576590108,-4.86347614304248,0.667943559537381));
#4555=CARTESIAN_POINT('',(10.9077588463671,0.,0.167745056077231));
#4556=CARTESIAN_POINT('',(10.9085271931619,0.,0.167287198769278));
#4557=CARTESIAN_POINT('',(10.9092878158836,0.,0.166823541546761));
#4558=CARTESIAN_POINT('',(13.5222365015967,-4.86347614304248,0.66699327764572));
#4559=CARTESIAN_POINT('',(13.5226514794689,-4.86347614304248,0.666755707172805));
#4560=CARTESIAN_POINT('',(13.5230623826919,-4.86347614304248,0.666514964392251));
#4561=CARTESIAN_POINT('',(10.9100564846258,0.,0.166370477033877));
#4562=CARTESIAN_POINT('',(10.910825153368,0.,0.165917412520994));
#4563=CARTESIAN_POINT('',(10.9115975390084,0.,0.165470429093751));
#4564=CARTESIAN_POINT('',(13.5234774879371,-4.86347614304248,0.666279958825418));
#4565=CARTESIAN_POINT('',(13.5238925931824,-4.86347614304248,0.666044953258586));
#4566=CARTESIAN_POINT('',(13.5243096284902,-4.86347614304248,0.665813232906216));
#4567=CARTESIAN_POINT('',(10.9123734496125,0.,0.165029287575101));
#4568=CARTESIAN_POINT('',(10.9139252708208,0.,0.164147004537803));
#4569=CARTESIAN_POINT('',(10.9154911918842,0.,0.163288089134881));
#4570=CARTESIAN_POINT('',(13.5247284934972,-4.86347614304248,0.665584668129726));
#4571=CARTESIAN_POINT('',(13.5255662235111,-4.86347614304248,0.665127538576748));
#4572=CARTESIAN_POINT('',(13.5264112723217,-4.86347614304248,0.664683031327293));
#4573=CARTESIAN_POINT('',(10.9170696773284,0.,0.162450627949969));
#4574=CARTESIAN_POINT('',(10.9202266482169,0.,0.160775705580145));
#4575=CARTESIAN_POINT('',(10.9234338766284,0.,0.159186600082362));
#4576=CARTESIAN_POINT('',(13.5272628370215,-4.86347614304248,0.664250109272707));
#4577=CARTESIAN_POINT('',(13.528965966421,-4.86347614304248,0.663384265163536));
#4578=CARTESIAN_POINT('',(13.5306951593774,-4.86347614304248,0.662564761833844));
#4579=CARTESIAN_POINT('',(10.9266790787677,0.,0.157668004125687));
#4580=CARTESIAN_POINT('',(10.9283016798374,0.,0.156908706147349));
#4581=CARTESIAN_POINT('',(10.9299337743389,0.,0.156167035554288));
#4582=CARTESIAN_POINT('',(13.532443992631,-4.86347614304248,0.6617833024144));
#4583=CARTESIAN_POINT('',(13.5333184092578,-4.86347614304248,0.661392572704679));
#4584=CARTESIAN_POINT('',(13.5341977359589,-4.86347614304248,0.661011353972519));
#4585=CARTESIAN_POINT('',(10.931573826798,0.,0.155441078930138));
#4586=CARTESIAN_POINT('',(10.9332138792571,0.,0.154715122305988));
#4587=CARTESIAN_POINT('',(10.9348618896738,0.,0.154004879650748));
#4588=CARTESIAN_POINT('',(13.5350811698269,-4.86347614304248,0.660638609109269));
#4589=CARTESIAN_POINT('',(13.5359646036949,-4.86347614304248,0.660265864246018));
#4590=CARTESIAN_POINT('',(13.5368521447298,-4.86347614304248,0.659901593251676));
#4591=CARTESIAN_POINT('',(10.9365163225735,0.,0.153308437548052));
#4592=CARTESIAN_POINT('',(10.939825188373,0.,0.15191555334266));
#4593=CARTESIAN_POINT('',(10.9431597441049,0.,0.150577871347444));
#4594=CARTESIAN_POINT('',(13.537742990024,-4.86347614304248,0.659544759017588));
#4595=CARTESIAN_POINT('',(13.5395246806126,-4.86347614304248,0.658831090549414));
#4596=CARTESIAN_POINT('',(13.5413195882388,-4.86347614304248,0.658147169122259));
#4597=CARTESIAN_POINT('',(10.9465077059738,0.,0.149280084231471));
#4598=CARTESIAN_POINT('',(10.9498556678428,0.,0.147982297115498));
#4599=CARTESIAN_POINT('',(10.9532170358489,0.,0.146724404878767));
#4600=CARTESIAN_POINT('',(13.5431212896432,-4.86347614304248,0.657484697866894));
#4601=CARTESIAN_POINT('',(13.5449229910476,-4.86347614304248,0.65682222661153));
#4602=CARTESIAN_POINT('',(13.5467314862302,-4.86347614304248,0.656181205527955));
#4603=CARTESIAN_POINT('',(10.9565795261967,0.,0.145491100190348));
#4604=CARTESIAN_POINT('',(10.9599420165445,0.,0.144257795501928));
#4605=CARTESIAN_POINT('',(10.9632958850827,0.,0.143034540363794));
#4606=CARTESIAN_POINT('',(13.5485403519313,-4.86347614304248,0.655553337746942));
#4607=CARTESIAN_POINT('',(13.5503492176324,-4.86347614304248,0.654925469965928));
#4608=CARTESIAN_POINT('',(13.5521533809354,-4.86347614304248,0.654302893546901));
#4609=CARTESIAN_POINT('',(10.96668069873,0.,0.14188620355027));
#4610=CARTESIAN_POINT('',(10.9734503260247,0.,0.139589529923222));
#4611=CARTESIAN_POINT('',(10.980312558946,0.,0.137530886903064));
#4612=CARTESIAN_POINT('',(13.553973386379,-4.86347614304248,0.653720652094828));
#4613=CARTESIAN_POINT('',(13.5576133972662,-4.86347614304248,0.652556169190682));
#4614=CARTESIAN_POINT('',(13.5613006879273,-4.86347614304248,0.651519785294598));
#4615=CARTESIAN_POINT('',(10.9871476633501,0.,0.135417395949811));
#4616=CARTESIAN_POINT('',(10.9905652155521,0.,0.134360650473185));
#4617=CARTESIAN_POINT('',(10.9939790760296,0.,0.1332966254717));
#4618=CARTESIAN_POINT('',(13.5649739892756,-4.86347614304248,0.650453830307508));
#4619=CARTESIAN_POINT('',(13.5668106399497,-4.86347614304248,0.649920852813962));
#4620=CARTESIAN_POINT('',(13.5686453851992,-4.86347614304248,0.649383949736748));
#4621=CARTESIAN_POINT('',(10.997399505819,0.,0.1322508218583));
#4622=CARTESIAN_POINT('',(11.0008199356083,0.,0.131205018244901));
#4623=CARTESIAN_POINT('',(11.0042441013664,0.,0.130171112494151));
#4624=CARTESIAN_POINT('',(13.570483471945,-4.86347614304248,0.648856847867701));
#4625=CARTESIAN_POINT('',(13.5723215586908,-4.86347614304248,0.648329745998654));
#4626=CARTESIAN_POINT('',(13.5741615314209,-4.86347614304248,0.647809038775314));
#4627=CARTESIAN_POINT('',(11.0076727074366,0.,0.129153256024178));
#4628=CARTESIAN_POINT('',(11.0145299195769,0.,0.127117543084234));
#4629=CARTESIAN_POINT('',(11.0214061384581,0.,0.125152973715898));
#4630=CARTESIAN_POINT('',(13.5760037278953,-4.86347614304248,0.647296951835145));
#4631=CARTESIAN_POINT('',(13.5796881208441,-4.86347614304248,0.646272777954805));
#4632=CARTESIAN_POINT('',(13.5833820097135,-4.86347614304248,0.645286809926796));
#4633=CARTESIAN_POINT('',(11.0283078522962,0.,0.123275351870306));
#4634=CARTESIAN_POINT('',(11.0317587092153,0.,0.122336540947511));
#4635=CARTESIAN_POINT('',(11.0352150207316,0.,0.121416783011759));
#4636=CARTESIAN_POINT('',(13.587088715207,-4.86347614304248,0.644347556005289));
#4637=CARTESIAN_POINT('',(13.5889420679538,-4.86347614304248,0.643877929044536));
#4638=CARTESIAN_POINT('',(13.5907981585872,-4.86347614304248,0.643418537407574));
#4639=CARTESIAN_POINT('',(11.0386756775847,0.,0.120512628646463));
#4640=CARTESIAN_POINT('',(11.0421363344377,0.,0.119608474281166));
#4641=CARTESIAN_POINT('',(11.0456013366276,0.,0.118719923486324));
#4642=CARTESIAN_POINT('',(13.5926564263563,-4.86347614304248,0.642967526921216));
#4643=CARTESIAN_POINT('',(13.5945146941254,-4.86347614304248,0.642516516434857));
#4644=CARTESIAN_POINT('',(13.5963751390301,-4.86347614304248,0.642073887099102));
#4645=CARTESIAN_POINT('',(11.0490695748938,0.,0.117843526845347));
#4646=CARTESIAN_POINT('',(11.05253781316,0.,0.116967130204371));
#4647=CARTESIAN_POINT('',(11.0560092875025,0.,0.116102887717259));
#4648=CARTESIAN_POINT('',(13.5982372003193,-4.86347614304248,0.641637784740763));
#4649=CARTESIAN_POINT('',(13.6000992616085,-4.86347614304248,0.641201682382423));
#4650=CARTESIAN_POINT('',(13.6019629392822,-4.86347614304248,0.640772107001499));
#4651=CARTESIAN_POINT('',(11.059482888661,0.,0.115247349967422));
#4652=CARTESIAN_POINT('',(11.0629564898195,0.,0.114391812217586));
#4653=CARTESIAN_POINT('',(11.0664322177939,0.,0.113544979205025));
#4654=CARTESIAN_POINT('',(13.6038276725893,-4.86347614304248,0.640347204424803));
#4655=CARTESIAN_POINT('',(13.6056924058964,-4.86347614304248,0.639922301848106));
#4656=CARTESIAN_POINT('',(13.6075581948369,-4.86347614304248,0.639502072075637));
#4657=CARTESIAN_POINT('',(11.0699089633238,0.,0.11270340151315));
#4658=CARTESIAN_POINT('',(11.0768624543836,0.,0.111020246129399));
#4659=CARTESIAN_POINT('',(11.0838148402704,0.,0.109341078976164));
#4660=CARTESIAN_POINT('',(13.6094244786596,-4.86347614304248,0.639084660934208));
#4661=CARTESIAN_POINT('',(13.6131570463052,-4.86347614304248,0.638249838651349));
#4662=CARTESIAN_POINT('',(13.6168889859891,-4.86347614304248,0.637417137893644));
#4663=CARTESIAN_POINT('',(11.0907784095437,0.,0.107708150383781));
#4664=CARTESIAN_POINT('',(11.097741978817,0.,0.106075221791398));
#4665=CARTESIAN_POINT('',(11.1047167996624,0.,0.104488099861693));
#4666=CARTESIAN_POINT('',(13.6206264721314,-4.86347614304248,0.636609257469486));
#4667=CARTESIAN_POINT('',(13.6243639582738,-4.86347614304248,0.635801377045329));
#4668=CARTESIAN_POINT('',(13.6281070313518,-4.86347614304248,0.635018086727528));
#4669=CARTESIAN_POINT('',(11.1116982868531,0.,0.102929129861945));
#4670=CARTESIAN_POINT('',(11.1186797740438,0.,0.101370159862196));
#4671=CARTESIAN_POINT('',(11.1256671397582,0.,0.0998362029387232));
#4672=CARTESIAN_POINT('',(13.6318534051388,-4.86347614304248,0.634249906715414));
#4673=CARTESIAN_POINT('',(13.6355997789258,-4.86347614304248,0.6334817267033));
#4674=CARTESIAN_POINT('',(13.6393490615925,-4.86347614304248,0.632726971828609));
#4675=CARTESIAN_POINT('',(11.1326570209779,0.,0.0983144740360584));
#4676=CARTESIAN_POINT('',(11.1396469021976,0.,0.0967927451333938));
#4677=CARTESIAN_POINT('',(11.1466392989227,0.,0.0952832442515371));
#4678=CARTESIAN_POINT('',(13.6430995747862,-4.86347614304248,0.631978776692441));
#4679=CARTESIAN_POINT('',(13.6468500879799,-4.86347614304248,0.631230581556273));
#4680=CARTESIAN_POINT('',(13.6506018317007,-4.86347614304248,0.630488946158626));
#4681=CARTESIAN_POINT('',(11.1536308481349,0.,0.0937731863350202));
#4682=CARTESIAN_POINT('',(11.1676139465591,0.,0.0907530705019863));
#4683=CARTESIAN_POINT('',(11.1816156278346,0.,0.0878180397096549));
#4684=CARTESIAN_POINT('',(13.6543531275959,-4.86347614304248,0.6297470051006));
#4685=CARTESIAN_POINT('',(13.6618557193865,-4.86347614304248,0.628263122984546));
#4686=CARTESIAN_POINT('',(13.6693674504371,-4.86347614304248,0.626824894926836));
#4687=CARTESIAN_POINT('',(11.1956293920615,0.,0.0849395027987576));
#4688=CARTESIAN_POINT('',(11.2026362741749,0.,0.0835002343433091));
#4689=CARTESIAN_POINT('',(11.2096461770262,0.,0.082075089358219));
#4690=CARTESIAN_POINT('',(13.6768851131073,-4.86347614304248,0.625416977392652));
#4691=CARTESIAN_POINT('',(13.6806439444424,-4.86347614304248,0.62471301862556));
#4692=CARTESIAN_POINT('',(13.6844042586824,-4.86347614304248,0.62401663748935));
#4693=CARTESIAN_POINT('',(11.2166582881279,0.,0.080660493948579));
#4694=CARTESIAN_POINT('',(11.2236703992295,0.,0.0792458985389388));
#4695=CARTESIAN_POINT('',(11.2306847185815,0.,0.0778418527047486));
#4696=CARTESIAN_POINT('',(13.6881656548722,-4.86347614304248,0.623325916042168));
#4697=CARTESIAN_POINT('',(13.691927051062,-4.86347614304248,0.622635194594987));
#4698=CARTESIAN_POINT('',(13.6956895292016,-4.86347614304248,0.621950132836835));
#4699=CARTESIAN_POINT('',(11.2377004336963,0.,0.0764447825510998));
#4700=CARTESIAN_POINT('',(11.2517318639259,0.,0.0736506422438023));
#4701=CARTESIAN_POINT('',(11.2657688772069,0.,0.0708844046586705));
#4702=CARTESIAN_POINT('',(13.699452688336,-4.86347614304248,0.62126881282586));
#4703=CARTESIAN_POINT('',(13.7069790066047,-4.86347614304248,0.619906172803911));
#4704=CARTESIAN_POINT('',(13.7145080488525,-4.86347614304248,0.61855849977067));
#4705=CARTESIAN_POINT('',(11.2798049736393,0.,0.0681174786364361));
#4706=CARTESIAN_POINT('',(11.2938410700717,0.,0.0653505526142016));
#4707=CARTESIAN_POINT('',(11.3078792990948,0.,0.0625936048058841));
#4708=CARTESIAN_POINT('',(13.7220366074386,-4.86347614304248,0.617210450191321));
#4709=CARTESIAN_POINT('',(13.7295651660248,-4.86347614304248,0.615862400611972));
#4710=CARTESIAN_POINT('',(13.7370947714492,-4.86347614304248,0.614519704604715));
#4711=CARTESIAN_POINT('',(11.3219219225096,0.,0.0598589119856802));
#4712=CARTESIAN_POINT('',(11.3359645459243,0.,0.0571242191654761));
#4713=CARTESIAN_POINT('',(11.3500115637308,0.,0.0544117813333858));
#4714=CARTESIAN_POINT('',(13.744626518171,-4.86347614304248,0.613188945601185));
#4715=CARTESIAN_POINT('',(13.7521582648928,-4.86347614304248,0.611858186597654));
#4716=CARTESIAN_POINT('',(13.759692152912,-4.86347614304248,0.610539364597848));
#4717=CARTESIAN_POINT('',(11.3640652377301,0.,0.0517338752636058));
#4718=CARTESIAN_POINT('',(11.3921725857286,0.,0.0463780631240458));
#4719=CARTESIAN_POINT('',(11.4203033745461,0.,0.0411524588878511));
#4720=CARTESIAN_POINT('',(13.7672292766876,-4.86347614304248,0.6092390630334));
#4721=CARTESIAN_POINT('',(13.782303524239,-4.86347614304248,0.606638459904505));
#4722=CARTESIAN_POINT('',(13.7973890867802,-4.86347614304248,0.604107675773149));
#4723=CARTESIAN_POINT('',(11.448469630759,0.,0.0361196911506984));
#4724=CARTESIAN_POINT('',(11.4555111948123,0.,0.0348614992164103));
#4725=CARTESIAN_POINT('',(11.4625546742643,0.,0.0336136342699243));
#4726=CARTESIAN_POINT('',(13.8124918085577,-4.86347614304248,0.60168029983779));
#4727=CARTESIAN_POINT('',(13.8162674890021,-4.86347614304248,0.601073455853951));
#4728=CARTESIAN_POINT('',(13.8200440969346,-4.86347614304248,0.600472149846535));
#4729=CARTESIAN_POINT('',(11.4695996779515,0.,0.032374097750854));
#4730=CARTESIAN_POINT('',(11.4766446816387,0.,0.0311345612317834));
#4731=CARTESIAN_POINT('',(11.483691209561,0.,0.0299033531401284));
#4732=CARTESIAN_POINT('',(13.8238214419129,-4.86347614304248,0.59987530987144));
#4733=CARTESIAN_POINT('',(13.8275987868912,-4.86347614304248,0.599278469896346));
#4734=CARTESIAN_POINT('',(13.8313768689153,-4.86347614304248,0.598686095953572));
#4735=CARTESIAN_POINT('',(11.4907388705549,0.,0.0286784749155023));
#4736=CARTESIAN_POINT('',(11.5048341925427,0.,0.0262287184662502));
#4737=CARTESIAN_POINT('',(11.5189340468167,0.,0.0238042814851138));
#4738=CARTESIAN_POINT('',(13.8351554975428,-4.86347614304248,0.598097116099017));
#4739=CARTESIAN_POINT('',(13.8427127547979,-4.86347614304248,0.596919156389905));
#4740=CARTESIAN_POINT('',(13.8502721984669,-4.86347614304248,0.595754773033667));
#4741=CARTESIAN_POINT('',(11.5330353040679,0.,0.0213891754890001));
#4742=CARTESIAN_POINT('',(11.5612378185703,0.,0.0165589634967728));
#4743=CARTESIAN_POINT('',(11.5894419357303,0.,0.0117412578823226));
#4744=CARTESIAN_POINT('',(13.8578323050113,-4.86347614304248,0.594595390477476));
#4745=CARTESIAN_POINT('',(13.8729525181001,-4.86347614304248,0.592276625365094));
#4746=CARTESIAN_POINT('',(13.8880734711725,-4.86347614304248,0.589964560264802));
#4747=CARTESIAN_POINT('',(11.6176603929558,0.,0.00700440992318505));
#4748=CARTESIAN_POINT('',(11.6458788501813,0.,0.00226756196404748));
#4749=CARTESIAN_POINT('',(11.6741115925173,0.,-0.00237861155855051));
#4750=CARTESIAN_POINT('',(13.903201335043,-4.86347614304248,0.587695849963762));
#4751=CARTESIAN_POINT('',(13.9183291989135,-4.86347614304248,0.585427139662722));
#4752=CARTESIAN_POINT('',(13.9334638526136,-4.86347614304248,0.583207031031657));
#4753=CARTESIAN_POINT('',(11.7023647757667,0.,-0.00689762198198912));
#4754=CARTESIAN_POINT('',(11.7164913673914,0.,-0.0091571271937084));
#4755=CARTESIAN_POINT('',(11.7306223160239,0.,-0.0113926632780347));
#4756=CARTESIAN_POINT('',(13.9486082461668,-4.86347614304248,0.581055085862932));
#4757=CARTESIAN_POINT('',(13.9561804429435,-4.86347614304248,0.579979113278569));
#4758=CARTESIAN_POINT('',(13.9637547450411,-4.86347614304248,0.578915993611386));
#4759=CARTESIAN_POINT('',(11.7447575055786,0.,-0.0136030752610757));
#4760=CARTESIAN_POINT('',(11.7588926951332,0.,-0.0158134872441168));
#4761=CARTESIAN_POINT('',(11.7730321256099,0.,-0.0179987751258726));
#4762=CARTESIAN_POINT('',(13.9713310796322,-4.86347614304248,0.577866343148745));
#4763=CARTESIAN_POINT('',(13.9789074142232,-4.86347614304248,0.576816692686105));
#4764=CARTESIAN_POINT('',(13.9864857813075,-4.86347614304248,0.575780511428007));
#4765=CARTESIAN_POINT('',(11.787175680923,0.,-0.0201577839324509));
#4766=CARTESIAN_POINT('',(11.8154627915492,0.,-0.0244758015456075));
#4767=CARTESIAN_POINT('',(11.8437664015211,0.,-0.0286887028580543));
#4768=CARTESIAN_POINT('',(13.9940661080574,-4.86347614304248,0.574758415661816));
#4769=CARTESIAN_POINT('',(14.0092267615571,-4.86347614304248,0.572714224129433));
#4770=CARTESIAN_POINT('',(14.0243952537191,-4.86347614304248,0.570726374564676));
#4771=CARTESIAN_POINT('',(11.872085582153,0.,-0.0327872480786535));
#4772=CARTESIAN_POINT('',(11.9004047627848,0.,-0.0368857932992526));
#4773=CARTESIAN_POINT('',(11.9287388811534,0.,-0.0408643785018079));
#4774=CARTESIAN_POINT('',(14.0395710019212,-4.86347614304248,0.568799797266454));
#4775=CARTESIAN_POINT('',(14.0547467501233,-4.86347614304248,0.566873219968232));
#4776=CARTESIAN_POINT('',(14.0699293637615,-4.86347614304248,0.565010904508931));
#4777=CARTESIAN_POINT('',(11.9570888225486,0.,-0.0447284850689747));
#4778=CARTESIAN_POINT('',(11.9712637932462,0.,-0.0466605383525581));
#4779=CARTESIAN_POINT('',(11.9854427197004,0.,-0.0485639719772945));
#4780=CARTESIAN_POINT('',(14.0851193671945,-4.86347614304248,0.56320992917426));
#4781=CARTESIAN_POINT('',(14.092714368911,-4.86347614304248,0.562309441506924));
#4782=CARTESIAN_POINT('',(14.1003112180761,-4.86347614304248,0.561424288870745));
#4783=CARTESIAN_POINT('',(11.9996257125725,0.,-0.0504394711160157));
#4784=CARTESIAN_POINT('',(12.0138087054445,0.,-0.0523149702547368));
#4785=CARTESIAN_POINT('',(12.0279957647344,0.,-0.0541625349074428));
#4786=CARTESIAN_POINT('',(14.1079099802348,-4.86347614304248,0.560554106051438));
#4787=CARTESIAN_POINT('',(14.1155087423935,-4.86347614304248,0.55968392323213));
#4788=CARTESIAN_POINT('',(14.1231094175457,-4.86347614304248,0.558828710229693));
#4789=CARTESIAN_POINT('',(12.0421870011034,0.,-0.0559828502469655));
#4790=CARTESIAN_POINT('',(12.0989519465793,0.,-0.0632641116050564));
#4791=CARTESIAN_POINT('',(12.1557801907656,0.,-0.0700927400240488));
#4792=CARTESIAN_POINT('',(14.1307120712362,-4.86347614304248,0.55798810182984));
#4793=CARTESIAN_POINT('',(14.1611226859982,-4.86347614304248,0.554625668230428));
#4794=CARTESIAN_POINT('',(14.1915629127482,-4.86347614304248,0.551505772005755));
#4795=CARTESIAN_POINT('',(12.2126564870295,0.,-0.0763930970701537));
#4796=CARTESIAN_POINT('',(12.2268755610955,0.,-0.07796818633168));
#4797=CARTESIAN_POINT('',(12.2410978537704,0.,-0.0795110226640271));
#4798=CARTESIAN_POINT('',(14.2220238959449,-4.86347614304248,0.548668702061794));
#4799=CARTESIAN_POINT('',(14.229639141744,-4.86347614304248,0.547959434575804));
#4800=CARTESIAN_POINT('',(14.2372558070634,-4.86347614304248,0.547267437342339));
#4801=CARTESIAN_POINT('',(12.2553237549404,0.,-0.081023338558906));
#4802=CARTESIAN_POINT('',(12.2695496561103,0.,-0.0825356544537849));
#4803=CARTESIAN_POINT('',(12.2837791657753,0.,-0.0840174499111956));
#4804=CARTESIAN_POINT('',(14.2448741164743,-4.86347614304248,0.546591787926933));
#4805=CARTESIAN_POINT('',(14.2524924258851,-4.86347614304248,0.545916138511526));
#4806=CARTESIAN_POINT('',(14.2601123793873,-4.86347614304248,0.545256836914178));
#4807=CARTESIAN_POINT('',(12.2980126738213,0.,-0.0854704574228488));
#4808=CARTESIAN_POINT('',(12.3264796899132,0.,-0.0883764724461551));
#4809=CARTESIAN_POINT('',(12.3549611082193,0.,-0.0911609871411589));
#4810=CARTESIAN_POINT('',(14.2677342015522,-4.86347614304248,0.544612960700419));
#4811=CARTESIAN_POINT('',(14.2829778458819,-4.86347614304248,0.543325208272902));
#4812=CARTESIAN_POINT('',(14.2982280550223,-4.86347614304248,0.542102536032811));
#4813=CARTESIAN_POINT('',(12.3834542451678,0.,-0.093814662937418));
#4814=CARTESIAN_POINT('',(12.4119473821162,0.,-0.0964683387336769));
#4815=CARTESIAN_POINT('',(12.4404500671971,0.,-0.0989887636444231));
#4816=CARTESIAN_POINT('',(14.3134833073868,-4.86347614304248,0.540949910706155));
#4817=CARTESIAN_POINT('',(14.3287385597513,-4.86347614304248,0.539797285379499));
#4818=CARTESIAN_POINT('',(14.3439976726285,-4.86347614304248,0.538715975998843));
#4819=CARTESIAN_POINT('',(12.4689636775526,0.,-0.101370761365719));
#4820=CARTESIAN_POINT('',(12.497477287908,0.,-0.103752759087014));
#4821=CARTESIAN_POINT('',(12.526001823538,0.,-0.105996329618859));
#4822=CARTESIAN_POINT('',(14.3592613338483,-4.86347614304248,0.537708762313297));
#4823=CARTESIAN_POINT('',(14.3745249950682,-4.86347614304248,0.53670154862775));
#4824=CARTESIAN_POINT('',(14.3897932046308,-4.86347614304248,0.535768430637312));
#4825=CARTESIAN_POINT('',(12.5545386615845,0.,-0.108096296657316));
#4826=CARTESIAN_POINT('',(12.6116123376774,0.,-0.11229623073423));
#4827=CARTESIAN_POINT('',(12.6687369922047,0.,-0.1159425168047));
#4828=CARTESIAN_POINT('',(14.4050666503661,-4.86347614304248,0.53491218809109));
#4829=CARTESIAN_POINT('',(14.4356135418367,-4.86347614304248,0.533199702998647));
#4830=CARTESIAN_POINT('',(14.4661825172139,-4.86347614304248,0.531783636112755));
#4831=CARTESIAN_POINT('',(12.7258798532952,0.,-0.119098887078128));
#4832=CARTESIAN_POINT('',(12.7544512838405,0.,-0.120677072214843));
#4833=CARTESIAN_POINT('',(12.783024610167,0.,-0.122138393827572));
#4834=CARTESIAN_POINT('',(14.4967566535248,-4.86347614304248,0.530629614758508));
#4835=CARTESIAN_POINT('',(14.5120437216802,-4.86347614304248,0.530052604081385));
#4836=CARTESIAN_POINT('',(14.5273307128206,-4.86347614304248,0.529538078382862));
#4837=CARTESIAN_POINT('',(12.8116072132343,0.,-0.123466428975007));
#4838=CARTESIAN_POINT('',(12.8401898163015,0.,-0.124794464122442));
#4839=CARTESIAN_POINT('',(12.8687810843605,0.,-0.125990827047848));
#4840=CARTESIAN_POINT('',(14.5426214190743,-4.86347614304248,0.529094885116708));
#4841=CARTESIAN_POINT('',(14.5579121253279,-4.86347614304248,0.528651691850554));
#4842=CARTESIAN_POINT('',(14.5732062347567,-4.86347614304248,0.52827896244433));
#4843=CARTESIAN_POINT('',(12.8973776021899,0.,-0.1270639240537));
#4844=CARTESIAN_POINT('',(12.9545706378487,0.,-0.129210118065405));
#4845=CARTESIAN_POINT('',(13.0117800556776,0.,-0.130875888048848));
#4846=CARTESIAN_POINT('',(14.5885020002487,-4.86347614304248,0.527972171595554));
#4847=CARTESIAN_POINT('',(14.6190935312328,-4.86347614304248,0.527358589898002));
#4848=CARTESIAN_POINT('',(14.649689336515,-4.86347614304248,0.527001963056056));
#4849=CARTESIAN_POINT('',(13.0689932302482,0.,-0.132088239391591));
#4850=CARTESIAN_POINT('',(13.1262064048189,0.,-0.133300590734335));
#4851=CARTESIAN_POINT('',(13.1834399055878,0.,-0.134014991174428));
#4852=CARTESIAN_POINT('',(14.6802829193682,-4.86347614304248,0.526887738027622));
#4853=CARTESIAN_POINT('',(14.7108765022214,-4.86347614304248,0.526773512999189));
#4854=CARTESIAN_POINT('',(14.7414763040511,-4.86347614304248,0.52692564830009));
#4855=CARTESIAN_POINT('',(13.2406717360372,0.,-0.134300954003743));
#4856=CARTESIAN_POINT('',(13.2692876512618,0.,-0.134443935418401));
#4857=CARTESIAN_POINT('',(13.2979028906299,0.,-0.134482504401649));
#4858=CARTESIAN_POINT('',(14.7720712155942,-4.86347614304248,0.527306781619156));
#4859=CARTESIAN_POINT('',(14.7873686713658,-4.86347614304248,0.527497348278689));
#4860=CARTESIAN_POINT('',(14.8026647916721,-4.86347614304248,0.527743720415577));
#4861=CARTESIAN_POINT('',(13.3265154921765,0.,-0.13441712519264));
#4862=CARTESIAN_POINT('',(13.3551280937231,0.,-0.13435174598363));
#4863=CARTESIAN_POINT('',(13.3837418582014,0.,-0.134143359881459));
#4864=CARTESIAN_POINT('',(14.8179585321116,-4.86347614304248,0.528045631573445));
#4865=CARTESIAN_POINT('',(14.8332522725512,-4.86347614304248,0.528347542731313));
#4866=CARTESIAN_POINT('',(14.8485453003191,-4.86347614304248,0.528725906496872));
#4867=CARTESIAN_POINT('',(13.4123554890486,0.,-0.133826122271636));
#4868=CARTESIAN_POINT('',(13.4695827507429,0.,-0.133191647051988));
#4869=CARTESIAN_POINT('',(13.5268094779126,0.,-0.13212176580173));
#4870=CARTESIAN_POINT('',(14.8638372410407,-4.86347614304248,0.529162453627102));
#4871=CARTESIAN_POINT('',(14.8944211224839,-4.86347614304248,0.530035547887563));
#4872=CARTESIAN_POINT('',(14.9250006557419,-4.86347614304248,0.53114137560671));
#4873=CARTESIAN_POINT('',(13.5840252980548,0.,-0.13088972160493));
#4874=CARTESIAN_POINT('',(13.6126332081259,0.,-0.130273699506531));
#4875=CARTESIAN_POINT('',(13.6412389049807,0.,-0.129587974253696));
#4876=CARTESIAN_POINT('',(14.9555728458176,-4.86347614304248,0.53233378284039));
#4877=CARTESIAN_POINT('',(14.9708589408555,-4.86347614304248,0.532929986457231));
#4878=CARTESIAN_POINT('',(14.9861432025078,-4.86347614304248,0.533563427989003));
#4879=CARTESIAN_POINT('',(13.669843347935,0.,-0.12881091058942));
#4880=CARTESIAN_POINT('',(13.6984477908893,0.,-0.128033846925144));
#4881=CARTESIAN_POINT('',(13.7270506894128,0.,-0.127179787236483));
#4882=CARTESIAN_POINT('',(15.0014259416963,-4.86347614304248,0.534245681123082));
#4883=CARTESIAN_POINT('',(15.0167086808847,-4.86347614304248,0.53492793425716));
#4884=CARTESIAN_POINT('',(15.0319898761303,-4.86347614304248,0.535651329818319));
#4885=CARTESIAN_POINT('',(13.7556520462115,0.,-0.126274206886076));
#4886=CARTESIAN_POINT('',(13.7842534030101,0.,-0.125368626535668));
#4887=CARTESIAN_POINT('',(13.8128532180839,0.,-0.124411525523512));
#4888=CARTESIAN_POINT('',(15.0472697665719,-4.86347614304248,0.536402250435872));
#4889=CARTESIAN_POINT('',(15.0625496570136,-4.86347614304248,0.537153171053425));
#4890=CARTESIAN_POINT('',(15.0778282426512,-4.86347614304248,0.537931616727372));
#4891=CARTESIAN_POINT('',(13.8414514941389,0.,-0.123428379212246));
#4892=CARTESIAN_POINT('',(13.8700497701938,0.,-0.12244523290098));
#4893=CARTESIAN_POINT('',(13.8986463887615,0.,-0.121435597924505));
#4894=CARTESIAN_POINT('',(15.0931057626238,-4.86347614304248,0.538723970087028));
#4895=CARTESIAN_POINT('',(15.1083832825965,-4.86347614304248,0.539516323446684));
#4896=CARTESIAN_POINT('',(15.1236596694423,-4.86347614304248,0.540322820380063));
#4897=CARTESIAN_POINT('',(13.9272408489534,0.,-0.120353471073342));
#4898=CARTESIAN_POINT('',(13.9844297693372,0.,-0.118189217371016));
#4899=CARTESIAN_POINT('',(14.041611346863,0.,-0.115806744480709));
#4900=CARTESIAN_POINT('',(15.138934226197,-4.86347614304248,0.541168046400197));
#4901=CARTESIAN_POINT('',(15.1694833397063,-4.86347614304248,0.542858498440466));
#4902=CARTESIAN_POINT('',(15.2000264921748,-4.86347614304248,0.544665527103516));
#4903=CARTESIAN_POINT('',(14.0987916216495,0.,-0.113408374908697));
#4904=CARTESIAN_POINT('',(14.1273817590428,0.,-0.11220919012269));
#4905=CARTESIAN_POINT('',(14.1559718626217,0.,-0.111016158123264));
#4906=CARTESIAN_POINT('',(15.2305687999669,-4.86347614304248,0.546481040896316));
#4907=CARTESIAN_POINT('',(15.245839953863,-4.86347614304248,0.547388797792716));
#4908=CARTESIAN_POINT('',(15.2611111470915,-4.86347614304248,0.548293265512449));
#4909=CARTESIAN_POINT('',(14.1845611967837,0.,-0.109802160978227));
#4910=CARTESIAN_POINT('',(14.2131505309457,0.,-0.10858816383319));
#4911=CARTESIAN_POINT('',(14.2417391633652,0.,-0.107356314106853));
#4912=CARTESIAN_POINT('',(15.2763817334311,-4.86347614304248,0.549208932594012));
#4913=CARTESIAN_POINT('',(15.2916523197707,-4.86347614304248,0.550124599675575));
#4914=CARTESIAN_POINT('',(15.3069223644368,-4.86347614304248,0.551049802985237));
#4915=CARTESIAN_POINT('',(14.270327028067,0.,-0.106106632117094));
#4916=CARTESIAN_POINT('',(14.2989148927689,0.,-0.104856950127335));
#4917=CARTESIAN_POINT('',(14.3275019897531,0.,-0.103589435874153));
#4918=CARTESIAN_POINT('',(15.322191832353,-4.86347614304248,0.551984531046877));
#4919=CARTESIAN_POINT('',(15.3374613002693,-4.86347614304248,0.552919259108516));
#4920=CARTESIAN_POINT('',(15.3527301914357,-4.86347614304248,0.553863511922133));
#4921=CARTESIAN_POINT('',(14.3560882530444,0.,-0.102304109675424));
#4922=CARTESIAN_POINT('',(14.3846745163358,0.,-0.101018783476695));
#4923=CARTESIAN_POINT('',(14.4132602494559,0.,-0.0997228822603031));
#4924=CARTESIAN_POINT('',(15.367998470776,-4.86347614304248,0.554817278011606));
#4925=CARTESIAN_POINT('',(15.3832667501163,-4.86347614304248,0.555771044101079));
#4926=CARTESIAN_POINT('',(15.3985346473951,-4.86347614304248,0.556730457928988));
#4927=CARTESIAN_POINT('',(14.4418441940701,0.,-0.098388094504481));
#4928=CARTESIAN_POINT('',(14.4990120832986,0.,-0.095718518992837));
#4929=CARTESIAN_POINT('',(14.5561732313238,0.,-0.0929011473261531));
#4930=CARTESIAN_POINT('',(15.4138012258377,-4.86347614304248,0.557710641168385));
#4931=CARTESIAN_POINT('',(15.4443343827228,-4.86347614304248,0.559671007647178));
#4932=CARTESIAN_POINT('',(15.4748625572381,-4.86347614304248,0.561710312999404));
#4933=CARTESIAN_POINT('',(14.613336852932,0.,-0.0901373011658415));
#4934=CARTESIAN_POINT('',(14.6419186637361,0.,-0.0887553780856856));
#4935=CARTESIAN_POINT('',(14.6705011139281,0.,-0.0873874345071451));
#4936=CARTESIAN_POINT('',(15.5053925533712,-4.86347614304248,0.563721030336183));
#4937=CARTESIAN_POINT('',(15.5206575514378,-4.86347614304248,0.564726389004572));
#4938=CARTESIAN_POINT('',(15.5359230217104,-4.86347614304248,0.565724281148013));
#4939=CARTESIAN_POINT('',(14.6990852901619,0.,-0.0860567628156597));
#4940=CARTESIAN_POINT('',(14.7276694663958,0.,-0.0847260911241744));
#4941=CARTESIAN_POINT('',(14.756255177372,0.,-0.0834281308985693));
#4942=CARTESIAN_POINT('',(15.5511897623651,-4.86347614304248,0.566702266380484));
#4943=CARTESIAN_POINT('',(15.5664565030198,-4.86347614304248,0.567680251612955));
#4944=CARTESIAN_POINT('',(15.5817243692509,-4.86347614304248,0.56864076584052));
#4945=CARTESIAN_POINT('',(14.7848412381111,0.,-0.082137722337719));
#4946=CARTESIAN_POINT('',(14.8420133595894,0.,-0.0795569052160186));
#4947=CARTESIAN_POINT('',(14.8991868801194,0.,-0.0770062947533372));
#4948=CARTESIAN_POINT('',(15.5969924929007,-4.86347614304248,0.56959724672519));
#4949=CARTESIAN_POINT('',(15.6275287402002,-4.86347614304248,0.571510208494529));
#4950=CARTESIAN_POINT('',(15.6580660171745,-4.86347614304248,0.573407036892289));
#4951=CARTESIAN_POINT('',(14.9563523198654,0.,-0.0742846125406705));
#4952=CARTESIAN_POINT('',(15.0135177596114,0.,-0.0715629303280038));
#4953=CARTESIAN_POINT('',(15.0706729066217,0.,-0.0686241398094701));
#4954=CARTESIAN_POINT('',(15.6885973785622,-4.86347614304248,0.575395233214567));
#4955=CARTESIAN_POINT('',(15.71912873995,-4.86347614304248,0.577383429536844));
#4956=CARTESIAN_POINT('',(15.7496525738578,-4.86347614304248,0.579487581156675));
#4957=CARTESIAN_POINT('',(15.1278300559655,0.,-0.0657276139025923));
#4958=CARTESIAN_POINT('',(15.1564086306373,0.,-0.0642793509491534));
#4959=CARTESIAN_POINT('',(15.1849877409611,0.,-0.0628423815754953));
#4960=CARTESIAN_POINT('',(15.7801778724181,-4.86347614304248,0.58156915967247));
#4961=CARTESIAN_POINT('',(15.7954405216982,-4.86347614304248,0.582609948930368));
#4962=CARTESIAN_POINT('',(15.8107035626737,-4.86347614304248,0.583644706406536));
#4963=CARTESIAN_POINT('',(15.2135689773303,0.,-0.0614502373254226));
#4964=CARTESIAN_POINT('',(15.2421502136995,0.,-0.0600580930753499));
#4965=CARTESIAN_POINT('',(15.2707337697507,0.,-0.0587148565509525));
#4966=CARTESIAN_POINT('',(15.82596815832,-4.86347614304248,0.584655523257435));
#4967=CARTESIAN_POINT('',(15.8412327539662,-4.86347614304248,0.585666340108334));
#4968=CARTESIAN_POINT('',(15.8564990458799,-4.86347614304248,0.586651035859286));
#4969=CARTESIAN_POINT('',(15.2993182738973,0.,-0.0573916094972266));
#4970=CARTESIAN_POINT('',(15.3564872821905,0.,-0.0547451153897747));
#4971=CARTESIAN_POINT('',(15.4136606823518,0.,-0.0521912185875424));
#4972=CARTESIAN_POINT('',(15.8717660310885,-4.86347614304248,0.587625055444985));
#4973=CARTESIAN_POINT('',(15.9023000015057,-4.86347614304248,0.589573094616384));
#4974=CARTESIAN_POINT('',(15.9328371834766,-4.86347614304248,0.591471678544643));
#4975=CARTESIAN_POINT('',(15.4708321104817,0.,-0.0495957437462123));
#4976=CARTESIAN_POINT('',(15.4994178245467,0.,-0.0482980063255472));
#4977=CARTESIAN_POINT('',(15.5280027606179,0.,-0.0469838559940683));
#4978=CARTESIAN_POINT('',(15.9633729233984,-4.86347614304248,0.59339246886468));
#4979=CARTESIAN_POINT('',(15.9786407933594,-4.86347614304248,0.594352864024699));
#4980=CARTESIAN_POINT('',(15.9939080943205,-4.86347614304248,0.595322025151461));
#4981=CARTESIAN_POINT('',(15.5565882234218,0.,-0.0456809746319823));
#4982=CARTESIAN_POINT('',(15.5851736862256,0.,-0.0443780932698964));
#4983=CARTESIAN_POINT('',(15.6137593453031,0.,-0.0430794387331977));
#4984=CARTESIAN_POINT('',(16.0091757819799,-4.86347614304248,0.596285167568313));
#4985=CARTESIAN_POINT('',(16.0244434696393,-4.86347614304248,0.597248309985165));
#4986=CARTESIAN_POINT('',(16.0397113016507,-4.86347614304248,0.598209194859981));
#4987=CARTESIAN_POINT('',(15.6423448111825,0.,-0.0417766235830329));
#4988=CARTESIAN_POINT('',(15.6995157429411,0.,-0.0391709932827032));
#4989=CARTESIAN_POINT('',(15.7566857262248,0.,-0.0365449371462155));
#4990=CARTESIAN_POINT('',(16.0549789915718,-4.86347614304248,0.599172301913138));
#4991=CARTESIAN_POINT('',(16.085514371414,-4.86347614304248,0.601098516019455));
#4992=CARTESIAN_POINT('',(16.116049053687,-4.86347614304248,0.60303563953879));
#4993=CARTESIAN_POINT('',(15.8138522124822,0.,-0.0338435710176287));
#4994=CARTESIAN_POINT('',(15.8710186987396,0.,-0.031142204889042));
#4995=CARTESIAN_POINT('',(15.9281824561926,0.,-0.0283820727455354));
#4996=CARTESIAN_POINT('',(16.1465811640235,-4.86347614304248,0.605012986028752));
#4997=CARTESIAN_POINT('',(16.17711327436,-4.86347614304248,0.606990332518714));
#4998=CARTESIAN_POINT('',(16.2076433777593,-4.86347614304248,0.608999065862222));
#4999=CARTESIAN_POINT('',(15.9853466002303,0.,-0.0256302658791039));
#5000=CARTESIAN_POINT('',(16.0425107442681,0.,-0.0228784590126725));
#5001=CARTESIAN_POINT('',(16.0996759374284,0.,-0.0201492454692528));
#5002=CARTESIAN_POINT('',(16.2381737654778,-4.86347614304248,0.611003352685872));
#5003=CARTESIAN_POINT('',(16.2687041531963,-4.86347614304248,0.613007639509521));
#5004=CARTESIAN_POINT('',(16.2992353125066,-4.86347614304248,0.614999859268192));
#5005=CARTESIAN_POINT('',(16.1568409119782,0.,-0.0174153240536581));
#5006=CARTESIAN_POINT('',(16.214005886528,0.,-0.0146814026380634));
#5007=CARTESIAN_POINT('',(16.2711708610734,0.,-0.0119474811291719));
#5008=CARTESIAN_POINT('',(16.3283358356144,0.,-0.00921355952698363));
#5009=CARTESIAN_POINT('',(16.3297663110368,-4.86347614304248,0.616994593495381));
#5010=CARTESIAN_POINT('',(16.360297309567,-4.86347614304248,0.61898932772257));
#5011=CARTESIAN_POINT('',(16.390828308094,-4.86347614304248,0.620984061999588));
#5012=CARTESIAN_POINT('',(16.4213593066177,-4.86347614304248,0.622978796326435));
#5013=B_SPLINE_SURFACE_WITH_KNOTS('Surf_OTGQOZDGCY, Wing, 1, 4, upper',1,3,((#5014, #5015, #5016, #5020, #5021, #5022, #5026, #5027, #5028, #5032, #5033, #5034, #5038, #5039, #5040, #5044, #5045, #5046, #5050, #5051, #5052, #5056, #5057, #5058, #5062, #5063, #5064, #5068, #5069, #5070, #5074, #5075, #5076, #5080, #5081, #5082, #5086, #5087, #5088, #5092, #5093, #5094, #5098, #5099, #5100, #5104, #5105, #5106, #5110, #5111, #5112, #5116, #5117, #5118, #5122, #5123, #5124, #5128, #5129, #5130, #5134, #5135, #5136, #5140, #5141, #5142, #5146, #5147, #5148, #5152, #5153, #5154, #5158, #5159, #5160, #5164, #5165, #5166, #5170, #5171, #5172, #5176, #5177, #5178, #5182, #5183, #5184, #5188, #5189, #5190, #5194, #5195, #5196, #5200, #5201, #5202, #5206, #5207, #5208, #5212, #5213, #5214, #5218, #5219, #5220, #5224, #5225, #5226, #5230, #5231, #5232, #5236, #5237, #5238, #5242, #5243, #5244, #5248, #5249, #5250, #5254, #5255, #5256, #5260, #5261, #5262, #5266, #5267, #5268, #5272, #5273, #5274, #5278, #5279, #5280, #5284, #5285, #5286, #5290, #5291, #5292, #5296, #5297, #5298, #5302, #5303, #5304, #5308, #5309, #5310, #5314, #5315, #5316, #5320, #5321, #5322, #5326, #5327, #5328, #5332, #5333, #5334, #5338, #5339, #5340, #5344, #5345, #5346, #5350, #5351, #5352, #5356, #5357, #5358, #5362, #5363, #5364, #5368, #5369, #5370, #5374, #5375, #5376, #5380, #5381, #5382, #5386, #5387, #5388, #5392, #5393, #5394, #5398, #5399, #5400, #5404, #5405, #5406, #5410, #5411, #5412, #5416, #5417, #5418, #5422, #5423, #5424, #5428, #5429, #5430, #5434, #5435, #5436, #5440, #5441, #5442, #5446, #5447, #5448, #5452, #5453, #5454, #5458, #5459, #5460, #5464, #5465, #5466, #5470, #5471, #5472, #5476, #5477, #5478, #5482, #5483, #5484, #5488, #5489, #5490, #5494, #5495, #5496, #5500, #5501, #5502, #5506, #5507, #5508, #5512, #5513, #5514, #5518, #5519, #5520, #5521),(#5017, #5018, #5019, #5023, #5024, #5025, #5029, #5030, #5031, #5035, #5036, #5037, #5041, #5042, #5043, #5047, #5048, #5049, #5053, #5054, #5055, #5059, #5060, #5061, #5065, #5066, #5067, #5071, #5072, #5073, #5077, #5078, #5079, #5083, #5084, #5085, #5089, #5090, #5091, #5095, #5096, #5097, #5101, #5102, #5103, #5107, #5108, #5109, #5113, #5114, #5115, #5119, #5120, #5121, #5125, #5126, #5127, #5131, #5132, #5133, #5137, #5138, #5139, #5143, #5144, #5145, #5149, #5150, #5151, #5155, #5156, #5157, #5161, #5162, #5163, #5167, #5168, #5169, #5173, #5174, #5175, #5179, #5180, #5181, #5185, #5186, #5187, #5191, #5192, #5193, #5197, #5198, #5199, #5203, #5204, #5205, #5209, #5210, #5211, #5215, #5216, #5217, #5221, #5222, #5223, #5227, #5228, #5229, #5233, #5234, #5235, #5239, #5240, #5241, #5245, #5246, #5247, #5251, #5252, #5253, #5257, #5258, #5259, #5263, #5264, #5265, #5269, #5270, #5271, #5275, #5276, #5277, #5281, #5282, #5283, #5287, #5288, #5289, #5293, #5294, #5295, #5299, #5300, #5301, #5305, #5306, #5307, #5311, #5312, #5313, #5317, #5318, #5319, #5323, #5324, #5325, #5329, #5330, #5331, #5335, #5336, #5337, #5341, #5342, #5343, #5347, #5348, #5349, #5353, #5354, #5355, #5359, #5360, #5361, #5365, #5366, #5367, #5371, #5372, #5373, #5377, #5378, #5379, #5383, #5384, #5385, #5389, #5390, #5391, #5395, #5396, #5397, #5401, #5402, #5403, #5407, #5408, #5409, #5413, #5414, #5415, #5419, #5420, #5421, #5425, #5426, #5427, #5431, #5432, #5433, #5437, #5438, #5439, #5443, #5444, #5445, #5449, #5450, #5451, #5455, #5456, #5457, #5461, #5462, #5463, #5467, #5468, #5469, #5473, #5474, #5475, #5479, #5480, #5481, #5485, #5486, #5487, #5491, #5492, #5493, #5497, #5498, #5499, #5503, #5504, #5505, #5509, #5510, #5511, #5515, #5516, #5517, #5522, #5523, #5524, #5525)),.UNSPECIFIED.,.F.,.F.,.F.,(2,2),(4,3,3,3,3,3,3,3,3,3,3,3,3,3,3,3,3,3,3,3,3,3,3,3,3,3,3,3,3,3,3,3,3,3,3,3,3,3,3,3,3,3,3,3,3,3,3,3,3,3,3,3,3,3,3,3,3,3,3,3,3,3,3,3,3,3,3,3,3,3,3,3,3,3,3,3,3,3,3,3,3,3,3,3,3,4),(0.,1.),(0.,1.,2.,3.,4.,5.,6.,7.,8.,9.,10.,11.,12.,13.,14.,15.,16.,17.,18.,19.,20.,21.,22.,23.,24.,25.,26.,27.,28.,29.,30.,31.,32.,33.,34.,35.,36.,37.,38.,39.,40.,41.,42.,43.,44.,45.,46.,47.,48.,49.,50.,51.,52.,53.,54.,55.,56.,57.,58.,59.,60.,61.,62.,63.,64.,65.,66.,67.,68.,69.,70.,71.,72.,73.,74.,75.,76.,77.,78.,79.,80.,81.,82.,83.,84.,85.),.PIECEWISE_BEZIER_KNOTS.);
#5014=CARTESIAN_POINT('',(16.3283358356144,0.,-0.00921355952698363));
#5015=CARTESIAN_POINT('',(16.272313949909,0.,0.00621368635173916));
#5016=CARTESIAN_POINT('',(16.2162063911646,0.,0.021304307689476));
#5017=CARTESIAN_POINT('',(16.4213593066177,-4.86347614304248,0.622978796326435));
#5018=CARTESIAN_POINT('',(16.3912698766625,-4.86347614304248,0.630702452092486));
#5019=CARTESIAN_POINT('',(16.3611377925331,-4.86347614304248,0.638245371923104));
#5020=CARTESIAN_POINT('',(16.1600131593811,0.,0.0360583044862267));
#5021=CARTESIAN_POINT('',(16.1038199275976,0.,0.0508123012829774));
#5022=CARTESIAN_POINT('',(16.0475385596976,0.,0.0652141791725127));
#5023=CARTESIAN_POINT('',(16.3309630542295,-4.86347614304248,0.64560755581829));
#5024=CARTESIAN_POINT('',(16.3007883159259,-4.86347614304248,0.652969739713476));
#5025=CARTESIAN_POINT('',(16.2705697514215,-4.86347614304248,0.660142882457803));
#5026=CARTESIAN_POINT('',(15.9911826321935,0.,0.0793493432895604));
#5027=CARTESIAN_POINT('',(15.9348267046893,0.,0.0934845074066083));
#5028=CARTESIAN_POINT('',(15.8783894868017,0.,0.107310616750737));
#5029=CARTESIAN_POINT('',(16.2403138209415,-4.86347614304248,0.66717276249951));
#5030=CARTESIAN_POINT('',(16.2100578904614,-4.86347614304248,0.674202642541216));
#5031=CARTESIAN_POINT('',(16.1797613912428,-4.86347614304248,0.681066564461545));
#5032=CARTESIAN_POINT('',(15.8218383261756,0.,0.120622266669591));
#5033=CARTESIAN_POINT('',(15.7652871655494,0.,0.133933916588445));
#5034=CARTESIAN_POINT('',(15.708614041363,0.,0.146725390170624));
#5035=CARTESIAN_POINT('',(16.1494087860428,-4.86347614304248,0.687654428249816));
#5036=CARTESIAN_POINT('',(16.1190561808428,-4.86347614304248,0.694242292038088));
#5037=CARTESIAN_POINT('',(16.0886432356162,-4.86347614304248,0.700550966985757));
#5038=CARTESIAN_POINT('',(15.6518446597147,0.,0.159099665805964));
#5039=CARTESIAN_POINT('',(15.6234599688905,0.,0.165286803623633));
#5040=CARTESIAN_POINT('',(15.5950516811865,0.,0.171365906794674));
#5041=CARTESIAN_POINT('',(16.0581827302763,-4.86347614304248,0.706635738180403));
#5042=CARTESIAN_POINT('',(16.0429524776063,-4.86347614304248,0.709678123777726));
#5043=CARTESIAN_POINT('',(16.0277106196441,-4.86347614304248,0.712662541236156));
#5044=CARTESIAN_POINT('',(15.5666237653951,0.,0.177343278788104));
#5045=CARTESIAN_POINT('',(15.5381958496037,0.,0.183320650781535));
#5046=CARTESIAN_POINT('',(15.5097507926075,0.,0.189200512533226));
#5047=CARTESIAN_POINT('',(16.012459219023,-4.86347614304248,0.715592396991432));
#5048=CARTESIAN_POINT('',(15.9972078184019,-4.86347614304248,0.718522252746707));
#5049=CARTESIAN_POINT('',(15.9819481650576,-4.86347614304248,0.721399826227357));
#5050=CARTESIAN_POINT('',(15.4812806964916,0.,0.194968886622808));
#5051=CARTESIAN_POINT('',(15.4243405042596,0.,0.20650563480197));
#5052=CARTESIAN_POINT('',(15.3673051024004,0.,0.217605830191405));
#5053=CARTESIAN_POINT('',(15.9666761677154,-4.86347614304248,0.724217572365408));
#5054=CARTESIAN_POINT('',(15.936132173031,-4.86347614304248,0.729853064641511));
#5055=CARTESIAN_POINT('',(15.9055413589206,-4.86347614304248,0.735254317158776));
#5056=CARTESIAN_POINT('',(15.3102031207845,0.,0.228324859192527));
#5057=CARTESIAN_POINT('',(15.2816521299766,0.,0.233684373693088));
#5058=CARTESIAN_POINT('',(15.253085697295,0.,0.238946075732778));
#5059=CARTESIAN_POINT('',(15.8749185121944,-4.86347614304248,0.740451202844804));
#5060=CARTESIAN_POINT('',(15.8596070888313,-4.86347614304248,0.743049645687818));
#5061=CARTESIAN_POINT('',(15.8442883239117,-4.86347614304248,0.745595660565669));
#5062=CARTESIAN_POINT('',(15.2245030693027,0.,0.244126482853978));
#5063=CARTESIAN_POINT('',(15.1959204413104,0.,0.249306889975178));
#5064=CARTESIAN_POINT('',(15.1673205375457,0.,0.254404234929903));
#5065=CARTESIAN_POINT('',(15.8289616605858,-4.86347614304248,0.748098069603141));
#5066=CARTESIAN_POINT('',(15.8136349972599,-4.86347614304248,0.750600478640613));
#5067=CARTESIAN_POINT('',(15.7982998744753,-4.86347614304248,0.753058327106125));
#5068=CARTESIAN_POINT('',(15.1387027127987,0.,0.259400196255747));
#5069=CARTESIAN_POINT('',(15.0814670633047,0.,0.269392118907435));
#5070=CARTESIAN_POINT('',(15.024162683613,0.,0.278987152181502));
#5071=CARTESIAN_POINT('',(15.7829561182914,-4.86347614304248,0.755461815572177));
#5072=CARTESIAN_POINT('',(15.7522686059235,-4.86347614304248,0.760268792504282));
#5073=CARTESIAN_POINT('',(15.7215480581604,-4.86347614304248,0.764862978100367));
#5074=CARTESIAN_POINT('',(14.9667752805612,0.,0.288011973058153));
#5075=CARTESIAN_POINT('',(14.9093878775093,0.,0.297036793934805));
#5076=CARTESIAN_POINT('',(14.8518960808313,0.,0.305436264204697));
#5077=CARTESIAN_POINT('',(15.6907884520037,-4.86347614304248,0.769151592304799));
#5078=CARTESIAN_POINT('',(15.660028845847,-4.86347614304248,0.773440206509231));
#5079=CARTESIAN_POINT('',(15.6292192726618,-4.86347614304248,0.777393576795224));
#5080=CARTESIAN_POINT('',(14.7943649601915,0.,0.313547654402928));
#5081=CARTESIAN_POINT('',(14.7655993998716,0.,0.317603349502043));
#5082=CARTESIAN_POINT('',(14.7368240085613,0.,0.321587024583244));
#5083=CARTESIAN_POINT('',(15.5983913674323,-4.86347614304248,0.781192592167249));
#5084=CARTESIAN_POINT('',(15.5829774148176,-4.86347614304248,0.783092099853262));
#5085=CARTESIAN_POINT('',(15.5675588791917,-4.86347614304248,0.784953018810784));
#5086=CARTESIAN_POINT('',(14.7080469199685,0.,0.325540838463416));
#5087=CARTESIAN_POINT('',(14.6792698313757,0.,0.329494652343588));
#5088=CARTESIAN_POINT('',(14.6504829588729,0.,0.333382271048214));
#5089=CARTESIAN_POINT('',(15.5521397149278,-4.86347614304248,0.786797960165372));
#5090=CARTESIAN_POINT('',(15.5367205506639,-4.86347614304248,0.788642901519961));
#5091=CARTESIAN_POINT('',(15.5212967742075,-4.86347614304248,0.790452368149834));
#5092=CARTESIAN_POINT('',(14.6216854277236,0.,0.337194491337658));
#5093=CARTESIAN_POINT('',(14.564090365425,0.,0.344818931916546));
#5094=CARTESIAN_POINT('',(14.50645520807,0.,0.352153247232246));
#5095=CARTESIAN_POINT('',(15.5058680038528,-4.86347614304248,0.792221432467578));
#5096=CARTESIAN_POINT('',(15.4750104631434,-4.86347614304248,0.795759561103065));
#5097=CARTESIAN_POINT('',(15.4441341972972,-4.86347614304248,0.799142234409781));
#5098=CARTESIAN_POINT('',(14.448788479598,0.,0.359193909205309));
#5099=CARTESIAN_POINT('',(14.4199551153619,0.,0.362714240191841));
#5100=CARTESIAN_POINT('',(14.3911130550854,0.,0.366169196714088));
#5101=CARTESIAN_POINT('',(15.4132437955504,-4.86347614304248,0.802367646047275));
#5102=CARTESIAN_POINT('',(15.3977985946769,-4.86347614304248,0.803980351866022));
#5103=CARTESIAN_POINT('',(15.3823493554545,-4.86347614304248,0.805558031806604));
#5104=CARTESIAN_POINT('',(14.36226223308,0.,0.36955219858604));
#5105=CARTESIAN_POINT('',(14.3334114110745,0.,0.372935200457993));
#5106=CARTESIAN_POINT('',(14.3045518273402,0.,0.376246247679652));
#5107=CARTESIAN_POINT('',(15.3668961041656,-4.86347614304248,0.8070971679363));
#5108=CARTESIAN_POINT('',(15.3514428528768,-4.86347614304248,0.808636304065995));
#5109=CARTESIAN_POINT('',(15.3359855895214,-4.86347614304248,0.810136896384803));
#5110=CARTESIAN_POINT('',(14.2756834161884,0.,0.379478760065008));
#5111=CARTESIAN_POINT('',(14.2468150050367,0.,0.382711272450363));
#5112=CARTESIAN_POINT('',(14.2179389024283,0.,0.385865694048738));
#5113=CARTESIAN_POINT('',(15.320524340382,-4.86347614304248,0.811595426960001));
#5114=CARTESIAN_POINT('',(15.3050630912426,-4.86347614304248,0.813053957535199));
#5115=CARTESIAN_POINT('',(15.2895984593833,-4.86347614304248,0.814470674324191));
#5116=CARTESIAN_POINT('',(14.1890532724648,0.,0.388926712403249));
#5117=CARTESIAN_POINT('',(14.1601676425013,0.,0.391987730757761));
#5118=CARTESIAN_POINT('',(14.1312724851826,0.,0.394955345868408));
#5119=CARTESIAN_POINT('',(15.2741296063275,-4.86347614304248,0.815837375199676));
#5120=CARTESIAN_POINT('',(15.2586607532717,-4.86347614304248,0.81720407607516));
#5121=CARTESIAN_POINT('',(15.2431876790193,-4.86347614304248,0.818520761037138));
#5122=CARTESIAN_POINT('',(14.1023659646105,0.,0.397814245278309));
#5123=CARTESIAN_POINT('',(14.0445529234663,0.,0.403532044098111));
#5124=CARTESIAN_POINT('',(13.986699591239,0.,0.408869703676858));
#5125=CARTESIAN_POINT('',(15.2277095450937,-4.86347614304248,0.819779227958306));
#5126=CARTESIAN_POINT('',(15.1967532772424,-4.86347614304248,0.822296161800641));
#5127=CARTESIAN_POINT('',(15.1657790193283,-4.86347614304248,0.824609523135752));
#5128=CARTESIAN_POINT('',(13.9288399708983,0.,0.414107259887932));
#5129=CARTESIAN_POINT('',(13.8999101607279,0.,0.416726037993469));
#5130=CARTESIAN_POINT('',(13.8709801972331,0.,0.419331277830503));
#5131=CARTESIAN_POINT('',(15.13480233421,-4.86347614304248,0.826869317350001));
#5132=CARTESIAN_POINT('',(15.1193139916509,-4.86347614304248,0.827999214457126));
#5133=CARTESIAN_POINT('',(15.1038256934509,-4.86347614304248,0.829121873496273));
#5134=CARTESIAN_POINT('',(13.8420448550665,0.,0.421883483356614));
#5135=CARTESIAN_POINT('',(13.8131095128999,0.,0.424435688882725));
#5136=CARTESIAN_POINT('',(13.7841698308457,0.,0.426941866986396));
#5137=CARTESIAN_POINT('',(15.0883350150044,-4.86347614304248,0.83021613381583));
#5138=CARTESIAN_POINT('',(15.0728443365578,-4.86347614304248,0.831310394135388));
#5139=CARTESIAN_POINT('',(15.0573517677518,-4.86347614304248,0.832380010833462));
#5140=CARTESIAN_POINT('',(13.7552262447407,0.,0.429401917668881));
#5141=CARTESIAN_POINT('',(13.7262826586356,0.,0.431861968351366));
#5142=CARTESIAN_POINT('',(13.697335433169,0.,0.434275835851667));
#5143=CARTESIAN_POINT('',(15.041857542488,-4.86347614304248,0.833424934524007));
#5144=CARTESIAN_POINT('',(15.0263633172242,-4.86347614304248,0.834469858214553));
#5145=CARTESIAN_POINT('',(15.0108675775078,-4.86347614304248,0.835490061561164));
#5146=CARTESIAN_POINT('',(13.6683845447828,0.,0.436643516796412));
#5147=CARTESIAN_POINT('',(13.6394336563966,0.,0.439011197741157));
#5148=CARTESIAN_POINT('',(13.6104791050907,0.,0.441332692130345));
#5149=CARTESIAN_POINT('',(14.9953703107777,-4.86347614304248,0.836485542540858));
#5150=CARTESIAN_POINT('',(14.9798730440476,-4.86347614304248,0.837481023520553));
#5151=CARTESIAN_POINT('',(14.9643742503038,-4.86347614304248,0.838451782133333));
#5152=CARTESIAN_POINT('',(13.5815208673072,0.,0.443607996590604));
#5153=CARTESIAN_POINT('',(13.5236043917403,0.,0.44815860551112));
#5154=CARTESIAN_POINT('',(13.4656721410361,0.,0.452524688204496));
#5155=CARTESIAN_POINT('',(14.9488739169853,-4.86347614304248,0.839397816356218));
#5156=CARTESIAN_POINT('',(14.9178732503483,-4.86347614304248,0.841289884801988));
#5157=CARTESIAN_POINT('',(14.8868658730792,-4.86347614304248,0.843083170892309));
#5158=CARTESIAN_POINT('',(13.4077276281897,0.,0.456705610720316));
#5159=CARTESIAN_POINT('',(13.3787553717665,0.,0.458796071978226));
#5160=CARTESIAN_POINT('',(13.3497800898488,0.,0.460835188986758));
#5161=CARTESIAN_POINT('',(14.8558536689013,-4.86347614304248,0.844777368537675));
#5162=CARTESIAN_POINT('',(14.8403475668123,-4.86347614304248,0.845624467360358));
#5163=CARTESIAN_POINT('',(14.8248403265566,-4.86347614304248,0.846444092811217));
#5164=CARTESIAN_POINT('',(13.320802091318,0.,0.462842549611807));
#5165=CARTESIAN_POINT('',(13.2918240927872,0.,0.464849910236857));
#5166=CARTESIAN_POINT('',(13.2628432450769,0.,0.466824304549161));
#5167=CARTESIAN_POINT('',(14.8093319304805,-4.86347614304248,0.84724671811287));
#5168=CARTESIAN_POINT('',(14.7938235344044,-4.86347614304248,0.848049343414522));
#5169=CARTESIAN_POINT('',(14.7783139229361,-4.86347614304248,0.848834320584206));
#5170=CARTESIAN_POINT('',(13.2338590568237,0.,0.46874788279136));
#5171=CARTESIAN_POINT('',(13.1758906803171,0.,0.472595039275758));
#5172=CARTESIAN_POINT('',(13.117909489903,0.,0.476236981445266));
#5173=CARTESIAN_POINT('',(14.7628029999694,-4.86347614304248,0.849592103771281));
#5174=CARTESIAN_POINT('',(14.7317811540361,-4.86347614304248,0.851107670145433));
#5175=CARTESIAN_POINT('',(14.7007543733685,-4.86347614304248,0.852513423348842));
#5176=CARTESIAN_POINT('',(13.0599098242399,0.,0.479536946102696));
#5177=CARTESIAN_POINT('',(13.0019101585768,0.,0.482836910760125));
#5178=CARTESIAN_POINT('',(12.9438901568321,0.,0.485815469307451));
#5179=CARTESIAN_POINT('',(14.6697209078391,-4.86347614304248,0.853736206257493));
#5180=CARTESIAN_POINT('',(14.6386874423096,-4.86347614304248,0.854958989166145));
#5181=CARTESIAN_POINT('',(14.6076461053067,-4.86347614304248,0.856009780490081));
#5182=CARTESIAN_POINT('',(12.8858622519484,0.,0.488614472328767));
#5183=CARTESIAN_POINT('',(12.8568482995066,0.,0.490013973839426));
#5184=CARTESIAN_POINT('',(12.8278324468069,0.,0.491366478757034));
#5185=CARTESIAN_POINT('',(14.5766022191284,-4.86347614304248,0.856964519905294));
#5186=CARTESIAN_POINT('',(14.5610802760392,-4.86347614304248,0.857441889612901));
#5187=CARTESIAN_POINT('',(14.5455577556934,-4.86347614304248,0.857894120408798));
#5188=CARTESIAN_POINT('',(12.7988160163608,0.,0.492696186829113));
#5189=CARTESIAN_POINT('',(12.7697995859148,0.,0.494025894901191));
#5190=CARTESIAN_POINT('',(12.7407817341428,0.,0.495353763142499));
#5191=CARTESIAN_POINT('',(14.5300351392248,-4.86347614304248,0.858334160171262));
#5192=CARTESIAN_POINT('',(14.5145125227562,-4.86347614304248,0.858774199933726));
#5193=CARTESIAN_POINT('',(14.4989891637096,-4.86347614304248,0.859213242986429));
#5194=CARTESIAN_POINT('',(12.7117617749434,0.,0.496635243408638));
#5195=CARTESIAN_POINT('',(12.6537218565447,0.,0.499198203940915));
#5196=CARTESIAN_POINT('',(12.5956735084366,0.,0.501575612572515));
#5197=CARTESIAN_POINT('',(14.483465110989,-4.86347614304248,0.859627470520187));
#5198=CARTESIAN_POINT('',(14.4524170055477,-4.86347614304248,0.860455925587704));
#5199=CARTESIAN_POINT('',(14.4213661254103,-4.86347614304248,0.861185118579443));
#5200=CARTESIAN_POINT('',(12.5376112418072,0.,0.503411084148245));
#5201=CARTESIAN_POINT('',(12.5085801084926,0.,0.50432881993611));
#5202=CARTESIAN_POINT('',(12.4795444871899,0.,0.505160400109763));
#5203=CARTESIAN_POINT('',(14.3903128618083,-4.86347614304248,0.861624499021933));
#5204=CARTESIAN_POINT('',(14.3747862300074,-4.86347614304248,0.861844189243178));
#5205=CARTESIAN_POINT('',(14.3592580030902,-4.86347614304248,0.862017784659473));
#5206=CARTESIAN_POINT('',(12.4505056111693,0.,0.50591340371951));
#5207=CARTESIAN_POINT('',(12.4214667351487,0.,0.506666407329257));
#5208=CARTESIAN_POINT('',(12.3924248008238,0.,0.507329971499728));
#5209=CARTESIAN_POINT('',(14.3437287695644,-4.86347614304248,0.862149348022323));
#5210=CARTESIAN_POINT('',(14.3281995360385,-4.86347614304248,0.862280911385174));
#5211=CARTESIAN_POINT('',(14.3126695022472,-4.86347614304248,0.86236463797294));
#5212=CARTESIAN_POINT('',(12.3633816584523,0.,0.50787749678533));
#5213=CARTESIAN_POINT('',(12.3343385160809,0.,0.508425022070932));
#5214=CARTESIAN_POINT('',(12.3052941656628,0.,0.508856508471665));
#5215=CARTESIAN_POINT('',(14.2971399053929,-4.86347614304248,0.862386326794844));
#5216=CARTESIAN_POINT('',(14.2816103085385,-4.86347614304248,0.862408015616748));
#5217=CARTESIAN_POINT('',(14.2660811486211,-4.86347614304248,0.862367666672791));
#5218=CARTESIAN_POINT('',(12.2762504574559,0.,0.509145356541932));
#5219=CARTESIAN_POINT('',(12.2617286033524,0.,0.509289780577066));
#5220=CARTESIAN_POINT('',(12.2472071649901,0.,0.509395118573972));
#5221=CARTESIAN_POINT('',(14.2505536628431,-4.86347614304248,0.862251078972197));
#5222=CARTESIAN_POINT('',(14.2427899199541,-4.86347614304248,0.8621927851219));
#5223=CARTESIAN_POINT('',(14.2350267639761,-4.86347614304248,0.862113602413336));
#5224=CARTESIAN_POINT('',(12.2326836283609,0.,0.509494377262385));
#5225=CARTESIAN_POINT('',(12.2181600917316,0.,0.509593635950797));
#5226=CARTESIAN_POINT('',(12.203635160272,0.,0.509677659325559));
#5227=CARTESIAN_POINT('',(14.2272625431291,-4.86347614304248,0.86203115054255));
#5228=CARTESIAN_POINT('',(14.2194983222821,-4.86347614304248,0.861948698671764));
#5229=CARTESIAN_POINT('',(14.2117334980036,-4.86347614304248,0.861858090024493));
#5230=CARTESIAN_POINT('',(12.1891096089091,0.,0.509736587730532));
#5231=CARTESIAN_POINT('',(12.1310074034576,0.,0.509972301350421));
#5232=CARTESIAN_POINT('',(12.0728952795544,0.,0.509806495453679));
#5233=CARTESIAN_POINT('',(14.2039685765102,-4.86347614304248,0.861754061529552));
#5234=CARTESIAN_POINT('',(14.172908890537,-4.86347614304248,0.86133794754979));
#5235=CARTESIAN_POINT('',(14.1418476491277,-4.86347614304248,0.860707116007319));
#5236=CARTESIAN_POINT('',(12.014822832539,0.,0.508608152047413));
#5237=CARTESIAN_POINT('',(12.0003047207851,0.,0.508308566195846));
#5238=CARTESIAN_POINT('',(11.985790686666,0.,0.507932129857304));
#5239=CARTESIAN_POINT('',(14.1108172501586,-4.86347614304248,0.859524730346351));
#5240=CARTESIAN_POINT('',(14.1030596504163,-4.86347614304248,0.859229133931109));
#5241=CARTESIAN_POINT('',(14.0953049473375,-4.86347614304248,0.858892496518714));
#5242=CARTESIAN_POINT('',(11.9712752571237,0.,0.507516891732076));
#5243=CARTESIAN_POINT('',(11.9567598275813,0.,0.507101653606849));
#5244=CARTESIAN_POINT('',(11.9422429363008,0.,0.506649329320388));
#5245=CARTESIAN_POINT('',(14.0875498603923,-4.86347614304248,0.858535105290902));
#5246=CARTESIAN_POINT('',(14.0797947734471,-4.86347614304248,0.858177714063089));
#5247=CARTESIAN_POINT('',(14.0720392511808,-4.86347614304248,0.857800485457785));
#5248=CARTESIAN_POINT('',(11.9277261892907,0.,0.506152253813141));
#5249=CARTESIAN_POINT('',(11.8986926952704,0.,0.505158102798646));
#5250=CARTESIAN_POINT('',(11.8696597783319,0.,0.503984946901003));
#5251=CARTESIAN_POINT('',(14.0642842235735,-4.86347614304248,0.857399337240084));
#5252=CARTESIAN_POINT('',(14.0487741683589,-4.86347614304248,0.856597040804682));
#5253=CARTESIAN_POINT('',(14.0332660917804,-4.86347614304248,0.855699065919697));
#5254=CARTESIAN_POINT('',(11.8406402865441,0.,0.502571465643781));
#5255=CARTESIAN_POINT('',(11.8116207947563,0.,0.501157984386558));
#5256=CARTESIAN_POINT('',(11.7826147281193,0.,0.499504177769756));
#5257=CARTESIAN_POINT('',(14.0177674336797,-4.86347614304248,0.854672754705899));
#5258=CARTESIAN_POINT('',(14.002268775579,-4.86347614304248,0.853646443492101));
#5259=CARTESIAN_POINT('',(13.986779535956,-4.86347614304248,0.852491795949491));
#5260=CARTESIAN_POINT('',(11.7536349347021,0.,0.497548725316942));
#5261=CARTESIAN_POINT('',(11.7391450379935,0.,0.496570999090535));
#5262=CARTESIAN_POINT('',(11.7246624654261,0.,0.495514038592114));
#5263=CARTESIAN_POINT('',(13.9713071546524,-4.86347614304248,0.851176154198839));
#5264=CARTESIAN_POINT('',(13.9635709640006,-4.86347614304248,0.850518333323513));
#5265=CARTESIAN_POINT('',(13.9558394276152,-4.86347614304248,0.849818227532555));
#5266=CARTESIAN_POINT('',(11.7101865116287,0.,0.494381869124888));
#5267=CARTESIAN_POINT('',(11.6957105578313,0.,0.493249699657661));
#5268=CARTESIAN_POINT('',(11.6812319149278,0.,0.492089372971379));
#5269=CARTESIAN_POINT('',(13.9481121308956,-4.86347614304248,0.849077981897926));
#5270=CARTESIAN_POINT('',(13.940384834176,-4.86347614304248,0.848337736263296));
#5271=CARTESIAN_POINT('',(13.9326563627582,-4.86347614304248,0.847582414604583));
#5272=CARTESIAN_POINT('',(11.666757917052,0.,0.490862859378139));
#5273=CARTESIAN_POINT('',(11.6378099213004,0.,0.48840983219166));
#5274=CARTESIAN_POINT('',(11.6088805056595,0.,0.48569205737735));
#5275=CARTESIAN_POINT('',(13.9249309917992,-4.86347614304248,0.846791757267157));
#5276=CARTESIAN_POINT('',(13.9094802498814,-4.86347614304248,0.845210442592305));
#5277=CARTESIAN_POINT('',(13.894041909799,-4.86347614304248,0.843487785202604));
#5278=CARTESIAN_POINT('',(11.5800283431996,0.,0.482405297431994));
#5279=CARTESIAN_POINT('',(11.5511761807398,0.,0.479118537486638));
#5280=CARTESIAN_POINT('',(11.5223701726813,0.,0.475329670436888));
#5281=CARTESIAN_POINT('',(13.8786501728087,-4.86347614304248,0.841461707861034));
#5282=CARTESIAN_POINT('',(13.8632584358184,-4.86347614304248,0.839435630519463));
#5283=CARTESIAN_POINT('',(13.8478960546365,-4.86347614304248,0.837141591509124));
#5284=CARTESIAN_POINT('',(11.493618703288,0.,0.47116131402718));
#5285=CARTESIAN_POINT('',(11.4792429685914,0.,0.469077135822327));
#5286=CARTESIAN_POINT('',(11.4648819821262,0.,0.466895378562665));
#5287=CARTESIAN_POINT('',(13.832566366861,-4.86347614304248,0.834645212162874));
#5288=CARTESIAN_POINT('',(13.8249015229733,-4.86347614304248,0.833397022489748));
#5289=CARTESIAN_POINT('',(13.8172454729278,-4.86347614304248,0.83209681129691));
#5290=CARTESIAN_POINT('',(11.4505385167332,0.,0.464627172754599));
#5291=CARTESIAN_POINT('',(11.4433667840367,0.,0.463493069850565));
#5292=CARTESIAN_POINT('',(11.4362018319522,0.,0.462331176731659));
#5293=CARTESIAN_POINT('',(13.8095995950457,-4.86347614304248,0.830750554067352));
#5294=CARTESIAN_POINT('',(13.8057766561046,-4.86347614304248,0.830077425452573));
#5295=CARTESIAN_POINT('',(13.8019576009082,-4.86347614304248,0.829389505344399));
#5296=CARTESIAN_POINT('',(11.4290326790306,0.,0.461172516725313));
#5297=CARTESIAN_POINT('',(11.421863526109,0.,0.460013856718967));
#5298=CARTESIAN_POINT('',(11.4146918226014,0.,0.458853195256732));
#5299=CARTESIAN_POINT('',(13.7981362700642,-4.86347614304248,0.828703274243241));
#5300=CARTESIAN_POINT('',(13.7943149392202,-4.86347614304248,0.828017043142084));
#5301=CARTESIAN_POINT('',(13.7904922636806,-4.86347614304248,0.827329718401047));
#5302=CARTESIAN_POINT('',(11.4075212757389,0.,0.457677943817375));
#5303=CARTESIAN_POINT('',(11.3788390882892,0.,0.452976938059949));
#5304=CARTESIAN_POINT('',(11.3501754071619,0.,0.448042492668579));
#5305=CARTESIAN_POINT('',(13.7866703425336,-4.86347614304248,0.826634605642544));
#5306=CARTESIAN_POINT('',(13.7713826579453,-4.86347614304248,0.823854154608529));
#5307=CARTESIAN_POINT('',(13.7561070436378,-4.86347614304248,0.820949095295038));
#5308=CARTESIAN_POINT('',(11.3217674951496,0.,0.442068942284359));
#5309=CARTESIAN_POINT('',(11.3075635391434,0.,0.43908216709225));
#5310=CARTESIAN_POINT('',(11.2934368420336,0.,0.435798260375651));
#5311=CARTESIAN_POINT('',(13.740977841252,-4.86347614304248,0.817490987536433));
#5312=CARTESIAN_POINT('',(13.7334132400591,-4.86347614304248,0.81576193365713));
#5313=CARTESIAN_POINT('',(13.7258927085401,-4.86347614304248,0.813874774324811));
#5314=CARTESIAN_POINT('',(11.2793416577844,0.,0.432312062265849));
#5315=CARTESIAN_POINT('',(11.2652464735352,0.,0.428825864156046));
#5316=CARTESIAN_POINT('',(11.2511915787081,0.,0.425128694895371));
#5317=CARTESIAN_POINT('',(13.7183909090902,-4.86347614304248,0.811879777798469));
#5318=CARTESIAN_POINT('',(13.7108891096403,-4.86347614304248,0.809884781272128));
#5319=CARTESIAN_POINT('',(13.7034108145969,-4.86347614304248,0.807777389831614));
#5320=CARTESIAN_POINT('',(11.237188382524,0.,0.421234732574396));
#5321=CARTESIAN_POINT('',(11.2231851863399,0.,0.417340770253421));
#5322=CARTESIAN_POINT('',(11.2092336887989,0.,0.413250014872146));
#5323=CARTESIAN_POINT('',(13.6959619902678,-4.86347614304248,0.805565288571041));
#5324=CARTESIAN_POINT('',(13.6885131659386,-4.86347614304248,0.803353187310468));
#5325=CARTESIAN_POINT('',(13.6810938123237,-4.86347614304248,0.801036376229837));
#5326=CARTESIAN_POINT('',(11.1953452991218,0.,0.408976644521142));
#5327=CARTESIAN_POINT('',(11.1884011042832,0.,0.40683995934564));
#5328=CARTESIAN_POINT('',(11.1814726864106,0.,0.404657620427706));
#5329=CARTESIAN_POINT('',(13.6737098957306,-4.86347614304248,0.798622540423263));
#5330=CARTESIAN_POINT('',(13.6700179374341,-4.86347614304248,0.797415622519975));
#5331=CARTESIAN_POINT('',(13.666334838393,-4.86347614304248,0.796184448435202));
#5332=CARTESIAN_POINT('',(11.1745614716566,0.,0.402431400028662));
#5333=CARTESIAN_POINT('',(11.1676502569026,0.,0.400205179629617));
#5334=CARTESIAN_POINT('',(11.1607615163933,0.,0.397928341324395));
#5335=CARTESIAN_POINT('',(13.6626613443959,-4.86347614304248,0.794929978805707));
#5336=CARTESIAN_POINT('',(13.6589878503988,-4.86347614304248,0.793675509176212));
#5337=CARTESIAN_POINT('',(13.6553268418839,-4.86347614304248,0.792394192348529));
#5338=CARTESIAN_POINT('',(11.153869820209,0.,0.395638610466406));
#5339=CARTESIAN_POINT('',(11.1400864278403,0.,0.391059148750428));
#5340=CARTESIAN_POINT('',(11.1263145037184,0.,0.386386522874867));
#5341=CARTESIAN_POINT('',(13.6516643737574,-4.86347614304248,0.791105956461833));
#5342=CARTESIAN_POINT('',(13.6443394375044,-4.86347614304248,0.78852948468844));
#5343=CARTESIAN_POINT('',(13.6370215006447,-4.86347614304248,0.785903320694793));
#5344=CARTESIAN_POINT('',(11.1126922196519,0.,0.381351290634547));
#5345=CARTESIAN_POINT('',(11.1058810776187,0.,0.378833674514388));
#5346=CARTESIAN_POINT('',(11.0991098551332,0.,0.376222029892419));
#5347=CARTESIAN_POINT('',(13.6297869344022,-4.86347614304248,0.783084728189605));
#5348=CARTESIAN_POINT('',(13.6261696512809,-4.86347614304248,0.781675431937011));
#5349=CARTESIAN_POINT('',(13.6225745837476,-4.86347614304248,0.780216246904504));
#5350=CARTESIAN_POINT('',(11.0923880565648,0.,0.373493125895419));
#5351=CARTESIAN_POINT('',(11.0856662579964,0.,0.370764221898419));
#5352=CARTESIAN_POINT('',(11.078975122986,0.,0.367943897486918));
#5353=CARTESIAN_POINT('',(13.6190070289425,-4.86347614304248,0.778694844126042));
#5354=CARTESIAN_POINT('',(13.6154394741373,-4.86347614304248,0.777173441347579));
#5355=CARTESIAN_POINT('',(13.6118891629633,-4.86347614304248,0.775603457534193));
#5356=CARTESIAN_POINT('',(11.0723179179245,0.,0.365038338259892));
#5357=CARTESIAN_POINT('',(11.065660712863,0.,0.362132779032867));
#5358=CARTESIAN_POINT('',(11.0590374377504,0.,0.359141984990317));
#5359=CARTESIAN_POINT('',(13.6083577836976,-4.86347614304248,0.773988229562707));
#5360=CARTESIAN_POINT('',(13.6048264044319,-4.86347614304248,0.77237300159122));
#5361=CARTESIAN_POINT('',(13.6013139570744,-4.86347614304248,0.770712529461633));
#5362=CARTESIAN_POINT('',(11.0524513589778,0.,0.356072141731221));
#5363=CARTESIAN_POINT('',(11.0458652802052,0.,0.353002298472125));
#5364=CARTESIAN_POINT('',(11.0393163977725,0.,0.349853405996482));
#5365=CARTESIAN_POINT('',(13.5978221299021,-4.86347614304248,0.769010150050767));
#5366=CARTESIAN_POINT('',(13.5943303027298,-4.86347614304248,0.7673077706399));
#5367=CARTESIAN_POINT('',(13.5908590957428,-4.86347614304248,0.765563483947753));
#5368=CARTESIAN_POINT('',(11.0328079780707,0.,0.346631649903272));
#5369=CARTESIAN_POINT('',(11.0295537682198,0.,0.345020771856666));
#5370=CARTESIAN_POINT('',(11.0263127976292,0.,0.343387540636943));
#5371=CARTESIAN_POINT('',(13.587410197218,-4.86347614304248,0.763780626851149));
#5372=CARTESIAN_POINT('',(13.5856857479556,-4.86347614304248,0.762889198302847));
#5373=CARTESIAN_POINT('',(13.5839685840628,-4.86347614304248,0.761985944794888));
#5374=CARTESIAN_POINT('',(11.0230754535432,0.,0.341746006754905));
#5375=CARTESIAN_POINT('',(11.0198381094571,0.,0.340104472872867));
#5376=CARTESIAN_POINT('',(11.0165955072225,0.,0.338466148197143));
#5377=CARTESIAN_POINT('',(13.5822534361188,-4.86347614304248,0.761078287084775));
#5378=CARTESIAN_POINT('',(13.5805382881748,-4.86347614304248,0.760170629374662));
#5379=CARTESIAN_POINT('',(13.5788202996395,-4.86347614304248,0.75926463802789));
#5380=CARTESIAN_POINT('',(11.0133650124932,0.,0.336804549845412));
#5381=CARTESIAN_POINT('',(11.0101345177639,0.,0.335142951493681));
#5382=CARTESIAN_POINT('',(11.00691613054,0.,0.333458079465944));
#5383=CARTESIAN_POINT('',(13.5771090001031,-4.86347614304248,0.75834631912363));
#5384=CARTESIAN_POINT('',(13.5753977005667,-4.86347614304248,0.75742800021937));
#5385=CARTESIAN_POINT('',(13.5736930900292,-4.86347614304248,0.756497353757623));
#5386=CARTESIAN_POINT('',(11.0037272164753,0.,0.331723450879879));
#5387=CARTESIAN_POINT('',(11.0005383024107,0.,0.329988822293814));
#5388=CARTESIAN_POINT('',(10.9973861316724,0.,0.328196283786591));
#5389=CARTESIAN_POINT('',(13.5720046980809,-4.86347614304248,0.755540385817562));
#5390=CARTESIAN_POINT('',(13.5703163061326,-4.86347614304248,0.754583417877501));
#5391=CARTESIAN_POINT('',(13.5686480949836,-4.86347614304248,0.753595838058751));
#5392=CARTESIAN_POINT('',(10.9942627497642,0.,0.326347623068611));
#5393=CARTESIAN_POINT('',(10.9880159859478,0.,0.322650301632652));
#5394=CARTESIAN_POINT('',(10.9818540332062,0.,0.318768780207459));
#5395=CARTESIAN_POINT('',(13.5669957960213,-4.86347614304248,0.752578527731923));
#5396=CARTESIAN_POINT('',(13.5636911980967,-4.86347614304248,0.750543907078269));
#5397=CARTESIAN_POINT('',(13.5604336530429,-4.86347614304248,0.748411616952322));
#5398=CARTESIAN_POINT('',(10.9758276962216,0.,0.314714954208006));
#5399=CARTESIAN_POINT('',(10.9728145277293,0.,0.312688041208279));
#5400=CARTESIAN_POINT('',(10.9698415565215,0.,0.310617076565224));
#5401=CARTESIAN_POINT('',(13.5572502065993,-4.86347614304248,0.74618848985619));
#5402=CARTESIAN_POINT('',(13.5556584833776,-4.86347614304248,0.745076926308124));
#5403=CARTESIAN_POINT('',(13.5540886579044,-4.86347614304248,0.743942190800434));
#5404=CARTESIAN_POINT('',(10.9668941438311,0.,0.308506812204186));
#5405=CARTESIAN_POINT('',(10.9639467311408,0.,0.306396547843147));
#5406=CARTESIAN_POINT('',(10.9610145710034,0.,0.304248294057263));
#5407=CARTESIAN_POINT('',(13.5525328609537,-4.86347614304248,0.742786686805217));
#5408=CARTESIAN_POINT('',(13.5509770640031,-4.86347614304248,0.741631182810001));
#5409=CARTESIAN_POINT('',(13.5494297744821,-4.86347614304248,0.740455514563199));
#5410=CARTESIAN_POINT('',(10.9581058555739,0.,0.302059537633234));
#5411=CARTESIAN_POINT('',(10.952288424715,0.,0.297682024785179));
#5412=CARTESIAN_POINT('',(10.946564772688,0.,0.293142501384547));
#5413=CARTESIAN_POINT('',(13.5478953948086,-4.86347614304248,0.739258415107123));
#5414=CARTESIAN_POINT('',(13.5448266354616,-4.86347614304248,0.736864216194973));
#5415=CARTESIAN_POINT('',(13.5418095155043,-4.86347614304248,0.734384292445732));
#5416=CARTESIAN_POINT('',(10.9410004367328,0.,0.288420861724955));
#5417=CARTESIAN_POINT('',(10.9382182687551,0.,0.286060041895158));
#5418=CARTESIAN_POINT('',(10.9354759297955,0.,0.283653693000621));
#5419=CARTESIAN_POINT('',(13.5388792542793,-4.86347614304248,0.731808508197914));
#5420=CARTESIAN_POINT('',(13.5374141236669,-4.86347614304248,0.730520616074004));
#5421=CARTESIAN_POINT('',(13.5359707077374,-4.86347614304248,0.72920875882545));
#5422=CARTESIAN_POINT('',(10.9327816120088,0.,0.281199301828046));
#5423=CARTESIAN_POINT('',(10.9300872942221,0.,0.27874491065547));
#5424=CARTESIAN_POINT('',(10.9274409976083,0.,0.276242477204856));
#5425=CARTESIAN_POINT('',(13.5345534089089,-4.86347614304248,0.727871669494566));
#5426=CARTESIAN_POINT('',(13.5331361100803,-4.86347614304248,0.726534580163681));
#5427=CARTESIAN_POINT('',(13.5317449283527,-4.86347614304248,0.725172258750465));
#5428=CARTESIAN_POINT('',(10.9248509143225,0.,0.273689488262905));
#5429=CARTESIAN_POINT('',(10.9222608310367,0.,0.271136499320955));
#5430=CARTESIAN_POINT('',(10.9197269610788,0.,0.268532954887668));
#5431=CARTESIAN_POINT('',(13.5303842661437,-4.86347614304248,0.723783438297234));
#5432=CARTESIAN_POINT('',(13.5290236039347,-4.86347614304248,0.722394617844002));
#5433=CARTESIAN_POINT('',(13.5276934612444,-4.86347614304248,0.720979298350754));
#5434=CARTESIAN_POINT('',(10.9172574966039,0.,0.265876341749746));
#5435=CARTESIAN_POINT('',(10.9160227643664,0.,0.264548035180786));
#5436=CARTESIAN_POINT('',(10.9148041334997,0.,0.263206461435667));
#5437=CARTESIAN_POINT('',(13.5263982404906,-4.86347614304248,0.719536212859804));
#5438=CARTESIAN_POINT('',(13.5257506301137,-4.86347614304248,0.718814670114329));
#5439=CARTESIAN_POINT('',(13.5251117502209,-4.86347614304248,0.718086185869428));
#5440=CARTESIAN_POINT('',(10.9136026280231,0.,0.261851306362726));
#5441=CARTESIAN_POINT('',(10.9124011225464,0.,0.260496151289786));
#5442=CARTESIAN_POINT('',(10.9112198160717,0.,0.25912615825453));
#5443=CARTESIAN_POINT('',(13.5244821511145,-4.86347614304248,0.717350601755391));
#5444=CARTESIAN_POINT('',(13.523852552008,-4.86347614304248,0.716615017641353));
#5445=CARTESIAN_POINT('',(13.5232338883564,-4.86347614304248,0.71587169062455));
#5446=CARTESIAN_POINT('',(10.910034622055,0.,0.257751572969589));
#5447=CARTESIAN_POINT('',(10.9076642340218,0.,0.255002402399706));
#5448=CARTESIAN_POINT('',(10.9053059767318,0.,0.252222634085864));
#5449=CARTESIAN_POINT('',(13.5226131895365,-4.86347614304248,0.715125872631553));
#5450=CARTESIAN_POINT('',(13.5213717918965,-4.86347614304248,0.71363423664556));
#5451=CARTESIAN_POINT('',(13.5201371640126,-4.86347614304248,0.71212635837038));
#5452=CARTESIAN_POINT('',(10.9030498965257,0.,0.249369955376403));
#5453=CARTESIAN_POINT('',(10.9019218564226,0.,0.247943616021673));
#5454=CARTESIAN_POINT('',(10.9008193605906,0.,0.246499049068038));
#5455=CARTESIAN_POINT('',(13.5189578333224,-4.86347614304248,0.710580460499211));
#5456=CARTESIAN_POINT('',(13.5183681679773,-4.86347614304248,0.709807511563626));
#5457=CARTESIAN_POINT('',(13.5177923269306,-4.86347614304248,0.709025057729044));
#5458=CARTESIAN_POINT('',(10.8997536648221,0.,0.245030965434041));
#5459=CARTESIAN_POINT('',(10.8992208169379,0.,0.244296923617042));
#5460=CARTESIAN_POINT('',(10.8986997043955,0.,0.243556123942059));
#5461=CARTESIAN_POINT('',(13.5172363761121,-4.86347614304248,0.708230376832114));
#5462=CARTESIAN_POINT('',(13.5169584007029,-4.86347614304248,0.707833036383649));
#5463=CARTESIAN_POINT('',(13.5166867612619,-4.86347614304248,0.707432193138148));
#5464=CARTESIAN_POINT('',(10.8981868277421,0.,0.242809592137226));
#5465=CARTESIAN_POINT('',(10.8976739510887,0.,0.242063060332392));
#5466=CARTESIAN_POINT('',(10.8971693103242,0.,0.241310796397709));
#5467=CARTESIAN_POINT('',(13.5164195776493,-4.86347614304248,0.707028362729187));
#5468=CARTESIAN_POINT('',(13.5161523940368,-4.86347614304248,0.706624532320225));
#5469=CARTESIAN_POINT('',(13.5158896662526,-4.86347614304248,0.706217714747803));
#5470=CARTESIAN_POINT('',(10.8966694059959,0.,0.240553826061309));
#5471=CARTESIAN_POINT('',(10.8946697886825,0.,0.237525944715712));
#5472=CARTESIAN_POINT('',(10.8927414649286,0.,0.234426501650729));
#5473=CARTESIAN_POINT('',(13.5156295141572,-4.86347614304248,0.705808425645494));
#5474=CARTESIAN_POINT('',(13.5145889057752,-4.86347614304248,0.704171269236262));
#5475=CARTESIAN_POINT('',(13.5135870737722,-4.86347614304248,0.702496525989363));
#5476=CARTESIAN_POINT('',(10.8910007073134,0.,0.231235916962265));
#5477=CARTESIAN_POINT('',(10.8905655179096,0.,0.230438270790149));
#5478=CARTESIAN_POINT('',(10.8901444494214,0.,0.229634732433533));
#5479=CARTESIAN_POINT('',(13.5126863522457,-4.86347614304248,0.700774814676892));
#5480=CARTESIAN_POINT('',(13.5124611718641,-4.86347614304248,0.700344386848774));
#5481=CARTESIAN_POINT('',(13.5122435945392,-4.86347614304248,0.699910941211874));
#5482=CARTESIAN_POINT('',(10.889735421071,0.,0.228825313415531));
#5483=CARTESIAN_POINT('',(10.8893263927207,0.,0.228015894397528));
#5484=CARTESIAN_POINT('',(10.8889294045083,0.,0.227200594718139));
#5485=CARTESIAN_POINT('',(13.5120325079213,-4.86347614304248,0.699474464511405));
#5486=CARTESIAN_POINT('',(13.5118214213033,-4.86347614304248,0.699037987810935));
#5487=CARTESIAN_POINT('',(13.5116168253924,-4.86347614304248,0.698598480046897));
#5488=CARTESIAN_POINT('',(10.8885423756563,0.,0.226379425900477));
#5489=CARTESIAN_POINT('',(10.8877683179521,0.,0.224737088265155));
#5490=CARTESIAN_POINT('',(10.8870134266255,0.,0.223073259747865));
#5491=CARTESIAN_POINT('',(13.5114176078388,-4.86347614304248,0.698155927964503));
#5492=CARTESIAN_POINT('',(13.5110191727315,-4.86347614304248,0.697270823799715));
#5493=CARTESIAN_POINT('',(13.5106311831821,-4.86347614304248,0.696374410899189));
#5494=CARTESIAN_POINT('',(10.8863523185721,0.,0.221385457861075));
#5495=CARTESIAN_POINT('',(10.8860217645454,0.,0.22054155691768));
#5496=CARTESIAN_POINT('',(10.8857209772695,0.,0.219693370401609));
#5497=CARTESIAN_POINT('',(13.5102935474696,-4.86347614304248,0.695466058491258));
#5498=CARTESIAN_POINT('',(13.5101247296133,-4.86347614304248,0.695011882287293));
#5499=CARTESIAN_POINT('',(13.5099718630228,-4.86347614304248,0.694555693040125));
#5500=CARTESIAN_POINT('',(10.8854257443218,0.,0.218830678736091));
#5501=CARTESIAN_POINT('',(10.8851305113741,0.,0.217967987070572));
#5502=CARTESIAN_POINT('',(10.8848449044481,0.,0.217092948464141));
#5503=CARTESIAN_POINT('',(13.5098221007356,-4.86347614304248,0.694091802150252));
#5504=CARTESIAN_POINT('',(13.5096723384483,-4.86347614304248,0.69362791126038));
#5505=CARTESIAN_POINT('',(13.509527836778,-4.86347614304248,0.69315751034936));
#5506=CARTESIAN_POINT('',(10.8845739149828,0.,0.216208772381969));
#5507=CARTESIAN_POINT('',(10.8840319360521,0.,0.214440420217626));
#5508=CARTESIAN_POINT('',(10.8835484269642,0.,0.21263551815032));
#5509=CARTESIAN_POINT('',(13.5093912338632,-4.86347614304248,0.692682361550528));
#5510=CARTESIAN_POINT('',(13.5091180280335,-4.86347614304248,0.691732063952865));
#5511=CARTESIAN_POINT('',(13.5088764172256,-4.86347614304248,0.690762774803953));
#5512=CARTESIAN_POINT('',(10.8831633192307,0.,0.210819741901426));
#5513=CARTESIAN_POINT('',(10.8827782114973,0.,0.209003965652532));
#5514=CARTESIAN_POINT('',(10.8824915051182,0.,0.20717731522205));
#5515=CARTESIAN_POINT('',(13.5086875065475,-4.86347614304248,0.689788591170476));
#5516=CARTESIAN_POINT('',(13.5084985958693,-4.86347614304248,0.688814407536999));
#5517=CARTESIAN_POINT('',(13.5083623853208,-4.86347614304248,0.687835329418956));
#5518=CARTESIAN_POINT('',(10.8823431316053,0.,0.205365466331354));
#5519=CARTESIAN_POINT('',(10.8821947580923,0.,0.203553617440658));
#5520=CARTESIAN_POINT('',(10.8821847174455,0.,0.201756570089749));
#5521=CARTESIAN_POINT('',(10.8823529411765,0.,0.2));
#5522=CARTESIAN_POINT('',(13.5082999800099,-4.86347614304248,0.686865453883031));
#5523=CARTESIAN_POINT('',(13.5082375746991,-4.86347614304248,0.685895578347106));
#5524=CARTESIAN_POINT('',(13.5082489746258,-4.86347614304248,0.684934905393298));
#5525=CARTESIAN_POINT('',(13.5083552848982,-4.86347614304248,0.68399753208829));
#5526=B_SPLINE_SURFACE_WITH_KNOTS('Surf_OTGQOZDGCY, Wing, 1, 7, lower',1,3,((#5527, #5528, #5529, #5533, #5534, #5535, #5539, #5540, #5541, #5545, #5546, #5547, #5551, #5552, #5553, #5557, #5558, #5559, #5563, #5564, #5565, #5569, #5570, #5571, #5575, #5576, #5577, #5581, #5582, #5583, #5587, #5588, #5589, #5593, #5594, #5595, #5599, #5600, #5601, #5605, #5606, #5607, #5611, #5612, #5613, #5617, #5618, #5619, #5623, #5624, #5625, #5629, #5630, #5631, #5635, #5636, #5637, #5641, #5642, #5643, #5647, #5648, #5649, #5653, #5654, #5655, #5659, #5660, #5661, #5665, #5666, #5667, #5671, #5672, #5673, #5677, #5678, #5679, #5683, #5684, #5685, #5689, #5690, #5691, #5695, #5696, #5697, #5701, #5702, #5703, #5707, #5708, #5709, #5713, #5714, #5715, #5719, #5720, #5721, #5725, #5726, #5727, #5731, #5732, #5733, #5737, #5738, #5739, #5743, #5744, #5745, #5749, #5750, #5751, #5755, #5756, #5757, #5761, #5762, #5763, #5767, #5768, #5769, #5773, #5774, #5775, #5779, #5780, #5781, #5785, #5786, #5787, #5791, #5792, #5793, #5797, #5798, #5799, #5803, #5804, #5805, #5809, #5810, #5811, #5815, #5816, #5817, #5821, #5822, #5823, #5827, #5828, #5829, #5833, #5834, #5835, #5839, #5840, #5841, #5845, #5846, #5847, #5851, #5852, #5853, #5857, #5858, #5859, #5863, #5864, #5865, #5869, #5870, #5871, #5875, #5876, #5877, #5881, #5882, #5883, #5887, #5888, #5889, #5893, #5894, #5895, #5899, #5900, #5901, #5905, #5906, #5907, #5911, #5912, #5913, #5917, #5918, #5919, #5923, #5924, #5925, #5929, #5930, #5931, #5935, #5936, #5937, #5941, #5942, #5943, #5947, #5948, #5949, #5953, #5954, #5955, #5959, #5960, #5961, #5965, #5966, #5967, #5971, #5972, #5973, #5977, #5978, #5979, #5983, #5984, #5985, #5989, #5990, #5991, #5995, #5996, #5997, #6001, #6002, #6003, #6007, #6008, #6009, #6013, #6014, #6015, #6019, #6020, #6021, #6025, #6026, #6027, #6031, #6032, #6033, #6034),(#5530, #5531, #5532, #5536, #5537, #5538, #5542, #5543, #5544, #5548, #5549, #5550, #5554, #5555, #5556, #5560, #5561, #5562, #5566, #5567, #5568, #5572, #5573, #5574, #5578, #5579, #5580, #5584, #5585, #5586, #5590, #5591, #5592, #5596, #5597, #5598, #5602, #5603, #5604, #5608, #5609, #5610, #5614, #5615, #5616, #5620, #5621, #5622, #5626, #5627, #5628, #5632, #5633, #5634, #5638, #5639, #5640, #5644, #5645, #5646, #5650, #5651, #5652, #5656, #5657, #5658, #5662, #5663, #5664, #5668, #5669, #5670, #5674, #5675, #5676, #5680, #5681, #5682, #5686, #5687, #5688, #5692, #5693, #5694, #5698, #5699, #5700, #5704, #5705, #5706, #5710, #5711, #5712, #5716, #5717, #5718, #5722, #5723, #5724, #5728, #5729, #5730, #5734, #5735, #5736, #5740, #5741, #5742, #5746, #5747, #5748, #5752, #5753, #5754, #5758, #5759, #5760, #5764, #5765, #5766, #5770, #5771, #5772, #5776, #5777, #5778, #5782, #5783, #5784, #5788, #5789, #5790, #5794, #5795, #5796, #5800, #5801, #5802, #5806, #5807, #5808, #5812, #5813, #5814, #5818, #5819, #5820, #5824, #5825, #5826, #5830, #5831, #5832, #5836, #5837, #5838, #5842, #5843, #5844, #5848, #5849, #5850, #5854, #5855, #5856, #5860, #5861, #5862, #5866, #5867, #5868, #5872, #5873, #5874, #5878, #5879, #5880, #5884, #5885, #5886, #5890, #5891, #5892, #5896, #5897, #5898, #5902, #5903, #5904, #5908, #5909, #5910, #5914, #5915, #5916, #5920, #5921, #5922, #5926, #5927, #5928, #5932, #5933, #5934, #5938, #5939, #5940, #5944, #5945, #5946, #5950, #5951, #5952, #5956, #5957, #5958, #5962, #5963, #5964, #5968, #5969, #5970, #5974, #5975, #5976, #5980, #5981, #5982, #5986, #5987, #5988, #5992, #5993, #5994, #5998, #5999, #6000, #6004, #6005, #6006, #6010, #6011, #6012, #6016, #6017, #6018, #6022, #6023, #6024, #6028, #6029, #6030, #6035, #6036, #6037, #6038)),.UNSPECIFIED.,.F.,.F.,.F.,(2,2),(4,3,3,3,3,3,3,3,3,3,3,3,3,3,3,3,3,3,3,3,3,3,3,3,3,3,3,3,3,3,3,3,3,3,3,3,3,3,3,3,3,3,3,3,3,3,3,3,3,3,3,3,3,3,3,3,3,3,3,3,3,3,3,3,3,3,3,3,3,3,3,3,3,3,3,3,3,3,3,3,3,3,3,3,3,4),(0.,1.),(0.,1.,2.,3.,4.,5.,6.,7.,8.,9.,10.,11.,12.,13.,14.,15.,16.,17.,18.,19.,20.,21.,22.,23.,24.,25.,26.,27.,28.,29.,30.,31.,32.,33.,34.,35.,36.,37.,38.,39.,40.,41.,42.,43.,44.,45.,46.,47.,48.,49.,50.,51.,52.,53.,54.,55.,56.,57.,58.,59.,60.,61.,62.,63.,64.,65.,66.,67.,68.,69.,70.,71.,72.,73.,74.,75.,76.,77.,78.,79.,80.,81.,82.,83.,84.,85.),.PIECEWISE_BEZIER_KNOTS.);
#5527=CARTESIAN_POINT('',(13.5083552848982,-4.86347614304248,0.68399753208829));
#5528=CARTESIAN_POINT('',(13.5084615972801,-4.86347614304248,0.683060259495444));
#5529=CARTESIAN_POINT('',(13.5086337632354,-4.86347614304248,0.682107018843569));
#5530=CARTESIAN_POINT('',(17.3141732728505,-11.9105538196959,1.41205891701201));
#5531=CARTESIAN_POINT('',(17.314209760636,-11.9105538196959,1.41173723292695));
#5532=CARTESIAN_POINT('',(17.3142688502202,-11.9105538196959,1.41141006839737));
#5533=CARTESIAN_POINT('',(13.5088761680016,-4.86347614304248,0.681172219576021));
#5534=CARTESIAN_POINT('',(13.5091185727677,-4.86347614304248,0.680237420308472));
#5535=CARTESIAN_POINT('',(13.5094298928993,-4.86347614304248,0.679327126443895));
#5536=CARTESIAN_POINT('',(17.3143520466734,-11.9105538196959,1.41108923318957));
#5537=CARTESIAN_POINT('',(17.3144352431266,-11.9105538196959,1.41076839798178));
#5538=CARTESIAN_POINT('',(17.3145420922252,-11.9105538196959,1.41045597334545));
#5539=CARTESIAN_POINT('',(13.5098187495334,-4.86347614304248,0.678456453445148));
#5540=CARTESIAN_POINT('',(13.5102076061674,-4.86347614304248,0.677585780446402));
#5541=CARTESIAN_POINT('',(13.510672784108,-4.86347614304248,0.676734454085771));
#5542=CARTESIAN_POINT('',(17.314675552855,-11.9105538196959,1.4101571471031));
#5543=CARTESIAN_POINT('',(17.3148090134848,-11.9105538196959,1.40985832086075));
#5544=CARTESIAN_POINT('',(17.3149686685749,-11.9105538196959,1.409566134635));
#5545=CARTESIAN_POINT('',(13.5111904459005,-4.86347614304248,0.675937101121696));
#5546=CARTESIAN_POINT('',(13.5114492767967,-4.86347614304248,0.675538424639658));
#5547=CARTESIAN_POINT('',(13.5117288072607,-4.86347614304248,0.675150489099624));
#5548=CARTESIAN_POINT('',(17.3151463368022,-11.9105538196959,1.40929247277753));
#5549=CARTESIAN_POINT('',(17.3152351709159,-11.9105538196959,1.4091556418488));
#5550=CARTESIAN_POINT('',(17.3153311093891,-11.9105538196959,1.40902249735038));
#5551=CARTESIAN_POINT('',(13.5120246628913,-4.86347614304248,0.674772943650842));
#5552=CARTESIAN_POINT('',(13.5123205185218,-4.86347614304248,0.67439539820206));
#5553=CARTESIAN_POINT('',(13.5126326993189,-4.86347614304248,0.67402824284453));
#5554=CARTESIAN_POINT('',(17.3154326508708,-11.9105538196959,1.40889291886576));
#5555=CARTESIAN_POINT('',(17.3155341923525,-11.9105538196959,1.40876334038114));
#5556=CARTESIAN_POINT('',(17.3156413368426,-11.9105538196959,1.40863732791032));
#5557=CARTESIAN_POINT('',(13.5129568308813,-4.86347614304248,0.673671126727502));
#5558=CARTESIAN_POINT('',(13.5136050940062,-4.86347614304248,0.672956894493446));
#5559=CARTESIAN_POINT('',(13.5143011601924,-4.86347614304248,0.672282819221395));
#5560=CARTESIAN_POINT('',(17.3157525829901,-11.9105538196959,1.40851476103678));
#5561=CARTESIAN_POINT('',(17.315975075285,-11.9105538196959,1.40826962728969));
#5562=CARTESIAN_POINT('',(17.3162139742094,-11.9105538196959,1.40803827593172));
#5563=CARTESIAN_POINT('',(13.5150100342305,-4.86347614304248,0.671646094105341));
#5564=CARTESIAN_POINT('',(13.5153644712496,-4.86347614304248,0.671327731547314));
#5565=CARTESIAN_POINT('',(13.5157217318654,-4.86347614304248,0.671019056440937));
#5566=CARTESIAN_POINT('',(17.3164572689543,-11.9105538196959,1.40781974363071));
#5567=CARTESIAN_POINT('',(17.3165789163267,-11.9105538196959,1.4077104774802));
#5568=CARTESIAN_POINT('',(17.3167015327941,-11.9105538196959,1.40760453618849));
#5569=CARTESIAN_POINT('',(13.5160962182001,-4.86347614304248,0.670727856803438));
#5570=CARTESIAN_POINT('',(13.5164707045348,-4.86347614304248,0.67043665716594));
#5571=CARTESIAN_POINT('',(13.5168580120971,-4.86347614304248,0.670160068311715));
#5572=CARTESIAN_POINT('',(17.3168300613512,-11.9105538196959,1.40750459270388));
#5573=CARTESIAN_POINT('',(17.3169585899083,-11.9105538196959,1.40740464921928));
#5574=CARTESIAN_POINT('',(17.3170915188766,-11.9105538196959,1.4073097203446));
#5575=CARTESIAN_POINT('',(13.5172546320574,-4.86347614304248,0.669894391094038));
#5576=CARTESIAN_POINT('',(13.5188411118986,-4.86347614304248,0.668831682223329));
#5577=CARTESIAN_POINT('',(13.520576590108,-4.86347614304248,0.667943559537381));
#5578=CARTESIAN_POINT('',(17.3172276439805,-11.9105538196959,1.40721853648481));
#5579=CARTESIAN_POINT('',(17.3177721443959,-11.9105538196959,1.40685380104567));
#5580=CARTESIAN_POINT('',(17.3183677829797,-11.9105538196959,1.40654898584481));
#5581=CARTESIAN_POINT('',(13.5222365015967,-4.86347614304248,0.66699327764572));
#5582=CARTESIAN_POINT('',(13.5226514794689,-4.86347614304248,0.666755707172805));
#5583=CARTESIAN_POINT('',(13.5230623826919,-4.86347614304248,0.666514964392251));
#5584=CARTESIAN_POINT('',(17.318937486087,-11.9105538196959,1.40622283680003));
#5585=CARTESIAN_POINT('',(17.3190799118639,-11.9105538196959,1.40614129953883));
#5586=CARTESIAN_POINT('',(17.3192209391684,-11.9105538196959,1.40605867350059));
#5587=CARTESIAN_POINT('',(13.5234774879371,-4.86347614304248,0.666279958825418));
#5588=CARTESIAN_POINT('',(13.5238925931824,-4.86347614304248,0.666044953258586));
#5589=CARTESIAN_POINT('',(13.5243096284902,-4.86347614304248,0.665813232906216));
#5590=CARTESIAN_POINT('',(17.3193634086613,-11.9105538196959,1.40597801654836));
#5591=CARTESIAN_POINT('',(17.3195058781542,-11.9105538196959,1.40589735959613));
#5592=CARTESIAN_POINT('',(17.3196490100695,-11.9105538196959,1.40581783017203));
#5593=CARTESIAN_POINT('',(13.5247284934972,-4.86347614304248,0.665584668129726));
#5594=CARTESIAN_POINT('',(13.5255662235111,-4.86347614304248,0.665127538576748));
#5595=CARTESIAN_POINT('',(13.5264112723217,-4.86347614304248,0.664683031327293));
#5596=CARTESIAN_POINT('',(17.3197927699613,-11.9105538196959,1.4057393837824));
#5597=CARTESIAN_POINT('',(17.3200802897449,-11.9105538196959,1.40558249100316));
#5598=CARTESIAN_POINT('',(17.3203703214342,-11.9105538196959,1.40542993036186));
#5599=CARTESIAN_POINT('',(13.5272628370215,-4.86347614304248,0.664250109272707));
#5600=CARTESIAN_POINT('',(13.528965966421,-4.86347614304248,0.663384265163536));
#5601=CARTESIAN_POINT('',(13.5306951593774,-4.86347614304248,0.662564761833844));
#5602=CARTESIAN_POINT('',(17.320662589461,-11.9105538196959,1.40528134590938));
#5603=CARTESIAN_POINT('',(17.3212471255147,-11.9105538196959,1.40498417700443));
#5604=CARTESIAN_POINT('',(17.3218406069184,-11.9105538196959,1.40470291285479));
#5605=CARTESIAN_POINT('',(13.532443992631,-4.86347614304248,0.6617833024144));
#5606=CARTESIAN_POINT('',(13.5333184092578,-4.86347614304248,0.661392572704679));
#5607=CARTESIAN_POINT('',(13.5341977359589,-4.86347614304248,0.661011353972519));
#5608=CARTESIAN_POINT('',(17.3224408291263,-11.9105538196959,1.40443470586755));
#5609=CARTESIAN_POINT('',(17.3227409402303,-11.9105538196959,1.40430060237393));
#5610=CARTESIAN_POINT('',(17.3230427365353,-11.9105538196959,1.40416976317092));
#5611=CARTESIAN_POINT('',(13.5350811698269,-4.86347614304248,0.660638609109269));
#5612=CARTESIAN_POINT('',(13.5359646036949,-4.86347614304248,0.660265864246018));
#5613=CARTESIAN_POINT('',(13.5368521447298,-4.86347614304248,0.659901593251676));
#5614=CARTESIAN_POINT('',(17.3233459424731,-11.9105538196959,1.40404183230938));
#5615=CARTESIAN_POINT('',(17.323649148411,-11.9105538196959,1.40391390144785));
#5616=CARTESIAN_POINT('',(17.3239537639816,-11.9105538196959,1.40378887892781));
#5617=CARTESIAN_POINT('',(13.537742990024,-4.86347614304248,0.659544759017588));
#5618=CARTESIAN_POINT('',(13.5395246806126,-4.86347614304248,0.658831090549414));
#5619=CARTESIAN_POINT('',(13.5413195882388,-4.86347614304248,0.658147169122259));
#5620=CARTESIAN_POINT('',(17.3242595136169,-11.9105538196959,1.40366640880014));
#5621=CARTESIAN_POINT('',(17.3248710128874,-11.9105538196959,1.4034214685448));
#5622=CARTESIAN_POINT('',(17.3254870484164,-11.9105538196959,1.40318673785896));
#5623=CARTESIAN_POINT('',(13.5431212896432,-4.86347614304248,0.657484697866894));
#5624=CARTESIAN_POINT('',(13.5449229910476,-4.86347614304248,0.65682222661153));
#5625=CARTESIAN_POINT('',(13.5467314862302,-4.86347614304248,0.656181205527955));
#5626=CARTESIAN_POINT('',(17.3261054156579,-11.9105538196959,1.4029593691497));
#5627=CARTESIAN_POINT('',(17.3267237828995,-11.9105538196959,1.40273200044045));
#5628=CARTESIAN_POINT('',(17.3273444818536,-11.9105538196959,1.40251199370778));
#5629=CARTESIAN_POINT('',(13.5485403519313,-4.86347614304248,0.655553337746942));
#5630=CARTESIAN_POINT('',(13.5503492176324,-4.86347614304248,0.654925469965928));
#5631=CARTESIAN_POINT('',(13.5521533809354,-4.86347614304248,0.654302893546901));
#5632=CARTESIAN_POINT('',(17.3279653079745,-11.9105538196959,1.4022965013588));
#5633=CARTESIAN_POINT('',(17.3285861340954,-11.9105538196959,1.40208100900982));
#5634=CARTESIAN_POINT('',(17.3292053462924,-11.9105538196959,1.40186733272476));
#5635=CARTESIAN_POINT('',(13.553973386379,-4.86347614304248,0.653720652094828));
#5636=CARTESIAN_POINT('',(13.5576133972662,-4.86347614304248,0.652556169190682));
#5637=CARTESIAN_POINT('',(13.5613006879273,-4.86347614304248,0.651519785294598));
#5638=CARTESIAN_POINT('',(17.3298299957171,-11.9105538196959,1.40166749992241));
#5639=CARTESIAN_POINT('',(17.3310792945665,-11.9105538196959,1.40126783431772));
#5640=CARTESIAN_POINT('',(17.3323448204463,-11.9105538196959,1.4009121339506));
#5641=CARTESIAN_POINT('',(13.5649739892756,-4.86347614304248,0.650453830307508));
#5642=CARTESIAN_POINT('',(13.5668106399497,-4.86347614304248,0.649920852813962));
#5643=CARTESIAN_POINT('',(13.5686453851992,-4.86347614304248,0.649383949736748));
#5644=CARTESIAN_POINT('',(17.3336055450128,-11.9105538196959,1.4005462844023));
#5645=CARTESIAN_POINT('',(17.3342359072961,-11.9105538196959,1.40036335962814));
#5646=CARTESIAN_POINT('',(17.3348656156129,-11.9105538196959,1.40017908754287));
#5647=CARTESIAN_POINT('',(13.570483471945,-4.86347614304248,0.648856847867701));
#5648=CARTESIAN_POINT('',(13.5723215586908,-4.86347614304248,0.648329745998654));
#5649=CARTESIAN_POINT('',(13.5741615314209,-4.86347614304248,0.647809038775314));
#5650=CARTESIAN_POINT('',(17.3354964707746,-11.9105538196959,1.3999981793591));
#5651=CARTESIAN_POINT('',(17.3361273259362,-11.9105538196959,1.39981727117532));
#5652=CARTESIAN_POINT('',(17.3367588283921,-11.9105538196959,1.39963855771672));
#5653=CARTESIAN_POINT('',(13.5760037278953,-4.86347614304248,0.647296951835145));
#5654=CARTESIAN_POINT('',(13.5796881208441,-4.86347614304248,0.646272777954805));
#5655=CARTESIAN_POINT('',(13.5833820097135,-4.86347614304248,0.645286809926796));
#5656=CARTESIAN_POINT('',(17.3373910940658,-11.9105538196959,1.39946280285088));
#5657=CARTESIAN_POINT('',(17.3386556254132,-11.9105538196959,1.39911129311919));
#5658=CARTESIAN_POINT('',(17.3399234158834,-11.9105538196959,1.39877289613052));
#5659=CARTESIAN_POINT('',(13.587088715207,-4.86347614304248,0.644347556005289));
#5660=CARTESIAN_POINT('',(13.5889420679538,-4.86347614304248,0.643877929044536));
#5661=CARTESIAN_POINT('',(13.5907981585872,-4.86347614304248,0.643418537407574));
#5662=CARTESIAN_POINT('',(17.341195605185,-11.9105538196959,1.39845053202783));
#5663=CARTESIAN_POINT('',(17.3418316998357,-11.9105538196959,1.39828934997648));
#5664=CARTESIAN_POINT('',(17.3424687341646,-11.9105538196959,1.39813168082074));
#5665=CARTESIAN_POINT('',(13.5926564263563,-4.86347614304248,0.642967526921216));
#5666=CARTESIAN_POINT('',(13.5945146941254,-4.86347614304248,0.642516516434857));
#5667=CARTESIAN_POINT('',(13.5963751390301,-4.86347614304248,0.642073887099102));
#5668=CARTESIAN_POINT('',(17.3431065157147,-11.9105538196959,1.39797688818436));
#5669=CARTESIAN_POINT('',(17.3437442972647,-11.9105538196959,1.39782209554798));
#5670=CARTESIAN_POINT('',(17.3443828260359,-11.9105538196959,1.39767017943096));
#5671=CARTESIAN_POINT('',(13.5982372003193,-4.86347614304248,0.641637784740763));
#5672=CARTESIAN_POINT('',(13.6000992616085,-4.86347614304248,0.641201682382423));
#5673=CARTESIAN_POINT('',(13.6019629392822,-4.86347614304248,0.640772107001499));
#5674=CARTESIAN_POINT('',(17.3450219095711,-11.9105538196959,1.39752050345708));
#5675=CARTESIAN_POINT('',(17.3456609931064,-11.9105538196959,1.39737082748319));
#5676=CARTESIAN_POINT('',(17.3463006314057,-11.9105538196959,1.39722339165243));
#5677=CARTESIAN_POINT('',(13.6038276725893,-4.86347614304248,0.640347204424803));
#5678=CARTESIAN_POINT('',(13.6056924058964,-4.86347614304248,0.639922301848106));
#5679=CARTESIAN_POINT('',(13.6075581948369,-4.86347614304248,0.639502072075637));
#5680=CARTESIAN_POINT('',(17.3469406320121,-11.9105538196959,1.39707755958857));
#5681=CARTESIAN_POINT('',(17.3475806326185,-11.9105538196959,1.3969317275247));
#5682=CARTESIAN_POINT('',(17.3482209955319,-11.9105538196959,1.39678749922772));
#5683=CARTESIAN_POINT('',(13.6094244786596,-4.86347614304248,0.639084660934208));
#5684=CARTESIAN_POINT('',(13.6131570463052,-4.86347614304248,0.638249838651349));
#5685=CARTESIAN_POINT('',(13.6168889859891,-4.86347614304248,0.637417137893644));
#5686=CARTESIAN_POINT('',(17.3488615282953,-11.9105538196959,1.3966442383214));
#5687=CARTESIAN_POINT('',(17.3501425938221,-11.9105538196959,1.39635771650876));
#5688=CARTESIAN_POINT('',(17.3514234438244,-11.9105538196959,1.39607192283101));
#5689=CARTESIAN_POINT('',(13.6206264721314,-4.86347614304248,0.636609257469486));
#5690=CARTESIAN_POINT('',(13.6243639582738,-4.86347614304248,0.635801377045329));
#5691=CARTESIAN_POINT('',(13.6281070313518,-4.86347614304248,0.635018086727528));
#5692=CARTESIAN_POINT('',(17.352706197443,-11.9105538196959,1.39579464781298));
#5693=CARTESIAN_POINT('',(17.3539889510616,-11.9105538196959,1.39551737279496));
#5694=CARTESIAN_POINT('',(17.3552736221889,-11.9105538196959,1.39524853741971));
#5695=CARTESIAN_POINT('',(13.6318534051388,-4.86347614304248,0.634249906715414));
#5696=CARTESIAN_POINT('',(13.6355997789258,-4.86347614304248,0.6334817267033));
#5697=CARTESIAN_POINT('',(13.6393490615925,-4.86347614304248,0.632726971828609));
#5698=CARTESIAN_POINT('',(17.3565594261622,-11.9105538196959,1.39498488809694));
#5699=CARTESIAN_POINT('',(17.3578452301354,-11.9105538196959,1.39472123877417));
#5700=CARTESIAN_POINT('',(17.3591320324739,-11.9105538196959,1.39446219713233));
#5701=CARTESIAN_POINT('',(13.6430995747862,-4.86347614304248,0.631978776692441));
#5702=CARTESIAN_POINT('',(13.6468500879799,-4.86347614304248,0.631230581556273));
#5703=CARTESIAN_POINT('',(13.6506018317007,-4.86347614304248,0.630488946158626));
#5704=CARTESIAN_POINT('',(17.3604192571451,-11.9105538196959,1.39420540687766));
#5705=CARTESIAN_POINT('',(17.3617064818164,-11.9105538196959,1.39394861662298));
#5706=CARTESIAN_POINT('',(17.3629941288204,-11.9105538196959,1.39369407775547));
#5707=CARTESIAN_POINT('',(13.6543531275959,-4.86347614304248,0.6297470051006));
#5708=CARTESIAN_POINT('',(13.6618557193865,-4.86347614304248,0.628263122984546));
#5709=CARTESIAN_POINT('',(13.6693674504371,-4.86347614304248,0.626824894926836));
#5710=CARTESIAN_POINT('',(17.364281622125,-11.9105538196959,1.39343943398136));
#5711=CARTESIAN_POINT('',(17.3668566087341,-11.9105538196959,1.39293014643313));
#5712=CARTESIAN_POINT('',(17.3694347320555,-11.9105538196959,1.39243652794864));
#5713=CARTESIAN_POINT('',(13.6768851131073,-4.86347614304248,0.625416977392652));
#5714=CARTESIAN_POINT('',(13.6806439444424,-4.86347614304248,0.62471301862556));
#5715=CARTESIAN_POINT('',(13.6844042586824,-4.86347614304248,0.62401663748935));
#5716=CARTESIAN_POINT('',(17.3720148911856,-11.9105538196959,1.39195331242813));
#5717=CARTESIAN_POINT('',(17.3733049707506,-11.9105538196959,1.39171170466787));
#5718=CARTESIAN_POINT('',(17.3745955592678,-11.9105538196959,1.39147269764861));
#5719=CARTESIAN_POINT('',(13.6881656548722,-4.86347614304248,0.623325916042168));
#5720=CARTESIAN_POINT('',(13.691927051062,-4.86347614304248,0.622635194594987));
#5721=CARTESIAN_POINT('',(13.6956895292016,-4.86347614304248,0.621950132836835));
#5722=CARTESIAN_POINT('',(17.3758865191242,-11.9105538196959,1.39123563310788));
#5723=CARTESIAN_POINT('',(17.3771774789805,-11.9105538196959,1.39099856856715));
#5724=CARTESIAN_POINT('',(17.3784688101761,-11.9105538196959,1.39076344650495));
#5725=CARTESIAN_POINT('',(13.699452688336,-4.86347614304248,0.62126881282586));
#5726=CARTESIAN_POINT('',(13.7069790066047,-4.86347614304248,0.619906172803911));
#5727=CARTESIAN_POINT('',(13.7145080488525,-4.86347614304248,0.61855849977067));
#5728=CARTESIAN_POINT('',(17.3797603750978,-11.9105538196959,1.39052960865881));
#5729=CARTESIAN_POINT('',(17.3823435049413,-11.9105538196959,1.39006193296653));
#5730=CARTESIAN_POINT('',(17.3849275696897,-11.9105538196959,1.38959939413849));
#5731=CARTESIAN_POINT('',(13.7220366074386,-4.86347614304248,0.617210450191321));
#5732=CARTESIAN_POINT('',(13.7295651660248,-4.86347614304248,0.615862400611972));
#5733=CARTESIAN_POINT('',(13.7370947714492,-4.86347614304248,0.614519704604715));
#5734=CARTESIAN_POINT('',(17.3875114684391,-11.9105538196959,1.38913672607496));
#5735=CARTESIAN_POINT('',(17.3900953671886,-11.9105538196959,1.38867405801142));
#5736=CARTESIAN_POINT('',(17.3926796252265,-11.9105538196959,1.38821322736312));
#5737=CARTESIAN_POINT('',(13.744626518171,-4.86347614304248,0.613188945601185));
#5738=CARTESIAN_POINT('',(13.7521582648928,-4.86347614304248,0.611858186597654));
#5739=CARTESIAN_POINT('',(13.759692152912,-4.86347614304248,0.610539364597848));
#5740=CARTESIAN_POINT('',(17.3952646181853,-11.9105538196959,1.387756493649));
#5741=CARTESIAN_POINT('',(17.3978496111442,-11.9105538196959,1.38729975993488));
#5742=CARTESIAN_POINT('',(17.400435339024,-11.9105538196959,1.38684712315494));
#5743=CARTESIAN_POINT('',(13.7672292766876,-4.86347614304248,0.6092390630334));
#5744=CARTESIAN_POINT('',(13.782303524239,-4.86347614304248,0.606638459904505));
#5745=CARTESIAN_POINT('',(13.7973890867802,-4.86347614304248,0.604107675773149));
#5746=CARTESIAN_POINT('',(17.4030221774574,-11.9105538196959,1.38640084282812));
#5747=CARTESIAN_POINT('',(17.4081958543241,-11.9105538196959,1.38550828217449));
#5748=CARTESIAN_POINT('',(17.4133734146417,-11.9105538196959,1.38463968430449));
#5749=CARTESIAN_POINT('',(13.8124918085577,-4.86347614304248,0.60168029983779));
#5750=CARTESIAN_POINT('',(13.8162674890021,-4.86347614304248,0.601073455853951));
#5751=CARTESIAN_POINT('',(13.8200440969346,-4.86347614304248,0.600472149846535));
#5752=CARTESIAN_POINT('',(17.4185568642314,-11.9105538196959,1.38380657746577));
#5753=CARTESIAN_POINT('',(17.4198527266288,-11.9105538196959,1.38359830075609));
#5754=CARTESIAN_POINT('',(17.4211489073522,-11.9105538196959,1.3833919247516));
#5755=CARTESIAN_POINT('',(13.8238214419129,-4.86347614304248,0.59987530987144));
#5756=CARTESIAN_POINT('',(13.8275987868912,-4.86347614304248,0.599278469896346));
#5757=CARTESIAN_POINT('',(13.8313768689153,-4.86347614304248,0.598686095953572));
#5758=CARTESIAN_POINT('',(17.4224453410391,-11.9105538196959,1.38318708154721));
#5759=CARTESIAN_POINT('',(17.4237417747261,-11.9105538196959,1.38298223834281));
#5760=CARTESIAN_POINT('',(17.4250384613768,-11.9105538196959,1.38277892793851));
#5761=CARTESIAN_POINT('',(13.8351554975428,-4.86347614304248,0.598097116099017));
#5762=CARTESIAN_POINT('',(13.8427127547979,-4.86347614304248,0.596919156389905));
#5763=CARTESIAN_POINT('',(13.8502721984669,-4.86347614304248,0.595754773033667));
#5764=CARTESIAN_POINT('',(17.4263353356288,-11.9105538196959,1.38257678242922));
#5765=CARTESIAN_POINT('',(17.4289290841329,-11.9105538196959,1.38217249141064));
#5766=CARTESIAN_POINT('',(17.4315235830425,-11.9105538196959,1.38177285997208));
#5767=CARTESIAN_POINT('',(13.8578323050113,-4.86347614304248,0.594595390477476));
#5768=CARTESIAN_POINT('',(13.8729525181001,-4.86347614304248,0.592276625365094));
#5769=CARTESIAN_POINT('',(13.8880734711725,-4.86347614304248,0.589964560264802));
#5770=CARTESIAN_POINT('',(17.4341183094596,-11.9105538196959,1.38137494487282));
#5771=CARTESIAN_POINT('',(17.4393077622936,-11.9105538196959,1.38057911467431));
#5772=CARTESIAN_POINT('',(17.4444974690997,-11.9105538196959,1.37978558400666));
#5773=CARTESIAN_POINT('',(13.903201335043,-4.86347614304248,0.587695849963762));
#5774=CARTESIAN_POINT('',(13.9183291989135,-4.86347614304248,0.585427139662722));
#5775=CARTESIAN_POINT('',(13.9334638526136,-4.86347614304248,0.583207031031657));
#5776=CARTESIAN_POINT('',(17.4496895477811,-11.9105538196959,1.37900693326727));
#5777=CARTESIAN_POINT('',(17.4548816264625,-11.9105538196959,1.37822828252787));
#5778=CARTESIAN_POINT('',(17.4600760355012,-11.9105538196959,1.37746631251066));
#5779=CARTESIAN_POINT('',(13.9486082461668,-4.86347614304248,0.581055085862932));
#5780=CARTESIAN_POINT('',(13.9561804429435,-4.86347614304248,0.579979113278569));
#5781=CARTESIAN_POINT('',(13.9637547450411,-4.86347614304248,0.578915993611386));
#5782=CARTESIAN_POINT('',(17.4652737873837,-11.9105538196959,1.37672773707597));
#5783=CARTESIAN_POINT('',(17.4678726633249,-11.9105538196959,1.37635844935863));
#5784=CARTESIAN_POINT('',(17.4704722618396,-11.9105538196959,1.37599357292882));
#5785=CARTESIAN_POINT('',(13.9713310796322,-4.86347614304248,0.577866343148745));
#5786=CARTESIAN_POINT('',(13.9789074142232,-4.86347614304248,0.576816692686105));
#5787=CARTESIAN_POINT('',(13.9864857813075,-4.86347614304248,0.575780511428007));
#5788=CARTESIAN_POINT('',(17.4730725579323,-11.9105538196959,1.37563331930434));
#5789=CARTESIAN_POINT('',(17.4756728540249,-11.9105538196959,1.37527306567986));
#5790=CARTESIAN_POINT('',(17.4782738476956,-11.9105538196959,1.37491743486071));
#5791=CARTESIAN_POINT('',(13.9940661080574,-4.86347614304248,0.574758415661816));
#5792=CARTESIAN_POINT('',(14.0092267615571,-4.86347614304248,0.572714224129433));
#5793=CARTESIAN_POINT('',(14.0243952537191,-4.86347614304248,0.570726374564676));
#5794=CARTESIAN_POINT('',(17.4808755139489,-11.9105538196959,1.3745666383647));
#5795=CARTESIAN_POINT('',(17.4860788464554,-11.9105538196959,1.37386504537266));
#5796=CARTESIAN_POINT('',(17.4912848692923,-11.9105538196959,1.37318278967316));
#5797=CARTESIAN_POINT('',(14.0395710019212,-4.86347614304248,0.568799797266454));
#5798=CARTESIAN_POINT('',(14.0547467501233,-4.86347614304248,0.566873219968232));
#5799=CARTESIAN_POINT('',(14.0699293637615,-4.86347614304248,0.565010904508931));
#5800=CARTESIAN_POINT('',(17.4964933824961,-11.9105538196959,1.37252156340858));
#5801=CARTESIAN_POINT('',(17.5017018956998,-11.9105538196959,1.371860337144));
#5802=CARTESIAN_POINT('',(17.5069127652101,-11.9105538196959,1.37122116637429));
#5803=CARTESIAN_POINT('',(14.0851193671945,-4.86347614304248,0.56320992917426));
#5804=CARTESIAN_POINT('',(14.092714368911,-4.86347614304248,0.562309441506924));
#5805=CARTESIAN_POINT('',(14.1003112180761,-4.86347614304248,0.561424288870745));
#5806=CARTESIAN_POINT('',(17.5121261709936,-11.9105538196959,1.37060304832927));
#5807=CARTESIAN_POINT('',(17.5147328738854,-11.9105538196959,1.37029398930677));
#5808=CARTESIAN_POINT('',(17.5173402108454,-11.9105538196959,1.36999019346544));
#5809=CARTESIAN_POINT('',(14.1079099802348,-4.86347614304248,0.560554106051438));
#5810=CARTESIAN_POINT('',(14.1155087423935,-4.86347614304248,0.55968392323213));
#5811=CARTESIAN_POINT('',(14.1231094175457,-4.86347614304248,0.558828710229693));
#5812=CARTESIAN_POINT('',(17.5199482043696,-11.9105538196959,1.36969153545901));
#5813=CARTESIAN_POINT('',(17.5225561978938,-11.9105538196959,1.36939287745259));
#5814=CARTESIAN_POINT('',(17.5251648479821,-11.9105538196959,1.36909935728107));
#5815=CARTESIAN_POINT('',(14.1307120712362,-4.86347614304248,0.55798810182984));
#5816=CARTESIAN_POINT('',(14.1611226859982,-4.86347614304248,0.554625668230428));
#5817=CARTESIAN_POINT('',(14.1915629127482,-4.86347614304248,0.551505772005755));
#5818=CARTESIAN_POINT('',(17.5277741771304,-11.9105538196959,1.36881084959818));
#5819=CARTESIAN_POINT('',(17.5382114937235,-11.9105538196959,1.36765681886664));
#5820=CARTESIAN_POINT('',(17.5486589735341,-11.9105538196959,1.36658603010129));
#5821=CARTESIAN_POINT('',(14.2220238959449,-4.86347614304248,0.548668702061794));
#5822=CARTESIAN_POINT('',(14.229639141744,-4.86347614304248,0.547959434575804));
#5823=CARTESIAN_POINT('',(14.2372558070634,-4.86347614304248,0.547267437342339));
#5824=CARTESIAN_POINT('',(17.5591135772259,-11.9105538196959,1.36561231097613));
#5825=CARTESIAN_POINT('',(17.5617272281489,-11.9105538196959,1.36536888119483));
#5826=CARTESIAN_POINT('',(17.5643413662696,-11.9105538196959,1.36513137878774));
#5827=CARTESIAN_POINT('',(14.2448741164743,-4.86347614304248,0.546591787926933));
#5828=CARTESIAN_POINT('',(14.2524924258851,-4.86347614304248,0.545916138511526));
#5829=CARTESIAN_POINT('',(14.2601123793873,-4.86347614304248,0.545256836914178));
#5830=CARTESIAN_POINT('',(17.5669560686637,-11.9105538196959,1.36489948716339));
#5831=CARTESIAN_POINT('',(17.5695707710578,-11.9105538196959,1.36466759553905));
#5832=CARTESIAN_POINT('',(17.5721860377254,-11.9105538196959,1.36444131469745));
#5833=CARTESIAN_POINT('',(14.2677342015522,-4.86347614304248,0.544612960700419));
#5834=CARTESIAN_POINT('',(14.2829778458819,-4.86347614304248,0.543325208272902));
#5835=CARTESIAN_POINT('',(14.2982280550223,-4.86347614304248,0.542102536032811));
#5836=CARTESIAN_POINT('',(17.5748019457421,-11.9105538196959,1.36422032804715));
#5837=CARTESIAN_POINT('',(17.5800337617757,-11.9105538196959,1.36377835474655));
#5838=CARTESIAN_POINT('',(17.5852678309372,-11.9105538196959,1.36335871780862));
#5839=CARTESIAN_POINT('',(14.3134833073868,-4.86347614304248,0.540949910706155));
#5840=CARTESIAN_POINT('',(14.3287385597513,-4.86347614304248,0.539797285379499));
#5841=CARTESIAN_POINT('',(14.3439976726285,-4.86347614304248,0.538715975998843));
#5842=CARTESIAN_POINT('',(17.5905036309985,-11.9105538196959,1.362963121878));
#5843=CARTESIAN_POINT('',(17.5957394310599,-11.9105538196959,1.36256752594738));
#5844=CARTESIAN_POINT('',(17.6009765560991,-11.9105538196959,1.36219640657247));
#5845=CARTESIAN_POINT('',(14.3592613338483,-4.86347614304248,0.537708762313297));
#5846=CARTESIAN_POINT('',(14.3745249950682,-4.86347614304248,0.53670154862775));
#5847=CARTESIAN_POINT('',(14.3897932046308,-4.86347614304248,0.535768430637312));
#5848=CARTESIAN_POINT('',(17.6062152421884,-11.9105538196959,1.36185071779915));
#5849=CARTESIAN_POINT('',(17.6114539282778,-11.9105538196959,1.36150502902583));
#5850=CARTESIAN_POINT('',(17.6166941754172,-11.9105538196959,1.3611847708541));
#5851=CARTESIAN_POINT('',(14.4050666503661,-4.86347614304248,0.53491218809109));
#5852=CARTESIAN_POINT('',(14.4356135418367,-4.86347614304248,0.533199702998647));
#5853=CARTESIAN_POINT('',(14.4661825172139,-4.86347614304248,0.531783636112755));
#5854=CARTESIAN_POINT('',(17.6219362196789,-11.9105538196959,1.36089089732983));
#5855=CARTESIAN_POINT('',(17.6324203082022,-11.9105538196959,1.36030315028129));
#5856=CARTESIAN_POINT('',(17.6429119762081,-11.9105538196959,1.35981713779779));
#5857=CARTESIAN_POINT('',(14.4967566535248,-4.86347614304248,0.530629614758508));
#5858=CARTESIAN_POINT('',(14.5120437216802,-4.86347614304248,0.530052604081385));
#5859=CARTESIAN_POINT('',(14.5273307128206,-4.86347614304248,0.529538078382862));
#5860=CARTESIAN_POINT('',(17.6534054155132,-11.9105538196959,1.35942106273243));
#5861=CARTESIAN_POINT('',(17.6586521351658,-11.9105538196959,1.35922302519975));
#5862=CARTESIAN_POINT('',(17.6638988283858,-11.9105538196959,1.35904643332048));
#5863=CARTESIAN_POINT('',(14.5426214190743,-4.86347614304248,0.529094885116708));
#5864=CARTESIAN_POINT('',(14.5579121253279,-4.86347614304248,0.528651691850554));
#5865=CARTESIAN_POINT('',(14.5732062347567,-4.86347614304248,0.52827896244433));
#5866=CARTESIAN_POINT('',(17.6691467966808,-11.9105538196959,1.35889432365525));
#5867=CARTESIAN_POINT('',(17.6743947649757,-11.9105538196959,1.35874221399003));
#5868=CARTESIAN_POINT('',(17.6796439012844,-11.9105538196959,1.35861428843355));
#5869=CARTESIAN_POINT('',(14.5885020002487,-4.86347614304248,0.527972171595554));
#5870=CARTESIAN_POINT('',(14.6190935312328,-4.86347614304248,0.527358589898002));
#5871=CARTESIAN_POINT('',(14.649689336515,-4.86347614304248,0.527001963056056));
#5872=CARTESIAN_POINT('',(17.6848936059755,-11.9105538196959,1.35850899384343));
#5873=CARTESIAN_POINT('',(17.6953930153576,-11.9105538196959,1.3582984046632));
#5874=CARTESIAN_POINT('',(17.7058938917342,-11.9105538196959,1.3581760057152));
#5875=CARTESIAN_POINT('',(14.6802829193682,-4.86347614304248,0.526887738027622));
#5876=CARTESIAN_POINT('',(14.7108765022214,-4.86347614304248,0.526773512999189));
#5877=CARTESIAN_POINT('',(14.7414763040511,-4.86347614304248,0.52692564830009));
#5878=CARTESIAN_POINT('',(17.7163940053443,-11.9105538196959,1.35813680220701));
#5879=CARTESIAN_POINT('',(17.7268941189545,-11.9105538196959,1.35809759869883));
#5880=CARTESIAN_POINT('',(17.7373963669979,-11.9105538196959,1.3581498135032));
#5881=CARTESIAN_POINT('',(14.7720712155942,-4.86347614304248,0.527306781619156));
#5882=CARTESIAN_POINT('',(14.7873686713658,-4.86347614304248,0.527497348278689));
#5883=CARTESIAN_POINT('',(14.8026647916721,-4.86347614304248,0.527743720415577));
#5884=CARTESIAN_POINT('',(17.7478969366316,-11.9105538196959,1.35828062339134));
#5885=CARTESIAN_POINT('',(17.7531472214485,-11.9105538196959,1.35834602833541));
#5886=CARTESIAN_POINT('',(17.7583970479164,-11.9105538196959,1.3584305864416));
#5887=CARTESIAN_POINT('',(14.8179585321116,-4.86347614304248,0.528045631573445));
#5888=CARTESIAN_POINT('',(14.8332522725512,-4.86347614304248,0.528347542731313));
#5889=CARTESIAN_POINT('',(14.8485453003191,-4.86347614304248,0.528725906496872));
#5890=CARTESIAN_POINT('',(17.7636460575832,-11.9105538196959,1.35853420625864));
#5891=CARTESIAN_POINT('',(17.7688950672501,-11.9105538196959,1.35863782607568));
#5892=CARTESIAN_POINT('',(17.7741438323188,-11.9105538196959,1.35876768541721));
#5893=CARTESIAN_POINT('',(14.8638372410407,-4.86347614304248,0.529162453627102));
#5894=CARTESIAN_POINT('',(14.8944211224839,-4.86347614304248,0.530035547887563));
#5895=CARTESIAN_POINT('',(14.9250006557419,-4.86347614304248,0.53114137560671));
#5896=CARTESIAN_POINT('',(17.7793922242991,-11.9105538196959,1.35891751404256));
#5897=CARTESIAN_POINT('',(17.7898890082598,-11.9105538196959,1.35921717129328));
#5898=CARTESIAN_POINT('',(17.8003842998671,-11.9105538196959,1.35959670567929));
#5899=CARTESIAN_POINT('',(14.9555728458176,-4.86347614304248,0.53233378284039));
#5900=CARTESIAN_POINT('',(14.9708589408555,-4.86347614304248,0.532929986457231));
#5901=CARTESIAN_POINT('',(14.9861432025078,-4.86347614304248,0.533563427989003));
#5902=CARTESIAN_POINT('',(17.8108770711991,-11.9105538196959,1.36000595527531));
#5903=CARTESIAN_POINT('',(17.8161234568651,-11.9105538196959,1.36021058007331));
#5904=CARTESIAN_POINT('',(17.8213692132895,-11.9105538196959,1.3604279854057));
#5905=CARTESIAN_POINT('',(15.0014259416963,-4.86347614304248,0.534245681123082));
#5906=CARTESIAN_POINT('',(15.0167086808847,-4.86347614304248,0.53492793425716));
#5907=CARTESIAN_POINT('',(15.0319898761303,-4.86347614304248,0.535651329818319));
#5908=CARTESIAN_POINT('',(17.8266144471846,-11.9105538196959,1.36066214351176));
#5909=CARTESIAN_POINT('',(17.8318596810797,-11.9105538196959,1.36089630161783));
#5910=CARTESIAN_POINT('',(17.8371043850736,-11.9105538196959,1.36114458033738));
#5911=CARTESIAN_POINT('',(15.0472697665719,-4.86347614304248,0.536402250435872));
#5912=CARTESIAN_POINT('',(15.0625496570136,-4.86347614304248,0.537153171053425));
#5913=CARTESIAN_POINT('',(15.0778282426512,-4.86347614304248,0.537931616727372));
#5914=CARTESIAN_POINT('',(17.8423486412418,-11.9105538196959,1.36140230601254));
#5915=CARTESIAN_POINT('',(17.8475928974101,-11.9105538196959,1.36166003168771));
#5916=CARTESIAN_POINT('',(17.8528367057528,-11.9105538196959,1.36192720431848));
#5917=CARTESIAN_POINT('',(15.0931057626238,-4.86347614304248,0.538723970087028));
#5918=CARTESIAN_POINT('',(15.1083832825965,-4.86347614304248,0.539516323446684));
#5919=CARTESIAN_POINT('',(15.1236596694423,-4.86347614304248,0.540322820380063));
#5920=CARTESIAN_POINT('',(17.8580801483455,-11.9105538196959,1.36219915024701));
#5921=CARTESIAN_POINT('',(17.8633235909381,-11.9105538196959,1.36247109617553));
#5922=CARTESIAN_POINT('',(17.868566644627,-11.9105538196959,1.36274789636161));
#5923=CARTESIAN_POINT('',(15.138934226197,-4.86347614304248,0.541168046400197));
#5924=CARTESIAN_POINT('',(15.1694833397063,-4.86347614304248,0.542858498440466));
#5925=CARTESIAN_POINT('',(15.2000264921748,-4.86347614304248,0.544665527103516));
#5926=CARTESIAN_POINT('',(17.8738090702048,-11.9105538196959,1.36303798887154));
#5927=CARTESIAN_POINT('',(17.8842939213606,-11.9105538196959,1.3636181738914));
#5928=CARTESIAN_POINT('',(17.89477672661,-11.9105538196959,1.36423836951706));
#5929=CARTESIAN_POINT('',(15.2305687999669,-4.86347614304248,0.546481040896316));
#5930=CARTESIAN_POINT('',(15.245839953863,-4.86347614304248,0.547388797792716));
#5931=CARTESIAN_POINT('',(15.2611111470915,-4.86347614304248,0.548293265512449));
#5932=CARTESIAN_POINT('',(17.9052592419556,-11.9105538196959,1.36486147734908));
#5933=CARTESIAN_POINT('',(17.9105004996283,-11.9105538196959,1.36517303126509));
#5934=CARTESIAN_POINT('',(17.9157417708005,-11.9105538196959,1.36548345629309));
#5935=CARTESIAN_POINT('',(15.2763817334311,-4.86347614304248,0.549208932594012));
#5936=CARTESIAN_POINT('',(15.2916523197707,-4.86347614304248,0.550124599675575));
#5937=CARTESIAN_POINT('',(15.3069223644368,-4.86347614304248,0.551049802985237));
#5938=CARTESIAN_POINT('',(17.9209828336806,-11.9105538196959,1.36579772508703));
#5939=CARTESIAN_POINT('',(17.9262238965606,-11.9105538196959,1.36611199388096));
#5940=CARTESIAN_POINT('',(17.9314647735313,-11.9105538196959,1.36642953563181));
#5941=CARTESIAN_POINT('',(15.322191832353,-4.86347614304248,0.551984531046877));
#5942=CARTESIAN_POINT('',(15.3374613002693,-4.86347614304248,0.552919259108516));
#5943=CARTESIAN_POINT('',(15.3527301914357,-4.86347614304248,0.553863511922133));
#5944=CARTESIAN_POINT('',(17.936705452554,-11.9105538196959,1.36675034640082));
#5945=CARTESIAN_POINT('',(17.9419461315767,-11.9105538196959,1.36707115716983));
#5946=CARTESIAN_POINT('',(17.9471866126513,-11.9105538196959,1.36739523695699));
#5947=CARTESIAN_POINT('',(15.367998470776,-4.86347614304248,0.554817278011606));
#5948=CARTESIAN_POINT('',(15.3832667501163,-4.86347614304248,0.555771044101079));
#5949=CARTESIAN_POINT('',(15.3985346473951,-4.86347614304248,0.556730457928988));
#5950=CARTESIAN_POINT('',(17.9524268837394,-11.9105538196959,1.36772258182356));
#5951=CARTESIAN_POINT('',(17.9576671548274,-11.9105538196959,1.36804992669013));
#5952=CARTESIAN_POINT('',(17.962907294787,-11.9105538196959,1.36837920993363));
#5953=CARTESIAN_POINT('',(15.4138012258377,-4.86347614304248,0.557710641168385));
#5954=CARTESIAN_POINT('',(15.4443343827228,-4.86347614304248,0.559671007647178));
#5955=CARTESIAN_POINT('',(15.4748625572381,-4.86347614304248,0.561710312999404));
#5956=CARTESIAN_POINT('',(17.9681469821049,-11.9105538196959,1.36871562150798));
#5957=CARTESIAN_POINT('',(17.9786263567407,-11.9105538196959,1.36938844465666));
#5958=CARTESIAN_POINT('',(17.9891040213627,-11.9105538196959,1.37008836064842));
#5959=CARTESIAN_POINT('',(15.5053925533712,-4.86347614304248,0.563721030336183));
#5960=CARTESIAN_POINT('',(15.5206575514378,-4.86347614304248,0.564726389004572));
#5961=CARTESIAN_POINT('',(15.5359230217104,-4.86347614304248,0.565724281148013));
#5962=CARTESIAN_POINT('',(17.9995823111876,-11.9105538196959,1.37077846486327));
#5963=CARTESIAN_POINT('',(18.0048214561,-11.9105538196959,1.37112351697069));
#5964=CARTESIAN_POINT('',(18.0100607630796,-11.9105538196959,1.3714660064701));
#5965=CARTESIAN_POINT('',(15.5511897623651,-4.86347614304248,0.566702266380484));
#5966=CARTESIAN_POINT('',(15.5664565030198,-4.86347614304248,0.567680251612955));
#5967=CARTESIAN_POINT('',(15.5817243692509,-4.86347614304248,0.56864076584052));
#5968=CARTESIAN_POINT('',(18.0153005060708,-11.9105538196959,1.37180166366002));
#5969=CARTESIAN_POINT('',(18.0205402490621,-11.9105538196959,1.37213732084994));
#5970=CARTESIAN_POINT('',(18.0257803783656,-11.9105538196959,1.37246698176484));
#5971=CARTESIAN_POINT('',(15.5969924929007,-4.86347614304248,0.56959724672519));
#5972=CARTESIAN_POINT('',(15.6275287402002,-4.86347614304248,0.571510208494529));
#5973=CARTESIAN_POINT('',(15.6580660171745,-4.86347614304248,0.573407036892289));
#5974=CARTESIAN_POINT('',(18.0310205960187,-11.9105538196959,1.37279525838426));
#5975=CARTESIAN_POINT('',(18.0415010313247,-11.9105538196959,1.3734518116231));
#5976=CARTESIAN_POINT('',(18.0519818200285,-11.9105538196959,1.37410282768));
#5977=CARTESIAN_POINT('',(15.6885973785622,-4.86347614304248,0.575395233214567));
#5978=CARTESIAN_POINT('',(15.71912873995,-4.86347614304248,0.577383429536844));
#5979=CARTESIAN_POINT('',(15.7496525738578,-4.86347614304248,0.579487581156675));
#5980=CARTESIAN_POINT('',(18.0624605784263,-11.9105538196959,1.37478520239117));
#5981=CARTESIAN_POINT('',(18.0729393368242,-11.9105538196959,1.37546757710235));
#5982=CARTESIAN_POINT('',(18.0834155116936,-11.9105538196959,1.37618974917246));
#5983=CARTESIAN_POINT('',(15.7801778724181,-4.86347614304248,0.58156915967247));
#5984=CARTESIAN_POINT('',(15.7954405216982,-4.86347614304248,0.582609948930368));
#5985=CARTESIAN_POINT('',(15.8107035626737,-4.86347614304248,0.583644706406536));
#5986=CARTESIAN_POINT('',(18.0938921892506,-11.9105538196959,1.3769041738611));
#5987=CARTESIAN_POINT('',(18.0991305280291,-11.9105538196959,1.37726138620542));
#5988=CARTESIAN_POINT('',(18.1043690012425,-11.9105538196959,1.37761652836418));
#5989=CARTESIAN_POINT('',(15.82596815832,-4.86347614304248,0.584655523257435));
#5990=CARTESIAN_POINT('',(15.8412327539662,-4.86347614304248,0.585666340108334));
#5991=CARTESIAN_POINT('',(15.8564990458799,-4.86347614304248,0.586651035859286));
#5992=CARTESIAN_POINT('',(18.1096080080391,-11.9105538196959,1.37796345379049));
#5993=CARTESIAN_POINT('',(18.1148470148356,-11.9105538196959,1.37831037921679));
#5994=CARTESIAN_POINT('',(18.1200866038131,-11.9105538196959,1.37864833954351));
#5995=CARTESIAN_POINT('',(15.8717660310885,-4.86347614304248,0.587625055444985));
#5996=CARTESIAN_POINT('',(15.9023000015057,-4.86347614304248,0.589573094616384));
#5997=CARTESIAN_POINT('',(15.9328371834766,-4.86347614304248,0.591471678544643));
#5998=CARTESIAN_POINT('',(18.1253264307384,-11.9105538196959,1.37898263567212));
#5999=CARTESIAN_POINT('',(18.135806084589,-11.9105538196959,1.37965122792936));
#6000=CARTESIAN_POINT('',(18.1462868406863,-11.9105538196959,1.38030284650705));
#6001=CARTESIAN_POINT('',(15.9633729233984,-4.86347614304248,0.59339246886468));
#6002=CARTESIAN_POINT('',(15.9786407933594,-4.86347614304248,0.594352864024699));
#6003=CARTESIAN_POINT('',(15.9939080943205,-4.86347614304248,0.595322025151461));
#6004=CARTESIAN_POINT('',(18.1567671018538,-11.9105538196959,1.38096208660581));
#6005=CARTESIAN_POINT('',(18.1620072324375,-11.9105538196959,1.38129170665519));
#6006=CARTESIAN_POINT('',(18.1672471677332,-11.9105538196959,1.38162433529782));
#6007=CARTESIAN_POINT('',(16.0091757819799,-4.86347614304248,0.596285167568313));
#6008=CARTESIAN_POINT('',(16.0244434696393,-4.86347614304248,0.597248309985165));
#6009=CARTESIAN_POINT('',(16.0397113016507,-4.86347614304248,0.598209194859981));
#6010=CARTESIAN_POINT('',(18.1724872357486,-11.9105538196959,1.3819548982413));
#6011=CARTESIAN_POINT('',(18.1777273037641,-11.9105538196959,1.38228546118479));
#6012=CARTESIAN_POINT('',(18.1829674213231,-11.9105538196959,1.38261524931063));
#6013=CARTESIAN_POINT('',(16.0549789915718,-4.86347614304248,0.599172301913138));
#6014=CARTESIAN_POINT('',(16.085514371414,-4.86347614304248,0.601098516019455));
#6015=CARTESIAN_POINT('',(16.116049053687,-4.86347614304248,0.60303563953879));
#6016=CARTESIAN_POINT('',(18.1882074901148,-11.9105538196959,1.38294580011684));
#6017=CARTESIAN_POINT('',(18.1986876276983,-11.9105538196959,1.38360690172925));
#6018=CARTESIAN_POINT('',(18.209167525867,-11.9105538196959,1.38427174759342));
#6019=CARTESIAN_POINT('',(16.1465811640235,-4.86347614304248,0.605012986028752));
#6020=CARTESIAN_POINT('',(16.17711327436,-4.86347614304248,0.606990332518714));
#6021=CARTESIAN_POINT('',(16.2076433777593,-4.86347614304248,0.608999065862222));
#6022=CARTESIAN_POINT('',(18.2196465413137,-11.9105538196959,1.38495039850171));
#6023=CARTESIAN_POINT('',(18.2301255567605,-11.9105538196959,1.38562904941));
#6024=CARTESIAN_POINT('',(18.2406038834005,-11.9105538196959,1.38631847269267));
#6025=CARTESIAN_POINT('',(16.2381737654778,-4.86347614304248,0.611003352685872));
#6026=CARTESIAN_POINT('',(16.2687041531963,-4.86347614304248,0.613007639509521));
#6027=CARTESIAN_POINT('',(16.2992353125066,-4.86347614304248,0.614999859268192));
#6028=CARTESIAN_POINT('',(18.2510823076225,-11.9105538196959,1.38700636987218));
#6029=CARTESIAN_POINT('',(18.2615607318445,-11.9105538196959,1.38769426705168));
#6030=CARTESIAN_POINT('',(18.2720394208868,-11.9105538196959,1.3883780226583));
#6031=CARTESIAN_POINT('',(16.3297663110368,-4.86347614304248,0.616994593495381));
#6032=CARTESIAN_POINT('',(16.360297309567,-4.86347614304248,0.61898932772257));
#6033=CARTESIAN_POINT('',(16.390828308094,-4.86347614304248,0.620984061999588));
#6034=CARTESIAN_POINT('',(16.4213593066177,-4.86347614304248,0.622978796326435));
#6035=CARTESIAN_POINT('',(18.2825180547473,-11.9105538196959,1.38906264126306));
#6036=CARTESIAN_POINT('',(18.2929966886077,-11.9105538196959,1.38974725986782));
#6037=CARTESIAN_POINT('',(18.3034753224671,-11.9105538196959,1.39043187848969));
#6038=CARTESIAN_POINT('',(18.3139539563254,-11.9105538196959,1.39111649712865));
#6039=B_SPLINE_SURFACE_WITH_KNOTS('Surf_OTGQOZDGCY, Wing, 1, 10, upper',1,3,((#6040, #6041, #6042, #6046, #6047, #6048, #6052, #6053, #6054, #6058, #6059, #6060, #6064, #6065, #6066, #6070, #6071, #6072, #6076, #6077, #6078, #6082, #6083, #6084, #6088, #6089, #6090, #6094, #6095, #6096, #6100, #6101, #6102, #6106, #6107, #6108, #6112, #6113, #6114, #6118, #6119, #6120, #6124, #6125, #6126, #6130, #6131, #6132, #6136, #6137, #6138, #6142, #6143, #6144, #6148, #6149, #6150, #6154, #6155, #6156, #6160, #6161, #6162, #6166, #6167, #6168, #6172, #6173, #6174, #6178, #6179, #6180, #6184, #6185, #6186, #6190, #6191, #6192, #6196, #6197, #6198, #6202, #6203, #6204, #6208, #6209, #6210, #6214, #6215, #6216, #6220, #6221, #6222, #6226, #6227, #6228, #6232, #6233, #6234, #6238, #6239, #6240, #6244, #6245, #6246, #6250, #6251, #6252, #6256, #6257, #6258, #6262, #6263, #6264, #6268, #6269, #6270, #6274, #6275, #6276, #6280, #6281, #6282, #6286, #6287, #6288, #6292, #6293, #6294, #6298, #6299, #6300, #6304, #6305, #6306, #6310, #6311, #6312, #6316, #6317, #6318, #6322, #6323, #6324, #6328, #6329, #6330, #6334, #6335, #6336, #6340, #6341, #6342, #6346, #6347, #6348, #6352, #6353, #6354, #6358, #6359, #6360, #6364, #6365, #6366, #6370, #6371, #6372, #6376, #6377, #6378, #6382, #6383, #6384, #6388, #6389, #6390, #6394, #6395, #6396, #6400, #6401, #6402, #6406, #6407, #6408, #6412, #6413, #6414, #6418, #6419, #6420, #6424, #6425, #6426, #6430, #6431, #6432, #6436, #6437, #6438, #6442, #6443, #6444, #6448, #6449, #6450, #6454, #6455, #6456, #6460, #6461, #6462, #6466, #6467, #6468, #6472, #6473, #6474, #6478, #6479, #6480, #6484, #6485, #6486, #6490, #6491, #6492, #6496, #6497, #6498, #6502, #6503, #6504, #6508, #6509, #6510, #6514, #6515, #6516, #6520, #6521, #6522, #6526, #6527, #6528, #6532, #6533, #6534, #6538, #6539, #6540, #6544, #6545, #6546, #6547),(#6043, #6044, #6045, #6049, #6050, #6051, #6055, #6056, #6057, #6061, #6062, #6063, #6067, #6068, #6069, #6073, #6074, #6075, #6079, #6080, #6081, #6085, #6086, #6087, #6091, #6092, #6093, #6097, #6098, #6099, #6103, #6104, #6105, #6109, #6110, #6111, #6115, #6116, #6117, #6121, #6122, #6123, #6127, #6128, #6129, #6133, #6134, #6135, #6139, #6140, #6141, #6145, #6146, #6147, #6151, #6152, #6153, #6157, #6158, #6159, #6163, #6164, #6165, #6169, #6170, #6171, #6175, #6176, #6177, #6181, #6182, #6183, #6187, #6188, #6189, #6193, #6194, #6195, #6199, #6200, #6201, #6205, #6206, #6207, #6211, #6212, #6213, #6217, #6218, #6219, #6223, #6224, #6225, #6229, #6230, #6231, #6235, #6236, #6237, #6241, #6242, #6243, #6247, #6248, #6249, #6253, #6254, #6255, #6259, #6260, #6261, #6265, #6266, #6267, #6271, #6272, #6273, #6277, #6278, #6279, #6283, #6284, #6285, #6289, #6290, #6291, #6295, #6296, #6297, #6301, #6302, #6303, #6307, #6308, #6309, #6313, #6314, #6315, #6319, #6320, #6321, #6325, #6326, #6327, #6331, #6332, #6333, #6337, #6338, #6339, #6343, #6344, #6345, #6349, #6350, #6351, #6355, #6356, #6357, #6361, #6362, #6363, #6367, #6368, #6369, #6373, #6374, #6375, #6379, #6380, #6381, #6385, #6386, #6387, #6391, #6392, #6393, #6397, #6398, #6399, #6403, #6404, #6405, #6409, #6410, #6411, #6415, #6416, #6417, #6421, #6422, #6423, #6427, #6428, #6429, #6433, #6434, #6435, #6439, #6440, #6441, #6445, #6446, #6447, #6451, #6452, #6453, #6457, #6458, #6459, #6463, #6464, #6465, #6469, #6470, #6471, #6475, #6476, #6477, #6481, #6482, #6483, #6487, #6488, #6489, #6493, #6494, #6495, #6499, #6500, #6501, #6505, #6506, #6507, #6511, #6512, #6513, #6517, #6518, #6519, #6523, #6524, #6525, #6529, #6530, #6531, #6535, #6536, #6537, #6541, #6542, #6543, #6548, #6549, #6550, #6551)),.UNSPECIFIED.,.F.,.F.,.F.,(2,2),(4,3,3,3,3,3,3,3,3,3,3,3,3,3,3,3,3,3,3,3,3,3,3,3,3,3,3,3,3,3,3,3,3,3,3,3,3,3,3,3,3,3,3,3,3,3,3,3,3,3,3,3,3,3,3,3,3,3,3,3,3,3,3,3,3,3,3,3,3,3,3,3,3,3,3,3,3,3,3,3,3,3,3,3,3,4),(0.,1.),(0.,1.,2.,3.,4.,5.,6.,7.,8.,9.,10.,11.,12.,13.,14.,15.,16.,17.,18.,19.,20.,21.,22.,23.,24.,25.,26.,27.,28.,29.,30.,31.,32.,33.,34.,35.,36.,37.,38.,39.,40.,41.,42.,43.,44.,45.,46.,47.,48.,49.,50.,51.,52.,53.,54.,55.,56.,57.,58.,59.,60.,61.,62.,63.,64.,65.,66.,67.,68.,69.,70.,71.,72.,73.,74.,75.,76.,77.,78.,79.,80.,81.,82.,83.,84.,85.),.PIECEWISE_BEZIER_KNOTS.);
#6040=CARTESIAN_POINT('',(16.4213593066177,-4.86347614304248,0.622978796326435));
#6041=CARTESIAN_POINT('',(16.3912698766625,-4.86347614304248,0.630702452092486));
#6042=CARTESIAN_POINT('',(16.3611377925331,-4.86347614304248,0.638245371923104));
#6043=CARTESIAN_POINT('',(18.3139539563254,-11.9105538196959,1.39111649712865));
#6044=CARTESIAN_POINT('',(18.3036268745151,-11.9105538196959,1.39376735575539));
#6045=CARTESIAN_POINT('',(18.2932851532401,-11.9105538196959,1.39635618346981));
#6046=CARTESIAN_POINT('',(16.3309630542295,-4.86347614304248,0.64560755581829));
#6047=CARTESIAN_POINT('',(16.3007883159259,-4.86347614304248,0.652969739713476));
#6048=CARTESIAN_POINT('',(16.2705697514215,-4.86347614304248,0.660142882457803));
#6049=CARTESIAN_POINT('',(18.2829287925005,-11.9105538196959,1.39888298027192));
#6050=CARTESIAN_POINT('',(18.2725724317609,-11.9105538196959,1.40140977707402));
#6051=CARTESIAN_POINT('',(18.262201029302,-11.9105538196959,1.40387169250638));
#6052=CARTESIAN_POINT('',(16.2403138209415,-4.86347614304248,0.66717276249951));
#6053=CARTESIAN_POINT('',(16.2100578904614,-4.86347614304248,0.674202642541216));
#6054=CARTESIAN_POINT('',(16.1797613912428,-4.86347614304248,0.681066564461545));
#6055=CARTESIAN_POINT('',(18.2518168023565,-11.9105538196959,1.40628443832493));
#6056=CARTESIAN_POINT('',(18.2414325754111,-11.9105538196959,1.40869718414349));
#6057=CARTESIAN_POINT('',(18.2310344247495,-11.9105538196959,1.41105297098678));
#6058=CARTESIAN_POINT('',(16.1494087860428,-4.86347614304248,0.687654428249816));
#6059=CARTESIAN_POINT('',(16.1190561808428,-4.86347614304248,0.694242292038088));
#6060=CARTESIAN_POINT('',(16.0886432356162,-4.86347614304248,0.700550966985757));
#6061=CARTESIAN_POINT('',(18.2206170177889,-11.9105538196959,1.41331401110611));
#6062=CARTESIAN_POINT('',(18.2101996108283,-11.9105538196959,1.41557505122544));
#6063=CARTESIAN_POINT('',(18.1997614943896,-11.9105538196959,1.41774027012112));
#6064=CARTESIAN_POINT('',(16.0581827302763,-4.86347614304248,0.706635738180403));
#6065=CARTESIAN_POINT('',(16.0429524776063,-4.86347614304248,0.709678123777726));
#6066=CARTESIAN_POINT('',(16.0277106196441,-4.86347614304248,0.712662541236156));
#6067=CARTESIAN_POINT('',(18.1893070547044,-11.9105538196959,1.41982864235075));
#6068=CARTESIAN_POINT('',(18.1840798348618,-11.9105538196959,1.42087282846557));
#6069=CARTESIAN_POINT('',(18.1788486319327,-11.9105538196959,1.42189711916483));
#6070=CARTESIAN_POINT('',(16.012459219023,-4.86347614304248,0.715592396991432));
#6071=CARTESIAN_POINT('',(15.9972078184019,-4.86347614304248,0.718522252746707));
#6072=CARTESIAN_POINT('',(15.9819481650576,-4.86347614304248,0.721399826227357));
#6073=CARTESIAN_POINT('',(18.1736141538396,-11.9105538196959,1.42290268358137));
#6074=CARTESIAN_POINT('',(18.1683796757464,-11.9105538196959,1.42390824799792));
#6075=CARTESIAN_POINT('',(18.1631423652119,-11.9105538196959,1.42489586846112));
#6076=CARTESIAN_POINT('',(15.9666761677154,-4.86347614304248,0.724217572365408));
#6077=CARTESIAN_POINT('',(15.936132173031,-4.86347614304248,0.729853064641511));
#6078=CARTESIAN_POINT('',(15.9055413589206,-4.86347614304248,0.735254317158776));
#6079=CARTESIAN_POINT('',(18.1579008180575,-11.9105538196959,1.42586295540599));
#6080=CARTESIAN_POINT('',(18.1474177237487,-11.9105538196959,1.42779712929573));
#6081=CARTESIAN_POINT('',(18.1369185604069,-11.9105538196959,1.42965090906845));
#6082=CARTESIAN_POINT('',(15.8749185121944,-4.86347614304248,0.740451202844804));
#6083=CARTESIAN_POINT('',(15.8596070888313,-4.86347614304248,0.743049645687818));
#6084=CARTESIAN_POINT('',(15.8442883239117,-4.86347614304248,0.745595660565669));
#6085=CARTESIAN_POINT('',(18.1264084030568,-11.9105538196959,1.43143454749956));
#6086=CARTESIAN_POINT('',(18.1211533243817,-11.9105538196959,1.43232636671512));
#6087=CARTESIAN_POINT('',(18.1158957259894,-11.9105538196959,1.43320019197445));
#6088=CARTESIAN_POINT('',(15.8289616605858,-4.86347614304248,0.748098069603141));
#6089=CARTESIAN_POINT('',(15.8136349972599,-4.86347614304248,0.750600478640613));
#6090=CARTESIAN_POINT('',(15.7982998744753,-4.86347614304248,0.753058327106125));
#6091=CARTESIAN_POINT('',(18.1106354167618,-11.9105538196959,1.43405905114497));
#6092=CARTESIAN_POINT('',(18.1053751075343,-11.9105538196959,1.43491791031549));
#6093=CARTESIAN_POINT('',(18.100111894911,-11.9105538196959,1.43576147572097));
#6094=CARTESIAN_POINT('',(15.7829561182914,-4.86347614304248,0.755461815572177));
#6095=CARTESIAN_POINT('',(15.7522686059235,-4.86347614304248,0.760268792504282));
#6096=CARTESIAN_POINT('',(15.7215480581604,-4.86347614304248,0.764862978100367));
#6097=CARTESIAN_POINT('',(18.0948457191933,-11.9105538196959,1.43658638407104));
#6098=CARTESIAN_POINT('',(18.084313367758,-11.9105538196959,1.43823620077119));
#6099=CARTESIAN_POINT('',(18.0737696781474,-11.9105538196959,1.43981298473064));
#6100=CARTESIAN_POINT('',(15.6907884520037,-4.86347614304248,0.769151592304799));
#6101=CARTESIAN_POINT('',(15.660028845847,-4.86347614304248,0.773440206509231));
#6102=CARTESIAN_POINT('',(15.6292192726618,-4.86347614304248,0.777393576795224));
#6103=CARTESIAN_POINT('',(18.0632125831907,-11.9105538196959,1.44128489263344));
#6104=CARTESIAN_POINT('',(18.0526554882339,-11.9105538196959,1.44275680053624));
#6105=CARTESIAN_POINT('',(18.0420812439462,-11.9105538196959,1.44411364838715));
#6106=CARTESIAN_POINT('',(15.5983913674323,-4.86347614304248,0.781192592167249));
#6107=CARTESIAN_POINT('',(15.5829774148176,-4.86347614304248,0.783092099853262));
#6108=CARTESIAN_POINT('',(15.5675588791917,-4.86347614304248,0.784953018810784));
#6109=CARTESIAN_POINT('',(18.0315007078637,-11.9105538196959,1.44541751963376));
#6110=CARTESIAN_POINT('',(18.0262104398224,-11.9105538196959,1.44606945525707));
#6111=CARTESIAN_POINT('',(18.0209185988324,-11.9105538196959,1.4467081467293));
#6112=CARTESIAN_POINT('',(15.5521397149278,-4.86347614304248,0.786797960165372));
#6113=CARTESIAN_POINT('',(15.5367205506639,-4.86347614304248,0.788642901519961));
#6114=CARTESIAN_POINT('',(15.5212967742075,-4.86347614304248,0.790452368149834));
#6115=CARTESIAN_POINT('',(18.0156265420857,-11.9105538196959,1.4473413544814));
#6116=CARTESIAN_POINT('',(18.0103344853389,-11.9105538196959,1.4479745622335));
#6117=CARTESIAN_POINT('',(18.005040845628,-11.9105538196959,1.44859559460093));
#6118=CARTESIAN_POINT('',(15.5058680038528,-4.86347614304248,0.792221432467578));
#6119=CARTESIAN_POINT('',(15.4750104631434,-4.86347614304248,0.795759561103065));
#6120=CARTESIAN_POINT('',(15.4441341972972,-4.86347614304248,0.799142234409781));
#6121=CARTESIAN_POINT('',(17.9997454919466,-11.9105538196959,1.44920276037191));
#6122=CARTESIAN_POINT('',(17.9891547845838,-11.9105538196959,1.45041709191386));
#6123=CARTESIAN_POINT('',(17.9785576505116,-11.9105538196959,1.45157806917491));
#6124=CARTESIAN_POINT('',(15.4132437955504,-4.86347614304248,0.802367646047275));
#6125=CARTESIAN_POINT('',(15.3977985946769,-4.86347614304248,0.803980351866022));
#6126=CARTESIAN_POINT('',(15.3823493554545,-4.86347614304248,0.805558031806604));
#6127=CARTESIAN_POINT('',(17.9679556648154,-11.9105538196959,1.45268507219563));
#6128=CARTESIAN_POINT('',(17.9626546719673,-11.9105538196959,1.453238573706));
#6129=CARTESIAN_POINT('',(17.9573522931056,-11.9105538196959,1.45378005388163));
#6130=CARTESIAN_POINT('',(15.3668961041656,-4.86347614304248,0.8070971679363));
#6131=CARTESIAN_POINT('',(15.3514428528768,-4.86347614304248,0.808636304065995));
#6132=CARTESIAN_POINT('',(15.3359855895214,-4.86347614304248,0.810136896384803));
#6133=CARTESIAN_POINT('',(17.9520485372507,-11.9105538196959,1.45430830532249));
#6134=CARTESIAN_POINT('',(17.9467447813958,-11.9105538196959,1.45483655676335));
#6135=CARTESIAN_POINT('',(17.9414396485478,-11.9105538196959,1.45535157946944));
#6136=CARTESIAN_POINT('',(15.320524340382,-4.86347614304248,0.811595426960001));
#6137=CARTESIAN_POINT('',(15.3050630912426,-4.86347614304248,0.813053957535199));
#6138=CARTESIAN_POINT('',(15.2895984593833,-4.86347614304248,0.814470674324191));
#6139=CARTESIAN_POINT('',(17.9361331477271,-11.9105538196959,1.45585216604071));
#6140=CARTESIAN_POINT('',(17.9308266469064,-11.9105538196959,1.45635275261199));
#6141=CARTESIAN_POINT('',(17.9255189850924,-11.9105538196959,1.45683898815064));
#6142=CARTESIAN_POINT('',(15.2741296063275,-4.86347614304248,0.815837375199676));
#6143=CARTESIAN_POINT('',(15.2586607532717,-4.86347614304248,0.81720407607516));
#6144=CARTESIAN_POINT('',(15.2431876790193,-4.86347614304248,0.818520761037138));
#6145=CARTESIAN_POINT('',(17.9202098745092,-11.9105538196959,1.45730805758041));
#6146=CARTESIAN_POINT('',(17.914900763926,-11.9105538196959,1.45777712701019));
#6147=CARTESIAN_POINT('',(17.9095902045734,-11.9105538196959,1.45822903033108));
#6148=CARTESIAN_POINT('',(15.2277095450937,-4.86347614304248,0.819779227958306));
#6149=CARTESIAN_POINT('',(15.1967532772424,-4.86347614304248,0.822296161800641));
#6150=CARTESIAN_POINT('',(15.1657790193283,-4.86347614304248,0.824609523135752));
#6151=CARTESIAN_POINT('',(17.9042779086755,-11.9105538196959,1.45866095246686));
#6152=CARTESIAN_POINT('',(17.8936533168798,-11.9105538196959,1.4595247967384));
#6153=CARTESIAN_POINT('',(17.8830225506616,-11.9105538196959,1.46031877229061));
#6154=CARTESIAN_POINT('',(15.13480233421,-4.86347614304248,0.826869317350001));
#6155=CARTESIAN_POINT('',(15.1193139916509,-4.86347614304248,0.827999214457126));
#6156=CARTESIAN_POINT('',(15.1038256934509,-4.86347614304248,0.829121873496273));
#6157=CARTESIAN_POINT('',(17.8723909513956,-11.9105538196959,1.46109436291362));
#6158=CARTESIAN_POINT('',(17.8670751517625,-11.9105538196959,1.46148215822513));
#6159=CARTESIAN_POINT('',(17.8617593673541,-11.9105538196959,1.46186746933802));
#6160=CARTESIAN_POINT('',(15.0883350150044,-4.86347614304248,0.83021613381583));
#6161=CARTESIAN_POINT('',(15.0728443365578,-4.86347614304248,0.831310394135388));
#6162=CARTESIAN_POINT('',(15.0573517677518,-4.86347614304248,0.832380010833462));
#6163=CARTESIAN_POINT('',(17.8564427660143,-11.9105538196959,1.46224303364278));
#6164=CARTESIAN_POINT('',(17.8511261646745,-11.9105538196959,1.46261859794755));
#6165=CARTESIAN_POINT('',(17.8458089145388,-11.9105538196959,1.46298570424245));
#6166=CARTESIAN_POINT('',(15.041857542488,-4.86347614304248,0.833424934524007));
#6167=CARTESIAN_POINT('',(15.0263633172242,-4.86347614304248,0.834469858214553));
#6168=CARTESIAN_POINT('',(15.0108675775078,-4.86347614304248,0.835490061561164));
#6169=CARTESIAN_POINT('',(17.8404910958854,-11.9105538196959,1.46334433557757));
#6170=CARTESIAN_POINT('',(17.835173277232,-11.9105538196959,1.46370296691269));
#6171=CARTESIAN_POINT('',(17.8298549387989,-11.9105538196959,1.46405311390581));
#6172=CARTESIAN_POINT('',(14.9953703107777,-4.86347614304248,0.836485542540858));
#6173=CARTESIAN_POINT('',(14.9798730440476,-4.86347614304248,0.837481023520553));
#6174=CARTESIAN_POINT('',(14.9643742503038,-4.86347614304248,0.838451782133333));
#6175=CARTESIAN_POINT('',(17.8245360762749,-11.9105538196959,1.46439477586262));
#6176=CARTESIAN_POINT('',(17.8192172137509,-11.9105538196959,1.46473643781943));
#6177=CARTESIAN_POINT('',(17.813897827136,-11.9105538196959,1.46506961473994));
#6178=CARTESIAN_POINT('',(14.9488739169853,-4.86347614304248,0.839397816356218));
#6179=CARTESIAN_POINT('',(14.9178732503483,-4.86347614304248,0.841289884801988));
#6180=CARTESIAN_POINT('',(14.8868658730792,-4.86347614304248,0.843083170892309));
#6181=CARTESIAN_POINT('',(17.8085779121191,-11.9105538196959,1.46539430592982));
#6182=CARTESIAN_POINT('',(17.7979380820855,-11.9105538196959,1.46604368830959));
#6183=CARTESIAN_POINT('',(17.787295948876,-11.9105538196959,1.46665916730642));
#6184=CARTESIAN_POINT('',(14.8558536689013,-4.86347614304248,0.844777368537675));
#6185=CARTESIAN_POINT('',(14.8403475668123,-4.86347614304248,0.845624467360358));
#6186=CARTESIAN_POINT('',(14.8248403265566,-4.86347614304248,0.846444092811217));
#6187=CARTESIAN_POINT('',(17.7766521590089,-11.9105538196959,1.46724063786643));
#6188=CARTESIAN_POINT('',(17.7713302640754,-11.9105538196959,1.46753137314644));
#6189=CARTESIAN_POINT('',(17.7660079785083,-11.9105538196959,1.46781267920964));
#6190=CARTESIAN_POINT('',(14.8093319304805,-4.86347614304248,0.84724671811287));
#6191=CARTESIAN_POINT('',(14.7938235344044,-4.86347614304248,0.848049343414522));
#6192=CARTESIAN_POINT('',(14.7783139229361,-4.86347614304248,0.848834320584206));
#6193=CARTESIAN_POINT('',(17.7606852962487,-11.9105538196959,1.4680881506016));
#6194=CARTESIAN_POINT('',(17.7553626139891,-11.9105538196959,1.46836362199357));
#6195=CARTESIAN_POINT('',(17.7500395145912,-11.9105538196959,1.46863303631822));
#6196=CARTESIAN_POINT('',(14.7628029999694,-4.86347614304248,0.849592103771281));
#6197=CARTESIAN_POINT('',(14.7317811540361,-4.86347614304248,0.851107670145433));
#6198=CARTESIAN_POINT('',(14.7007543733685,-4.86347614304248,0.852513423348842));
#6199=CARTESIAN_POINT('',(17.74471596507,-11.9105538196959,1.46889311731607));
#6200=CARTESIAN_POINT('',(17.7340688660277,-11.9105538196959,1.46941327931176));
#6201=CARTESIAN_POINT('',(17.7234200733208,-11.9105538196959,1.46989575200594));
#6202=CARTESIAN_POINT('',(14.6697209078391,-4.86347614304248,0.853736206257493));
#6203=CARTESIAN_POINT('',(14.6386874423096,-4.86347614304248,0.854958989166145));
#6204=CARTESIAN_POINT('',(14.6076461053067,-4.86347614304248,0.856009780490081));
#6205=CARTESIAN_POINT('',(17.7127689862827,-11.9105538196959,1.47031542692675));
#6206=CARTESIAN_POINT('',(17.7021178992446,-11.9105538196959,1.47073510184757));
#6207=CARTESIAN_POINT('',(17.6914641106149,-11.9105538196959,1.47109574703041));
#6208=CARTESIAN_POINT('',(14.5766022191284,-4.86347614304248,0.856964519905294));
#6209=CARTESIAN_POINT('',(14.5610802760392,-4.86347614304248,0.857441889612901));
#6210=CARTESIAN_POINT('',(14.5455577556934,-4.86347614304248,0.857894120408798));
#6211=CARTESIAN_POINT('',(17.6808094470753,-11.9105538196959,1.47142342595497));
#6212=CARTESIAN_POINT('',(17.6754821153054,-11.9105538196959,1.47158726541725));
#6213=CARTESIAN_POINT('',(17.6701545854137,-11.9105538196959,1.47174247687966));
#6214=CARTESIAN_POINT('',(14.5300351392248,-4.86347614304248,0.858334160171262));
#6215=CARTESIAN_POINT('',(14.5145125227562,-4.86347614304248,0.858774199933726));
#6216=CARTESIAN_POINT('',(14.4989891637096,-4.86347614304248,0.859213242986429));
#6217=CARTESIAN_POINT('',(17.6648270225313,-11.9105538196959,1.47189350422161));
#6218=CARTESIAN_POINT('',(17.6594994596489,-11.9105538196959,1.47204453156355));
#6219=CARTESIAN_POINT('',(17.6541716419042,-11.9105538196959,1.4721952168218));
#6220=CARTESIAN_POINT('',(14.483465110989,-4.86347614304248,0.859627470520187));
#6221=CARTESIAN_POINT('',(14.4524170055477,-4.86347614304248,0.860455925587704));
#6222=CARTESIAN_POINT('',(14.4213661254103,-4.86347614304248,0.861185118579443));
#6223=CARTESIAN_POINT('',(17.6488435860815,-11.9105538196959,1.47233738507277));
#6224=CARTESIAN_POINT('',(17.6381874744362,-11.9105538196959,1.47262172157469));
#6225=CARTESIAN_POINT('',(17.6275304104793,-11.9105538196959,1.47287199004745));
#6226=CARTESIAN_POINT('',(14.3903128618083,-4.86347614304248,0.861624499021933));
#6227=CARTESIAN_POINT('',(14.3747862300074,-4.86347614304248,0.861844189243178));
#6228=CARTESIAN_POINT('',(14.3592580030902,-4.86347614304248,0.862017784659473));
#6229=CARTESIAN_POINT('',(17.6168725284865,-11.9105538196959,1.47302279110225));
#6230=CARTESIAN_POINT('',(17.6115435874901,-11.9105538196959,1.47309819162965));
#6231=CARTESIAN_POINT('',(17.6062140990291,-11.9105538196959,1.47315777182338));
#6232=CARTESIAN_POINT('',(14.3437287695644,-4.86347614304248,0.862149348022323));
#6233=CARTESIAN_POINT('',(14.3281995360385,-4.86347614304248,0.862280911385174));
#6234=CARTESIAN_POINT('',(14.3126695022472,-4.86347614304248,0.86236463797294));
#6235=CARTESIAN_POINT('',(17.6008842650871,-11.9105538196959,1.47320292607234));
#6236=CARTESIAN_POINT('',(17.595554431145,-11.9105538196959,1.47324808032131));
#6237=CARTESIAN_POINT('',(17.5902243225415,-11.9105538196959,1.47327681636991));
#6238=CARTESIAN_POINT('',(14.2971399053929,-4.86347614304248,0.862386326794844));
#6239=CARTESIAN_POINT('',(14.2816103085385,-4.86347614304248,0.862408015616748));
#6240=CARTESIAN_POINT('',(14.2660811486211,-4.86347614304248,0.862367666672791));
#6241=CARTESIAN_POINT('',(17.5848943639004,-11.9105538196959,1.4732842602543));
#6242=CARTESIAN_POINT('',(17.5795644052593,-11.9105538196959,1.4732917041387));
#6243=CARTESIAN_POINT('',(17.5742345965806,-11.9105538196959,1.4732778558589));
#6244=CARTESIAN_POINT('',(14.2505536628431,-4.86347614304248,0.862251078972197));
#6245=CARTESIAN_POINT('',(14.2427899199541,-4.86347614304248,0.8621927851219));
#6246=CARTESIAN_POINT('',(14.2350267639761,-4.86347614304248,0.862113602413336));
#6247=CARTESIAN_POINT('',(17.5689053624882,-11.9105538196959,1.47323784145105));
#6248=CARTESIAN_POINT('',(17.5662407454421,-11.9105538196959,1.47321783424713));
#6249=CARTESIAN_POINT('',(17.5635763298313,-11.9105538196959,1.47319065771668));
#6250=CARTESIAN_POINT('',(14.2272625431291,-4.86347614304248,0.86203115054255));
#6251=CARTESIAN_POINT('',(14.2194983222821,-4.86347614304248,0.861948698671764));
#6252=CARTESIAN_POINT('',(14.2117334980036,-4.86347614304248,0.861858090024493));
#6253=CARTESIAN_POINT('',(17.5609115487438,-11.9105538196959,1.47316235916744));
#6254=CARTESIAN_POINT('',(17.5582467676562,-11.9105538196959,1.47313406061821));
#6255=CARTESIAN_POINT('',(17.5555817794631,-11.9105538196959,1.47310296255771));
#6256=CARTESIAN_POINT('',(14.2039685765102,-4.86347614304248,0.861754061529552));
#6257=CARTESIAN_POINT('',(14.172908890537,-4.86347614304248,0.86133794754979));
#6258=CARTESIAN_POINT('',(14.1418476491277,-4.86347614304248,0.860707116007319));
#6259=CARTESIAN_POINT('',(17.5529167579047,-11.9105538196959,1.4730672586318));
#6260=CARTESIAN_POINT('',(17.5422566716709,-11.9105538196959,1.47292444292815));
#6261=CARTESIAN_POINT('',(17.5315960515914,-11.9105538196959,1.47270793337788));
#6262=CARTESIAN_POINT('',(14.1108172501586,-4.86347614304248,0.859524730346351));
#6263=CARTESIAN_POINT('',(14.1030596504163,-4.86347614304248,0.859229133931109));
#6264=CARTESIAN_POINT('',(14.0953049473375,-4.86347614304248,0.858892496518714));
#6265=CARTESIAN_POINT('',(17.5209460170365,-11.9105538196959,1.47230212331533));
#6266=CARTESIAN_POINT('',(17.5182835083977,-11.9105538196959,1.4722006707997));
#6267=CARTESIAN_POINT('',(17.5156219939314,-11.9105538196959,1.47208513248264));
#6268=CARTESIAN_POINT('',(14.0875498603923,-4.86347614304248,0.858535105290902));
#6269=CARTESIAN_POINT('',(14.0797947734471,-4.86347614304248,0.858177714063089));
#6270=CARTESIAN_POINT('',(14.0720392511808,-4.86347614304248,0.857800485457785));
#6271=CARTESIAN_POINT('',(17.5129603477172,-11.9105538196959,1.47196247118751));
#6272=CARTESIAN_POINT('',(17.5102987015029,-11.9105538196959,1.47183980989239));
#6273=CARTESIAN_POINT('',(17.5076369058809,-11.9105538196959,1.47171034015255));
#6274=CARTESIAN_POINT('',(14.0642842235735,-4.86347614304248,0.857399337240084));
#6275=CARTESIAN_POINT('',(14.0487741683589,-4.86347614304248,0.856597040804682));
#6276=CARTESIAN_POINT('',(14.0332660917804,-4.86347614304248,0.855699065919697));
#6277=CARTESIAN_POINT('',(17.5049752800321,-11.9105538196959,1.47157266089214));
#6278=CARTESIAN_POINT('',(17.4996520283347,-11.9105538196959,1.47129730237133));
#6279=CARTESIAN_POINT('',(17.4943294557309,-11.9105538196959,1.47098910576825));
#6280=CARTESIAN_POINT('',(14.0177674336797,-4.86347614304248,0.854672754705899));
#6281=CARTESIAN_POINT('',(14.002268775579,-4.86347614304248,0.853646443492101));
#6282=CARTESIAN_POINT('',(13.986779535956,-4.86347614304248,0.852491795949491));
#6283=CARTESIAN_POINT('',(17.4890101156704,-11.9105538196959,1.47063686247606));
#6284=CARTESIAN_POINT('',(17.48369077561,-11.9105538196959,1.47028461918386));
#6285=CARTESIAN_POINT('',(17.4783746680931,-11.9105538196959,1.46988832920255));
#6286=CARTESIAN_POINT('',(13.9713071546524,-4.86347614304248,0.851176154198839));
#6287=CARTESIAN_POINT('',(13.9635709640006,-4.86347614304248,0.850518333323513));
#6288=CARTESIAN_POINT('',(13.9558394276152,-4.86347614304248,0.849818227532555));
#6289=CARTESIAN_POINT('',(17.4730643465695,-11.9105538196959,1.46943678392528));
#6290=CARTESIAN_POINT('',(17.4704091858078,-11.9105538196959,1.46921101128665));
#6291=CARTESIAN_POINT('',(17.4677556224505,-11.9105538196959,1.46897072591767));
#6292=CARTESIAN_POINT('',(13.9481121308956,-4.86347614304248,0.849077981897926));
#6293=CARTESIAN_POINT('',(13.940384834176,-4.86347614304248,0.848337736263296));
#6294=CARTESIAN_POINT('',(13.9326563627582,-4.86347614304248,0.847582414604583));
#6295=CARTESIAN_POINT('',(17.4651035142013,-11.9105538196959,1.46871666403482));
#6296=CARTESIAN_POINT('',(17.4624514059522,-11.9105538196959,1.46846260215196));
#6297=CARTESIAN_POINT('',(17.4597988945314,-11.9105538196959,1.4682033659825));
#6298=CARTESIAN_POINT('',(13.9249309917992,-4.86347614304248,0.846791757267157));
#6299=CARTESIAN_POINT('',(13.9094802498814,-4.86347614304248,0.845210442592305));
#6300=CARTESIAN_POINT('',(13.894041909799,-4.86347614304248,0.843487785202604));
#6301=CARTESIAN_POINT('',(17.4571474472283,-11.9105538196959,1.46793200215077));
#6302=CARTESIAN_POINT('',(17.451844552622,-11.9105538196959,1.46738927448729));
#6303=CARTESIAN_POINT('',(17.4465459144862,-11.9105538196959,1.46679803617466));
#6304=CARTESIAN_POINT('',(13.8786501728087,-4.86347614304248,0.841461707861034));
#6305=CARTESIAN_POINT('',(13.8632584358184,-4.86347614304248,0.839435630519463));
#6306=CARTESIAN_POINT('',(13.8478960546365,-4.86347614304248,0.837141591509124));
#6307=CARTESIAN_POINT('',(17.4412632711348,-11.9105538196959,1.46610266020737));
#6308=CARTESIAN_POINT('',(17.4359806277834,-11.9105538196959,1.46540728424008));
#6309=CARTESIAN_POINT('',(17.4307080597253,-11.9105538196959,1.46461994035982));
#6310=CARTESIAN_POINT('',(13.832566366861,-4.86347614304248,0.834645212162874));
#6311=CARTESIAN_POINT('',(13.8249015229733,-4.86347614304248,0.833397022489748));
#6312=CARTESIAN_POINT('',(13.8172454729278,-4.86347614304248,0.83209681129691));
#6313=CARTESIAN_POINT('',(17.4254467124675,-11.9105538196959,1.46376315065737));
#6314=CARTESIAN_POINT('',(17.4228160388386,-11.9105538196959,1.46333475580614));
#6315=CARTESIAN_POINT('',(17.4201883833702,-11.9105538196959,1.46288850649603));
#6316=CARTESIAN_POINT('',(13.8095995950457,-4.86347614304248,0.830750554067352));
#6317=CARTESIAN_POINT('',(13.8057766561046,-4.86347614304248,0.830077425452573));
#6318=CARTESIAN_POINT('',(13.8019576009082,-4.86347614304248,0.829389505344399));
#6319=CARTESIAN_POINT('',(17.4175642191199,-11.9105538196959,1.46242645359015));
#6320=CARTESIAN_POINT('',(17.4162521369948,-11.9105538196959,1.4621954271372));
#6321=CARTESIAN_POINT('',(17.4149413878211,-11.9105538196959,1.46195932405228));
#6322=CARTESIAN_POINT('',(13.7981362700642,-4.86347614304248,0.828703274243241));
#6323=CARTESIAN_POINT('',(13.7943149392202,-4.86347614304248,0.828017043142084));
#6324=CARTESIAN_POINT('',(13.7904922636806,-4.86347614304248,0.827329718401047));
#6325=CARTESIAN_POINT('',(17.4136298576156,-11.9105538196959,1.46172380065642));
#6326=CARTESIAN_POINT('',(17.4123183274102,-11.9105538196959,1.46148827726056));
#6327=CARTESIAN_POINT('',(17.4110063356879,-11.9105538196959,1.46125237851335));
#6328=CARTESIAN_POINT('',(13.7866703425336,-4.86347614304248,0.826634605642544));
#6329=CARTESIAN_POINT('',(13.7713826579453,-4.86347614304248,0.823854154608529));
#6330=CARTESIAN_POINT('',(13.7561070436378,-4.86347614304248,0.820949095295038));
#6331=CARTESIAN_POINT('',(17.4096946028828,-11.9105538196959,1.46101380681773));
#6332=CARTESIAN_POINT('',(17.4044476716625,-11.9105538196959,1.46005952003528));
#6333=CARTESIAN_POINT('',(17.3992048831188,-11.9105538196959,1.4590624660785));
#6334=CARTESIAN_POINT('',(13.740977841252,-4.86347614304248,0.817490987536433));
#6335=CARTESIAN_POINT('',(13.7334132400591,-4.86347614304248,0.81576193365713));
#6336=CARTESIAN_POINT('',(13.7258927085401,-4.86347614304248,0.813874774324811));
#6337=CARTESIAN_POINT('',(17.3940123450416,-11.9105538196959,1.45787559873721));
#6338=CARTESIAN_POINT('',(17.3914160760031,-11.9105538196959,1.45728216506656));
#6339=CARTESIAN_POINT('',(17.388834932247,-11.9105538196959,1.45663446755807));
#6340=CARTESIAN_POINT('',(13.7183909090902,-4.86347614304248,0.811879777798469));
#6341=CARTESIAN_POINT('',(13.7108891096403,-4.86347614304248,0.809884781272128));
#6342=CARTESIAN_POINT('',(13.7034108145969,-4.86347614304248,0.807777389831614));
#6343=CARTESIAN_POINT('',(17.3862602175794,-11.9105538196959,1.45594975892885));
#6344=CARTESIAN_POINT('',(17.3836855029119,-11.9105538196959,1.45526505029963));
#6345=CARTESIAN_POINT('',(17.3811188552609,-11.9105538196959,1.45454176628112));
#6346=CARTESIAN_POINT('',(13.6959619902678,-4.86347614304248,0.805565288571041));
#6347=CARTESIAN_POINT('',(13.6885131659386,-4.86347614304248,0.803353187310468));
#6348=CARTESIAN_POINT('',(13.6810938123237,-4.86347614304248,0.801036376229837));
#6349=CARTESIAN_POINT('',(17.3785623223405,-11.9105538196959,1.45378254449711));
#6350=CARTESIAN_POINT('',(17.37600578942,-11.9105538196959,1.45302332271309));
#6351=CARTESIAN_POINT('',(17.3734593712301,-11.9105538196959,1.45222816316357));
#6352=CARTESIAN_POINT('',(13.6737098957306,-4.86347614304248,0.798622540423263));
#6353=CARTESIAN_POINT('',(13.6700179374341,-4.86347614304248,0.797415622519975));
#6354=CARTESIAN_POINT('',(13.666334838393,-4.86347614304248,0.796184448435202));
#6355=CARTESIAN_POINT('',(17.3709251154848,-11.9105538196959,1.4513997034723));
#6356=CARTESIAN_POINT('',(17.3696579876122,-11.9105538196959,1.45098547362667));
#6357=CARTESIAN_POINT('',(17.3683939003507,-11.9105538196959,1.4505629187456));
#6358=CARTESIAN_POINT('',(13.6626613443959,-4.86347614304248,0.794929978805707));
#6359=CARTESIAN_POINT('',(13.6589878503988,-4.86347614304248,0.793675509176212));
#6360=CARTESIAN_POINT('',(13.6553268418839,-4.86347614304248,0.792394192348529));
#6361=CARTESIAN_POINT('',(17.3671331096646,-11.9105538196959,1.45013236853206));
#6362=CARTESIAN_POINT('',(17.3658723189785,-11.9105538196959,1.44970181831853));
#6363=CARTESIAN_POINT('',(17.3646158134714,-11.9105538196959,1.44926205379909));
#6364=CARTESIAN_POINT('',(13.6516643737574,-4.86347614304248,0.791105956461833));
#6365=CARTESIAN_POINT('',(13.6443394375044,-4.86347614304248,0.78852948468844));
#6366=CARTESIAN_POINT('',(13.6370215006447,-4.86347614304248,0.785903320694793));
#6367=CARTESIAN_POINT('',(17.3633588070069,-11.9105538196959,1.44881991456905));
#6368=CARTESIAN_POINT('',(17.3608447940777,-11.9105538196959,1.44793563610896));
#6369=CARTESIAN_POINT('',(17.3583331834308,-11.9105538196959,1.44703430263571));
#6370=CARTESIAN_POINT('',(13.6297869344022,-4.86347614304248,0.783084728189605));
#6371=CARTESIAN_POINT('',(13.6261696512809,-4.86347614304248,0.781675431937011));
#6372=CARTESIAN_POINT('',(13.6225745837476,-4.86347614304248,0.780216246904504));
#6373=CARTESIAN_POINT('',(17.3558501866589,-11.9105538196959,1.44606692520669));
#6374=CARTESIAN_POINT('',(17.3546086882729,-11.9105538196959,1.44558323649217));
#6375=CARTESIAN_POINT('',(17.3533748145643,-11.9105538196959,1.44508242530268));
#6376=CARTESIAN_POINT('',(13.6190070289425,-4.86347614304248,0.778694844126042));
#6377=CARTESIAN_POINT('',(13.6154394741373,-4.86347614304248,0.777173441347579));
#6378=CARTESIAN_POINT('',(13.6118891629633,-4.86347614304248,0.775603457534193));
#6379=CARTESIAN_POINT('',(17.35215038358,-11.9105538196959,1.44456026017749));
#6380=CARTESIAN_POINT('',(17.3509259525957,-11.9105538196959,1.44403809505229));
#6381=CARTESIAN_POINT('',(17.3497074398489,-11.9105538196959,1.44349925628713));
#6382=CARTESIAN_POINT('',(13.6083577836976,-4.86347614304248,0.773988229562707));
#6383=CARTESIAN_POINT('',(13.6048264044319,-4.86347614304248,0.77237300159122));
#6384=CARTESIAN_POINT('',(13.6013139570744,-4.86347614304248,0.770712529461633));
#6385=CARTESIAN_POINT('',(17.348495424778,-11.9105538196959,1.4429448891413));
#6386=CARTESIAN_POINT('',(17.3472834097071,-11.9105538196959,1.44239052199547));
#6387=CARTESIAN_POINT('',(17.3460778923122,-11.9105538196959,1.44182062646899));
#6388=CARTESIAN_POINT('',(13.5978221299021,-4.86347614304248,0.769010150050767));
#6389=CARTESIAN_POINT('',(13.5943303027298,-4.86347614304248,0.7673077706399));
#6390=CARTESIAN_POINT('',(13.5908590957428,-4.86347614304248,0.765563483947753));
#6391=CARTESIAN_POINT('',(17.3448794520317,-11.9105538196959,1.44123634782116));
#6392=CARTESIAN_POINT('',(17.3436810117512,-11.9105538196959,1.44065206917333));
#6393=CARTESIAN_POINT('',(17.3424896485852,-11.9105538196959,1.44005340740416));
#6394=CARTESIAN_POINT('',(13.587410197218,-4.86347614304248,0.763780626851149));
#6395=CARTESIAN_POINT('',(13.5856857479556,-4.86347614304248,0.762889198302847));
#6396=CARTESIAN_POINT('',(13.5839685840628,-4.86347614304248,0.761985944794888));
#6397=CARTESIAN_POINT('',(17.3413059419721,-11.9105538196959,1.43944150777296));
#6398=CARTESIAN_POINT('',(17.3407140886656,-11.9105538196959,1.43913555795736));
#6399=CARTESIAN_POINT('',(17.3401247357922,-11.9105538196959,1.43882554966255));
#6400=CARTESIAN_POINT('',(13.5822534361188,-4.86347614304248,0.761078287084775));
#6401=CARTESIAN_POINT('',(13.5805382881748,-4.86347614304248,0.760170629374662));
#6402=CARTESIAN_POINT('',(13.5788202996395,-4.86347614304248,0.75926463802789));
#6403=CARTESIAN_POINT('',(17.3395360748185,-11.9105538196959,1.43851402978856));
#6404=CARTESIAN_POINT('',(17.3389474138449,-11.9105538196959,1.43820250991457));
#6405=CARTESIAN_POINT('',(17.3383577779435,-11.9105538196959,1.43789156195805));
#6406=CARTESIAN_POINT('',(13.5771090001031,-4.86347614304248,0.75834631912363));
#6407=CARTESIAN_POINT('',(13.5753977005667,-4.86347614304248,0.75742800021937));
#6408=CARTESIAN_POINT('',(13.5736930900292,-4.86347614304248,0.756497353757623));
#6409=CARTESIAN_POINT('',(17.3377704377931,-11.9105538196959,1.43757638302424));
#6410=CARTESIAN_POINT('',(17.3371830976428,-11.9105538196959,1.43726120409043));
#6411=CARTESIAN_POINT('',(17.3365980532434,-11.9105538196959,1.43694179417933));
#6412=CARTESIAN_POINT('',(13.5720046980809,-4.86347614304248,0.755540385817562));
#6413=CARTESIAN_POINT('',(13.5703163061326,-4.86347614304248,0.754583417877501));
#6414=CARTESIAN_POINT('',(13.5686480949836,-4.86347614304248,0.753595838058751));
#6415=CARTESIAN_POINT('',(17.3360185752738,-11.9105538196959,1.4366133503962));
#6416=CARTESIAN_POINT('',(17.3354390973041,-11.9105538196959,1.43628490661306));
#6417=CARTESIAN_POINT('',(17.334866545646,-11.9105538196959,1.43594595643695));
#6418=CARTESIAN_POINT('',(13.5669957960213,-4.86347614304248,0.752578527731923));
#6419=CARTESIAN_POINT('',(13.5636911980967,-4.86347614304248,0.750543907078269));
#6420=CARTESIAN_POINT('',(13.5604336530429,-4.86347614304248,0.748411616952322));
#6421=CARTESIAN_POINT('',(17.3342994552563,-11.9105538196959,1.43559680236566));
#6422=CARTESIAN_POINT('',(17.3331652744769,-11.9105538196959,1.43489849422309));
#6423=CARTESIAN_POINT('',(17.3320472428518,-11.9105538196959,1.43416666465348));
#6424=CARTESIAN_POINT('',(13.5572502065993,-4.86347614304248,0.74618848985619));
#6425=CARTESIAN_POINT('',(13.5556584833776,-4.86347614304248,0.745076926308124));
#6426=CARTESIAN_POINT('',(13.5540886579044,-4.86347614304248,0.743942190800434));
#6427=CARTESIAN_POINT('',(17.3309546428288,-11.9105538196959,1.43340365865999));
#6428=CARTESIAN_POINT('',(17.3304083428174,-11.9105538196959,1.43302215566325));
#6429=CARTESIAN_POINT('',(17.3298695583966,-11.9105538196959,1.43263269975005));
#6430=CARTESIAN_POINT('',(13.5525328609537,-4.86347614304248,0.742786686805217));
#6431=CARTESIAN_POINT('',(13.5509770640031,-4.86347614304248,0.741631182810001));
#6432=CARTESIAN_POINT('',(13.5494297744821,-4.86347614304248,0.740455514563199));
#6433=CARTESIAN_POINT('',(17.3293355887463,-11.9105538196959,1.43223611582312));
#6434=CARTESIAN_POINT('',(17.3288016190961,-11.9105538196959,1.43183953189619));
#6435=CARTESIAN_POINT('',(17.3282705693058,-11.9105538196959,1.43143602733712));
#6436=CARTESIAN_POINT('',(13.5478953948086,-4.86347614304248,0.739258415107123));
#6437=CARTESIAN_POINT('',(13.5448266354616,-4.86347614304248,0.736864216194973));
#6438=CARTESIAN_POINT('',(13.5418095155043,-4.86347614304248,0.734384292445732));
#6439=CARTESIAN_POINT('',(17.3277439503423,-11.9105538196959,1.43102516730966));
#6440=CARTESIAN_POINT('',(17.3266907124152,-11.9105538196959,1.43020344725472));
#6441=CARTESIAN_POINT('',(17.3256551977951,-11.9105538196959,1.42935230532615));
#6442=CARTESIAN_POINT('',(13.5388792542793,-4.86347614304248,0.731808508197914));
#6443=CARTESIAN_POINT('',(13.5374141236669,-4.86347614304248,0.730520616074004));
#6444=CARTESIAN_POINT('',(13.5359707077374,-4.86347614304248,0.72920875882545));
#6445=CARTESIAN_POINT('',(17.3246494942161,-11.9105538196959,1.42846826283373));
#6446=CARTESIAN_POINT('',(17.3241466424266,-11.9105538196959,1.42802624158753));
#6447=CARTESIAN_POINT('',(17.3236512433974,-11.9105538196959,1.42757599520036));
#6448=CARTESIAN_POINT('',(13.5345534089089,-4.86347614304248,0.727871669494566));
#6449=CARTESIAN_POINT('',(13.5331361100803,-4.86347614304248,0.726534580163681));
#6450=CARTESIAN_POINT('',(13.5317449283527,-4.86347614304248,0.725172258750465));
#6451=CARTESIAN_POINT('',(17.3231648080952,-11.9105538196959,1.42711708883596));
#6452=CARTESIAN_POINT('',(17.322678372793,-11.9105538196959,1.42665818247155));
#6453=CARTESIAN_POINT('',(17.3222009012179,-11.9105538196959,1.42619061612991));
#6454=CARTESIAN_POINT('',(13.5303842661437,-4.86347614304248,0.723783438297234));
#6455=CARTESIAN_POINT('',(13.5290236039347,-4.86347614304248,0.722394617844002));
#6456=CARTESIAN_POINT('',(13.5276934612444,-4.86347614304248,0.720979298350754));
#6457=CARTESIAN_POINT('',(17.3217339043367,-11.9105538196959,1.42571395497476));
#6458=CARTESIAN_POINT('',(17.3212669074554,-11.9105538196959,1.42523729381961));
#6459=CARTESIAN_POINT('',(17.3208103852679,-11.9105538196959,1.42475153785095));
#6460=CARTESIAN_POINT('',(13.5263982404906,-4.86347614304248,0.719536212859804));
#6461=CARTESIAN_POINT('',(13.5257506301137,-4.86347614304248,0.718814670114329));
#6462=CARTESIAN_POINT('',(13.5251117502209,-4.86347614304248,0.718086185869428));
#6463=CARTESIAN_POINT('',(17.3203658487411,-11.9105538196959,1.42425625223249));
#6464=CARTESIAN_POINT('',(17.3201435804777,-11.9105538196959,1.42400860942327));
#6465=CARTESIAN_POINT('',(17.3199243086294,-11.9105538196959,1.42375858420159));
#6466=CARTESIAN_POINT('',(13.5244821511145,-4.86347614304248,0.717350601755391));
#6467=CARTESIAN_POINT('',(13.523852552008,-4.86347614304248,0.716615017641353));
#6468=CARTESIAN_POINT('',(13.5232338883564,-4.86347614304248,0.71587169062455));
#6469=CARTESIAN_POINT('',(17.3197082220671,-11.9105538196959,1.42350612221294));
#6470=CARTESIAN_POINT('',(17.3194921355049,-11.9105538196959,1.42325366022428));
#6471=CARTESIAN_POINT('',(17.3192798021322,-11.9105538196959,1.42299854077118));
#6472=CARTESIAN_POINT('',(13.5226131895365,-4.86347614304248,0.715125872631553));
#6473=CARTESIAN_POINT('',(13.5213717918965,-4.86347614304248,0.71363423664556));
#6474=CARTESIAN_POINT('',(13.5201371640126,-4.86347614304248,0.71212635837038));
#6475=CARTESIAN_POINT('',(17.3190667702635,-11.9105538196959,1.42274256638281));
#6476=CARTESIAN_POINT('',(17.3186407065259,-11.9105538196959,1.42223061760606));
#6477=CARTESIAN_POINT('',(17.3182169662563,-11.9105538196959,1.42171309426544));
#6478=CARTESIAN_POINT('',(13.5189578333224,-4.86347614304248,0.710580460499211));
#6479=CARTESIAN_POINT('',(13.5183681679773,-4.86347614304248,0.709807511563626));
#6480=CARTESIAN_POINT('',(13.5177923269306,-4.86347614304248,0.709025057729044));
#6481=CARTESIAN_POINT('',(17.3178122046993,-11.9105538196959,1.42118252210739));
#6482=CARTESIAN_POINT('',(17.3176098239207,-11.9105538196959,1.42091723602836));
#6483=CARTESIAN_POINT('',(17.3174121878204,-11.9105538196959,1.42064868774498));
#6484=CARTESIAN_POINT('',(13.5172363761121,-4.86347614304248,0.708230376832114));
#6485=CARTESIAN_POINT('',(13.5169584007029,-4.86347614304248,0.707833036383649));
#6486=CARTESIAN_POINT('',(13.5166867612619,-4.86347614304248,0.707432193138148));
#6487=CARTESIAN_POINT('',(17.3172213783037,-11.9105538196959,1.42037594297554));
#6488=CARTESIAN_POINT('',(17.3171259735454,-11.9105538196959,1.42023957059082));
#6489=CARTESIAN_POINT('',(17.3170327433734,-11.9105538196959,1.42010199600082));
#6490=CARTESIAN_POINT('',(13.5164195776493,-4.86347614304248,0.707028362729187));
#6491=CARTESIAN_POINT('',(13.5161523940368,-4.86347614304248,0.706624532320225));
#6492=CARTESIAN_POINT('',(13.5158896662526,-4.86347614304248,0.706217714747803));
#6493=CARTESIAN_POINT('',(17.3169410424994,-11.9105538196959,1.41996339617766));
#6494=CARTESIAN_POINT('',(17.3168493416254,-11.9105538196959,1.4198247963545));
#6495=CARTESIAN_POINT('',(17.3167591700494,-11.9105538196959,1.41968517129817));
#6496=CARTESIAN_POINT('',(13.5156295141572,-4.86347614304248,0.705808425645494));
#6497=CARTESIAN_POINT('',(13.5145889057752,-4.86347614304248,0.704171269236262));
#6498=CARTESIAN_POINT('',(13.5135870737722,-4.86347614304248,0.702496525989363));
#6499=CARTESIAN_POINT('',(17.3166698824831,-11.9105538196959,1.4195446979808));
#6500=CARTESIAN_POINT('',(17.3163127322177,-11.9105538196959,1.41898280471132));
#6501=CARTESIAN_POINT('',(17.3159688905075,-11.9105538196959,1.41840801115266));
#6502=CARTESIAN_POINT('',(13.5126863522457,-4.86347614304248,0.700774814676892));
#6503=CARTESIAN_POINT('',(13.5124611718641,-4.86347614304248,0.700344386848774));
#6504=CARTESIAN_POINT('',(13.5122435945392,-4.86347614304248,0.699910941211874));
#6505=CARTESIAN_POINT('',(17.3156597512215,-11.9105538196959,1.41781709754599));
#6506=CARTESIAN_POINT('',(17.3155824664,-11.9105538196959,1.41766936914432));
#6507=CARTESIAN_POINT('',(17.315507791046,-11.9105538196959,1.41752060499162));
#6508=CARTESIAN_POINT('',(13.5120325079213,-4.86347614304248,0.699474464511405));
#6509=CARTESIAN_POINT('',(13.5118214213033,-4.86347614304248,0.699037987810935));
#6510=CARTESIAN_POINT('',(13.5116168253924,-4.86347614304248,0.698598480046897));
#6511=CARTESIAN_POINT('',(17.3154353433866,-11.9105538196959,1.41737080053867));
#6512=CARTESIAN_POINT('',(17.3153628957272,-11.9105538196959,1.41722099608572));
#6513=CARTESIAN_POINT('',(17.3152926757625,-11.9105538196959,1.41707015133252));
#6514=CARTESIAN_POINT('',(13.5114176078388,-4.86347614304248,0.698155927964503));
#6515=CARTESIAN_POINT('',(13.5110191727315,-4.86347614304248,0.697270823799715));
#6516=CARTESIAN_POINT('',(13.5106311831821,-4.86347614304248,0.696374410899189));
#6517=CARTESIAN_POINT('',(17.3152243017196,-11.9105538196959,1.41691826172986));
#6518=CARTESIAN_POINT('',(17.3150875536338,-11.9105538196959,1.41661448252454));
#6519=CARTESIAN_POINT('',(17.3149543905987,-11.9105538196959,1.41630682201474));
#6520=CARTESIAN_POINT('',(13.5102935474696,-4.86347614304248,0.695466058491258));
#6521=CARTESIAN_POINT('',(13.5101247296133,-4.86347614304248,0.695011882287293));
#6522=CARTESIAN_POINT('',(13.5099718630228,-4.86347614304248,0.694555693040125));
#6523=CARTESIAN_POINT('',(17.3148385096521,-11.9105538196959,1.41599506371147));
#6524=CARTESIAN_POINT('',(17.3147805691788,-11.9105538196959,1.41583918455983));
#6525=CARTESIAN_POINT('',(17.3147281033864,-11.9105538196959,1.41568261450571));
#6526=CARTESIAN_POINT('',(13.5098221007356,-4.86347614304248,0.694091802150252));
#6527=CARTESIAN_POINT('',(13.5096723384483,-4.86347614304248,0.69362791126038));
#6528=CARTESIAN_POINT('',(13.509527836778,-4.86347614304248,0.69315751034936));
#6529=CARTESIAN_POINT('',(17.314676703031,-11.9105538196959,1.41552340114814));
#6530=CARTESIAN_POINT('',(17.3146253026757,-11.9105538196959,1.41536418779056));
#6531=CARTESIAN_POINT('',(17.3145757078321,-11.9105538196959,1.41520274010946));
#6532=CARTESIAN_POINT('',(13.5093912338632,-4.86347614304248,0.692682361550528));
#6533=CARTESIAN_POINT('',(13.5091180280335,-4.86347614304248,0.691732063952865));
#6534=CARTESIAN_POINT('',(13.5088764172256,-4.86347614304248,0.690762774803953));
#6535=CARTESIAN_POINT('',(17.3145288239437,-11.9105538196959,1.41503966289182));
#6536=CARTESIAN_POINT('',(17.3144350561668,-11.9105538196959,1.41471350845653));
#6537=CARTESIAN_POINT('',(17.3143521322104,-11.9105538196959,1.41438083587505));
#6538=CARTESIAN_POINT('',(13.5086875065475,-4.86347614304248,0.689788591170476));
#6539=CARTESIAN_POINT('',(13.5084985958693,-4.86347614304248,0.688814407536999));
#6540=CARTESIAN_POINT('',(13.5083623853208,-4.86347614304248,0.687835329418956));
#6541=CARTESIAN_POINT('',(17.3142872956205,-11.9105538196959,1.41404648344311));
#6542=CARTESIAN_POINT('',(17.3142224590307,-11.9105538196959,1.41371213101117));
#6543=CARTESIAN_POINT('',(17.3141757098075,-11.9105538196959,1.41337609872878));
#6544=CARTESIAN_POINT('',(13.5082999800099,-4.86347614304248,0.686865453883031));
#6545=CARTESIAN_POINT('',(13.5082375746991,-4.86347614304248,0.685895578347106));
#6546=CARTESIAN_POINT('',(13.5082489746258,-4.86347614304248,0.684934905393298));
#6547=CARTESIAN_POINT('',(13.5083552848982,-4.86347614304248,0.68399753208829));
#6548=CARTESIAN_POINT('',(17.3141542914971,-11.9105538196959,1.41304322489168));
#6549=CARTESIAN_POINT('',(17.3141328731867,-11.9105538196959,1.41271035105458));
#6550=CARTESIAN_POINT('',(17.3141367857891,-11.9105538196959,1.41238063566278));
#6551=CARTESIAN_POINT('',(17.3141732728505,-11.9105538196959,1.41205891701201));
#6552=B_SPLINE_SURFACE_WITH_KNOTS('Surf_OTGQOZDGCY, Wing, 1, 13, lower',3,3,((#6553, #6554, #6555, #6562, #6563, #6564, #6574, #6575, #6576, #6586, #6587, #6588, #6598, #6599, #6600, #6610, #6611, #6612, #6622, #6623, #6624, #6634, #6635, #6636, #6646, #6647, #6648, #6658, #6659, #6660, #6670, #6671, #6672, #6682, #6683, #6684, #6694, #6695, #6696, #6706, #6707, #6708, #6718, #6719, #6720, #6730, #6731, #6732, #6742, #6743, #6744, #6754, #6755, #6756, #6766, #6767, #6768, #6778, #6779, #6780, #6790, #6791, #6792, #6802, #6803, #6804, #6814, #6815, #6816, #6826, #6827, #6828, #6838, #6839, #6840, #6850, #6851, #6852, #6862, #6863, #6864, #6874, #6875, #6876, #6886, #6887, #6888, #6898, #6899, #6900, #6910, #6911, #6912, #6922, #6923, #6924, #6934, #6935, #6936, #6946, #6947, #6948, #6958, #6959, #6960, #6970, #6971, #6972, #6982, #6983, #6984, #6994, #6995, #6996, #7006, #7007, #7008, #7018, #7019, #7020, #7030, #7031, #7032, #7042, #7043, #7044, #7054, #7055, #7056, #7066, #7067, #7068, #7078, #7079, #7080, #7090, #7091, #7092, #7102, #7103, #7104, #7114, #7115, #7116, #7126, #7127, #7128, #7138, #7139, #7140, #7150, #7151, #7152, #7162, #7163, #7164, #7174, #7175, #7176, #7186, #7187, #7188, #7198, #7199, #7200, #7210, #7211, #7212, #7222, #7223, #7224, #7234, #7235, #7236, #7246, #7247, #7248, #7258, #7259, #7260, #7270, #7271, #7272, #7282, #7283, #7284, #7294, #7295, #7296, #7306, #7307, #7308, #7318, #7319, #7320, #7330, #7331, #7332, #7342, #7343, #7344, #7354, #7355, #7356, #7366, #7367, #7368, #7378, #7379, #7380, #7390, #7391, #7392, #7402, #7403, #7404, #7414, #7415, #7416, #7426, #7427, #7428, #7438, #7439, #7440, #7450, #7451, #7452, #7462, #7463, #7464, #7474, #7475, #7476, #7486, #7487, #7488, #7498, #7499, #7500, #7510, #7511, #7512, #7522, #7523, #7524, #7534, #7535, #7536, #7546, #7547, #7548, #7558, #7559, #7560, #7561),(#6553, #6556, #6557, #6565, #6566, #6567, #6577, #6578, #6579, #6589, #6590, #6591, #6601, #6602, #6603, #6613, #6614, #6615, #6625, #6626, #6627, #6637, #6638, #6639, #6649, #6650, #6651, #6661, #6662, #6663, #6673, #6674, #6675, #6685, #6686, #6687, #6697, #6698, #6699, #6709, #6710, #6711, #6721, #6722, #6723, #6733, #6734, #6735, #6745, #6746, #6747, #6757, #6758, #6759, #6769, #6770, #6771, #6781, #6782, #6783, #6793, #6794, #6795, #6805, #6806, #6807, #6817, #6818, #6819, #6829, #6830, #6831, #6841, #6842, #6843, #6853, #6854, #6855, #6865, #6866, #6867, #6877, #6878, #6879, #6889, #6890, #6891, #6901, #6902, #6903, #6913, #6914, #6915, #6925, #6926, #6927, #6937, #6938, #6939, #6949, #6950, #6951, #6961, #6962, #6963, #6973, #6974, #6975, #6985, #6986, #6987, #6997, #6998, #6999, #7009, #7010, #7011, #7021, #7022, #7023, #7033, #7034, #7035, #7045, #7046, #7047, #7057, #7058, #7059, #7069, #7070, #7071, #7081, #7082, #7083, #7093, #7094, #7095, #7105, #7106, #7107, #7117, #7118, #7119, #7129, #7130, #7131, #7141, #7142, #7143, #7153, #7154, #7155, #7165, #7166, #7167, #7177, #7178, #7179, #7189, #7190, #7191, #7201, #7202, #7203, #7213, #7214, #7215, #7225, #7226, #7227, #7237, #7238, #7239, #7249, #7250, #7251, #7261, #7262, #7263, #7273, #7274, #7275, #7285, #7286, #7287, #7297, #7298, #7299, #7309, #7310, #7311, #7321, #7322, #7323, #7333, #7334, #7335, #7345, #7346, #7347, #7357, #7358, #7359, #7369, #7370, #7371, #7381, #7382, #7383, #7393, #7394, #7395, #7405, #7406, #7407, #7417, #7418, #7419, #7429, #7430, #7431, #7441, #7442, #7443, #7453, #7454, #7455, #7465, #7466, #7467, #7477, #7478, #7479, #7489, #7490, #7491, #7501, #7502, #7503, #7513, #7514, #7515, #7525, #7526, #7527, #7537, #7538, #7539, #7549, #7550, #7551, #7562, #7563, #7564, #7561),(#6553, #6558, #6559, #6568, #6569, #6570, #6580, #6581, #6582, #6592, #6593, #6594, #6604, #6605, #6606, #6616, #6617, #6618, #6628, #6629, #6630, #6640, #6641, #6642, #6652, #6653, #6654, #6664, #6665, #6666, #6676, #6677, #6678, #6688, #6689, #6690, #6700, #6701, #6702, #6712, #6713, #6714, #6724, #6725, #6726, #6736, #6737, #6738, #6748, #6749, #6750, #6760, #6761, #6762, #6772, #6773, #6774, #6784, #6785, #6786, #6796, #6797, #6798, #6808, #6809, #6810, #6820, #6821, #6822, #6832, #6833, #6834, #6844, #6845, #6846, #6856, #6857, #6858, #6868, #6869, #6870, #6880, #6881, #6882, #6892, #6893, #6894, #6904, #6905, #6906, #6916, #6917, #6918, #6928, #6929, #6930, #6940, #6941, #6942, #6952, #6953, #6954, #6964, #6965, #6966, #6976, #6977, #6978, #6988, #6989, #6990, #7000, #7001, #7002, #7012, #7013, #7014, #7024, #7025, #7026, #7036, #7037, #7038, #7048, #7049, #7050, #7060, #7061, #7062, #7072, #7073, #7074, #7084, #7085, #7086, #7096, #7097, #7098, #7108, #7109, #7110, #7120, #7121, #7122, #7132, #7133, #7134, #7144, #7145, #7146, #7156, #7157, #7158, #7168, #7169, #7170, #7180, #7181, #7182, #7192, #7193, #7194, #7204, #7205, #7206, #7216, #7217, #7218, #7228, #7229, #7230, #7240, #7241, #7242, #7252, #7253, #7254, #7264, #7265, #7266, #7276, #7277, #7278, #7288, #7289, #7290, #7300, #7301, #7302, #7312, #7313, #7314, #7324, #7325, #7326, #7336, #7337, #7338, #7348, #7349, #7350, #7360, #7361, #7362, #7372, #7373, #7374, #7384, #7385, #7386, #7396, #7397, #7398, #7408, #7409, #7410, #7420, #7421, #7422, #7432, #7433, #7434, #7444, #7445, #7446, #7456, #7457, #7458, #7468, #7469, #7470, #7480, #7481, #7482, #7492, #7493, #7494, #7504, #7505, #7506, #7516, #7517, #7518, #7528, #7529, #7530, #7540, #7541, #7542, #7552, #7553, #7554, #7565, #7566, #7567, #7561),(#6553, #6560, #6561, #6571, #6572, #6573, #6583, #6584, #6585, #6595, #6596, #6597, #6607, #6608, #6609, #6619, #6620, #6621, #6631, #6632, #6633, #6643, #6644, #6645, #6655, #6656, #6657, #6667, #6668, #6669, #6679, #6680, #6681, #6691, #6692, #6693, #6703, #6704, #6705, #6715, #6716, #6717, #6727, #6728, #6729, #6739, #6740, #6741, #6751, #6752, #6753, #6763, #6764, #6765, #6775, #6776, #6777, #6787, #6788, #6789, #6799, #6800, #6801, #6811, #6812, #6813, #6823, #6824, #6825, #6835, #6836, #6837, #6847, #6848, #6849, #6859, #6860, #6861, #6871, #6872, #6873, #6883, #6884, #6885, #6895, #6896, #6897, #6907, #6908, #6909, #6919, #6920, #6921, #6931, #6932, #6933, #6943, #6944, #6945, #6955, #6956, #6957, #6967, #6968, #6969, #6979, #6980, #6981, #6991, #6992, #6993, #7003, #7004, #7005, #7015, #7016, #7017, #7027, #7028, #7029, #7039, #7040, #7041, #7051, #7052, #7053, #7063, #7064, #7065, #7075, #7076, #7077, #7087, #7088, #7089, #7099, #7100, #7101, #7111, #7112, #7113, #7123, #7124, #7125, #7135, #7136, #7137, #7147, #7148, #7149, #7159, #7160, #7161, #7171, #7172, #7173, #7183, #7184, #7185, #7195, #7196, #7197, #7207, #7208, #7209, #7219, #7220, #7221, #7231, #7232, #7233, #7243, #7244, #7245, #7255, #7256, #7257, #7267, #7268, #7269, #7279, #7280, #7281, #7291, #7292, #7293, #7303, #7304, #7305, #7315, #7316, #7317, #7327, #7328, #7329, #7339, #7340, #7341, #7351, #7352, #7353, #7363, #7364, #7365, #7375, #7376, #7377, #7387, #7388, #7389, #7399, #7400, #7401, #7411, #7412, #7413, #7423, #7424, #7425, #7435, #7436, #7437, #7447, #7448, #7449, #7459, #7460, #7461, #7471, #7472, #7473, #7483, #7484, #7485, #7495, #7496, #7497, #7507, #7508, #7509, #7519, #7520, #7521, #7531, #7532, #7533, #7543, #7544, #7545, #7555, #7556, #7557, #7568, #7569, #7570, #7561)),.UNSPECIFIED.,.F.,.F.,.F.,(4,4),(4,3,3,3,3,3,3,3,3,3,3,3,3,3,3,3,3,3,3,3,3,3,3,3,3,3,3,3,3,3,3,3,3,3,3,3,3,3,3,3,3,3,3,3,3,3,3,3,3,3,3,3,3,3,3,3,3,3,3,3,3,3,3,3,3,3,3,3,3,3,3,3,3,3,3,3,3,3,3,3,3,3,3,3,3,4),(0.,1.),(0.,1.,2.,3.,4.,5.,6.,7.,8.,9.,10.,11.,12.,13.,14.,15.,16.,17.,18.,19.,20.,21.,22.,23.,24.,25.,26.,27.,28.,29.,30.,31.,32.,33.,34.,35.,36.,37.,38.,39.,40.,41.,42.,43.,44.,45.,46.,47.,48.,49.,50.,51.,52.,53.,54.,55.,56.,57.,58.,59.,60.,61.,62.,63.,64.,65.,66.,67.,68.,69.,70.,71.,72.,73.,74.,75.,76.,77.,78.,79.,80.,81.,82.,83.,84.,85.),.PIECEWISE_BEZIER_KNOTS.);
#6553=CARTESIAN_POINT('',(17.3141732728505,-11.9105538196959,1.41205891701201));
#6554=CARTESIAN_POINT('',(17.314209760636,-11.9105538196959,1.41173723292695));
#6555=CARTESIAN_POINT('',(17.3142688502202,-11.9105538196959,1.41141006839737));
#6556=CARTESIAN_POINT('',(17.3142943168585,-11.910710391871,1.41175342269297));
#6557=CARTESIAN_POINT('',(17.3144395564998,-11.9108699247308,1.41144278215143));
#6558=CARTESIAN_POINT('',(17.3143466150091,-11.9108375030158,1.4119107005828));
#6559=CARTESIAN_POINT('',(17.3145476780441,-11.9111265394811,1.41176059612497));
#6560=CARTESIAN_POINT('',(17.3143264781481,-11.9108375030158,1.41208824273595));
#6561=CARTESIAN_POINT('',(17.3145101582834,-11.9111265394811,1.41211937946382));
#6562=CARTESIAN_POINT('',(17.3143520466734,-11.9105538196959,1.41108923318957));
#6563=CARTESIAN_POINT('',(17.3144352431266,-11.9105538196959,1.41076839798178));
#6564=CARTESIAN_POINT('',(17.3145420922252,-11.9105538196959,1.41045597334545));
#6565=CARTESIAN_POINT('',(17.3146084622454,-11.911028656618,1.41113841549805));
#6566=CARTESIAN_POINT('',(17.3147773531996,-11.911187374395,1.41083407504041));
#6567=CARTESIAN_POINT('',(17.3149691737478,-11.9113447757849,1.41053803442664));
#6568=CARTESIAN_POINT('',(17.3147723205303,-11.9114141136627,1.41161597800067));
#6569=CARTESIAN_POINT('',(17.3149969331714,-11.9117016511879,1.41147137504703));
#6570=CARTESIAN_POINT('',(17.3152442613784,-11.9119867930522,1.41133377436863));
#6571=CARTESIAN_POINT('',(17.3147177575108,-11.9114141136627,1.41215510769245));
#6572=CARTESIAN_POINT('',(17.3149253287737,-11.9117016511879,1.4121908311924));
#6573=CARTESIAN_POINT('',(17.3151560804456,-11.9119867930522,1.41223208851513));
#6574=CARTESIAN_POINT('',(17.314675552855,-11.9105538196959,1.4101571471031));
#6575=CARTESIAN_POINT('',(17.3148090134848,-11.9105538196959,1.40985832086075));
#6576=CARTESIAN_POINT('',(17.3149686685749,-11.9105538196959,1.409566134635));
#6577=CARTESIAN_POINT('',(17.3151857088567,-11.9114986933551,1.41025525368623));
#6578=CARTESIAN_POINT('',(17.3154022263297,-11.9116525989236,1.4099724966785));
#6579=CARTESIAN_POINT('',(17.3156439420734,-11.911804696321,1.40969621437321));
#6580=CARTESIAN_POINT('',(17.3155128525096,-11.9122656122804,1.41120570826089));
#6581=CARTESIAN_POINT('',(17.3157814090784,-11.9125443990552,1.41107765480053));
#6582=CARTESIAN_POINT('',(17.3160725374909,-11.9128198987856,1.41095405043208));
#6583=CARTESIAN_POINT('',(17.3154057451963,-11.9122656122804,1.41227864735655));
#6584=CARTESIAN_POINT('',(17.3156553774104,-11.9125443990552,1.4123252001531));
#6585=CARTESIAN_POINT('',(17.315925347165,-11.9128198987856,1.41237388928743));
#6586=CARTESIAN_POINT('',(17.3151463368022,-11.9105538196959,1.40929247277753));
#6587=CARTESIAN_POINT('',(17.3152351709159,-11.9105538196959,1.4091556418488));
#6588=CARTESIAN_POINT('',(17.3153311093891,-11.9105538196959,1.40902249735038));
#6589=CARTESIAN_POINT('',(17.315900501299,-11.9119509588695,1.40943786631014));
#6590=CARTESIAN_POINT('',(17.3160287767963,-11.9120240923241,1.40930870065751));
#6591=CARTESIAN_POINT('',(17.3161635254743,-11.9120960684237,1.40918310479975));
#6592=CARTESIAN_POINT('',(17.3163743296829,-11.9130848180101,1.41084227154042));
#6593=CARTESIAN_POINT('',(17.3165252176301,-11.9132172777279,1.41078638700404));
#6594=CARTESIAN_POINT('',(17.3166810824514,-11.9133476379145,1.41073278206801));
#6595=CARTESIAN_POINT('',(17.3162040051335,-11.9130848180101,1.4124274815536));
#6596=CARTESIAN_POINT('',(17.3163433268523,-11.9132172777279,1.41245427628053));
#6597=CARTESIAN_POINT('',(17.3164864142148,-11.9133476379145,1.41248188089539));
#6598=CARTESIAN_POINT('',(17.3154326508708,-11.9105538196959,1.40889291886576));
#6599=CARTESIAN_POINT('',(17.3155341923525,-11.9105538196959,1.40876334038114));
#6600=CARTESIAN_POINT('',(17.3156413368426,-11.9105538196959,1.40863732791032));
#6601=CARTESIAN_POINT('',(17.3163031784982,-11.912166761518,1.40906094494193));
#6602=CARTESIAN_POINT('',(17.3164428321287,-11.9122374629598,1.40893879092899));
#6603=CARTESIAN_POINT('',(17.3165873529595,-11.9123068131005,1.4088200653428));
#6604=CARTESIAN_POINT('',(17.316840434095,-11.9134756710978,1.41068120414334));
#6605=CARTESIAN_POINT('',(17.3169997865316,-11.9136037168628,1.41062963041193));
#6606=CARTESIAN_POINT('',(17.317162392964,-11.913729311837,1.41057997898872));
#6607=CARTESIAN_POINT('',(17.3166319415886,-11.9134756710978,1.41250990950747));
#6608=CARTESIAN_POINT('',(17.3167774704367,-11.9136037168628,1.4125379383881));
#6609=CARTESIAN_POINT('',(17.316925002438,-11.913729311837,1.41256617411454));
#6610=CARTESIAN_POINT('',(17.3157525829901,-11.9105538196959,1.40851476103678));
#6611=CARTESIAN_POINT('',(17.315975075285,-11.9105538196959,1.40826962728969));
#6612=CARTESIAN_POINT('',(17.3162139742094,-11.9105538196959,1.40803827593172));
#6613=CARTESIAN_POINT('',(17.3167354196827,-11.9123751445757,1.40870468217223));
#6614=CARTESIAN_POINT('',(17.317031556021,-11.9125118358402,1.4084739324312));
#6615=CARTESIAN_POINT('',(17.3173417673263,-11.91264425314,1.40825652921116));
#6616=CARTESIAN_POINT('',(17.3173284015122,-11.9138530596222,1.4105326556973));
#6617=CARTESIAN_POINT('',(17.3176604231761,-11.9141005991502,1.41043802127334));
#6618=CARTESIAN_POINT('',(17.3180048231594,-11.9143403889333,1.41035236126155));
#6619=CARTESIAN_POINT('',(17.3170763158498,-11.9138530596222,1.41259559416919));
#6620=CARTESIAN_POINT('',(17.3173789493417,-11.9141005991502,1.41265443545811));
#6621=CARTESIAN_POINT('',(17.3176942049032,-11.9143403889333,1.41271730948333));
#6622=CARTESIAN_POINT('',(17.3164572689543,-11.9105538196959,1.40781974363071));
#6623=CARTESIAN_POINT('',(17.3165789163267,-11.9105538196959,1.4077104774802));
#6624=CARTESIAN_POINT('',(17.3167015327941,-11.9105538196959,1.40760453618849));
#6625=CARTESIAN_POINT('',(17.317654228597,-11.9127727292471,1.4080515422311));
#6626=CARTESIAN_POINT('',(17.3178104586088,-11.9128369779468,1.40794905557163));
#6627=CARTESIAN_POINT('',(17.3179670769921,-11.9129001589909,1.4078497838691));
#6628=CARTESIAN_POINT('',(17.3183495499362,-11.914573031996,1.41027503781314));
#6629=CARTESIAN_POINT('',(17.3185219119565,-11.9146893695069,1.4102363805585));
#6630=CARTESIAN_POINT('',(17.3186943873237,-11.9148037716246,1.41019986798277));
#6631=CARTESIAN_POINT('',(17.3180095659159,-11.914573031996,1.41278390477652));
#6632=CARTESIAN_POINT('',(17.3181672460411,-11.9146893695069,1.41281720205284));
#6633=CARTESIAN_POINT('',(17.3183252818024,-11.9148037716246,1.41285143690392));
#6634=CARTESIAN_POINT('',(17.3168300613512,-11.9105538196959,1.40750459270388));
#6635=CARTESIAN_POINT('',(17.3169585899083,-11.9105538196959,1.40740464921928));
#6636=CARTESIAN_POINT('',(17.3170915188766,-11.9105538196959,1.4073097203446));
#6637=CARTESIAN_POINT('',(17.3181287628461,-11.9129617889699,1.4077563475196));
#6638=CARTESIAN_POINT('',(17.3182904493204,-11.9130234280764,1.40766291546989));
#6639=CARTESIAN_POINT('',(17.3184557948133,-11.9130837059465,1.40757435553878));
#6640=CARTESIAN_POINT('',(17.3188704201719,-11.9149153619093,1.41016748186529));
#6641=CARTESIAN_POINT('',(17.3190464540549,-11.9150269666325,1.41013509868996));
#6642=CARTESIAN_POINT('',(17.319225059158,-11.9151361037464,1.41010611507108));
#6643=CARTESIAN_POINT('',(17.3184858595899,-11.9149153619093,1.41288785596519));
#6644=CARTESIAN_POINT('',(17.3186464390769,-11.9150269666325,1.41292427500574));
#6645=CARTESIAN_POINT('',(17.3188089912019,-11.9151361037464,1.4129624225676));
#6646=CARTESIAN_POINT('',(17.3172276439805,-11.9105538196959,1.40721853648481));
#6647=CARTESIAN_POINT('',(17.3177721443959,-11.9105538196959,1.40685380104567));
#6648=CARTESIAN_POINT('',(17.3183677829797,-11.9105538196959,1.40654898584481));
#6649=CARTESIAN_POINT('',(17.3186237317036,-11.9131428745648,1.40748942503695));
#6650=CARTESIAN_POINT('',(17.3192954924005,-11.9133796545492,1.40714974338114));
#6651=CARTESIAN_POINT('',(17.3200089491788,-11.9135991228992,1.40686816459861));
#6652=CARTESIAN_POINT('',(17.31940563374,-11.9152432300444,1.41007959506221));
#6653=CARTESIAN_POINT('',(17.3201279555927,-11.9156719063915,1.409973543476));
#6654=CARTESIAN_POINT('',(17.3208806366567,-11.9160692017502,1.40990708095836));
#6655=CARTESIAN_POINT('',(17.3189733515639,-11.9152432300444,1.41300171394637));
#6656=CARTESIAN_POINT('',(17.3196308232375,-11.9156719063915,1.4131588806715));
#6657=CARTESIAN_POINT('',(17.3203141306761,-11.9160692017502,1.41333465213106));
#6658=CARTESIAN_POINT('',(17.318937486087,-11.9105538196959,1.40622283680003));
#6659=CARTESIAN_POINT('',(17.3190799118639,-11.9105538196959,1.40614129953883));
#6660=CARTESIAN_POINT('',(17.3192209391684,-11.9105538196959,1.40605867350059));
#6661=CARTESIAN_POINT('',(17.3206967441266,-11.9138191882642,1.40656536984393));
#6662=CARTESIAN_POINT('',(17.3208686872973,-11.9138742140218,1.40648967823397));
#6663=CARTESIAN_POINT('',(17.321039210905,-11.9139292061489,1.40641289775236));
#6664=CARTESIAN_POINT('',(17.3216166593041,-11.9164675625994,1.40982132262654));
#6665=CARTESIAN_POINT('',(17.3218006547915,-11.9165671656056,1.40979988624942));
#6666=CARTESIAN_POINT('',(17.3219837242302,-11.9166667068396,1.40977741100123));
#6667=CARTESIAN_POINT('',(17.3209916078098,-11.9164675625994,1.41349341470769));
#6668=CARTESIAN_POINT('',(17.3211609683235,-11.9165671656056,1.41353310268685));
#6669=CARTESIAN_POINT('',(17.32133003247,-11.9166667068396,1.41357181579234));
#6670=CARTESIAN_POINT('',(17.3193634086613,-11.9105538196959,1.40597801654836));
#6671=CARTESIAN_POINT('',(17.3195058781542,-11.9105538196959,1.40589735959613));
#6672=CARTESIAN_POINT('',(17.3196490100695,-11.9105538196959,1.40581783017203));
#6673=CARTESIAN_POINT('',(17.3212107871626,-11.91398348541,1.4063380121641));
#6674=CARTESIAN_POINT('',(17.3213823604016,-11.9140377668644,1.40626312918382));
#6675=CARTESIAN_POINT('',(17.3215542974915,-11.9140915029198,1.40618931775447));
#6676=CARTESIAN_POINT('',(17.3221675498065,-11.9167649558656,1.40975609886777));
#6677=CARTESIAN_POINT('',(17.3223513698635,-11.9168632072251,1.40973478771566));
#6678=CARTESIAN_POINT('',(17.3225355054966,-11.9169604699135,1.40971401906069));
#6679=CARTESIAN_POINT('',(17.321499877135,-11.9167649558656,1.4136108653049));
#6680=CARTESIAN_POINT('',(17.3216697168101,-11.9168632072251,1.41364991351235));
#6681=CARTESIAN_POINT('',(17.3218401113843,-11.9169604699135,1.41368890934923));
#6682=CARTESIAN_POINT('',(17.3197927699613,-11.9105538196959,1.4057393837824));
#6683=CARTESIAN_POINT('',(17.3200802897449,-11.9105538196959,1.40558249100316));
#6684=CARTESIAN_POINT('',(17.3203703214342,-11.9105538196959,1.40542993036186));
#6685=CARTESIAN_POINT('',(17.3217265316176,-11.9141446333441,1.40611652701492));
#6686=CARTESIAN_POINT('',(17.3220709895479,-11.9142508981353,1.40597095274086));
#6687=CARTESIAN_POINT('',(17.3224167543481,-11.9143549602768,1.40582948365577));
#6688=CARTESIAN_POINT('',(17.3227200156982,-11.9170566352042,1.40969370754111));
#6689=CARTESIAN_POINT('',(17.3230890172189,-11.9172489682621,1.40965308679544));
#6690=CARTESIAN_POINT('',(17.3234593132331,-11.9174373095563,1.40961447240903));
#6691=CARTESIAN_POINT('',(17.3220113071573,-11.9170566352042,1.41372773109354));
#6692=CARTESIAN_POINT('',(17.3223536813011,-11.9172489682621,1.41380537030004));
#6693=CARTESIAN_POINT('',(17.322698540419,-11.9174373095563,1.4138826599573));
#6694=CARTESIAN_POINT('',(17.320662589461,-11.9105538196959,1.40528134590938));
#6695=CARTESIAN_POINT('',(17.3212471255147,-11.9105538196959,1.40498417700443));
#6696=CARTESIAN_POINT('',(17.3218406069184,-11.9105538196959,1.40470291285479));
#6697=CARTESIAN_POINT('',(17.3227637561172,-11.9144572007271,1.40569180360623));
#6698=CARTESIAN_POINT('',(17.3234577145684,-11.9146616883161,1.40541646896238));
#6699=CARTESIAN_POINT('',(17.3241566192511,-11.9148588823832,1.40515628536031));
#6700=CARTESIAN_POINT('',(17.3238305965392,-11.9176223483961,1.40957786866291));
#6701=CARTESIAN_POINT('',(17.3245730806294,-11.9179924211279,1.40950466743997));
#6702=CARTESIAN_POINT('',(17.3253195108471,-11.9183492744623,1.40943950518556));
#6703=CARTESIAN_POINT('',(17.3230450794307,-11.9176223483961,1.4139599598515));
#6704=CARTESIAN_POINT('',(17.3237380802245,-11.9179924211279,1.41411454154085));
#6705=CARTESIAN_POINT('',(17.3244377965884,-11.9183492744623,1.41426916402051));
#6706=CARTESIAN_POINT('',(17.3224408291263,-11.9105538196959,1.40443470586755));
#6707=CARTESIAN_POINT('',(17.3227409402303,-11.9105538196959,1.40430060237393));
#6708=CARTESIAN_POINT('',(17.3230427365353,-11.9105538196959,1.40416976317092));
#6709=CARTESIAN_POINT('',(17.324859924093,-11.9150518577875,1.40490872849861));
#6710=CARTESIAN_POINT('',(17.3252115548496,-11.9151483490705,1.40478496098634));
#6711=CARTESIAN_POINT('',(17.3255643860332,-11.9152439719407,1.40466436905453));
#6712=CARTESIAN_POINT('',(17.3260674542948,-11.9186984693078,1.40938242134429));
#6713=CARTESIAN_POINT('',(17.3264413864683,-11.9188730655472,1.40935388147399));
#6714=CARTESIAN_POINT('',(17.3268155927868,-11.9190460838228,1.40932751591955));
#6715=CARTESIAN_POINT('',(17.3251378141512,-11.9186984693078,1.41442670858727));
#6716=CARTESIAN_POINT('',(17.3254877858015,-11.9188730655472,1.41450547208329));
#6717=CARTESIAN_POINT('',(17.3258373761872,-11.9190460838228,1.41458526938794));
#6718=CARTESIAN_POINT('',(17.3233459424731,-11.9105538196959,1.40404183230938));
#6719=CARTESIAN_POINT('',(17.323649148411,-11.9105538196959,1.40391390144785));
#6720=CARTESIAN_POINT('',(17.3239537639816,-11.9105538196959,1.40378887892781));
#6721=CARTESIAN_POINT('',(17.3259178464165,-11.9153381755827,1.40454653876367));
#6722=CARTESIAN_POINT('',(17.3262712927404,-11.9154323819285,1.40442871530334));
#6723=CARTESIAN_POINT('',(17.3266254097555,-11.9155252456532,1.40431366107597));
#6724=CARTESIAN_POINT('',(17.3271903194003,-11.9192165297146,1.40930254290231));
#6725=CARTESIAN_POINT('',(17.3275650203921,-11.9193869755865,1.40927757099978));
#6726=CARTESIAN_POINT('',(17.327940189814,-11.9195549877481,1.40925405506514));
#6727=CARTESIAN_POINT('',(17.3261881336593,-11.9192165297146,1.41466492143164));
#6728=CARTESIAN_POINT('',(17.3265388670851,-11.9193869755865,1.4147445677108));
#6729=CARTESIAN_POINT('',(17.3268905591819,-11.9195549877481,1.41482419321693));
#6730=CARTESIAN_POINT('',(17.3242595136169,-11.9105538196959,1.40366640880014));
#6731=CARTESIAN_POINT('',(17.3248710128874,-11.9105538196959,1.4034214685448));
#6732=CARTESIAN_POINT('',(17.3254870484164,-11.9105538196959,1.40318673785896));
#6733=CARTESIAN_POINT('',(17.3269799723716,-11.9156168595745,1.4042010300659));
#6734=CARTESIAN_POINT('',(17.3276890550431,-11.9158000931472,1.40397578693201));
#6735=CARTESIAN_POINT('',(17.3283999202693,-11.9159783244054,1.40376023382918));
#6736=CARTESIAN_POINT('',(17.3283156628779,-11.9197207344355,1.4092317489308));
#6737=CARTESIAN_POINT('',(17.3290665314234,-11.9200522243116,1.40918713892966));
#6738=CARTESIAN_POINT('',(17.3298186147346,-11.9203746483534,1.4091473664535));
#6739=CARTESIAN_POINT('',(17.3272430689986,-11.9197207344355,1.41490366491367));
#6740=CARTESIAN_POINT('',(17.3279480154535,-11.9200522243116,1.41506259104993));
#6741=CARTESIAN_POINT('',(17.3286562323542,-11.9203746483534,1.41522090237624));
#6742=CARTESIAN_POINT('',(17.3261054156579,-11.9105538196959,1.4029593691497));
#6743=CARTESIAN_POINT('',(17.3267237828995,-11.9105538196959,1.40273200044045));
#6744=CARTESIAN_POINT('',(17.3273444818536,-11.9105538196959,1.40251199370778));
#6745=CARTESIAN_POINT('',(17.3291107671516,-11.9161522955858,1.40355160357158));
#6746=CARTESIAN_POINT('',(17.3298215576491,-11.9163262705697,1.40334299519931));
#6747=CARTESIAN_POINT('',(17.330532330881,-11.9164959829756,1.40314130696465));
#6748=CARTESIAN_POINT('',(17.3305705940782,-11.9206893516144,1.40911046293449));
#6749=CARTESIAN_POINT('',(17.3313224704961,-11.9210040453487,1.4090735606409));
#6750=CARTESIAN_POINT('',(17.3320742447113,-11.9213110157094,1.40903952612512));
#6751=CARTESIAN_POINT('',(17.329366591693,-11.9206893516144,1.41537753479922));
#6752=CARTESIAN_POINT('',(17.3300768531595,-11.9210040453487,1.41553414494394));
#6753=CARTESIAN_POINT('',(17.3307892580371,-11.9213110157094,1.41568907725935));
#6754=CARTESIAN_POINT('',(17.3279653079745,-11.9105538196959,1.4022965013588));
#6755=CARTESIAN_POINT('',(17.3285861340954,-11.9105538196959,1.40208100900982));
#6756=CARTESIAN_POINT('',(17.3292053462924,-11.9105538196959,1.40186733272476));
#6757=CARTESIAN_POINT('',(17.3312412860832,-11.9166621754557,1.40294377291076));
#6758=CARTESIAN_POINT('',(17.3319501864992,-11.916828370266,1.40274625855418));
#6759=CARTESIAN_POINT('',(17.3326558318042,-11.9169916022964,1.40255026223967));
#6760=CARTESIAN_POINT('',(17.332824598096,-11.921611608148,1.40900639189552));
#6761=CARTESIAN_POINT('',(17.3335748512292,-11.9219121901846,1.40897325823755));
#6762=CARTESIAN_POINT('',(17.3343228816058,-11.9222074050414,1.40893904181546));
#6763=CARTESIAN_POINT('',(17.3315026784587,-11.921611608148,1.41584126801668));
#6764=CARTESIAN_POINT('',(17.3322160029145,-11.9219121901846,1.4159934378397));
#6765=CARTESIAN_POINT('',(17.3329300199059,-11.9222074050414,1.41614162635752));
#6766=CARTESIAN_POINT('',(17.3298299957171,-11.9105538196959,1.40166749992241));
#6767=CARTESIAN_POINT('',(17.3310792945665,-11.9105538196959,1.40126783431772));
#6768=CARTESIAN_POINT('',(17.3323448204463,-11.9105538196959,1.4009121339506));
#6769=CARTESIAN_POINT('',(17.333364006136,-11.9171495272422,1.40236754026464));
#6770=CARTESIAN_POINT('',(17.3347801992764,-11.9174653868531,1.40200214876583));
#6771=CARTESIAN_POINT('',(17.3362023242399,-11.9177624674647,1.4016787078029));
#6772=CARTESIAN_POINT('',(17.3350715332268,-11.9224930071434,1.40891270437319));
#6773=CARTESIAN_POINT('',(17.3365685515683,-11.9230641899105,1.40886002930135));
#6774=CARTESIAN_POINT('',(17.3380661895968,-11.9236013655565,1.40883049406845));
#6775=CARTESIAN_POINT('',(17.3336452143046,-11.9224930071434,1.41629161069396));
#6776=CARTESIAN_POINT('',(17.3350753292753,-11.9230641899105,1.41659152082194));
#6777=CARTESIAN_POINT('',(17.3365098076923,-11.9236013655565,1.41689338740839));
#6778=CARTESIAN_POINT('',(17.3336055450128,-11.9105538196959,1.4005462844023));
#6779=CARTESIAN_POINT('',(17.3342359072961,-11.9105538196959,1.40036335962814));
#6780=CARTESIAN_POINT('',(17.3348656156129,-11.9105538196959,1.40017908754287));
#6781=CARTESIAN_POINT('',(17.3376164713851,-11.9180539717491,1.40134460218987));
#6782=CARTESIAN_POINT('',(17.3383234743316,-11.918199731788,1.40117757194431));
#6783=CARTESIAN_POINT('',(17.33902889387,-11.9183438435054,1.40100903610708));
#6784=CARTESIAN_POINT('',(17.3395583031556,-11.9241284279624,1.40878549641358));
#6785=CARTESIAN_POINT('',(17.3403042303502,-11.9243919572294,1.40876299784034));
#6786=CARTESIAN_POINT('',(17.3410489555415,-11.9246524990119,1.40873750787157));
#6787=CARTESIAN_POINT('',(17.3379449712284,-11.9241284279624,1.41717443452091));
#6788=CARTESIAN_POINT('',(17.3386624277663,-11.9243919572294,1.4173149334085));
#6789=CARTESIAN_POINT('',(17.3393800836279,-11.9246524990119,1.41745077579777));
#6790=CARTESIAN_POINT('',(17.3354964707746,-11.9105538196959,1.3999981793591));
#6791=CARTESIAN_POINT('',(17.3361273259362,-11.9105538196959,1.39981727117532));
#6792=CARTESIAN_POINT('',(17.3367588283921,-11.9105538196959,1.39963855771672));
#6793=CARTESIAN_POINT('',(17.339734069007,-11.9184854480636,1.40084360411052));
#6794=CARTESIAN_POINT('',(17.3404391988313,-11.9186270586201,1.4006781866665));
#6795=CARTESIAN_POINT('',(17.3411436510929,-11.9187662813898,1.40051471822012));
#6796=CARTESIAN_POINT('',(17.3417927039767,-11.924908497954,1.40871260538102));
#6797=CARTESIAN_POINT('',(17.3425363692102,-11.9251644976577,1.40868770367425));
#6798=CARTESIAN_POINT('',(17.3432792130269,-11.925416173172,1.40866246191276));
#6799=CARTESIAN_POINT('',(17.3400972519051,-11.924908497954,1.41758436690996));
#6800=CARTESIAN_POINT('',(17.3408143396153,-11.9251644976577,1.41771794310348));
#6801=CARTESIAN_POINT('',(17.3415317538468,-11.925416173172,1.41784860587161));
#6802=CARTESIAN_POINT('',(17.3373910940658,-11.9105538196959,1.39946280285088));
#6803=CARTESIAN_POINT('',(17.3386556254132,-11.9105538196959,1.39911129311919));
#6804=CARTESIAN_POINT('',(17.3399234158834,-11.9105538196959,1.39877289613052));
#6805=CARTESIAN_POINT('',(17.3418472805211,-11.9189026253452,1.40035390790099));
#6806=CARTESIAN_POINT('',(17.3432544111732,-11.9191753362239,1.40003232875966));
#6807=CARTESIAN_POINT('',(17.3446585092844,-11.9194366103787,1.39972265991819));
#6808=CARTESIAN_POINT('',(17.3440214556654,-11.9256626395018,1.40863719499036));
#6809=CARTESIAN_POINT('',(17.3455057050893,-11.9261555862715,1.40858666504682));
#6810=CARTESIAN_POINT('',(17.3469867706783,-11.9266278400462,1.40853717933248));
#6811=CARTESIAN_POINT('',(17.3422504255552,-11.9256626395018,1.417976235308));
#6812=CARTESIAN_POINT('',(17.3436875398759,-11.9261555862715,1.41823145429368));
#6813=CARTESIAN_POINT('',(17.3451275716781,-11.9266278400462,1.41847551471424));
#6814=CARTESIAN_POINT('',(17.341195605185,-11.9105538196959,1.39845053202783));
#6815=CARTESIAN_POINT('',(17.3418316998357,-11.9105538196959,1.39828934997648));
#6816=CARTESIAN_POINT('',(17.3424687341646,-11.9105538196959,1.39813168082074));
#6817=CARTESIAN_POINT('',(17.3460603109163,-11.9196856745331,1.39942772558597));
#6818=CARTESIAN_POINT('',(17.3467611551458,-11.9198102215305,1.39928027636912));
#6819=CARTESIAN_POINT('',(17.3474610643819,-11.9199313324918,1.39913597401634));
#6820=CARTESIAN_POINT('',(17.3484627351378,-11.9270779984391,1.408490326685));
#6821=CARTESIAN_POINT('',(17.3492006130698,-11.9273030935497,1.40846690307015));
#6822=CARTESIAN_POINT('',(17.349937045837,-11.9275219742422,1.40844327703996));
#6823=CARTESIAN_POINT('',(17.3465657340546,-11.9270779984391,1.41870856668813));
#6824=CARTESIAN_POINT('',(17.3472847134258,-11.9273030935497,1.41882507705244));
#6825=CARTESIAN_POINT('',(17.3480034906594,-11.9275219742422,1.41893761248501));
#6826=CARTESIAN_POINT('',(17.3431065157147,-11.9105538196959,1.39797688818436));
#6827=CARTESIAN_POINT('',(17.3437442972647,-11.9105538196959,1.39782209554798));
#6828=CARTESIAN_POINT('',(17.3443828260359,-11.9105538196959,1.39767017943096));
#6829=CARTESIAN_POINT('',(17.3481598524826,-11.9200490151742,1.39899418383542));
#6830=CARTESIAN_POINT('',(17.3488586059714,-11.920166709418,1.39885240478702));
#6831=CARTESIAN_POINT('',(17.349556458756,-11.9202813855638,1.39871318094741));
#6832=CARTESIAN_POINT('',(17.3506722223136,-11.9277346568915,1.40841889129021));
#6833=CARTESIAN_POINT('',(17.3514073348897,-11.9279473540299,1.408394507923));
#6834=CARTESIAN_POINT('',(17.3521412866016,-11.9281545941473,1.40836976985516));
#6835=CARTESIAN_POINT('',(17.348722710303,-11.9277346568915,1.41904570845357));
#6836=CARTESIAN_POINT('',(17.3494418673687,-11.9279473540299,1.41915379585988));
#6837=CARTESIAN_POINT('',(17.3501611881978,-11.9281545941473,1.41925825348296));
#6838=CARTESIAN_POINT('',(17.3450219095711,-11.9105538196959,1.39752050345708));
#6839=CARTESIAN_POINT('',(17.3456609931064,-11.9105538196959,1.39737082748319));
#6840=CARTESIAN_POINT('',(17.3463006314057,-11.9105538196959,1.39722339165243));
#6841=CARTESIAN_POINT('',(17.3502539767795,-11.920394466247,1.39857602959292));
#6842=CARTESIAN_POINT('',(17.3509514620787,-11.9205075592058,1.39843888874789));
#6843=CARTESIAN_POINT('',(17.3516486137144,-11.9206190568196,1.39830381986706));
#6844=CARTESIAN_POINT('',(17.3528745705699,-11.9283589461521,1.40834552154168));
#6845=CARTESIAN_POINT('',(17.353607794072,-11.9285633145299,1.4083212758237));
#6846=CARTESIAN_POINT('',(17.3543403518528,-11.9287647953839,1.40829751983544));
#6847=CARTESIAN_POINT('',(17.3508803201428,-11.9283589461521,1.41936141698759));
#6848=CARTESIAN_POINT('',(17.351599392751,-11.9285633145299,1.41946457296487));
#6849=CARTESIAN_POINT('',(17.3523182783905,-11.9287647953838,1.41956643536314));
#6850=CARTESIAN_POINT('',(17.3469406320121,-11.9105538196959,1.39707755958857));
#6851=CARTESIAN_POINT('',(17.3475806326185,-11.9105538196959,1.3969317275247));
#6852=CARTESIAN_POINT('',(17.3482209955319,-11.9105538196959,1.39678749922772));
#6853=CARTESIAN_POINT('',(17.3523459948988,-11.920730379299,1.39817034044272));
#6854=CARTESIAN_POINT('',(17.3530433434621,-11.9208417132159,1.39803687106396));
#6855=CARTESIAN_POINT('',(17.3537406213976,-11.920952306353,1.39790493013614));
#6856=CARTESIAN_POINT('',(17.3550727321483,-11.9289659526146,1.40827509721098));
#6857=CARTESIAN_POINT('',(17.3558050522213,-11.929167124872,1.40825267685868));
#6858=CARTESIAN_POINT('',(17.3565370235471,-11.929366952992,1.40823101993649));
#6859=CARTESIAN_POINT('',(17.353036619774,-11.9289659526146,1.41966933828649));
#6860=CARTESIAN_POINT('',(17.3537549020382,-11.929167124872,1.41977223367785));
#6861=CARTESIAN_POINT('',(17.3544729267415,-11.929366952992,1.41987502915449));
#6862=CARTESIAN_POINT('',(17.3488615282953,-11.9105538196959,1.3966442383214));
#6863=CARTESIAN_POINT('',(17.3501425938221,-11.9105538196959,1.39635771650876));
#6864=CARTESIAN_POINT('',(17.3514234438244,-11.9105538196959,1.39607192283101));
#6865=CARTESIAN_POINT('',(17.3544373518535,-11.9210616210585,1.39777382506995));
#6866=CARTESIAN_POINT('',(17.3558307167366,-11.9212802845171,1.39751164411615));
#6867=CARTESIAN_POINT('',(17.3572218094603,-11.92149535297,1.39724983613832));
#6868=CARTESIAN_POINT('',(17.3572683854533,-11.9295644676215,1.40820896741703));
#6869=CARTESIAN_POINT('',(17.3587309319691,-11.9299595422011,1.40816486915007));
#6870=CARTESIAN_POINT('',(17.3601912927986,-11.9303481076817,1.40811771495278));
#6871=CARTESIAN_POINT('',(17.3551909829709,-11.9295644676215,1.41997604279614));
#6872=CARTESIAN_POINT('',(17.3566269212161,-11.9299595422011,1.42017804847632));
#6873=CARTESIAN_POINT('',(17.3580628392732,-11.9303481076817,1.42037313660149));
#6874=CARTESIAN_POINT('',(17.352706197443,-11.9105538196959,1.39579464781298));
#6875=CARTESIAN_POINT('',(17.3539889510616,-11.9105538196959,1.39551737279496));
#6876=CARTESIAN_POINT('',(17.3552736221889,-11.9105538196959,1.39524853741971));
#6877=CARTESIAN_POINT('',(17.358611686213,-11.921704824268,1.39699595140964));
#6878=CARTESIAN_POINT('',(17.3600014416727,-11.9219143421206,1.39674210324382));
#6879=CARTESIAN_POINT('',(17.3613900124162,-11.9221182818636,1.39649609799576));
#6880=CARTESIAN_POINT('',(17.3616490620048,-11.9307265443317,1.40807289030126));
#6881=CARTESIAN_POINT('',(17.3631066071225,-11.9311050456632,1.40802807540518));
#6882=CARTESIAN_POINT('',(17.3645616031483,-11.9314734548933,1.4079855320708));
#6883=CARTESIAN_POINT('',(17.3594975873182,-11.9307265443317,1.42056424681628));
#6884=CARTESIAN_POINT('',(17.3609321146914,-11.9311050456632,1.42075533200077));
#6885=CARTESIAN_POINT('',(17.3623655101842,-11.9314734548933,1.42094240660623));
#6886=CARTESIAN_POINT('',(17.3565594261622,-11.9105538196959,1.39498488809694));
#6887=CARTESIAN_POINT('',(17.3578452301354,-11.9105538196959,1.39472123877417));
#6888=CARTESIAN_POINT('',(17.3591320324739,-11.9105538196959,1.39446219713233));
#6889=CARTESIAN_POINT('',(17.3627768814276,-11.9223171346956,1.39625474286908));
#6890=CARTESIAN_POINT('',(17.364163635639,-11.9225160330856,1.39601342113712));
#6891=CARTESIAN_POINT('',(17.3655486307461,-11.9227099768691,1.39577618479474));
#6892=CARTESIAN_POINT('',(17.3660137956295,-11.9318326615316,1.40794258607802));
#6893=CARTESIAN_POINT('',(17.3674657760643,-11.9321919332295,1.40789964964988));
#6894=CARTESIAN_POINT('',(17.3689149881826,-11.9325422436028,1.40785588954709));
#6895=CARTESIAN_POINT('',(17.3637975756953,-11.9318326615316,1.42112337627082));
#6896=CARTESIAN_POINT('',(17.365229432004,-11.9321919332295,1.42130432412532));
#6897=CARTESIAN_POINT('',(17.3666600300644,-11.9325422436028,1.42147890749719));
#6898=CARTESIAN_POINT('',(17.3604192571451,-11.9105538196959,1.39420540687766));
#6899=CARTESIAN_POINT('',(17.3617064818164,-11.9105538196959,1.39394861662298));
#6900=CARTESIAN_POINT('',(17.3629941288204,-11.9105538196959,1.39369407775547));
#6901=CARTESIAN_POINT('',(17.3669314494128,-11.9228992536851,1.39554071478536));
#6902=CARTESIAN_POINT('',(17.3683141597124,-11.9230885759446,1.39530527609159));
#6903=CARTESIAN_POINT('',(17.3696940428013,-11.9232719837451,1.39507146686799));
#6904=CARTESIAN_POINT('',(17.3703611424439,-11.9328841138268,1.40780928735988));
#6905=CARTESIAN_POINT('',(17.3718070965067,-11.9332260508254,1.40776269570884));
#6906=CARTESIAN_POINT('',(17.3732496012193,-11.9335573007626,1.40771198966612));
#6907=CARTESIAN_POINT('',(17.368089079224,-11.9328841138268,1.42164544161053));
#6908=CARTESIAN_POINT('',(17.3695179304951,-11.9332260508254,1.42181195779898));
#6909=CARTESIAN_POINT('',(17.3709458081635,-11.9335573007626,1.42196787555436));
#6910=CARTESIAN_POINT('',(17.364281622125,-11.9105538196959,1.39343943398136));
#6911=CARTESIAN_POINT('',(17.3668566087341,-11.9105538196959,1.39293014643313));
#6912=CARTESIAN_POINT('',(17.3694347320555,-11.9105538196959,1.39243652794864));
#6913=CARTESIAN_POINT('',(17.3710713818428,-11.9234510936482,1.39483711269621));
#6914=CARTESIAN_POINT('',(17.3738257605512,-11.923809458672,1.39436849442146));
#6915=CARTESIAN_POINT('',(17.3765721593381,-11.9241476277657,1.39391339227068));
#6916=CARTESIAN_POINT('',(17.3746893579079,-11.933880783821,1.40765659594857));
#6917=CARTESIAN_POINT('',(17.3775683173548,-11.9345279726494,1.40754584721455));
#6918=CARTESIAN_POINT('',(17.3804359677413,-11.9351386701358,1.40742874546246));
#6919=CARTESIAN_POINT('',(17.372373073088,-11.933880783821,1.42211442575978));
#6920=CARTESIAN_POINT('',(17.3752270538467,-11.9345279726494,1.4224074881683));
#6921=CARTESIAN_POINT('',(17.3780767125348,-11.9351386701358,1.4226717612123));
#6922=CARTESIAN_POINT('',(17.3720148911856,-11.9105538196959,1.39195331242813));
#6923=CARTESIAN_POINT('',(17.3733049707506,-11.9105538196959,1.39171170466787));
#6924=CARTESIAN_POINT('',(17.3745955592678,-11.9105538196959,1.39147269764861));
#6925=CARTESIAN_POINT('',(17.3793167821775,-11.9244794450722,1.39346805347808));
#6926=CARTESIAN_POINT('',(17.3806889555021,-11.9246454229424,1.39324542427055));
#6927=CARTESIAN_POINT('',(17.3820609420855,-11.924810298105,1.39302528742464));
#6928=CARTESIAN_POINT('',(17.3832988263653,-11.9357378516677,1.4073147051459));
#6929=CARTESIAN_POINT('',(17.3847300002372,-11.9360375509747,1.40725770433638));
#6930=CARTESIAN_POINT('',(17.3861601963198,-11.9363352464941,1.4072019788005));
#6931=CARTESIAN_POINT('',(17.3809216791231,-11.9357378516677,1.42293149949097));
#6932=CARTESIAN_POINT('',(17.3823439086048,-11.9360375509747,1.42306135503511));
#6933=CARTESIAN_POINT('',(17.3837648831133,-11.9363352464941,1.42319110407048));
#6934=CARTESIAN_POINT('',(17.3758865191242,-11.9105538196959,1.39123563310788));
#6935=CARTESIAN_POINT('',(17.3771774789805,-11.9105538196959,1.39099856856715));
#6936=CARTESIAN_POINT('',(17.3784688101761,-11.9105538196959,1.39076344650495));
#6937=CARTESIAN_POINT('',(17.3834317424412,-11.9249724204414,1.39280680688048));
#6938=CARTESIAN_POINT('',(17.3848024520932,-11.9251345866907,1.39258835199758));
#6939=CARTESIAN_POINT('',(17.38617214966,-11.9252943261371,1.3923715879392));
#6940=CARTESIAN_POINT('',(17.3875888151123,-11.9366279661686,1.40714519359571));
#6941=CARTESIAN_POINT('',(17.3890172662173,-11.9369207547392,1.40708842086507));
#6942=CARTESIAN_POINT('',(17.3904442348631,-11.9372091555504,1.40703092040472));
#6943=CARTESIAN_POINT('',(17.3851853537297,-11.9366279661686,1.42331672422114));
#6944=CARTESIAN_POINT('',(17.3866056576283,-11.9369207547392,1.42344233588552));
#6945=CARTESIAN_POINT('',(17.3880252810526,-11.9372091555504,1.42356448477185));
#6946=CARTESIAN_POINT('',(17.3797603750978,-11.9105538196959,1.39052960865881));
#6947=CARTESIAN_POINT('',(17.3823435049413,-11.9105538196959,1.39006193296653));
#6948=CARTESIAN_POINT('',(17.3849275696897,-11.9105538196959,1.38959939413849));
#6949=CARTESIAN_POINT('',(17.3875407436204,-11.9254517211754,1.39215586738253));
#6950=CARTESIAN_POINT('',(17.3902776678217,-11.925766640667,1.39172450037913));
#6951=CARTESIAN_POINT('',(17.3930101971205,-11.9260721829274,1.39129730257859));
#6952=CARTESIAN_POINT('',(17.3918696405089,-11.9374933178012,1.40697212731052));
#6953=CARTESIAN_POINT('',(17.3947199642243,-11.9380618470606,1.40685457913037));
#6954=CARTESIAN_POINT('',(17.3975640718033,-11.938613427214,1.40673186294412));
#6955=CARTESIAN_POINT('',(17.3894441108872,-11.9374933178012,1.42368269661058));
#6956=CARTESIAN_POINT('',(17.392281285288,-11.9380618470606,1.42391909898767));
#6957=CARTESIAN_POINT('',(17.3951153200553,-11.938613427214,1.42413976263134));
#6958=CARTESIAN_POINT('',(17.3875114684391,-11.9105538196959,1.38913672607496));
#6959=CARTESIAN_POINT('',(17.3900953671886,-11.9105538196959,1.38867405801142));
#6960=CARTESIAN_POINT('',(17.3926796252265,-11.9105538196959,1.38821322736312));
#6961=CARTESIAN_POINT('',(17.3957375970501,-11.9263690058582,1.39086909774969));
#6962=CARTESIAN_POINT('',(17.3984646682287,-11.9266659977925,1.39044098603897));
#6963=CARTESIAN_POINT('',(17.4011869231496,-11.9269538190614,1.39001377134242));
#6964=CARTESIAN_POINT('',(17.4004013147488,-11.9391492488977,1.40659946211059));
#6965=CARTESIAN_POINT('',(17.4032379497338,-11.9396853426467,1.4064671156764));
#6966=CARTESIAN_POINT('',(17.4060677456823,-11.9402048674296,1.40632652001638));
#6967=CARTESIAN_POINT('',(17.3979453063257,-11.9391492488977,1.42434089495909));
#6968=CARTESIAN_POINT('',(17.4007746863199,-11.9396853426467,1.42454201127568));
#6969=CARTESIAN_POINT('',(17.4035998976358,-11.9402048674296,1.42472450310643));
#6970=CARTESIAN_POINT('',(17.3952646181853,-11.9105538196959,1.387756493649));
#6971=CARTESIAN_POINT('',(17.3978496111442,-11.9105538196959,1.38729975993488));
#6972=CARTESIAN_POINT('',(17.400435339024,-11.9105538196959,1.38684712315494));
#6973=CARTESIAN_POINT('',(17.4039041896504,-11.9272313783963,1.3895895791268));
#6974=CARTESIAN_POINT('',(17.4066211496197,-11.9275090984373,1.38916547344435));
#6975=CARTESIAN_POINT('',(17.4093333650989,-11.927776973792,1.38874442992026));
#6976=CARTESIAN_POINT('',(17.4088895496481,-11.9407058532355,1.40617862861067));
#6977=CARTESIAN_POINT('',(17.4117107869736,-11.941207101223,1.40603079391729));
#6978=CARTESIAN_POINT('',(17.4145241102407,-11.9416905653308,1.40587609140631));
#6979=CARTESIAN_POINT('',(17.4064191206735,-11.9407058532355,1.42488799370829));
#6980=CARTESIAN_POINT('',(17.4092377777404,-11.941207101223,1.42505147941126));
#6981=CARTESIAN_POINT('',(17.4120500747055,-11.9416905653308,1.42519682705951));
#6982=CARTESIAN_POINT('',(17.4030221774574,-11.9105538196959,1.38640084282812));
#6983=CARTESIAN_POINT('',(17.4081958543241,-11.9105538196959,1.38550828217449));
#6984=CARTESIAN_POINT('',(17.4133734146417,-11.9105538196959,1.38463968430449));
#6985=CARTESIAN_POINT('',(17.4120386910689,-11.9280300823783,1.38832815000901));
#6986=CARTESIAN_POINT('',(17.4174485110018,-11.9285367558637,1.38749582466226));
#6987=CARTESIAN_POINT('',(17.4228341325735,-11.9289915141373,1.38668183728412));
#6988=CARTESIAN_POINT('',(17.4173271910379,-11.9421473817245,1.40571151692211));
#6989=CARTESIAN_POINT('',(17.4229318153612,-11.943061771764,1.40538254252102));
#6990=CARTESIAN_POINT('',(17.4284998450796,-11.9438824960339,1.40502034611336));
#6991=CARTESIAN_POINT('',(17.4148559606154,-11.9421473817245,1.42531572076264));
#6992=CARTESIAN_POINT('',(17.4204661941435,-11.943061771764,1.42555352876278));
#6993=CARTESIAN_POINT('',(17.4260524998377,-11.9438824960339,1.42569967516818));
#6994=CARTESIAN_POINT('',(17.4185568642314,-11.9105538196959,1.38380657746577));
#6995=CARTESIAN_POINT('',(17.4198527266288,-11.9105538196959,1.38359830075609));
#6996=CARTESIAN_POINT('',(17.4211489073522,-11.9105538196959,1.3833919247516));
#6997=CARTESIAN_POINT('',(17.4282150732866,-11.9294281739792,1.38590136471456));
#6998=CARTESIAN_POINT('',(17.429560159933,-11.9295374240856,1.38570628689763));
#6999=CARTESIAN_POINT('',(17.4309049446962,-11.9296456141865,1.3855129945242));
#7000=CARTESIAN_POINT('',(17.4340542382418,-11.9446704983993,1.40467271001686));
#7001=CARTESIAN_POINT('',(17.4354425624302,-11.944867643106,1.40458583517069));
#7002=CARTESIAN_POINT('',(17.4368300689396,-11.9450628715659,1.40449963875383));
#7003=CARTESIAN_POINT('',(17.4316246690821,-11.9446704983993,1.4258388995436));
#7004=CARTESIAN_POINT('',(17.4330174365273,-11.944867643106,1.4258737159226));
#7005=CARTESIAN_POINT('',(17.434409368778,-11.9450628715659,1.42590795557783));
#7006=CARTESIAN_POINT('',(17.4224453410391,-11.9105538196959,1.38318708154721));
#7007=CARTESIAN_POINT('',(17.4237417747261,-11.9105538196959,1.38298223834281));
#7008=CARTESIAN_POINT('',(17.4250384613768,-11.9105538196959,1.38277892793851));
#7009=CARTESIAN_POINT('',(17.432249698527,-11.9297534000698,1.38532119415504));
#7010=CARTESIAN_POINT('',(17.4335943929585,-11.9298612182718,1.3851294093713));
#7011=CARTESIAN_POINT('',(17.4349391774865,-11.9299688685769,1.38493914262022));
#7012=CARTESIAN_POINT('',(17.4382171544961,-11.9452573656182,1.40441446937395));
#7013=CARTESIAN_POINT('',(17.439604130524,-11.945451914261,1.40432931309862));
#7014=CARTESIAN_POINT('',(17.4409908333155,-11.9456461541715,1.40424543938146));
#7015=CARTESIAN_POINT('',(17.435800683556,-11.9452573656182,1.42594269310706));
#7016=CARTESIAN_POINT('',(17.4371918885188,-11.945451914261,1.42597743444291));
#7017=CARTESIAN_POINT('',(17.4385825363791,-11.9456461541715,1.42601318928525));
#7018=CARTESIAN_POINT('',(17.4263353356288,-11.9105538196959,1.38257678242922));
#7019=CARTESIAN_POINT('',(17.4289290841329,-11.9105538196959,1.38217249141064));
#7020=CARTESIAN_POINT('',(17.4315235830425,-11.9105538196959,1.38177285997208));
#7021=CARTESIAN_POINT('',(17.4362833108145,-11.9300750235954,1.38474988002004));
#7022=CARTESIAN_POINT('',(17.4389714007258,-11.9302874270928,1.38437140019686));
#7023=CARTESIAN_POINT('',(17.441657470224,-11.9304949750255,1.38399705977273));
#7024=CARTESIAN_POINT('',(17.4423764607156,-11.9458376953666,1.4041610638922));
#7025=CARTESIAN_POINT('',(17.4451473897763,-11.9462209355774,1.40399235112188));
#7026=CARTESIAN_POINT('',(17.4479146644556,-11.9465954089269,1.40382283896039));
#7027=CARTESIAN_POINT('',(17.4399724212219,-11.9458376953666,1.42604673407236));
#7028=CARTESIAN_POINT('',(17.4427518643129,-11.9462209355774,1.42611383482102));
#7029=CARTESIAN_POINT('',(17.4455283988311,-11.9465954089269,1.42617453120979));
#7030=CARTESIAN_POINT('',(17.4341183094596,-11.9105538196959,1.38137494487282));
#7031=CARTESIAN_POINT('',(17.4393077622936,-11.9105538196959,1.38057911467431));
#7032=CARTESIAN_POINT('',(17.4444974690997,-11.9105538196959,1.37978558400666));
#7033=CARTESIAN_POINT('',(17.4443411148487,-11.930697875166,1.38362395243506));
#7034=CARTESIAN_POINT('',(17.4497077259799,-11.9311040304611,1.38287790901792));
#7035=CARTESIAN_POINT('',(17.4550648435623,-11.9314931420938,1.3821324173767));
#7036=CARTESIAN_POINT('',(17.4506779873933,-11.9469614917092,1.40364984940652));
#7037=CARTESIAN_POINT('',(17.4562033841732,-11.9476942592485,1.40330401973821));
#7038=CARTESIAN_POINT('',(17.4617138345095,-11.9483962641574,1.40294150188896));
#7039=CARTESIAN_POINT('',(17.4483017411295,-11.9469614917092,1.42622639053922));
#7040=CARTESIAN_POINT('',(17.4538471727133,-11.9476942592485,1.42633015988721));
#7041=CARTESIAN_POINT('',(17.4593806426646,-11.9483962641574,1.42639759849947));
#7042=CARTESIAN_POINT('',(17.4496895477811,-11.9105538196959,1.37900693326727));
#7043=CARTESIAN_POINT('',(17.4548816264625,-11.9105538196959,1.37822828252787));
#7044=CARTESIAN_POINT('',(17.4600760355012,-11.9105538196959,1.37746631251066));
#7045=CARTESIAN_POINT('',(17.4604104314536,-11.9318568370671,1.3813990331599));
#7046=CARTESIAN_POINT('',(17.4657552062008,-11.9322209553059,1.38066585036271));
#7047=CARTESIAN_POINT('',(17.47108677618,-11.932556109944,1.37994613805612));
#7048=CARTESIAN_POINT('',(17.4672032333042,-11.9490524084283,1.40256540946752));
#7049=CARTESIAN_POINT('',(17.4726911362297,-11.9497092773671,1.40218950954548));
#7050=CARTESIAN_POINT('',(17.4781563257091,-11.950313917229,1.40179805810608));
#7051=CARTESIAN_POINT('',(17.4648951444352,-11.9490524084283,1.42642229030953));
#7052=CARTESIAN_POINT('',(17.4704081443517,-11.9497092773671,1.42644706892196));
#7053=CARTESIAN_POINT('',(17.4759021435933,-11.950313917229,1.4264233577831));
#7054=CARTESIAN_POINT('',(17.4652737873837,-11.9105538196959,1.37672773707597));
#7055=CARTESIAN_POINT('',(17.4678726633249,-11.9105538196959,1.37635844935863));
#7056=CARTESIAN_POINT('',(17.4704722618396,-11.9105538196959,1.37599357292882));
#7057=CARTESIAN_POINT('',(17.4764122752203,-11.9328743355554,1.37924790569697));
#7058=CARTESIAN_POINT('',(17.4790747572881,-11.9330335876669,1.37889885312789));
#7059=CARTESIAN_POINT('',(17.4817357930855,-11.9331889419215,1.37855377579006));
#7060=CARTESIAN_POINT('',(17.4836080403918,-11.9508880057527,1.40141077060409));
#7061=CARTESIAN_POINT('',(17.486333406454,-11.9511752908924,1.40121719255657));
#7062=CARTESIAN_POINT('',(17.4890556499033,-11.9514555427468,1.40102361269284));
#7063=CARTESIAN_POINT('',(17.481382898347,-11.9508880057527,1.42638418311184));
#7064=CARTESIAN_POINT('',(17.4841227821478,-11.9511752908924,1.42636463116731));
#7065=CARTESIAN_POINT('',(17.4868596322509,-11.9514555427468,1.42634056431535));
#7066=CARTESIAN_POINT('',(17.4730725579323,-11.9105538196959,1.37563331930434));
#7067=CARTESIAN_POINT('',(17.4756728540249,-11.9105538196959,1.37527306567986));
#7068=CARTESIAN_POINT('',(17.4782738476956,-11.9105538196959,1.37491743486071));
#7069=CARTESIAN_POINT('',(17.4843961867561,-11.93334205018,1.37821306917505));
#7070=CARTESIAN_POINT('',(17.4870564073124,-11.9334952453174,1.37787240236005));
#7071=CARTESIAN_POINT('',(17.4897149427358,-11.9336440771574,1.3775358645355));
#7072=CARTESIAN_POINT('',(17.4917759228751,-11.951731736348,1.40083204073412));
#7073=CARTESIAN_POINT('',(17.4944958781289,-11.9520080802968,1.40064051035471));
#7074=CARTESIAN_POINT('',(17.4972123927658,-11.9522765540692,1.40044868649899));
#7075=CARTESIAN_POINT('',(17.489594207238,-11.951731736348,1.42631582468807));
#7076=CARTESIAN_POINT('',(17.4923284630533,-11.9520080802968,1.4262911079708));
#7077=CARTESIAN_POINT('',(17.495059480817,-11.9522765540692,1.42626108254163));
#7078=CARTESIAN_POINT('',(17.4808755139489,-11.9105538196959,1.3745666383647));
#7079=CARTESIAN_POINT('',(17.4860788464554,-11.9105538196959,1.37386504537266));
#7080=CARTESIAN_POINT('',(17.4912848692923,-11.9105538196959,1.37318278967316));
#7081=CARTESIAN_POINT('',(17.4923716609278,-11.9337883104042,1.37720363735513));
#7082=CARTESIAN_POINT('',(17.497684606087,-11.9340770204599,1.37653929312118));
#7083=CARTESIAN_POINT('',(17.5029906825524,-11.9343479938576,1.37589225146347));
#7084=CARTESIAN_POINT('',(17.4999252859246,-11.9525367345512,1.40025652363916));
#7085=CARTESIAN_POINT('',(17.5053501713403,-11.9530575183858,1.39987231615009));
#7086=CARTESIAN_POINT('',(17.5107611622351,-11.9535463182531,1.39948748738241));
#7087=CARTESIAN_POINT('',(17.4977871253182,-11.9525367345512,1.42622544711961));
#7088=CARTESIAN_POINT('',(17.5032415091673,-11.9530575183858,1.42615424484018));
#7089=CARTESIAN_POINT('',(17.5086828269018,-11.9535463182531,1.42606210861308));
#7090=CARTESIAN_POINT('',(17.4964933824961,-11.9105538196959,1.37252156340858));
#7091=CARTESIAN_POINT('',(17.5017018956998,-11.9105538196959,1.371860337144));
#7092=CARTESIAN_POINT('',(17.5069127652101,-11.9105538196959,1.37122116637429));
#7093=CARTESIAN_POINT('',(17.5082909030644,-11.9346035479468,1.37526444364234));
#7094=CARTESIAN_POINT('',(17.5135905396749,-11.9348593862101,1.37463676005536));
#7095=CARTESIAN_POINT('',(17.518884133164,-11.9350995186455,1.37402927993367));
#7096=CARTESIAN_POINT('',(17.5161597280164,-11.9540073094453,1.39910624201066));
#7097=CARTESIAN_POINT('',(17.5215572243615,-11.95446879697,1.39872513664407));
#7098=CARTESIAN_POINT('',(17.5269420985466,-11.9549019644474,1.39834833695697));
#7099=CARTESIAN_POINT('',(17.5141119058785,-11.9540073094453,1.42595583673706));
#7100=CARTESIAN_POINT('',(17.5195399102032,-11.95446879697,1.42584965298835));
#7101=CARTESIAN_POINT('',(17.5249555157831,-11.9549019644474,1.4257297901379));
#7102=CARTESIAN_POINT('',(17.5121261709936,-11.9105538196959,1.37060304832927));
#7103=CARTESIAN_POINT('',(17.5147328738854,-11.9105538196959,1.37029398930677));
#7104=CARTESIAN_POINT('',(17.5173402108454,-11.9105538196959,1.36999019346544));
#7105=CARTESIAN_POINT('',(17.5241733761761,-11.9353269221633,1.37344133582802));
#7106=CARTESIAN_POINT('',(17.5268178011708,-11.9354407164714,1.37314740301383));
#7107=CARTESIAN_POINT('',(17.529461148772,-11.9355513222816,1.3728583509086));
#7108=CARTESIAN_POINT('',(17.532316656552,-11.9553121732132,1.39797810389381));
#7109=CARTESIAN_POINT('',(17.5350035761236,-11.9555174399382,1.39779303322961));
#7110=CARTESIAN_POINT('',(17.5376879355942,-11.9557169562921,1.39760960111081));
#7111=CARTESIAN_POINT('',(17.5303602832674,-11.9553121732132,1.42560182989283));
#7112=CARTESIAN_POINT('',(17.5330623058516,-11.9555174399382,1.42553788028498));
#7113=CARTESIAN_POINT('',(17.535761637982,-11.9557169562921,1.42547190497056));
#7114=CARTESIAN_POINT('',(17.5199482043696,-11.9105538196959,1.36969153545901));
#7115=CARTESIAN_POINT('',(17.5225561978938,-11.9105538196959,1.36939287745259));
#7116=CARTESIAN_POINT('',(17.5251648479821,-11.9105538196959,1.36909935728107));
#7117=CARTESIAN_POINT('',(17.5321036283518,-11.9356591120073,1.37257409651729));
#7118=CARTESIAN_POINT('',(17.53474598294,-11.9357669589914,1.37228986618868));
#7119=CARTESIAN_POINT('',(17.5373874384953,-11.9358719094558,1.37201042281961));
#7120=CARTESIAN_POINT('',(17.5403700191693,-11.9559113928022,1.39742809033386));
#7121=CARTESIAN_POINT('',(17.5430518742907,-11.9561059298851,1.39724660806645));
#7122=CARTESIAN_POINT('',(17.5457314017791,-11.9562952425493,1.39706696124224));
#7123=CARTESIAN_POINT('',(17.5384584707121,-11.9559113928022,1.42540460146337));
#7124=CARTESIAN_POINT('',(17.541155073922,-11.9561059298851,1.42533731729044));
#7125=CARTESIAN_POINT('',(17.5438491308623,-11.9562952425493,1.42526853472161));
#7126=CARTESIAN_POINT('',(17.5277741771304,-11.9105538196959,1.36881084959818));
#7127=CARTESIAN_POINT('',(17.5382114937235,-11.9105538196959,1.36765681886664));
#7128=CARTESIAN_POINT('',(17.5486589735341,-11.9105538196959,1.36658603010129));
#7129=CARTESIAN_POINT('',(17.5400272146826,-11.9359722856272,1.37173544775591));
#7130=CARTESIAN_POINT('',(17.5505851482064,-11.9363743145806,1.37063576526533));
#7131=CARTESIAN_POINT('',(17.5611197918875,-11.9367110559681,1.36961143266816));
#7132=CARTESIAN_POINT('',(17.5484074204421,-11.9564763107373,1.39688719761742));
#7133=CARTESIAN_POINT('',(17.5591093558824,-11.9572015063961,1.39616840684471));
#7134=CARTESIAN_POINT('',(17.569761162603,-11.957809033328,1.39545948953605));
#7135=CARTESIAN_POINT('',(17.5465397611205,-11.9564763107373,1.42519444867788));
#7136=CARTESIAN_POINT('',(17.5573001330839,-11.9572015063961,1.42489828877742));
#7137=CARTESIAN_POINT('',(17.5680104355218,-11.957809033328,1.42453802145937));
#7138=CARTESIAN_POINT('',(17.5591135772259,-11.9105538196959,1.36561231097613));
#7139=CARTESIAN_POINT('',(17.5617272281489,-11.9105538196959,1.36536888119483));
#7140=CARTESIAN_POINT('',(17.5643413662696,-11.9105538196959,1.36513137878774));
#7141=CARTESIAN_POINT('',(17.5716403552196,-11.9370071625756,1.36867895652647));
#7142=CARTESIAN_POINT('',(17.5742702771105,-11.9370812817685,1.36844587269229));
#7143=CARTESIAN_POINT('',(17.5768993910672,-11.9371528880515,1.36821839157265));
#7144=CARTESIAN_POINT('',(17.5803801167031,-11.958343299253,1.39480118282464));
#7145=CARTESIAN_POINT('',(17.5830344561469,-11.9584770300243,1.39463665218469));
#7146=CARTESIAN_POINT('',(17.5856868297755,-11.958606230551,1.39447517994451));
#7147=CARTESIAN_POINT('',(17.5786857538348,-11.958343299253,1.42418200932453));
#7148=CARTESIAN_POINT('',(17.5813541825746,-11.9584770300243,1.42409304162174));
#7149=CARTESIAN_POINT('',(17.5840205009845,-11.958606230551,1.42400427441925));
#7150=CARTESIAN_POINT('',(17.5669560686637,-11.9105538196959,1.36489948716339));
#7151=CARTESIAN_POINT('',(17.5695707710578,-11.9105538196959,1.36466759553905));
#7152=CARTESIAN_POINT('',(17.5721860377254,-11.9105538196959,1.36444131469745));
#7153=CARTESIAN_POINT('',(17.5795280229686,-11.937222499099,1.36799625814924));
#7154=CARTESIAN_POINT('',(17.5821565719694,-11.9372921440337,1.36777413742982));
#7155=CARTESIAN_POINT('',(17.5847848361412,-11.937360201506,1.3675574108854));
#7156=CARTESIAN_POINT('',(17.5883377080071,-11.9587318329385,1.39431701984443));
#7157=CARTESIAN_POINT('',(17.5909884351994,-11.9588574955371,1.39415887650882));
#7158=CARTESIAN_POINT('',(17.5936379877651,-11.9589802942785,1.3940044921588));
#7159=CARTESIAN_POINT('',(17.586685111256,-11.9587318329385,1.42391653691257));
#7160=CARTESIAN_POINT('',(17.5893495698437,-11.9588574955371,1.42382881240105));
#7161=CARTESIAN_POINT('',(17.5920125980568,-11.9589802942785,1.42374301920741));
#7162=CARTESIAN_POINT('',(17.5748019457421,-11.9105538196959,1.36422032804715));
#7163=CARTESIAN_POINT('',(17.5800337617757,-11.9105538196959,1.36377835474655));
#7164=CARTESIAN_POINT('',(17.5852678309372,-11.9105538196959,1.36335871780862));
#7165=CARTESIAN_POINT('',(17.5874122367498,-11.9374252680997,1.36734560040735));
#7166=CARTESIAN_POINT('',(17.5926668039593,-11.9375554938655,1.36692201365725));
#7167=CARTESIAN_POINT('',(17.5979178009811,-11.9376740639229,1.36651927162181));
#7168=CARTESIAN_POINT('',(17.5962853686449,-11.9590977023936,1.39385202173614));
#7169=CARTESIAN_POINT('',(17.6015797042469,-11.9593326832735,1.39354712652091));
#7170=CARTESIAN_POINT('',(17.6068654137918,-11.9595466571745,1.39325138196615));
#7171=CARTESIAN_POINT('',(17.5946733319972,-11.9590977023936,1.42365576049134));
#7172=CARTESIAN_POINT('',(17.5999943719616,-11.9593326832735,1.42348127885011));
#7173=CARTESIAN_POINT('',(17.6053063182597,-11.9595466571745,1.42330279974596));
#7174=CARTESIAN_POINT('',(17.5905036309985,-11.9105538196959,1.362963121878));
#7175=CARTESIAN_POINT('',(17.5957394310599,-11.9105538196959,1.36256752594738));
#7176=CARTESIAN_POINT('',(17.6009765560991,-11.9105538196959,1.36219640657247));
#7177=CARTESIAN_POINT('',(17.60316510855,-11.937781730113,1.36613914789934));
#7178=CARTESIAN_POINT('',(17.6084121549961,-11.9378894934441,1.36575905865042));
#7179=CARTESIAN_POINT('',(17.6136551074364,-11.937986216189,1.36540199656486));
#7180=CARTESIAN_POINT('',(17.6121427240818,-11.9597409792799,1.39296730658266));
#7181=CARTESIAN_POINT('',(17.6174195591588,-11.9599354746728,1.39268327882559));
#7182=CARTESIAN_POINT('',(17.6226876823746,-11.960110073919,1.3924112198082));
#7183=CARTESIAN_POINT('',(17.6106094251541,-11.9597409792799,1.42312370317035));
#7184=CARTESIAN_POINT('',(17.6159120549593,-11.9599354746728,1.42294464533991));
#7185=CARTESIAN_POINT('',(17.6212056440898,-11.960110073919,1.42276515548531));
#7186=CARTESIAN_POINT('',(17.6062152421884,-11.9105538196959,1.36185071779915));
#7187=CARTESIAN_POINT('',(17.6114539282778,-11.9105538196959,1.36150502902583));
#7188=CARTESIAN_POINT('',(17.6166941754172,-11.9105538196959,1.3611847708541));
#7189=CARTESIAN_POINT('',(17.6188946840593,-11.9380728465385,1.36506901418182));
#7190=CARTESIAN_POINT('',(17.62413404759,-11.9381595495671,1.36473605656966));
#7191=CARTESIAN_POINT('',(17.6293703051496,-11.9382366248617,1.36442722691537));
#7192=CARTESIAN_POINT('',(17.6279480536204,-11.9602664836787,1.39215311090785));
#7193=CARTESIAN_POINT('',(17.6332080372221,-11.9604230234004,1.39189503738811));
#7194=CARTESIAN_POINT('',(17.6384607405793,-11.9605622109869,1.39165143529225));
#7195=CARTESIAN_POINT('',(17.6264909726658,-11.9602664836787,1.42258827857976));
#7196=CARTESIAN_POINT('',(17.6317759121353,-11.9604230234004,1.42241143141204));
#7197=CARTESIAN_POINT('',(17.6370530440604,-11.9605622109869,1.42223826053877));
#7198=CARTESIAN_POINT('',(17.6219362196789,-11.9105538196959,1.36089089732983));
#7199=CARTESIAN_POINT('',(17.6324203082022,-11.9105538196959,1.36030315028129));
#7200=CARTESIAN_POINT('',(17.6429119762081,-11.9105538196959,1.35981713779779));
#7201=CARTESIAN_POINT('',(17.634603465132,-11.9383034877301,1.36414339943586));
#7202=CARTESIAN_POINT('',(17.6450692809058,-11.9384373608939,1.36357579379475));
#7203=CARTESIAN_POINT('',(17.6555197945318,-11.9385222936271,1.36310344092495));
#7204=CARTESIAN_POINT('',(17.6437058929335,-11.9606829922895,1.39142261073879));
#7205=CARTESIAN_POINT('',(17.6541952806219,-11.9609248188575,1.39096503442836));
#7206=CARTESIAN_POINT('',(17.6646491225535,-11.9610784523703,1.39055408502707));
#7207=CARTESIAN_POINT('',(17.6423219779677,-11.9606829922895,1.42206843806807));
#7208=CARTESIAN_POINT('',(17.652858925531,-11.9609248188575,1.42172885621364));
#7209=CARTESIAN_POINT('',(17.6633580060197,-11.9610784523703,1.4213814336524));
#7210=CARTESIAN_POINT('',(17.6534054155132,-11.9105538196959,1.35942106273243));
#7211=CARTESIAN_POINT('',(17.6586521351658,-11.9105538196959,1.35922302519975));
#7212=CARTESIAN_POINT('',(17.6638988283858,-11.9105538196959,1.35904643332048));
#7213=CARTESIAN_POINT('',(17.6659580339867,-11.938576980997,1.36271680566265));
#7214=CARTESIAN_POINT('',(17.6711770396922,-11.9386043310694,1.36252349319448));
#7215=CARTESIAN_POINT('',(17.6763926751611,-11.9386243431029,1.36235060204999));
#7216=CARTESIAN_POINT('',(17.6750787987392,-11.9611775837657,1.39019871020977));
#7217=CARTESIAN_POINT('',(17.6802934288395,-11.9612271604231,1.39002103122263));
#7218=CARTESIAN_POINT('',(17.685501954563,-11.961263514996,1.38985648830325));
#7219=CARTESIAN_POINT('',(17.6738321606575,-11.9611775837657,1.42105602076665));
#7220=CARTESIAN_POINT('',(17.679069029364,-11.9612271604231,1.42089332230413));
#7221=CARTESIAN_POINT('',(17.6842997323594,-11.961263514996,1.42073565092724));
#7222=CARTESIAN_POINT('',(17.6691467966808,-11.9105538196959,1.35889432365525));
#7223=CARTESIAN_POINT('',(17.6743947649757,-11.9105538196959,1.35874221399003));
#7224=CARTESIAN_POINT('',(17.6796439012844,-11.9105538196959,1.35861428843355));
#7225=CARTESIAN_POINT('',(17.681606826331,-11.9386382860582,1.36220129364883));
#7226=CARTESIAN_POINT('',(17.6868209328455,-11.9386522178988,1.3620519850903));
#7227=CARTESIAN_POINT('',(17.6920330912667,-11.9386591910339,1.3619258572487));
#7228=CARTESIAN_POINT('',(17.6907064395215,-11.9612889290491,1.38970945105922));
#7229=CARTESIAN_POINT('',(17.6959108425872,-11.9613143225348,1.38956241366129));
#7230=CARTESIAN_POINT('',(17.7011105276962,-11.9613271737834,1.3894316328812));
#7231=CARTESIAN_POINT('',(17.6895259737055,-11.9612889290491,1.42058876680192));
#7232=CARTESIAN_POINT('',(17.6947521329521,-11.9613143225348,1.42044188266932));
#7233=CARTESIAN_POINT('',(17.6999732430821,-11.9613271737834,1.42030357804489));
#7234=CARTESIAN_POINT('',(17.6848936059755,-11.9105538196959,1.35850899384343));
#7235=CARTESIAN_POINT('',(17.6953930153576,-11.9105538196959,1.3582984046632));
#7236=CARTESIAN_POINT('',(17.7058938917342,-11.9105538196959,1.3581760057152));
#7237=CARTESIAN_POINT('',(17.6972424154932,-11.9386584753617,1.36182128192625));
#7238=CARTESIAN_POINT('',(17.7076610336366,-11.9386569605625,1.36161212131818));
#7239=CARTESIAN_POINT('',(17.7180681440492,-11.9386255341931,1.36148694983893));
#7240=CARTESIAN_POINT('',(17.7063044751166,-11.9613261688906,1.38931479737739));
#7241=CARTESIAN_POINT('',(17.7166923117406,-11.9613240062079,1.3890811095999));
#7242=CARTESIAN_POINT('',(17.727057697954,-11.961267938498,1.38890190886832));
#7243=CARTESIAN_POINT('',(17.7051884029707,-11.9613261688906,1.42017075955505));
#7244=CARTESIAN_POINT('',(17.715618664561,-11.9613240062079,1.4199051067266));
#7245=CARTESIAN_POINT('',(17.7260258250735,-11.961267938498,1.41966115404095));
#7246=CARTESIAN_POINT('',(17.7163940053443,-11.9105538196959,1.35813680220701));
#7247=CARTESIAN_POINT('',(17.7268941189545,-11.9105538196959,1.35809759869883));
#7248=CARTESIAN_POINT('',(17.7373963669979,-11.9105538196959,1.3581498135032));
#7249=CARTESIAN_POINT('',(17.7284594993565,-11.9385588798214,1.36144018285496));
#7250=CARTESIAN_POINT('',(17.7388511250132,-11.9384919689985,1.36139338419898));
#7251=CARTESIAN_POINT('',(17.7492289588366,-11.93838673648,1.36143279037398));
#7252=CARTESIAN_POINT('',(17.7373948571003,-11.9611483878024,1.38876659041081));
#7253=CARTESIAN_POINT('',(17.7477324996206,-11.9610283670621,1.3886312110193));
#7254=CARTESIAN_POINT('',(17.758042578095,-11.960839276,1.3885445755891));
#7255=CARTESIAN_POINT('',(17.7364042174482,-11.9611483878024,1.41942259300694));
#7256=CARTESIAN_POINT('',(17.7467830950738,-11.9610283670621,1.41918396888845));
#7257=CARTESIAN_POINT('',(17.7571331881072,-11.960839276,1.41895234488115));
#7258=CARTESIAN_POINT('',(17.7478969366316,-11.9105538196959,1.35828062339134));
#7259=CARTESIAN_POINT('',(17.7531472214485,-11.9105538196959,1.35834602833541));
#7260=CARTESIAN_POINT('',(17.7583970479164,-11.9105538196959,1.3584305864416));
#7261=CARTESIAN_POINT('',(17.7595934365563,-11.9382523985917,1.36154677080347));
#7262=CARTESIAN_POINT('',(17.7647758983081,-11.938185076623,1.36160374655558));
#7263=CARTESIAN_POINT('',(17.7699550956197,-11.9381105984884,1.36167889095352));
#7264=CARTESIAN_POINT('',(17.768329914116,-11.9605977248884,1.38850418212651));
#7265=CARTESIAN_POINT('',(17.7734739823185,-11.9604766677818,1.38848395158355));
#7266=CARTESIAN_POINT('',(17.7786125330301,-11.9603427108282,1.38847494587634));
#7267=CARTESIAN_POINT('',(17.7674605286593,-11.9605977248884,1.41873547834718));
#7268=CARTESIAN_POINT('',(17.7726246005068,-11.9604766677818,1.4186270065617));
#7269=CARTESIAN_POINT('',(17.7777831559894,-11.9603427108282,1.41852204457249));
#7270=CARTESIAN_POINT('',(17.7636460575832,-11.9105538196959,1.35853420625864));
#7271=CARTESIAN_POINT('',(17.7688950672501,-11.9105538196959,1.35863782607568));
#7272=CARTESIAN_POINT('',(17.7741438323188,-11.9105538196959,1.35876768541721));
#7273=CARTESIAN_POINT('',(17.7751310461857,-11.9380297845077,1.36177221155697));
#7274=CARTESIAN_POINT('',(17.7803071785369,-11.9379488538731,1.36186552296408));
#7275=CARTESIAN_POINT('',(17.7854799493713,-11.9378598552121,1.3619839335324));
#7276=CARTESIAN_POINT('',(17.7837459722966,-11.9601973321563,1.38847797703129));
#7277=CARTESIAN_POINT('',(17.7888797381207,-11.9600517384186,1.38848098394953));
#7278=CARTESIAN_POINT('',(17.7940076037258,-11.9598915984913,1.38850124152237));
#7279=CARTESIAN_POINT('',(17.7829367085265,-11.9601973321563,1.41842231499363));
#7280=CARTESIAN_POINT('',(17.7880905887364,-11.9600517384186,1.41832255649602));
#7281=CARTESIAN_POINT('',(17.7932385261346,-11.9598915984913,1.41823135919855));
#7282=CARTESIAN_POINT('',(17.7793922242991,-11.9105538196959,1.35891751404256));
#7283=CARTESIAN_POINT('',(17.7898890082598,-11.9105538196959,1.35921717129328));
#7284=CARTESIAN_POINT('',(17.8003842998671,-11.9105538196959,1.35959670567929));
#7285=CARTESIAN_POINT('',(17.7906495328119,-11.9377634343234,1.362121298145));
#7286=CARTESIAN_POINT('',(17.800989359278,-11.937570191125,1.36239600367572));
#7287=CARTESIAN_POINT('',(17.8113170285007,-11.9373480835002,1.36274664267198));
#7288=CARTESIAN_POINT('',(17.7991300162058,-11.9597180763813,1.38853328049491));
#7289=CARTESIAN_POINT('',(17.8093760263983,-11.9593702904655,1.38859728247617));
#7290=CARTESIAN_POINT('',(17.8196012701202,-11.9589704535183,1.38870940099839));
#7291=CARTESIAN_POINT('',(17.7983810049291,-11.9597180763813,1.41814397683613));
#7292=CARTESIAN_POINT('',(17.808667151743,-11.9593702904655,1.41796911575168));
#7293=CARTESIAN_POINT('',(17.8189324858899,-11.9589704535183,1.41781149643673));
#7294=CARTESIAN_POINT('',(17.8108770711991,-11.9105538196959,1.36000595527531));
#7295=CARTESIAN_POINT('',(17.8161234568651,-11.9105538196959,1.36021058007331));
#7296=CARTESIAN_POINT('',(17.8213692132895,-11.9105538196959,1.3604279854057));
#7297=CARTESIAN_POINT('',(17.8216367924727,-11.9371095159051,1.36312489503736));
#7298=CARTESIAN_POINT('',(17.8267970883542,-11.9369899945304,1.36331401321447));
#7299=CARTESIAN_POINT('',(17.8319549017019,-11.9368650090753,1.36351519275029));
#7300=CARTESIAN_POINT('',(17.8298143250846,-11.9585409202804,1.38883363674883));
#7301=CARTESIAN_POINT('',(17.8349215964549,-11.9583257131632,1.38889571446712));
#7302=CARTESIAN_POINT('',(17.840024917055,-11.9581006486433,1.38896466107063));
#7303=CARTESIAN_POINT('',(17.8291856932921,-11.9585409202804,1.41764872325488));
#7304=CARTESIAN_POINT('',(17.8343130433592,-11.9583257131632,1.41756728068589));
#7305=CARTESIAN_POINT('',(17.8394364707953,-11.9581006486433,1.41748693422533));
#7306=CARTESIAN_POINT('',(17.8266144471846,-11.9105538196959,1.36066214351176));
#7307=CARTESIAN_POINT('',(17.8318596810797,-11.9105538196959,1.36089630161783));
#7308=CARTESIAN_POINT('',(17.8371043850736,-11.9105538196959,1.36114458033738));
#7309=CARTESIAN_POINT('',(17.8371099614868,-11.9367335611187,1.36373226282726));
#7310=CARTESIAN_POINT('',(17.8422653273956,-11.9366019421089,1.36394932957204));
#7311=CARTESIAN_POINT('',(17.8474182254,-11.9364645030899,1.36417975253776));
#7312=CARTESIAN_POINT('',(17.8451236894965,-11.957863925596,1.38904332945381));
#7313=CARTESIAN_POINT('',(17.8502230121771,-11.9576268847816,1.38912197094642));
#7314=CARTESIAN_POINT('',(17.855318309275,-11.9573793424746,1.3892084437516));
#7315=CARTESIAN_POINT('',(17.8445553501312,-11.957863925596,1.41740945898202));
#7316=CARTESIAN_POINT('',(17.8496747815323,-11.9576268847816,1.41733194399403));
#7317=CARTESIAN_POINT('',(17.8547901897278,-11.9573793424746,1.417256120594));
#7318=CARTESIAN_POINT('',(17.8423486412418,-11.9105538196959,1.36140230601254));
#7319=CARTESIAN_POINT('',(17.8475928974101,-11.9105538196959,1.36166003168771));
#7320=CARTESIAN_POINT('',(17.8528367057528,-11.9105538196959,1.36192720431848));
#7321=CARTESIAN_POINT('',(17.8525692211494,-11.9363224021718,1.36441902910689));
#7322=CARTESIAN_POINT('',(17.8577205496823,-11.9361801192121,1.36465830426724));
#7323=CARTESIAN_POINT('',(17.8628700000312,-11.9360331669025,1.36490643494943));
#7324=CARTESIAN_POINT('',(17.8604105177455,-11.957123385665,1.38929939114579));
#7325=CARTESIAN_POINT('',(17.8655033244058,-11.9568670900918,1.38939031155181));
#7326=CARTESIAN_POINT('',(17.8705930749241,-11.9566023654001,1.38948570878471));
#7327=CARTESIAN_POINT('',(17.859902490733,-11.957123385665,1.41717989729703));
#7328=CARTESIAN_POINT('',(17.865015391904,-11.9568670900918,1.41710363195508));
#7329=CARTESIAN_POINT('',(17.870125205168,-11.9566023654001,1.41702696948926));
#7330=CARTESIAN_POINT('',(17.8580801483455,-11.9105538196959,1.36219915024701));
#7331=CARTESIAN_POINT('',(17.8633235909381,-11.9105538196959,1.36247109617553));
#7332=CARTESIAN_POINT('',(17.868566644627,-11.9105538196959,1.36274789636161));
#7333=CARTESIAN_POINT('',(17.8680181313797,-11.9358827119826,1.36515891812471));
#7334=CARTESIAN_POINT('',(17.873166616835,-11.9357320668828,1.36541140131223));
#7335=CARTESIAN_POINT('',(17.8783136441134,-11.935577568448,1.36566827831468));
#7336=CARTESIAN_POINT('',(17.8756806759608,-11.9563313143087,1.3895822299404));
#7337=CARTESIAN_POINT('',(17.8807689135593,-11.9560599088057,1.38967872369095));
#7338=CARTESIAN_POINT('',(17.8858547371279,-11.9557815434693,1.38977605161249));
#7339=CARTESIAN_POINT('',(17.8752327930513,-11.9563313143087,1.41694782728545));
#7340=CARTESIAN_POINT('',(17.8803410195808,-11.9560599088057,1.41686864077896));
#7341=CARTESIAN_POINT('',(17.8854467165539,-11.9557815434693,1.41678631171048));
#7342=CARTESIAN_POINT('',(17.8738090702048,-11.9105538196959,1.36303798887154));
#7343=CARTESIAN_POINT('',(17.8842939213606,-11.9105538196959,1.3636181738914));
#7344=CARTESIAN_POINT('',(17.89477672661,-11.9105538196959,1.36423836951706));
#7345=CARTESIAN_POINT('',(17.8834588754085,-11.9354189161676,1.36593789665523));
#7346=CARTESIAN_POINT('',(17.893750464733,-11.9351010187338,1.36647713927252));
#7347=CARTESIAN_POINT('',(17.9040359119325,-11.9347676400924,1.36705442895598));
#7348=CARTESIAN_POINT('',(17.8909379659692,-11.9554956768853,1.3898822315496));
#7349=CARTESIAN_POINT('',(17.9011064494006,-11.954922837178,1.39009451051983));
#7350=CARTESIAN_POINT('',(17.9112657573239,-11.9543220301304,1.39033047457313));
#7351=CARTESIAN_POINT('',(17.8905499963969,-11.9554956768853,1.41670853781383));
#7352=CARTESIAN_POINT('',(17.9007585884617,-11.954922837178,1.41655285266327));
#7353=CARTESIAN_POINT('',(17.9109583441973,-11.9543220301304,1.41640493140285));
#7354=CARTESIAN_POINT('',(17.9052592419556,-11.9105538196959,1.36486147734908));
#7355=CARTESIAN_POINT('',(17.9105004996283,-11.9105538196959,1.36517303126509));
#7356=CARTESIAN_POINT('',(17.9157417708005,-11.9105538196959,1.36548345629309));
#7357=CARTESIAN_POINT('',(17.9143156971179,-11.9344151017352,1.36763249922591));
#7358=CARTESIAN_POINT('',(17.9194562202703,-11.934238509708,1.36792154163425));
#7359=CARTESIAN_POINT('',(17.9245953863922,-11.9340569452294,1.36820891562814));
#7360=CARTESIAN_POINT('',(17.9214137755649,-11.953686607217,1.39054958378487));
#7361=CARTESIAN_POINT('',(17.9264889183186,-11.9533682914745,1.39065909499088));
#7362=CARTESIAN_POINT('',(17.9315612129579,-11.9530409904154,1.39076237495316));
#7363=CARTESIAN_POINT('',(17.9211452074758,-11.953686607217,1.41622031797955));
#7364=CARTESIAN_POINT('',(17.926239776323,-11.9533682914745,1.41612793302293));
#7365=CARTESIAN_POINT('',(17.9313310200571,-11.9530409904154,1.41602417533842));
#7366=CARTESIAN_POINT('',(17.9209828336806,-11.9105538196959,1.36579772508703));
#7367=CARTESIAN_POINT('',(17.9262238965606,-11.9105538196959,1.36611199388096));
#7368=CARTESIAN_POINT('',(17.9314647735313,-11.9105538196959,1.36642953563181));
#7369=CARTESIAN_POINT('',(17.929732788995,-11.9338698558128,1.36849949944685));
#7370=CARTESIAN_POINT('',(17.9348706395745,-11.9336825402081,1.36879008900749));
#7371=CARTESIAN_POINT('',(17.9400068300122,-11.9334898314482,1.36908333909315));
#7372=CARTESIAN_POINT('',(17.936630216765,-11.9527037070025,1.39086375432421));
#7373=CARTESIAN_POINT('',(17.9417000258652,-11.9523659995221,1.39096510164711));
#7374=CARTESIAN_POINT('',(17.9467667073469,-11.9520185458575,1.39106413535832));
#7375=CARTESIAN_POINT('',(17.9364186354101,-11.9527037070025,1.41591278776331));
#7376=CARTESIAN_POINT('',(17.9415070584823,-11.9523659995221,1.41580134199015));
#7377=CARTESIAN_POINT('',(17.9465920103248,-11.9520185458575,1.41568200524562));
#7378=CARTESIAN_POINT('',(17.936705452554,-11.9105538196959,1.36675034640082));
#7379=CARTESIAN_POINT('',(17.9419461315767,-11.9105538196959,1.36707115716983));
#7380=CARTESIAN_POINT('',(17.9471866126513,-11.9105538196959,1.36739523695699));
#7381=CARTESIAN_POINT('',(17.9451416324659,-11.9332924333615,1.36937932907327));
#7382=CARTESIAN_POINT('',(17.9502769093559,-11.9330947987837,1.36967532612475));
#7383=CARTESIAN_POINT('',(17.9554108140373,-11.9328924435099,1.369974061826));
#7384=CARTESIAN_POINT('',(17.9518308279032,-11.9516626149268,1.39116161053726));
#7385=CARTESIAN_POINT('',(17.9568958012448,-11.9513062398801,1.3912590512915));
#7386=CARTESIAN_POINT('',(17.9619581960255,-11.9509413292328,1.39135490827694));
#7387=CARTESIAN_POINT('',(17.951674139787,-11.9516626149268,1.41555629605825));
#7388=CARTESIAN_POINT('',(17.9567571245138,-11.9513062398801,1.41543052334749));
#7389=CARTESIAN_POINT('',(17.9618372125956,-11.9509413292328,1.41529832706079));
#7390=CARTESIAN_POINT('',(17.9524268837394,-11.9105538196959,1.36772258182356));
#7391=CARTESIAN_POINT('',(17.9576671548274,-11.9105538196959,1.36804992669013));
#7392=CARTESIAN_POINT('',(17.962907294787,-11.9105538196959,1.36837920993363));
#7393=CARTESIAN_POINT('',(17.9605434643754,-11.9326856666932,1.37027556855548));
#7394=CARTESIAN_POINT('',(17.9656766135047,-11.9324786443438,1.37057708374489));
#7395=CARTESIAN_POINT('',(17.9708087314621,-11.9322675273598,1.37088009108402));
#7396=CARTESIAN_POINT('',(17.9670182349712,-11.9505684216199,1.39144950305358));
#7397=CARTESIAN_POINT('',(17.9720791704261,-11.9501950522149,1.3915440613598));
#7398=CARTESIAN_POINT('',(17.9771380715849,-11.9498142743209,1.391636401303));
#7399=CARTESIAN_POINT('',(17.9669146276151,-11.9505684216199,1.4151603558325));
#7400=CARTESIAN_POINT('',(17.9719929416522,-11.9501950522149,1.41502231622521));
#7401=CARTESIAN_POINT('',(17.9770688825933,-11.9498142743209,1.41487790343733));
#7402=CARTESIAN_POINT('',(17.9681469821049,-11.9105538196959,1.36871562150798));
#7403=CARTESIAN_POINT('',(17.9786263567407,-11.9105538196959,1.36938844465666));
#7404=CARTESIAN_POINT('',(17.9891040213627,-11.9105538196959,1.37008836064842));
#7405=CARTESIAN_POINT('',(17.9759391475722,-11.9320512991121,1.37118963466226));
#7406=CARTESIAN_POINT('',(17.9862015515478,-11.9316180801553,1.37180875272964));
#7407=CARTESIAN_POINT('',(17.9964569967453,-11.9311632119975,1.37245248675522));
#7408=CARTESIAN_POINT('',(17.9821940557001,-11.949424252789,1.39173057979223));
#7409=CARTESIAN_POINT('',(17.9923088489125,-11.9486427733869,1.39191882285109));
#7410=CARTESIAN_POINT('',(18.0024117490655,-11.9478221379795,1.3921117981883));
#7411=CARTESIAN_POINT('',(17.9821416532624,-11.949424252789,1.41473008976511));
#7412=CARTESIAN_POINT('',(17.9922900271977,-11.9486427733869,1.41443424383271));
#7413=CARTESIAN_POINT('',(18.0024256575981,-11.9478221379795,1.41412093712694));
#7414=CARTESIAN_POINT('',(17.9995823111876,-11.9105538196959,1.37077846486327));
#7415=CARTESIAN_POINT('',(18.0048214561,-11.9105538196959,1.37112351697069));
#7416=CARTESIAN_POINT('',(18.0100607630796,-11.9105538196959,1.3714660064701));
#7417=CARTESIAN_POINT('',(18.0067113448813,-11.9306961741586,1.37308524189396));
#7418=CARTESIAN_POINT('',(18.0118393726426,-11.9304622496153,1.3734016386895));
#7419=CARTESIAN_POINT('',(18.0169671183058,-11.9302251665767,1.3737151692724));
#7420=CARTESIAN_POINT('',(18.0125105878722,-11.9469794415096,1.39228311192686));
#7421=CARTESIAN_POINT('',(18.0175615414218,-11.9465573270202,1.39236870474377));
#7422=CARTESIAN_POINT('',(18.0226114354112,-11.9461294861932,1.39244865482609));
#7423=CARTESIAN_POINT('',(18.012555304803,-11.9469794415096,1.41377396545519));
#7424=CARTESIAN_POINT('',(18.0176216663313,-11.9465573270202,1.41360035465656));
#7425=CARTESIAN_POINT('',(18.0226864567196,-11.9461294861932,1.4134179832782));
#7426=CARTESIAN_POINT('',(18.0153005060708,-11.9105538196959,1.37180166366002));
#7427=CARTESIAN_POINT('',(18.0205402490621,-11.9105538196959,1.37213732084994));
#7428=CARTESIAN_POINT('',(18.0257803783656,-11.9105538196959,1.37246698176484));
#7429=CARTESIAN_POINT('',(18.0220953979199,-11.9299864408909,1.37402176003608));
#7430=CARTESIAN_POINT('',(18.0272242616305,-11.9297474416893,1.37432836309544));
#7431=CARTESIAN_POINT('',(18.0323541396054,-11.9295082977895,1.37462902780718));
#7432=CARTESIAN_POINT('',(18.0276614904063,-11.9456986546269,1.39252034479241));
#7433=CARTESIAN_POINT('',(18.0327125950793,-11.9452673058831,1.39259198826551));
#7434=CARTESIAN_POINT('',(18.0377650816865,-11.9448356720951,1.39265778325804));
#7435=CARTESIAN_POINT('',(18.0277508572284,-11.9456986546269,1.41322585524838));
#7436=CARTESIAN_POINT('',(18.0328163098166,-11.9452673058831,1.4130336383608));
#7437=CARTESIAN_POINT('',(18.0378829816838,-11.9448356720951,1.4128356701474));
#7438=CARTESIAN_POINT('',(18.0310205960187,-11.9105538196959,1.37279525838426));
#7439=CARTESIAN_POINT('',(18.0415010313247,-11.9105538196959,1.3734518116231));
#7440=CARTESIAN_POINT('',(18.0519818200285,-11.9105538196959,1.37410282768));
#7441=CARTESIAN_POINT('',(18.0374836425703,-11.9292658432006,1.37492798073568));
#7442=CARTESIAN_POINT('',(18.0477444368219,-11.92878011155,1.37552592267725));
#7443=CARTESIAN_POINT('',(18.0580038359407,-11.9282810989313,1.37611701831578));
#7444=CARTESIAN_POINT('',(18.0428164473936,-11.9443980357647,1.39271894308097));
#7445=CARTESIAN_POINT('',(18.052922393041,-11.9435212063878,1.3928411154074));
#7446=CARTESIAN_POINT('',(18.0630240427752,-11.94262029149,1.39294472562533));
#7447=CARTESIAN_POINT('',(18.0429480796928,-11.9443980357647,1.41262979368906));
#7448=CARTESIAN_POINT('',(18.0530814969601,-11.9435212063878,1.41221776242291));
#7449=CARTESIAN_POINT('',(18.0632088059452,-11.94262029149,1.41177406260853));
#7450=CARTESIAN_POINT('',(18.0624605784263,-11.9105538196959,1.37478520239117));
#7451=CARTESIAN_POINT('',(18.0729393368242,-11.9105538196959,1.37546757710235));
#7452=CARTESIAN_POINT('',(18.0834155116936,-11.9105538196959,1.37618974917246));
#7453=CARTESIAN_POINT('',(18.0682509967302,-11.9277433222629,1.37673510511081));
#7454=CARTESIAN_POINT('',(18.0785008144077,-11.9272043371927,1.37735325435364));
#7455=CARTESIAN_POINT('',(18.0887383822001,-11.9266268669253,1.37800687566969));
#7456=CARTESIAN_POINT('',(18.0731018555313,-11.9416492514321,1.39303945651948));
#7457=CARTESIAN_POINT('',(18.083184440621,-11.9406759160051,1.39313395251036));
#7458=CARTESIAN_POINT('',(18.093244557451,-11.9396329360475,1.39322836716183));
#7459=CARTESIAN_POINT('',(18.0733081423259,-11.9416492514321,1.41128137278423));
#7460=CARTESIAN_POINT('',(18.0834122591976,-11.9406759160051,1.41078823366859));
#7461=CARTESIAN_POINT('',(18.0934909494721,-11.9396329360475,1.41025531748615));
#7462=CARTESIAN_POINT('',(18.0938921892506,-11.9105538196959,1.3769041738611));
#7463=CARTESIAN_POINT('',(18.0991305280291,-11.9105538196959,1.37726138620542));
#7464=CARTESIAN_POINT('',(18.1043690012425,-11.9105538196959,1.37761652836418));
#7465=CARTESIAN_POINT('',(18.0989737686875,-11.9260312210117,1.37865095738754));
#7466=CARTESIAN_POINT('',(18.1040925698215,-11.9257328992811,1.3789730286709));
#7467=CARTESIAN_POINT('',(18.1092108472332,-11.9254299495013,1.37929257458182));
#7468=CARTESIAN_POINT('',(18.103297669855,-11.9385569808532,1.39329707244803));
#7469=CARTESIAN_POINT('',(18.1083262147089,-11.9380180520789,1.39333132064407));
#7470=CARTESIAN_POINT('',(18.1133530088853,-11.937470724852,1.39335892743974));
#7471=CARTESIAN_POINT('',(18.1035593943724,-11.9385569808532,1.40967862164304));
#7472=CARTESIAN_POINT('',(18.1085956078995,-11.9380180520789,1.40939007100148));
#7473=CARTESIAN_POINT('',(18.1136292223946,-11.937470724852,1.40909028299503));
#7474=CARTESIAN_POINT('',(18.1096080080391,-11.9105538196959,1.37796345379049));
#7475=CARTESIAN_POINT('',(18.1148470148356,-11.9105538196959,1.37831037921679));
#7476=CARTESIAN_POINT('',(18.1200866038131,-11.9105538196959,1.37864833954351));
#7477=CARTESIAN_POINT('',(18.1143298105787,-11.9251248166395,1.37960374895417));
#7478=CARTESIAN_POINT('',(18.1194495331643,-11.9248193460555,1.37991494283203));
#7479=CARTESIAN_POINT('',(18.1245700919077,-11.9245119671306,1.3802170486794));
#7480=CARTESIAN_POINT('',(18.1183798396892,-11.9369194156101,1.39337637337873));
#7481=CARTESIAN_POINT('',(18.123408033135,-11.9363674616232,1.39339374322962));
#7482=CARTESIAN_POINT('',(18.1284365269276,-11.9358120216587,1.39340049499603));
#7483=CARTESIAN_POINT('',(18.1186619314847,-11.9369194156101,1.40877833311106));
#7484=CARTESIAN_POINT('',(18.1236960044931,-11.9363674616232,1.40846623851655));
#7485=CARTESIAN_POINT('',(18.1287294749408,-11.9358120216587,1.40814181702351));
#7486=CARTESIAN_POINT('',(18.1253264307384,-11.9105538196959,1.37898263567212));
#7487=CARTESIAN_POINT('',(18.135806084589,-11.9105538196959,1.37965122792936));
#7488=CARTESIAN_POINT('',(18.1462868406863,-11.9105538196959,1.38030284650705));
#7489=CARTESIAN_POINT('',(18.1296904631657,-11.9242005253724,1.38051510409063));
#7490=CARTESIAN_POINT('',(18.1399335398905,-11.9235766175012,1.38111126970166));
#7491=CARTESIAN_POINT('',(18.1501764822655,-11.9229374789554,1.38168904045091));
#7492=CARTESIAN_POINT('',(18.1334638678853,-11.9352492020172,1.39339961983622));
#7493=CARTESIAN_POINT('',(18.143522738741,-11.9341216050365,1.3933976208844));
#7494=CARTESIAN_POINT('',(18.1535777483882,-11.932966324358,1.3933639001097));
#7495=CARTESIAN_POINT('',(18.1337610366253,-11.9352492020172,1.40780578188726));
#7496=CARTESIAN_POINT('',(18.1438283517666,-11.9341216050365,1.40713324874051));
#7497=CARTESIAN_POINT('',(18.1538884872366,-11.932966324358,1.40641416076947));
#7498=CARTESIAN_POINT('',(18.1567671018538,-11.9105538196959,1.38096208660581));
#7499=CARTESIAN_POINT('',(18.1620072324375,-11.9105538196959,1.38129170665519));
#7500=CARTESIAN_POINT('',(18.1672471677332,-11.9105538196959,1.38162433529782));
#7501=CARTESIAN_POINT('',(18.1604149894991,-11.9222739873907,1.38227191295012));
#7502=CARTESIAN_POINT('',(18.1655354914746,-11.9219416999218,1.38256337779267));
#7503=CARTESIAN_POINT('',(18.1706547366387,-11.9216029022157,1.38285717527901));
#7504=CARTESIAN_POINT('',(18.163621634491,-11.9317668557286,1.39331334827334));
#7505=CARTESIAN_POINT('',(18.1686458164827,-11.9311660835042,1.39328792744684));
#7506=CARTESIAN_POINT('',(18.1736669731691,-11.930553497567,1.39325896520528));
#7507=CARTESIAN_POINT('',(18.163933223702,-11.9317668557286,1.4056538495713));
#7508=CARTESIAN_POINT('',(18.1689578310674,-11.9311660835042,1.40527342794758));
#7509=CARTESIAN_POINT('',(18.1739783029463,-11.930553497567,1.40488293692602));
#7510=CARTESIAN_POINT('',(18.1724872357486,-11.9105538196959,1.3819548982413));
#7511=CARTESIAN_POINT('',(18.1777273037641,-11.9105538196959,1.38228546118479));
#7512=CARTESIAN_POINT('',(18.1829674213231,-11.9105538196959,1.38261524931063));
#7513=CARTESIAN_POINT('',(18.1757736903891,-11.9212595833489,1.38314847021991));
#7514=CARTESIAN_POINT('',(18.180893507799,-11.9209158933902,1.38343978545745));
#7515=CARTESIAN_POINT('',(18.1860128098334,-11.9205671303734,1.38372982500866));
#7516=CARTESIAN_POINT('',(18.1786868234132,-11.9299326937117,1.3932235044571));
#7517=CARTESIAN_POINT('',(18.1837082222621,-11.9293111776254,1.39318794032808));
#7518=CARTESIAN_POINT('',(18.1887278960474,-11.928680443409,1.39314658729865));
#7519=CARTESIAN_POINT('',(18.1789966534691,-11.9299326937117,1.40448151400151));
#7520=CARTESIAN_POINT('',(18.1840165522691,-11.9293111776254,1.40407990141734));
#7521=CARTESIAN_POINT('',(18.1890338118747,-11.928680443409,1.40366749393242));
#7522=CARTESIAN_POINT('',(18.1882074901148,-11.9105538196959,1.38294580011684));
#7523=CARTESIAN_POINT('',(18.1986876276983,-11.9105538196959,1.38360690172925));
#7524=CARTESIAN_POINT('',(18.209167525867,-11.9105538196959,1.38427174759342));
#7525=CARTESIAN_POINT('',(18.1911313023995,-11.9202125750971,1.3840200434921));
#7526=CARTESIAN_POINT('',(18.2013709721846,-11.9195023226035,1.38460054461019));
#7527=CARTESIAN_POINT('',(18.2116076984762,-11.9187693536709,1.38518251828203));
#7528=CARTESIAN_POINT('',(18.1937452558336,-11.9280391883305,1.39310022835485));
#7529=CARTESIAN_POINT('',(18.2037847880138,-11.9267544828076,1.39300717874157));
#7530=CARTESIAN_POINT('',(18.2138155478812,-11.925428498186,1.39289530816736));
#7531=CARTESIAN_POINT('',(18.1940476754155,-11.9280391883305,1.40324432887701));
#7532=CARTESIAN_POINT('',(18.2040802126084,-11.9267544828076,1.40239739132727));
#7533=CARTESIAN_POINT('',(18.214099550415,-11.925428498186,1.40150915090252));
#7534=CARTESIAN_POINT('',(18.2196465413137,-11.9105538196959,1.38495039850171));
#7535=CARTESIAN_POINT('',(18.2301255567605,-11.9105538196959,1.38562904941));
#7536=CARTESIAN_POINT('',(18.2406038834005,-11.9105538196959,1.38631847269267));
#7537=CARTESIAN_POINT('',(18.2218387633245,-11.9180059526405,1.38577516552613));
#7538=CARTESIAN_POINT('',(18.2320736966879,-11.9172409172406,1.3863679135592));
#7539=CARTESIAN_POINT('',(18.2423037894071,-11.9164463934267,1.38696844593368));
#7540=CARTESIAN_POINT('',(18.2238322961006,-11.9240472578324,1.39276662464687));
#7541=CARTESIAN_POINT('',(18.2338559729646,-11.922662865246,1.39263743355776));
#7542=CARTESIAN_POINT('',(18.2438672328849,-11.9212248987804,1.39248946103417));
#7543=CARTESIAN_POINT('',(18.2240994163404,-11.9240472578324,1.40057360935235));
#7544=CARTESIAN_POINT('',(18.2341062020679,-11.922662865246,1.39963713557824));
#7545=CARTESIAN_POINT('',(18.2440954508226,-11.9212248987804,1.39865245441328));
#7546=CARTESIAN_POINT('',(18.2510823076225,-11.9105538196959,1.38700636987218));
#7547=CARTESIAN_POINT('',(18.2615607318445,-11.9105538196959,1.38769426705168));
#7548=CARTESIAN_POINT('',(18.2720394208868,-11.9105538196959,1.3883780226583));
#7549=CARTESIAN_POINT('',(18.2525338180613,-11.9156354747222,1.38756594645323));
#7550=CARTESIAN_POINT('',(18.2627679750103,-11.9148228355676,1.38816356080156));
#7551=CARTESIAN_POINT('',(18.273003183809,-11.913996489014,1.38875583675325));
#7552=CARTESIAN_POINT('',(18.2538750876532,-11.9197570421805,1.39232415651142));
#7553=CARTESIAN_POINT('',(18.2638903316269,-11.9182858568216,1.39215828215389));
#7554=CARTESIAN_POINT('',(18.2739042554186,-11.9167896338658,1.39197527917813));
#7555=CARTESIAN_POINT('',(18.25407742094,-11.9197570421805,1.3976347391114));
#7556=CARTESIAN_POINT('',(18.2640667657855,-11.9182858568216,1.39661597664607));
#7557=CARTESIAN_POINT('',(18.2740511687519,-11.9167896338658,1.39556721054817));
#7558=CARTESIAN_POINT('',(18.2825180547473,-11.9105538196959,1.38906264126306));
#7559=CARTESIAN_POINT('',(18.2929966886077,-11.9105538196959,1.38974725986782));
#7560=CARTESIAN_POINT('',(18.3034753224671,-11.9105538196959,1.39043187848969));
#7561=CARTESIAN_POINT('',(18.3139539563254,-11.9105538196959,1.39111649712865));
#7562=CARTESIAN_POINT('',(18.2832377100851,-11.9131509071558,1.38934717455999));
#7563=CARTESIAN_POINT('',(18.2934765639054,-11.9123035581884,1.3899386334959));
#7564=CARTESIAN_POINT('',(18.3037152660665,-11.9114378830753,1.39052840653552));
#7565=CARTESIAN_POINT('',(18.2839135474603,-11.9152583534943,1.3917743953433));
#7566=CARTESIAN_POINT('',(18.2939305827212,-11.9137236449209,1.39157289005732));
#7567=CARTESIAN_POINT('',(18.3039439706838,-11.912155508576,1.3913536061767));
#7568=CARTESIAN_POINT('',(18.28402679189,-11.9152583534943,1.39448195918848));
#7569=CARTESIAN_POINT('',(18.2940101385681,-11.9137236449209,1.39339556935617));
#7570=CARTESIAN_POINT('',(18.3039857798335,-11.912155508576,1.39227377499186));
#7571=B_SPLINE_SURFACE_WITH_KNOTS('Surf_OTGQOZDGCY, Wing, 1, 16, upper',3,3,((#7572, #7573, #7574, #7581, #7582, #7583, #7593, #7594, #7595, #7605, #7606, #7607, #7617, #7618, #7619, #7629, #7630, #7631, #7641, #7642, #7643, #7653, #7654, #7655, #7665, #7666, #7667, #7677, #7678, #7679, #7689, #7690, #7691, #7701, #7702, #7703, #7713, #7714, #7715, #7725, #7726, #7727, #7737, #7738, #7739, #7749, #7750, #7751, #7761, #7762, #7763, #7773, #7774, #7775, #7785, #7786, #7787, #7797, #7798, #7799, #7809, #7810, #7811, #7821, #7822, #7823, #7833, #7834, #7835, #7845, #7846, #7847, #7857, #7858, #7859, #7869, #7870, #7871, #7881, #7882, #7883, #7893, #7894, #7895, #7905, #7906, #7907, #7917, #7918, #7919, #7929, #7930, #7931, #7941, #7942, #7943, #7953, #7954, #7955, #7965, #7966, #7967, #7977, #7978, #7979, #7989, #7990, #7991, #8001, #8002, #8003, #8013, #8014, #8015, #8025, #8026, #8027, #8037, #8038, #8039, #8049, #8050, #8051, #8061, #8062, #8063, #8073, #8074, #8075, #8085, #8086, #8087, #8097, #8098, #8099, #8109, #8110, #8111, #8121, #8122, #8123, #8133, #8134, #8135, #8145, #8146, #8147, #8157, #8158, #8159, #8169, #8170, #8171, #8181, #8182, #8183, #8193, #8194, #8195, #8205, #8206, #8207, #8217, #8218, #8219, #8229, #8230, #8231, #8241, #8242, #8243, #8253, #8254, #8255, #8265, #8266, #8267, #8277, #8278, #8279, #8289, #8290, #8291, #8301, #8302, #8303, #8313, #8314, #8315, #8325, #8326, #8327, #8337, #8338, #8339, #8349, #8350, #8351, #8361, #8362, #8363, #8373, #8374, #8375, #8385, #8386, #8387, #8397, #8398, #8399, #8409, #8410, #8411, #8421, #8422, #8423, #8433, #8434, #8435, #8445, #8446, #8447, #8457, #8458, #8459, #8469, #8470, #8471, #8481, #8482, #8483, #8493, #8494, #8495, #8505, #8506, #8507, #8517, #8518, #8519, #8529, #8530, #8531, #8541, #8542, #8543, #8553, #8554, #8555, #8565, #8566, #8567, #8577, #8578, #8579, #8580),(#7572, #7575, #7576, #7584, #7585, #7586, #7596, #7597, #7598, #7608, #7609, #7610, #7620, #7621, #7622, #7632, #7633, #7634, #7644, #7645, #7646, #7656, #7657, #7658, #7668, #7669, #7670, #7680, #7681, #7682, #7692, #7693, #7694, #7704, #7705, #7706, #7716, #7717, #7718, #7728, #7729, #7730, #7740, #7741, #7742, #7752, #7753, #7754, #7764, #7765, #7766, #7776, #7777, #7778, #7788, #7789, #7790, #7800, #7801, #7802, #7812, #7813, #7814, #7824, #7825, #7826, #7836, #7837, #7838, #7848, #7849, #7850, #7860, #7861, #7862, #7872, #7873, #7874, #7884, #7885, #7886, #7896, #7897, #7898, #7908, #7909, #7910, #7920, #7921, #7922, #7932, #7933, #7934, #7944, #7945, #7946, #7956, #7957, #7958, #7968, #7969, #7970, #7980, #7981, #7982, #7992, #7993, #7994, #8004, #8005, #8006, #8016, #8017, #8018, #8028, #8029, #8030, #8040, #8041, #8042, #8052, #8053, #8054, #8064, #8065, #8066, #8076, #8077, #8078, #8088, #8089, #8090, #8100, #8101, #8102, #8112, #8113, #8114, #8124, #8125, #8126, #8136, #8137, #8138, #8148, #8149, #8150, #8160, #8161, #8162, #8172, #8173, #8174, #8184, #8185, #8186, #8196, #8197, #8198, #8208, #8209, #8210, #8220, #8221, #8222, #8232, #8233, #8234, #8244, #8245, #8246, #8256, #8257, #8258, #8268, #8269, #8270, #8280, #8281, #8282, #8292, #8293, #8294, #8304, #8305, #8306, #8316, #8317, #8318, #8328, #8329, #8330, #8340, #8341, #8342, #8352, #8353, #8354, #8364, #8365, #8366, #8376, #8377, #8378, #8388, #8389, #8390, #8400, #8401, #8402, #8412, #8413, #8414, #8424, #8425, #8426, #8436, #8437, #8438, #8448, #8449, #8450, #8460, #8461, #8462, #8472, #8473, #8474, #8484, #8485, #8486, #8496, #8497, #8498, #8508, #8509, #8510, #8520, #8521, #8522, #8532, #8533, #8534, #8544, #8545, #8546, #8556, #8557, #8558, #8568, #8569, #8570, #8581, #8582, #8583, #8580),(#7572, #7577, #7578, #7587, #7588, #7589, #7599, #7600, #7601, #7611, #7612, #7613, #7623, #7624, #7625, #7635, #7636, #7637, #7647, #7648, #7649, #7659, #7660, #7661, #7671, #7672, #7673, #7683, #7684, #7685, #7695, #7696, #7697, #7707, #7708, #7709, #7719, #7720, #7721, #7731, #7732, #7733, #7743, #7744, #7745, #7755, #7756, #7757, #7767, #7768, #7769, #7779, #7780, #7781, #7791, #7792, #7793, #7803, #7804, #7805, #7815, #7816, #7817, #7827, #7828, #7829, #7839, #7840, #7841, #7851, #7852, #7853, #7863, #7864, #7865, #7875, #7876, #7877, #7887, #7888, #7889, #7899, #7900, #7901, #7911, #7912, #7913, #7923, #7924, #7925, #7935, #7936, #7937, #7947, #7948, #7949, #7959, #7960, #7961, #7971, #7972, #7973, #7983, #7984, #7985, #7995, #7996, #7997, #8007, #8008, #8009, #8019, #8020, #8021, #8031, #8032, #8033, #8043, #8044, #8045, #8055, #8056, #8057, #8067, #8068, #8069, #8079, #8080, #8081, #8091, #8092, #8093, #8103, #8104, #8105, #8115, #8116, #8117, #8127, #8128, #8129, #8139, #8140, #8141, #8151, #8152, #8153, #8163, #8164, #8165, #8175, #8176, #8177, #8187, #8188, #8189, #8199, #8200, #8201, #8211, #8212, #8213, #8223, #8224, #8225, #8235, #8236, #8237, #8247, #8248, #8249, #8259, #8260, #8261, #8271, #8272, #8273, #8283, #8284, #8285, #8295, #8296, #8297, #8307, #8308, #8309, #8319, #8320, #8321, #8331, #8332, #8333, #8343, #8344, #8345, #8355, #8356, #8357, #8367, #8368, #8369, #8379, #8380, #8381, #8391, #8392, #8393, #8403, #8404, #8405, #8415, #8416, #8417, #8427, #8428, #8429, #8439, #8440, #8441, #8451, #8452, #8453, #8463, #8464, #8465, #8475, #8476, #8477, #8487, #8488, #8489, #8499, #8500, #8501, #8511, #8512, #8513, #8523, #8524, #8525, #8535, #8536, #8537, #8547, #8548, #8549, #8559, #8560, #8561, #8571, #8572, #8573, #8584, #8585, #8586, #8580),(#7572, #7579, #7580, #7590, #7591, #7592, #7602, #7603, #7604, #7614, #7615, #7616, #7626, #7627, #7628, #7638, #7639, #7640, #7650, #7651, #7652, #7662, #7663, #7664, #7674, #7675, #7676, #7686, #7687, #7688, #7698, #7699, #7700, #7710, #7711, #7712, #7722, #7723, #7724, #7734, #7735, #7736, #7746, #7747, #7748, #7758, #7759, #7760, #7770, #7771, #7772, #7782, #7783, #7784, #7794, #7795, #7796, #7806, #7807, #7808, #7818, #7819, #7820, #7830, #7831, #7832, #7842, #7843, #7844, #7854, #7855, #7856, #7866, #7867, #7868, #7878, #7879, #7880, #7890, #7891, #7892, #7902, #7903, #7904, #7914, #7915, #7916, #7926, #7927, #7928, #7938, #7939, #7940, #7950, #7951, #7952, #7962, #7963, #7964, #7974, #7975, #7976, #7986, #7987, #7988, #7998, #7999, #8000, #8010, #8011, #8012, #8022, #8023, #8024, #8034, #8035, #8036, #8046, #8047, #8048, #8058, #8059, #8060, #8070, #8071, #8072, #8082, #8083, #8084, #8094, #8095, #8096, #8106, #8107, #8108, #8118, #8119, #8120, #8130, #8131, #8132, #8142, #8143, #8144, #8154, #8155, #8156, #8166, #8167, #8168, #8178, #8179, #8180, #8190, #8191, #8192, #8202, #8203, #8204, #8214, #8215, #8216, #8226, #8227, #8228, #8238, #8239, #8240, #8250, #8251, #8252, #8262, #8263, #8264, #8274, #8275, #8276, #8286, #8287, #8288, #8298, #8299, #8300, #8310, #8311, #8312, #8322, #8323, #8324, #8334, #8335, #8336, #8346, #8347, #8348, #8358, #8359, #8360, #8370, #8371, #8372, #8382, #8383, #8384, #8394, #8395, #8396, #8406, #8407, #8408, #8418, #8419, #8420, #8430, #8431, #8432, #8442, #8443, #8444, #8454, #8455, #8456, #8466, #8467, #8468, #8478, #8479, #8480, #8490, #8491, #8492, #8502, #8503, #8504, #8514, #8515, #8516, #8526, #8527, #8528, #8538, #8539, #8540, #8550, #8551, #8552, #8562, #8563, #8564, #8574, #8575, #8576, #8587, #8588, #8589, #8580)),.UNSPECIFIED.,.F.,.F.,.F.,(4,4),(4,3,3,3,3,3,3,3,3,3,3,3,3,3,3,3,3,3,3,3,3,3,3,3,3,3,3,3,3,3,3,3,3,3,3,3,3,3,3,3,3,3,3,3,3,3,3,3,3,3,3,3,3,3,3,3,3,3,3,3,3,3,3,3,3,3,3,3,3,3,3,3,3,3,3,3,3,3,3,3,3,3,3,3,3,4),(0.,1.),(0.,1.,2.,3.,4.,5.,6.,7.,8.,9.,10.,11.,12.,13.,14.,15.,16.,17.,18.,19.,20.,21.,22.,23.,24.,25.,26.,27.,28.,29.,30.,31.,32.,33.,34.,35.,36.,37.,38.,39.,40.,41.,42.,43.,44.,45.,46.,47.,48.,49.,50.,51.,52.,53.,54.,55.,56.,57.,58.,59.,60.,61.,62.,63.,64.,65.,66.,67.,68.,69.,70.,71.,72.,73.,74.,75.,76.,77.,78.,79.,80.,81.,82.,83.,84.,85.),.PIECEWISE_BEZIER_KNOTS.);
#7572=CARTESIAN_POINT('',(18.3139539563254,-11.9105538196959,1.39111649712865));
#7573=CARTESIAN_POINT('',(18.3036268745151,-11.9105538196959,1.39376735575539));
#7574=CARTESIAN_POINT('',(18.2932851532401,-11.9105538196959,1.39635618346981));
#7575=CARTESIAN_POINT('',(18.3038668059683,-11.911437972388,1.3938630927289));
#7576=CARTESIAN_POINT('',(18.2937649868874,-11.9123039061816,1.39654445434561));
#7577=CARTESIAN_POINT('',(18.3040275889833,-11.912155508576,1.39319394380702));
#7578=CARTESIAN_POINT('',(18.2940896944149,-11.9137236449209,1.39521824865502));
#7579=CARTESIAN_POINT('',(18.3039857798335,-11.912155508576,1.39227377499186));
#7580=CARTESIAN_POINT('',(18.2940101385681,-11.9137236449209,1.39339556935617));
#7581=CARTESIAN_POINT('',(18.2829287925005,-11.9105538196959,1.39888298027192));
#7582=CARTESIAN_POINT('',(18.2725724317609,-11.9105538196959,1.40140977707402));
#7583=CARTESIAN_POINT('',(18.262201029302,-11.9105538196959,1.40387169250638));
#7584=CARTESIAN_POINT('',(18.2836483693613,-11.9131516696134,1.39916066934945));
#7585=CARTESIAN_POINT('',(18.2735360699402,-11.9139978240607,1.40177555007579));
#7586=CARTESIAN_POINT('',(18.2634081077917,-11.9148248792907,1.40432244815515));
#7587=CARTESIAN_POINT('',(18.2841400363197,-11.9152583534943,1.39718952303367));
#7588=CARTESIAN_POINT('',(18.2741980820852,-11.9167896338658,1.39915914191821));
#7589=CARTESIAN_POINT('',(18.2642431999442,-11.9182858568216,1.40107367113826));
#7590=CARTESIAN_POINT('',(18.28402679189,-11.9152583534943,1.39448195918848));
#7591=CARTESIAN_POINT('',(18.2740511687519,-11.9167896338658,1.39556721054817));
#7592=CARTESIAN_POINT('',(18.2640667657855,-11.9182858568216,1.39661597664607));
#7593=CARTESIAN_POINT('',(18.2518168023565,-11.9105538196959,1.40628443832493));
#7594=CARTESIAN_POINT('',(18.2414325754111,-11.9105538196959,1.40869718414349));
#7595=CARTESIAN_POINT('',(18.2310344247495,-11.9105538196959,1.41105297098678));
#7596=CARTESIAN_POINT('',(18.2532681218092,-11.9156383564882,1.40681771476686));
#7597=CARTESIAN_POINT('',(18.243132267913,-11.916450252873,1.4093117506606));
#7598=CARTESIAN_POINT('',(18.2329823545293,-11.9172458651929,1.41174618063606));
#7599=CARTESIAN_POINT('',(18.2542797542269,-11.9197570421805,1.40294532171138));
#7600=CARTESIAN_POINT('',(18.2443236687602,-11.9212248987804,1.40481544779239));
#7601=CARTESIAN_POINT('',(18.2343564311712,-11.922662865246,1.40663683759872));
#7602=CARTESIAN_POINT('',(18.25407742094,-11.9197570421805,1.3976347391114));
#7603=CARTESIAN_POINT('',(18.2440954508226,-11.9212248987804,1.39865245441328));
#7604=CARTESIAN_POINT('',(18.2341062020679,-11.922662865246,1.39963713557824));
#7605=CARTESIAN_POINT('',(18.2206170177889,-11.9105538196959,1.41331401110611));
#7606=CARTESIAN_POINT('',(18.2101996108283,-11.9105538196959,1.41557505122544));
#7607=CARTESIAN_POINT('',(18.1997614943896,-11.9105538196959,1.41774027012112));
#7608=CARTESIAN_POINT('',(18.2228090726601,-11.918012065908,1.41408200999635));
#7609=CARTESIAN_POINT('',(18.2126396756876,-11.9187767499611,1.41641674323581));
#7610=CARTESIAN_POINT('',(18.2024448444566,-11.9195110518534,1.4186518580706));
#7611=CARTESIAN_POINT('',(18.2243665365801,-11.9240472578324,1.40838059405783));
#7612=CARTESIAN_POINT('',(18.2143835529487,-11.925428498186,1.41012299363768));
#7613=CARTESIAN_POINT('',(18.204375637203,-11.9267544828076,1.41178760391296));
#7614=CARTESIAN_POINT('',(18.2240994163404,-11.9240472578324,1.40057360935235));
#7615=CARTESIAN_POINT('',(18.214099550415,-11.925428498186,1.40150915090252));
#7616=CARTESIAN_POINT('',(18.2040802126084,-11.9267544828076,1.40239739132727));
#7617=CARTESIAN_POINT('',(18.1893070547044,-11.9105538196959,1.41982864235075));
#7618=CARTESIAN_POINT('',(18.1840798348618,-11.9105538196959,1.42087282846557));
#7619=CARTESIAN_POINT('',(18.1788486319327,-11.9105538196959,1.42189711916483));
#7620=CARTESIAN_POINT('',(18.1922310413061,-11.920222688129,1.42080717113591));
#7621=CARTESIAN_POINT('',(18.1871254923299,-11.9205779710764,1.42188447098009));
#7622=CARTESIAN_POINT('',(18.1820152148161,-11.9209274709544,1.4229411479821));
#7623=CARTESIAN_POINT('',(18.1943500949974,-11.9280391883305,1.41338842939917));
#7624=CARTESIAN_POINT('',(18.1893397277021,-11.928680443409,1.41418840056619));
#7625=CARTESIAN_POINT('',(18.1843248822761,-11.9293111776254,1.41497186250659));
#7626=CARTESIAN_POINT('',(18.1940476754155,-11.9280391883305,1.40324432887701));
#7627=CARTESIAN_POINT('',(18.1890338118747,-11.928680443409,1.40366749393242));
#7628=CARTESIAN_POINT('',(18.1840165522691,-11.9293111776254,1.40407990141734));
#7629=CARTESIAN_POINT('',(18.1736141538396,-11.9105538196959,1.42290268358137));
#7630=CARTESIAN_POINT('',(18.1683796757464,-11.9105538196959,1.42390824799792));
#7631=CARTESIAN_POINT('',(18.1631423652119,-11.9105538196959,1.42489586846112));
#7632=CARTESIAN_POINT('',(18.1769011118376,-11.9212719074919,1.4239784506012));
#7633=CARTESIAN_POINT('',(18.1717878803681,-11.921615994542,1.42501553013266));
#7634=CARTESIAN_POINT('',(18.1666714069682,-11.9219555698836,1.42603408298062));
#7635=CARTESIAN_POINT('',(18.1793064835251,-11.9299326937117,1.41573952354593));
#7636=CARTESIAN_POINT('',(18.1742896327235,-11.930553497567,1.41650690864677));
#7637=CARTESIAN_POINT('',(18.169269845652,-11.9311660835042,1.41725892844832));
#7638=CARTESIAN_POINT('',(18.1789966534691,-11.9299326937117,1.40448151400151));
#7639=CARTESIAN_POINT('',(18.1739783029463,-11.930553497567,1.40488293692602));
#7640=CARTESIAN_POINT('',(18.1689578310674,-11.9311660835042,1.40527342794758));
#7641=CARTESIAN_POINT('',(18.1579008180575,-11.9105538196959,1.42586295540599));
#7642=CARTESIAN_POINT('',(18.1474177237487,-11.9105538196959,1.42779712929573));
#7643=CARTESIAN_POINT('',(18.1369185604069,-11.9105538196959,1.42965090906845));
#7644=CARTESIAN_POINT('',(18.1615496528123,-11.9222886374573,1.42703133768882));
#7645=CARTESIAN_POINT('',(18.1513086672892,-11.9229537475826,1.42902522077815));
#7646=CARTESIAN_POINT('',(18.1410477458669,-11.9235945062541,1.43093589679212));
#7647=CARTESIAN_POINT('',(18.1642448129131,-11.9317668557286,1.41799435086925));
#7648=CARTESIAN_POINT('',(18.1541992260851,-11.932966324358,1.41946442142925));
#7649=CARTESIAN_POINT('',(18.1441339647923,-11.9341216050365,1.42086887659663));
#7650=CARTESIAN_POINT('',(18.163933223702,-11.9317668557286,1.4056538495713));
#7651=CARTESIAN_POINT('',(18.1538884872366,-11.932966324358,1.40641416076947));
#7652=CARTESIAN_POINT('',(18.1438283517666,-11.9341216050365,1.40713324874051));
#7653=CARTESIAN_POINT('',(18.1264084030568,-11.9105538196959,1.43143454749956));
#7654=CARTESIAN_POINT('',(18.1211533243817,-11.9105538196959,1.43232636671512));
#7655=CARTESIAN_POINT('',(18.1158957259894,-11.9105538196959,1.43320019197445));
#7656=CARTESIAN_POINT('',(18.1307746650587,-11.9242200536014,1.43277455543565));
#7657=CARTESIAN_POINT('',(18.1256393069476,-11.9245323389501,1.43369360975663));
#7658=CARTESIAN_POINT('',(18.1205010213071,-11.9248405638746,1.43459419250731));
#7659=CARTESIAN_POINT('',(18.1340582053654,-11.9352492020172,1.4222119439383));
#7660=CARTESIAN_POINT('',(18.129022422954,-11.9358120216587,1.42288313905099));
#7661=CARTESIAN_POINT('',(18.1239839758511,-11.9363674616232,1.42353873380348));
#7662=CARTESIAN_POINT('',(18.1337610366253,-11.9352492020172,1.40780578188726));
#7663=CARTESIAN_POINT('',(18.1287294749408,-11.9358120216587,1.40814181702351));
#7664=CARTESIAN_POINT('',(18.1236960044931,-11.9363674616232,1.40846623851655));
#7665=CARTESIAN_POINT('',(18.1106354167618,-11.9105538196959,1.43405905114497));
#7666=CARTESIAN_POINT('',(18.1053751075343,-11.9105538196959,1.43491791031549));
#7667=CARTESIAN_POINT('',(18.100111894911,-11.9105538196959,1.43576147572097));
#7668=CARTESIAN_POINT('',(18.1153603001754,-11.925146887762,1.43547953716112));
#7669=CARTESIAN_POINT('',(18.1102203491098,-11.9254528885703,1.43636470755746));
#7670=CARTESIAN_POINT('',(18.1050776695449,-11.925756711704,1.43723429363475));
#7671=CARTESIAN_POINT('',(18.1189440232802,-11.9369194156101,1.42418029284339));
#7672=CARTESIAN_POINT('',(18.113905435904,-11.937470724852,1.42482163855033));
#7673=CARTESIAN_POINT('',(18.1088650010901,-11.9380180520789,1.4254488213589));
#7674=CARTESIAN_POINT('',(18.1186619314847,-11.9369194156101,1.40877833311106));
#7675=CARTESIAN_POINT('',(18.1136292223946,-11.937470724852,1.40909028299503));
#7676=CARTESIAN_POINT('',(18.1085956078995,-11.9380180520789,1.40939007100148));
#7677=CARTESIAN_POINT('',(18.0948457191933,-11.9105538196959,1.43658638407104));
#7678=CARTESIAN_POINT('',(18.084313367758,-11.9105538196959,1.43823620077119));
#7679=CARTESIAN_POINT('',(18.0737696781474,-11.9105538196959,1.43981298473064));
#7680=CARTESIAN_POINT('',(18.0999313887022,-11.9260559042472,1.43808471446207));
#7681=CARTESIAN_POINT('',(18.0896410772556,-11.9266533317132,1.43978506186476));
#7682=CARTESIAN_POINT('',(18.0793368239939,-11.9272325666659,1.44141042992629));
#7683=CARTESIAN_POINT('',(18.1038211188898,-11.9385569808532,1.42606017083804));
#7684=CARTESIAN_POINT('',(18.0937373414931,-11.9396329360475,1.42728226781048));
#7685=CARTESIAN_POINT('',(18.0836400777742,-11.9406759160051,1.42844251482683));
#7686=CARTESIAN_POINT('',(18.1035593943724,-11.9385569808532,1.40967862164304));
#7687=CARTESIAN_POINT('',(18.0934909494721,-11.9396329360475,1.41025531748615));
#7688=CARTESIAN_POINT('',(18.0834122591976,-11.9406759160051,1.41078823366859));
#7689=CARTESIAN_POINT('',(18.0632125831907,-11.9105538196959,1.44128489263344));
#7690=CARTESIAN_POINT('',(18.0526554882339,-11.9105538196959,1.44275680053624));
#7691=CARTESIAN_POINT('',(18.0420812439462,-11.9105538196959,1.44411364838715));
#7692=CARTESIAN_POINT('',(18.0690095574945,-11.9277732231204,1.44292723786993));
#7693=CARTESIAN_POINT('',(18.0586849936546,-11.9283127095699,1.44444350248981));
#7694=CARTESIAN_POINT('',(18.0483331462102,-11.9288133146048,1.4458411689725));
#7695=CARTESIAN_POINT('',(18.0735144291205,-11.9416492514321,1.42952328904898));
#7696=CARTESIAN_POINT('',(18.0633935691151,-11.94262029149,1.43060339959173));
#7697=CARTESIAN_POINT('',(18.0532406008792,-11.9435212063878,1.43159440943842));
#7698=CARTESIAN_POINT('',(18.0733081423259,-11.9416492514321,1.41128137278423));
#7699=CARTESIAN_POINT('',(18.0632088059452,-11.94262029149,1.41177406260853));
#7700=CARTESIAN_POINT('',(18.0530814969601,-11.9435212063878,1.41221776242291));
#7701=CARTESIAN_POINT('',(18.0315007078637,-11.9105538196959,1.44541751963376));
#7702=CARTESIAN_POINT('',(18.0262104398224,-11.9105538196959,1.44606945525707));
#7703=CARTESIAN_POINT('',(18.0209185988324,-11.9105538196959,1.4467081467293));
#7704=CARTESIAN_POINT('',(18.0379733204246,-11.9293006153002,1.44718450582604));
#7705=CARTESIAN_POINT('',(18.032794318456,-11.9295438643089,1.44785600709235));
#7706=CARTESIAN_POINT('',(18.0276132956467,-11.9297837956732,1.44851393570972));
#7707=CARTESIAN_POINT('',(18.043079711992,-11.9443980357647,1.43254064429715));
#7708=CARTESIAN_POINT('',(18.0380008816812,-11.9448356720951,1.43301355703676));
#7709=CARTESIAN_POINT('',(18.0329200245539,-11.9452673058831,1.43347528845609));
#7710=CARTESIAN_POINT('',(18.0429480796928,-11.9443980357647,1.41262979368906));
#7711=CARTESIAN_POINT('',(18.0378829816838,-11.9448356720951,1.4128356701474));
#7712=CARTESIAN_POINT('',(18.0328163098166,-11.9452673058831,1.4130336383608));
#7713=CARTESIAN_POINT('',(18.0156265420857,-11.9105538196959,1.4473413544814));
#7714=CARTESIAN_POINT('',(18.0103344853389,-11.9105538196959,1.4479745622335));
#7715=CARTESIAN_POINT('',(18.005040845628,-11.9105538196959,1.44859559460093));
#7716=CARTESIAN_POINT('',(18.0224326993623,-11.9300235885127,1.44916631338932));
#7717=CARTESIAN_POINT('',(18.0172526983889,-11.9302631138841,1.44981858358034));
#7718=CARTESIAN_POINT('',(18.0120712318644,-11.9305009947992,1.45045850839066));
#7719=CARTESIAN_POINT('',(18.0278402240505,-11.9456986546269,1.43393136570435));
#7720=CARTESIAN_POINT('',(18.0227614780281,-11.9461294861932,1.43438731173031));
#7721=CARTESIAN_POINT('',(18.0176817912408,-11.9465573270202,1.43483200456935));
#7722=CARTESIAN_POINT('',(18.0277508572284,-11.9456986546269,1.41322585524838));
#7723=CARTESIAN_POINT('',(18.0226864567196,-11.9461294861932,1.4134179832782));
#7724=CARTESIAN_POINT('',(18.0176216663313,-11.9465573270202,1.41360035465656));
#7725=CARTESIAN_POINT('',(17.9997454919466,-11.9105538196959,1.44920276037191));
#7726=CARTESIAN_POINT('',(17.9891547845838,-11.9105538196959,1.45041709191386));
#7727=CARTESIAN_POINT('',(17.9785576505116,-11.9105538196959,1.45157806917491));
#7728=CARTESIAN_POINT('',(18.0068876240913,-11.9307357092396,1.45108426717522));
#7729=CARTESIAN_POINT('',(17.9965221499157,-11.931204342947,1.45233547868095));
#7730=CARTESIAN_POINT('',(17.9861485926001,-11.9316607734168,1.45353220301622));
#7731=CARTESIAN_POINT('',(18.0126000217337,-11.9469794415096,1.43526481898352));
#7732=CARTESIAN_POINT('',(18.0024395661308,-11.9478221379795,1.43613007606557));
#7733=CARTESIAN_POINT('',(17.992271205483,-11.9486427733869,1.43694966481433));
#7734=CARTESIAN_POINT('',(18.012555304803,-11.9469794415096,1.41377396545519));
#7735=CARTESIAN_POINT('',(18.0024256575981,-11.9478221379795,1.41412093712694));
#7736=CARTESIAN_POINT('',(17.9922900271977,-11.9486427733869,1.41443424383271));
#7737=CARTESIAN_POINT('',(17.9679556648154,-11.9105538196959,1.45268507219563));
#7738=CARTESIAN_POINT('',(17.9626546719673,-11.9105538196959,1.453238573706));
#7739=CARTESIAN_POINT('',(17.9573522931056,-11.9105538196959,1.45378005388163));
#7740=CARTESIAN_POINT('',(17.975764964832,-11.9320954833485,1.4546729769562));
#7741=CARTESIAN_POINT('',(17.9705739528876,-11.9323124627178,1.45524323131391));
#7742=CARTESIAN_POINT('',(17.9653803135416,-11.932524312535,1.45580099900919));
#7743=CARTESIAN_POINT('',(17.9820892508247,-11.949424252789,1.43772959973799));
#7744=CARTESIAN_POINT('',(17.9769996936018,-11.9498142743209,1.43811940557165));
#7745=CARTESIAN_POINT('',(17.9719067128784,-11.9501950522149,1.43850057109061));
#7746=CARTESIAN_POINT('',(17.9821416532624,-11.949424252789,1.41473008976511));
#7747=CARTESIAN_POINT('',(17.9770688825933,-11.9498142743209,1.41487790343733));
#7748=CARTESIAN_POINT('',(17.9719929416522,-11.9501950522149,1.41502231622521));
#7749=CARTESIAN_POINT('',(17.9520485372507,-11.9105538196959,1.45430830532249));
#7750=CARTESIAN_POINT('',(17.9467447813958,-11.9105538196959,1.45483655676335));
#7751=CARTESIAN_POINT('',(17.9414396485478,-11.9105538196959,1.45535157946944));
#7752=CARTESIAN_POINT('',(17.960184408071,-11.9327320529419,1.45634517794161));
#7753=CARTESIAN_POINT('',(17.9549890116521,-11.9329395507594,1.45688927502953));
#7754=CARTESIAN_POINT('',(17.9497912034364,-11.9331426102436,1.45741975864998));
#7755=CARTESIAN_POINT('',(17.9668110202589,-11.9505684216199,1.43887120861142));
#7756=CARTESIAN_POINT('',(17.9617162291658,-11.9509413292328,1.43924174584465));
#7757=CARTESIAN_POINT('',(17.9566184477827,-11.9513062398801,1.43960199540349));
#7758=CARTESIAN_POINT('',(17.9669146276151,-11.9505684216199,1.4151603558325));
#7759=CARTESIAN_POINT('',(17.9618372125956,-11.9509413292328,1.41529832706079));
#7760=CARTESIAN_POINT('',(17.9567571245138,-11.9513062398801,1.41543052334749));
#7761=CARTESIAN_POINT('',(17.9361331477271,-11.9105538196959,1.45585216604071));
#7762=CARTESIAN_POINT('',(17.9308266469064,-11.9105538196959,1.45635275261199));
#7763=CARTESIAN_POINT('',(17.9255189850924,-11.9105538196959,1.45683898815064));
#7764=CARTESIAN_POINT('',(17.9445908617622,-11.9333409305226,1.4579354054185));
#7765=CARTESIAN_POINT('',(17.93939100435,-11.933539016526,1.45845097688365));
#7766=CARTESIAN_POINT('',(17.9341888031385,-11.9337323945494,1.45895180465824));
#7767=CARTESIAN_POINT('',(17.9515174516707,-11.9516626149268,1.43995098157924));
#7768=CARTESIAN_POINT('',(17.9464173133026,-11.9520185458575,1.44029987513293));
#7769=CARTESIAN_POINT('',(17.9413140910994,-11.9523659995221,1.44063758233319));
#7770=CARTESIAN_POINT('',(17.951674139787,-11.9516626149268,1.41555629605825));
#7771=CARTESIAN_POINT('',(17.9465920103248,-11.9520185458575,1.41568200524562));
#7772=CARTESIAN_POINT('',(17.9415070584823,-11.9523659995221,1.41580134199015));
#7773=CARTESIAN_POINT('',(17.9202098745092,-11.9105538196959,1.45730805758041));
#7774=CARTESIAN_POINT('',(17.914900763926,-11.9105538196959,1.45777712701019));
#7775=CARTESIAN_POINT('',(17.9095902045734,-11.9105538196959,1.45822903033108));
#7776=CARTESIAN_POINT('',(17.9289836862199,-11.9339203567541,1.45943503122245));
#7777=CARTESIAN_POINT('',(17.9237790265822,-11.93410809428,1.45991818947965));
#7778=CARTESIAN_POINT('',(17.9185713692982,-11.9342902829027,1.46038374076482));
#7779=CARTESIAN_POINT('',(17.9362070540553,-11.9527037070025,1.44096182120241));
#7780=CARTESIAN_POINT('',(17.9311008271563,-11.9530409904154,1.44128597572367));
#7781=CARTESIAN_POINT('',(17.9259906343273,-11.9533682914745,1.44159677105499));
#7782=CARTESIAN_POINT('',(17.9364186354101,-11.9527037070025,1.41591278776331));
#7783=CARTESIAN_POINT('',(17.9313310200571,-11.9530409904154,1.41602417533842));
#7784=CARTESIAN_POINT('',(17.926239776323,-11.9533682914745,1.41612793302293));
#7785=CARTESIAN_POINT('',(17.9042779086755,-11.9105538196959,1.45866095246686));
#7786=CARTESIAN_POINT('',(17.8936533168798,-11.9105538196959,1.4595247967384));
#7787=CARTESIAN_POINT('',(17.8830225506616,-11.9105538196959,1.46031877229061));
#7788=CARTESIAN_POINT('',(17.9133606150596,-11.9344674765535,1.46082894309127));
#7789=CARTESIAN_POINT('',(17.9029403940898,-11.9348212206103,1.46171916488187));
#7790=CARTESIAN_POINT('',(17.8925086590516,-11.9351557156624,1.46253808269562));
#7791=CARTESIAN_POINT('',(17.9208766393867,-11.953686607217,1.44189105217424));
#7792=CARTESIAN_POINT('',(17.9106509310707,-11.9543220301304,1.44247938823258));
#7793=CARTESIAN_POINT('',(17.9004107275229,-11.954922837178,1.4430111948067));
#7794=CARTESIAN_POINT('',(17.9211452074758,-11.953686607217,1.41622031797955));
#7795=CARTESIAN_POINT('',(17.9109583441973,-11.9543220301304,1.41640493140285));
#7796=CARTESIAN_POINT('',(17.9007585884617,-11.954922837178,1.41655285266327));
#7797=CARTESIAN_POINT('',(17.8723909513956,-11.9105538196959,1.46109436291362));
#7798=CARTESIAN_POINT('',(17.8670751517625,-11.9105538196959,1.46148215822513));
#7799=CARTESIAN_POINT('',(17.8617593673541,-11.9105538196959,1.46186746933802));
#7800=CARTESIAN_POINT('',(17.8820719881679,-11.9354746634257,1.46333719660658));
#7801=CARTESIAN_POINT('',(17.8768542276766,-11.9356338406864,1.46373667651709));
#7802=CARTESIAN_POINT('',(17.8716353091468,-11.9357888460498,1.46413328114244));
#7803=CARTESIAN_POINT('',(17.8901620268246,-11.9554956768853,1.44353484407806));
#7804=CARTESIAN_POINT('',(17.8850386959799,-11.9557815434693,1.44379657180846));
#7805=CARTESIAN_POINT('',(17.8799131256024,-11.9560599088057,1.44405855786696));
#7806=CARTESIAN_POINT('',(17.8905499963969,-11.9554956768853,1.41670853781383));
#7807=CARTESIAN_POINT('',(17.8854467165539,-11.9557815434693,1.41678631171048));
#7808=CARTESIAN_POINT('',(17.8803410195808,-11.9560599088057,1.41686864077896));
#7809=CARTESIAN_POINT('',(17.8564427660143,-11.9105538196959,1.46224303364278));
#7810=CARTESIAN_POINT('',(17.8511261646745,-11.9105538196959,1.46261859794755));
#7811=CARTESIAN_POINT('',(17.8458089145388,-11.9105538196959,1.46298570424245));
#7812=CARTESIAN_POINT('',(17.8664145060924,-11.9359399799261,1.46451982650431));
#7813=CARTESIAN_POINT('',(17.8611940642535,-11.9360909231157,1.46490632395686));
#7814=CARTESIAN_POINT('',(17.8559720214694,-11.9362383470905,1.46528407669565));
#7815=CARTESIAN_POINT('',(17.8747849101418,-11.9563313143087,1.4443134246305));
#7816=CARTESIAN_POINT('',(17.8696573354118,-11.9566023654001,1.44456823019381));
#7817=CARTESIAN_POINT('',(17.8645274594022,-11.9568670900918,1.44481695235834));
#7818=CARTESIAN_POINT('',(17.8752327930513,-11.9563313143087,1.41694782728545));
#7819=CARTESIAN_POINT('',(17.870125205168,-11.9566023654001,1.41702696948926));
#7820=CARTESIAN_POINT('',(17.865015391904,-11.9568670900918,1.41710363195508));
#7821=CARTESIAN_POINT('',(17.8404910958854,-11.9105538196959,1.46334433557757));
#7822=CARTESIAN_POINT('',(17.835173277232,-11.9105538196959,1.46370296691269));
#7823=CARTESIAN_POINT('',(17.8298549387989,-11.9105538196959,1.46405311390581));
#7824=CARTESIAN_POINT('',(17.8507479766486,-11.9363810793491,1.46565296515115));
#7825=CARTESIAN_POINT('',(17.8455242711583,-11.9365236287136,1.46602180947557));
#7826=CARTESIAN_POINT('',(17.8402985873742,-11.9366614935891,1.46638178402197));
#7827=CARTESIAN_POINT('',(17.8593944637204,-11.957123385665,1.44506040344827));
#7828=CARTESIAN_POINT('',(17.8542620701805,-11.9573793424746,1.4453037974364));
#7829=CARTESIAN_POINT('',(17.8491265508876,-11.9576268847816,1.44554191704164));
#7830=CARTESIAN_POINT('',(17.859902490733,-11.957123385665,1.41717989729703));
#7831=CARTESIAN_POINT('',(17.8547901897278,-11.9573793424746,1.417256120594));
#7832=CARTESIAN_POINT('',(17.8496747815323,-11.9576268847816,1.41733194399403));
#7833=CARTESIAN_POINT('',(17.8245360762749,-11.9105538196959,1.46439477586262));
#7834=CARTESIAN_POINT('',(17.8192172137509,-11.9105538196959,1.46473643781943));
#7835=CARTESIAN_POINT('',(17.813897827136,-11.9105538196959,1.46506961473994));
#7836=CARTESIAN_POINT('',(17.8350704334187,-11.9367935098447,1.46673278666368));
#7837=CARTESIAN_POINT('',(17.8298425914073,-11.9369253538295,1.46708374947509));
#7838=CARTESIAN_POINT('',(17.8246119836991,-11.9370507029481,1.46742568633673));
#7839=CARTESIAN_POINT('',(17.8439870107658,-11.957863925596,1.44577558851023));
#7840=CARTESIAN_POINT('',(17.8388480245357,-11.9581006486433,1.44600920738002));
#7841=CARTESIAN_POINT('',(17.8337044902635,-11.9583257131632,1.44623884690467));
#7842=CARTESIAN_POINT('',(17.8445553501312,-11.957863925596,1.41740945898202));
#7843=CARTESIAN_POINT('',(17.8394364707953,-11.9581006486433,1.41748693422533));
#7844=CARTESIAN_POINT('',(17.8343130433592,-11.9583257131632,1.41756728068589));
#7845=CARTESIAN_POINT('',(17.8085779121191,-11.9105538196959,1.46539430592982));
#7846=CARTESIAN_POINT('',(17.7979380820855,-11.9105538196959,1.46604368830959));
#7847=CARTESIAN_POINT('',(17.787295948876,-11.9105538196959,1.46665916730642));
#7848=CARTESIAN_POINT('',(17.8193789851686,-11.9371705607642,1.46775868833586));
#7849=CARTESIAN_POINT('',(17.8089138309055,-11.937409796562,1.46842458638733));
#7850=CARTESIAN_POINT('',(17.7984409641614,-11.9376324895383,1.46905528230661));
#7851=CARTESIAN_POINT('',(17.8285570614996,-11.9585409202804,1.44646380976094));
#7852=CARTESIAN_POINT('',(17.8182637016596,-11.9589704535183,1.44691359187508));
#7853=CARTESIAN_POINT('',(17.8079582770876,-11.9593702904655,1.44734094902719));
#7854=CARTESIAN_POINT('',(17.8291856932921,-11.9585409202804,1.41764872325488));
#7855=CARTESIAN_POINT('',(17.8189324858899,-11.9589704535183,1.41781149643673));
#7856=CARTESIAN_POINT('',(17.808667151743,-11.9593702904655,1.41796911575168));
#7857=CARTESIAN_POINT('',(17.7766521590089,-11.9105538196959,1.46724063786643));
#7858=CARTESIAN_POINT('',(17.7713302640754,-11.9105538196959,1.46753137314644));
#7859=CARTESIAN_POINT('',(17.7660079785083,-11.9105538196959,1.46781267920964));
#7860=CARTESIAN_POINT('',(17.7879557144082,-11.9378261677166,1.46964958462283));
#7861=CARTESIAN_POINT('',(17.7827134246601,-11.9379228031161,1.46994669486905));
#7862=CARTESIAN_POINT('',(17.7774679125362,-11.9380119774143,1.47023377309131));
#7863=CARTESIAN_POINT('',(17.7976319936525,-11.9597180763813,1.44775467317736));
#7864=CARTESIAN_POINT('',(17.7924694485435,-11.9598915984913,1.44796147687472));
#7865=CARTESIAN_POINT('',(17.787301439352,-11.9600517384186,1.44816412904251));
#7866=CARTESIAN_POINT('',(17.7983810049291,-11.9597180763813,1.41814397683613));
#7867=CARTESIAN_POINT('',(17.7932385261346,-11.9598915984913,1.41823135919855));
#7868=CARTESIAN_POINT('',(17.7880905887364,-11.9600517384186,1.41832255649602));
#7869=CARTESIAN_POINT('',(17.7606852962487,-11.9105538196959,1.4680881506016));
#7870=CARTESIAN_POINT('',(17.7553626139891,-11.9105538196959,1.46836362199357));
#7871=CARTESIAN_POINT('',(17.7500395145912,-11.9105538196959,1.46863303631822));
#7872=CARTESIAN_POINT('',(17.7722188673063,-11.9380930402023,1.47051433204778));
#7873=CARTESIAN_POINT('',(17.7669700064835,-11.9381739841891,1.47079486841911));
#7874=CARTESIAN_POINT('',(17.7617182799477,-11.938248559367,1.47106882103188));
#7875=CARTESIAN_POINT('',(17.7821274447564,-11.9601973321563,1.44836665295598));
#7876=CARTESIAN_POINT('',(17.7769537789487,-11.9603427108282,1.44856914326864));
#7877=CARTESIAN_POINT('',(17.771775218695,-11.9604766677818,1.44877006153985));
#7878=CARTESIAN_POINT('',(17.7829367085265,-11.9601973321563,1.41842231499363));
#7879=CARTESIAN_POINT('',(17.7777831559894,-11.9603427108282,1.41852204457249));
#7880=CARTESIAN_POINT('',(17.7726246005068,-11.9604766677818,1.4186270065617));
#7881=CARTESIAN_POINT('',(17.74471596507,-11.9105538196959,1.46889311731607));
#7882=CARTESIAN_POINT('',(17.7340688660277,-11.9105538196959,1.46941327931176));
#7883=CARTESIAN_POINT('',(17.7234200733208,-11.9105538196959,1.46989575200594));
#7884=CARTESIAN_POINT('',(17.7564632782047,-11.938315940563,1.47133286757568));
#7885=CARTESIAN_POINT('',(17.7459537260029,-11.9384503903966,1.47186090468673));
#7886=CARTESIAN_POINT('',(17.7354307203416,-11.9385555806925,1.47234893802202));
#7887=CARTESIAN_POINT('',(17.7665911432026,-11.9605977248884,1.44896677456785));
#7888=CARTESIAN_POINT('',(17.7562237981193,-11.960839276,1.44936011417319));
#7889=CARTESIAN_POINT('',(17.745833690527,-11.9610283670621,1.4497367267576));
#7890=CARTESIAN_POINT('',(17.7674605286593,-11.9605977248884,1.41873547834718));
#7891=CARTESIAN_POINT('',(17.7571331881072,-11.960839276,1.41895234488115));
#7892=CARTESIAN_POINT('',(17.7467830950738,-11.9610283670621,1.41918396888845));
#7893=CARTESIAN_POINT('',(17.7127689862827,-11.9105538196959,1.47031542692675));
#7894=CARTESIAN_POINT('',(17.7021178992446,-11.9105538196959,1.47073510184757));
#7895=CARTESIAN_POINT('',(17.6914641106149,-11.9105538196959,1.47109574703041));
#7896=CARTESIAN_POINT('',(17.7248894074744,-11.9386222390604,1.4727712539988));
#7897=CARTESIAN_POINT('',(17.7143483654431,-11.9386886334395,1.47319353171495));
#7898=CARTESIAN_POINT('',(17.7037895292412,-11.9387196136264,1.47355412557795));
#7899=CARTESIAN_POINT('',(17.7354135777961,-11.9611483878024,1.45007859560307));
#7900=CARTESIAN_POINT('',(17.7249939521929,-11.961267938498,1.45042039921358));
#7901=CARTESIAN_POINT('',(17.7145450173814,-11.9613240062079,1.45072910385331));
#7902=CARTESIAN_POINT('',(17.7364042174482,-11.9611483878024,1.41942259300694));
#7903=CARTESIAN_POINT('',(17.7260258250735,-11.961267938498,1.41966115404095));
#7904=CARTESIAN_POINT('',(17.715618664561,-11.9613240062079,1.4199051067266));
#7905=CARTESIAN_POINT('',(17.6808094470753,-11.9105538196959,1.47142342595497));
#7906=CARTESIAN_POINT('',(17.6754821153054,-11.9105538196959,1.47158726541725));
#7907=CARTESIAN_POINT('',(17.6701545854137,-11.9105538196959,1.47174247687966));
#7908=CARTESIAN_POINT('',(17.6932167565932,-11.9387205197616,1.47387937727317));
#7909=CARTESIAN_POINT('',(17.6879303530706,-11.9387209294639,1.47404199928107));
#7910=CARTESIAN_POINT('',(17.6826403265485,-11.9387136087576,1.47419538587645));
#7911=CARTESIAN_POINT('',(17.7040723308248,-11.9613261688906,1.45102672173272));
#7912=CARTESIAN_POINT('',(17.6988359584681,-11.9613271737834,1.45117552320859));
#7913=CARTESIAN_POINT('',(17.6935934233171,-11.9613143225348,1.45132135167735));
#7914=CARTESIAN_POINT('',(17.7051884029707,-11.9613261688906,1.42017075955505));
#7915=CARTESIAN_POINT('',(17.6999732430821,-11.9613271737834,1.42030357804489));
#7916=CARTESIAN_POINT('',(17.6947521329521,-11.9613143225348,1.42044188266932));
#7917=CARTESIAN_POINT('',(17.6648270225313,-11.9105538196959,1.47189350422161));
#7918=CARTESIAN_POINT('',(17.6594994596489,-11.9105538196959,1.47204453156355));
#7919=CARTESIAN_POINT('',(17.6541716419042,-11.9105538196959,1.4721952168218));
#7920=CARTESIAN_POINT('',(17.6773471330293,-11.9386992897889,1.47434401164619));
#7921=CARTESIAN_POINT('',(17.6720538928647,-11.9386849591356,1.47449263757358));
#7922=CARTESIAN_POINT('',(17.6667576248156,-11.9386645232215,1.47464039414547));
#7923=CARTESIAN_POINT('',(17.6883455078895,-11.9612889290491,1.45146808254462));
#7924=CARTESIAN_POINT('',(17.6830975101559,-11.961263514996,1.45161481355122));
#7925=CARTESIAN_POINT('',(17.6778446298886,-11.9612271604231,1.45176561338564));
#7926=CARTESIAN_POINT('',(17.6895259737055,-11.9612889290491,1.42058876680192));
#7927=CARTESIAN_POINT('',(17.6842997323594,-11.961263514996,1.42073565092724));
#7928=CARTESIAN_POINT('',(17.679069029364,-11.9612271604231,1.42089332230413));
#7929=CARTESIAN_POINT('',(17.6488435860815,-11.9105538196959,1.47233738507277));
#7930=CARTESIAN_POINT('',(17.6381874744362,-11.9105538196959,1.47262172157469));
#7931=CARTESIAN_POINT('',(17.6275304104793,-11.9105538196959,1.47287199004745));
#7932=CARTESIAN_POINT('',(17.6614577486536,-11.9386367122065,1.47477905911981));
#7933=CARTESIAN_POINT('',(17.6508577606929,-11.9385811029883,1.47505639662345));
#7934=CARTESIAN_POINT('',(17.6402426749859,-11.9384950938973,1.47529729474613));
#7935=CARTESIAN_POINT('',(17.6725855225757,-11.9611775837657,1.45191333132354));
#7936=CARTESIAN_POINT('',(17.6620668894859,-11.9610784523703,1.45220878227773));
#7937=CARTESIAN_POINT('',(17.6515225704401,-11.9609248188575,1.45249267799893));
#7938=CARTESIAN_POINT('',(17.6738321606575,-11.9611775837657,1.42105602076665));
#7939=CARTESIAN_POINT('',(17.6633580060197,-11.9610784523703,1.4213814336524));
#7940=CARTESIAN_POINT('',(17.652858925531,-11.9609248188575,1.42172885621364));
#7941=CARTESIAN_POINT('',(17.6168725284865,-11.9105538196959,1.47302279110225));
#7942=CARTESIAN_POINT('',(17.6115435874901,-11.9105538196959,1.47309819162965));
#7943=CARTESIAN_POINT('',(17.6062140990291,-11.9105538196959,1.47315777182338));
#7944=CARTESIAN_POINT('',(17.6296037584301,-11.9383598966324,1.47543522200318));
#7945=CARTESIAN_POINT('',(17.6242840420293,-11.9382923749404,1.47550419645769));
#7946=CARTESIAN_POINT('',(17.6189588573573,-11.9382145885068,1.47555658203545));
#7947=CARTESIAN_POINT('',(17.640938063002,-11.9606829922895,1.45271426539736));
#7948=CARTESIAN_POINT('',(17.6356453475415,-11.9605622109869,1.45282508578529));
#7949=CARTESIAN_POINT('',(17.6303437870485,-11.9604230234004,1.45292782543598));
#7950=CARTESIAN_POINT('',(17.6423219779677,-11.9606829922895,1.42206843806807));
#7951=CARTESIAN_POINT('',(17.6370530440604,-11.9605622109869,1.42223826053877));
#7952=CARTESIAN_POINT('',(17.6317759121353,-11.9604230234004,1.42241143141204));
#7953=CARTESIAN_POINT('',(17.6008842650871,-11.9105538196959,1.47320292607234));
#7954=CARTESIAN_POINT('',(17.595554431145,-11.9105538196959,1.47324808032131));
#7955=CARTESIAN_POINT('',(17.5902243225415,-11.9105538196959,1.47327681636991));
#7956=CARTESIAN_POINT('',(17.6136286327568,-11.9381271268443,1.47559381329749));
#7957=CARTESIAN_POINT('',(17.6082981903126,-11.9380397413755,1.47563105331022));
#7958=CARTESIAN_POINT('',(17.6029625061179,-11.9379422156324,1.47565112035691));
#7959=CARTESIAN_POINT('',(17.6250338917111,-11.9602664836787,1.45302344625167));
#7960=CARTESIAN_POINT('',(17.619723605805,-11.960110073919,1.45311909116241));
#7961=CARTESIAN_POINT('',(17.6144045507597,-11.9599354746728,1.45320601185423));
#7962=CARTESIAN_POINT('',(17.6264909726658,-11.9602664836787,1.42258827857976));
#7963=CARTESIAN_POINT('',(17.6212056440898,-11.960110073919,1.42276515548531));
#7964=CARTESIAN_POINT('',(17.6159120549593,-11.9599354746728,1.42294464533991));
#7965=CARTESIAN_POINT('',(17.5848943639004,-11.9105538196959,1.4732842602543));
#7966=CARTESIAN_POINT('',(17.5795644052593,-11.9105538196959,1.4732917041387));
#7967=CARTESIAN_POINT('',(17.5742345965806,-11.9105538196959,1.4732778558589));
#7968=CARTESIAN_POINT('',(17.5976215149015,-11.9378336007255,1.47564909325614));
#7969=CARTESIAN_POINT('',(17.5922802571397,-11.9377250880937,1.4756470754603));
#7970=CARTESIAN_POINT('',(17.5869336931882,-11.9376056241616,1.47562297304679));
#7971=CARTESIAN_POINT('',(17.6090761262263,-11.9597409792799,1.45328009975804));
#7972=CARTESIAN_POINT('',(17.6037472227275,-11.9595466571745,1.45335421752577));
#7973=CARTESIAN_POINT('',(17.5984090396764,-11.9593326832735,1.45341543117932));
#7974=CARTESIAN_POINT('',(17.6106094251541,-11.9597409792799,1.42312370317035));
#7975=CARTESIAN_POINT('',(17.6053063182597,-11.9595466571745,1.42330279974596));
#7976=CARTESIAN_POINT('',(17.5999943719616,-11.9593326832735,1.42348127885011));
#7977=CARTESIAN_POINT('',(17.5689053624882,-11.9105538196959,1.47323784145105));
#7978=CARTESIAN_POINT('',(17.5662407454421,-11.9105538196959,1.47321783424713));
#7979=CARTESIAN_POINT('',(17.5635763298313,-11.9105538196959,1.47319065771668));
#7980=CARTESIAN_POINT('',(17.5815818422389,-11.9374744554679,1.47557188016169));
#7981=CARTESIAN_POINT('',(17.5789057974742,-11.9374089200527,1.47554633689286));
#7982=CARTESIAN_POINT('',(17.5762284393919,-11.9373403815549,1.47551341533247));
#7983=CARTESIAN_POINT('',(17.5930612953495,-11.9590977023936,1.45345949924654));
#7984=CARTESIAN_POINT('',(17.5903872083486,-11.9589802942785,1.45348154625603));
#7985=CARTESIAN_POINT('',(17.587710704488,-11.9588574955371,1.45349874829327));
#7986=CARTESIAN_POINT('',(17.5946733319972,-11.9590977023936,1.42365576049134));
#7987=CARTESIAN_POINT('',(17.5920125980568,-11.9589802942785,1.42374301920741));
#7988=CARTESIAN_POINT('',(17.5893495698437,-11.9588574955371,1.42382881240105));
#7989=CARTESIAN_POINT('',(17.5609115487438,-11.9105538196959,1.47316235916744));
#7990=CARTESIAN_POINT('',(17.5582467676562,-11.9105538196959,1.47313406061821));
#7991=CARTESIAN_POINT('',(17.5555817794631,-11.9105538196959,1.47310296255771));
#7992=CARTESIAN_POINT('',(17.5735498645727,-11.9372702476098,1.47547924052314));
#7993=CARTESIAN_POINT('',(17.5708712052455,-11.9372001495321,1.47544506774667));
#7994=CARTESIAN_POINT('',(17.5681912878701,-11.9371280472711,1.47540794074757));
#7995=CARTESIAN_POINT('',(17.5850325145049,-11.9587318329385,1.45351605398072));
#7996=CARTESIAN_POINT('',(17.5823541721935,-11.958606230551,1.45353336889398));
#7997=CARTESIAN_POINT('',(17.5796739090022,-11.9584770300243,1.45354943105879));
#7998=CARTESIAN_POINT('',(17.586685111256,-11.9587318329385,1.42391653691257));
#7999=CARTESIAN_POINT('',(17.5840205009845,-11.958606230551,1.42400427441925));
#8000=CARTESIAN_POINT('',(17.5813541825746,-11.9584770300243,1.42409304162174));
#8001=CARTESIAN_POINT('',(17.5529167579047,-11.9105538196959,1.4730672586318));
#8002=CARTESIAN_POINT('',(17.5422566716709,-11.9105538196959,1.47292444292815));
#8003=CARTESIAN_POINT('',(17.5315960515914,-11.9105538196959,1.47270793337788));
#8004=CARTESIAN_POINT('',(17.5655100339972,-11.9370534219651,1.47536602094555));
#8005=CARTESIAN_POINT('',(17.5547841259217,-11.9367553129612,1.47519836130611));
#8006=CARTESIAN_POINT('',(17.5440363425728,-11.9364164166964,1.47495396091296));
#8007=CARTESIAN_POINT('',(17.5769913909664,-11.958343299253,1.45356283582442));
#8008=CARTESIAN_POINT('',(17.5662597084405,-11.957809033328,1.45361655338269));
#8009=CARTESIAN_POINT('',(17.5554909102853,-11.9572015063961,1.45362817071013));
#8010=CARTESIAN_POINT('',(17.5786857538348,-11.958343299253,1.42418200932453));
#8011=CARTESIAN_POINT('',(17.5680104355218,-11.957809033328,1.42453802145937));
#8012=CARTESIAN_POINT('',(17.5573001330839,-11.9572015063961,1.42489828877742));
#8013=CARTESIAN_POINT('',(17.5209460170365,-11.9105538196959,1.47230212331533));
#8014=CARTESIAN_POINT('',(17.5182835083977,-11.9105538196959,1.4722006707997));
#8015=CARTESIAN_POINT('',(17.5156219939314,-11.9105538196959,1.47208513248264));
#8016=CARTESIAN_POINT('',(17.5332654177579,-11.9360120295608,1.47451583745139));
#8017=CARTESIAN_POINT('',(17.5305723889364,-11.9359110727827,1.47440630483817));
#8018=CARTESIAN_POINT('',(17.5278779752323,-11.9358055291294,1.47428237834548));
#8019=CARTESIAN_POINT('',(17.544672101799,-11.9564763107373,1.45350169973833));
#8020=CARTESIAN_POINT('',(17.5419668599454,-11.9562952425493,1.45347010820098));
#8021=CARTESIAN_POINT('',(17.5392582735533,-11.9561059298851,1.45342802651442));
#8022=CARTESIAN_POINT('',(17.5465397611205,-11.9564763107373,1.42519444867788));
#8023=CARTESIAN_POINT('',(17.5438491308623,-11.9562952425493,1.42526853472161));
#8024=CARTESIAN_POINT('',(17.541155073922,-11.9561059298851,1.42533731729044));
#8025=CARTESIAN_POINT('',(17.5129603477172,-11.9105538196959,1.47196247118751));
#8026=CARTESIAN_POINT('',(17.5102987015029,-11.9105538196959,1.47183980989239));
#8027=CARTESIAN_POINT('',(17.5076369058809,-11.9105538196959,1.47171034015255));
#8028=CARTESIAN_POINT('',(17.5251818656353,-11.9356970795809,1.47415111794139));
#8029=CARTESIAN_POINT('',(17.5224856290867,-11.9355886912842,1.47401985564647));
#8030=CARTESIAN_POINT('',(17.519787710273,-11.9354774781074,1.4738815776805));
#8031=CARTESIAN_POINT('',(17.5365469222549,-11.9559113928022,1.45338111259287));
#8032=CARTESIAN_POINT('',(17.5338353403697,-11.9557169562921,1.45333420883032));
#8033=CARTESIAN_POINT('',(17.5311210355795,-11.9555174399382,1.45328272734035));
#8034=CARTESIAN_POINT('',(17.5384584707121,-11.9559113928022,1.42540460146337));
#8035=CARTESIAN_POINT('',(17.535761637982,-11.9557169562921,1.42547190497056));
#8036=CARTESIAN_POINT('',(17.5330623058516,-11.9555174399382,1.42553788028498));
#8037=CARTESIAN_POINT('',(17.5049752800321,-11.9105538196959,1.47157266089214));
#8038=CARTESIAN_POINT('',(17.4996520283347,-11.9105538196959,1.47129730237133));
#8039=CARTESIAN_POINT('',(17.4943294557309,-11.9105538196959,1.47098910576825));
#8040=CARTESIAN_POINT('',(17.5170882382047,-11.9353630675288,1.47373485902562));
#8041=CARTESIAN_POINT('',(17.5116888949695,-11.9351344445689,1.47344141333934));
#8042=CARTESIAN_POINT('',(17.5062832974504,-11.9348930594826,1.47311419825416));
#8043=CARTESIAN_POINT('',(17.5284039099829,-11.9553121732132,1.45322555589184));
#8044=CARTESIAN_POINT('',(17.5229689330196,-11.9549019644474,1.45311124331883));
#8045=CARTESIAN_POINT('',(17.517522596045,-11.95446879697,1.45297416933263));
#8046=CARTESIAN_POINT('',(17.5303602832674,-11.9553121732132,1.42560182989283));
#8047=CARTESIAN_POINT('',(17.5249555157831,-11.9549019644474,1.4257297901379));
#8048=CARTESIAN_POINT('',(17.5195399102032,-11.95446879697,1.42584965298835));
#8049=CARTESIAN_POINT('',(17.4890101156704,-11.9105538196959,1.47063686247606));
#8050=CARTESIAN_POINT('',(17.48369077561,-11.9105538196959,1.47028461918386));
#8051=CARTESIAN_POINT('',(17.4783746680931,-11.9105538196959,1.46988832920255));
#8052=CARTESIAN_POINT('',(17.5008724607213,-11.9346359351395,1.4727418085875));
#8053=CARTESIAN_POINT('',(17.4954610319247,-11.9343791159463,1.47236939643328));
#8054=CARTESIAN_POINT('',(17.49004441894,-11.9341068484902,1.47195181693356));
#8055=CARTESIAN_POINT('',(17.5120640837406,-11.9540073094453,1.45280543146345));
#8056=CARTESIAN_POINT('',(17.5066044915686,-11.9535463182531,1.45263672984375));
#8057=CARTESIAN_POINT('',(17.5011328469944,-11.9530575183858,1.45243617353027));
#8058=CARTESIAN_POINT('',(17.5141119058785,-11.9540073094453,1.42595583673706));
#8059=CARTESIAN_POINT('',(17.5086828269018,-11.9535463182531,1.42606210861308));
#8060=CARTESIAN_POINT('',(17.5032415091673,-11.9530575183858,1.42615424484018));
#8061=CARTESIAN_POINT('',(17.4730643465695,-11.9105538196959,1.46943678392528));
#8062=CARTESIAN_POINT('',(17.4704091858078,-11.9105538196959,1.46921101128665));
#8063=CARTESIAN_POINT('',(17.4677556224505,-11.9105538196959,1.46897072591767));
#8064=CARTESIAN_POINT('',(17.4846239423959,-11.9338168174522,1.47147771440769));
#8065=CARTESIAN_POINT('',(17.4819134557271,-11.9336719331094,1.47124064798906));
#8066=CARTESIAN_POINT('',(17.479202052847,-11.9335224441305,1.47098873705018));
#8067=CARTESIAN_POINT('',(17.4956489647117,-11.9525367345512,1.45219437060005));
#8068=CARTESIAN_POINT('',(17.4929065688681,-11.9522765540692,1.45207347858426));
#8069=CARTESIAN_POINT('',(17.4901610479777,-11.9520080802968,1.45194170558689));
#8070=CARTESIAN_POINT('',(17.4977871253182,-11.9525367345512,1.42622544711961));
#8071=CARTESIAN_POINT('',(17.495059480817,-11.9522765540692,1.42626108254163));
#8072=CARTESIAN_POINT('',(17.4923284630533,-11.9520080802968,1.4262911079708));
#8073=CARTESIAN_POINT('',(17.4651035142013,-11.9105538196959,1.46871666403482));
#8074=CARTESIAN_POINT('',(17.4624514059522,-11.9105538196959,1.46846260215196));
#8075=CARTESIAN_POINT('',(17.4597988945314,-11.9105538196959,1.4682033659825));
#8076=CARTESIAN_POINT('',(17.4764897003746,-11.9333685865403,1.47072273133099));
#8077=CARTESIAN_POINT('',(17.4737771731172,-11.933214822642,1.47045671262692));
#8078=CARTESIAN_POINT('',(17.4710628979155,-11.9330588095233,1.47018533196022));
#8079=CARTESIAN_POINT('',(17.4874124916008,-11.951731736348,1.45179960864202));
#8080=CARTESIAN_POINT('',(17.4846636145986,-11.9514555427468,1.45165751593785));
#8081=CARTESIAN_POINT('',(17.4819121578416,-11.9511752908924,1.45151206977805));
#8082=CARTESIAN_POINT('',(17.489594207238,-11.951731736348,1.42631582468807));
#8083=CARTESIAN_POINT('',(17.4868596322509,-11.9514555427468,1.42634056431535));
#8084=CARTESIAN_POINT('',(17.4841227821478,-11.9511752908924,1.42636463116731));
#8085=CARTESIAN_POINT('',(17.4571474472283,-11.9105538196959,1.46793200215077));
#8086=CARTESIAN_POINT('',(17.451844552622,-11.9105538196959,1.46738927448729));
#8087=CARTESIAN_POINT('',(17.4465459144862,-11.9105538196959,1.46679803617466));
#8088=CARTESIAN_POINT('',(17.4683474998398,-11.9328988944476,1.46990153134288));
#8089=CARTESIAN_POINT('',(17.4629161638514,-11.932579364691,1.46933388592563));
#8090=CARTESIAN_POINT('',(17.4574795954985,-11.9322428872615,1.46871642259922));
#8091=CARTESIAN_POINT('',(17.4791577563023,-11.9508880057527,1.4513575956196));
#8092=CARTESIAN_POINT('',(17.4736479614776,-11.950313917229,1.45104865746012));
#8093=CARTESIAN_POINT('',(17.4681251524738,-11.9497092773671,1.45070462829843));
#8094=CARTESIAN_POINT('',(17.481382898347,-11.9508880057527,1.42638418311184));
#8095=CARTESIAN_POINT('',(17.4759021435933,-11.950313917229,1.4264233577831));
#8096=CARTESIAN_POINT('',(17.4704081443517,-11.9497092773671,1.42644706892196));
#8097=CARTESIAN_POINT('',(17.4412632711348,-11.9105538196959,1.46610266020737));
#8098=CARTESIAN_POINT('',(17.4359806277834,-11.9105538196959,1.46540728424008));
#8099=CARTESIAN_POINT('',(17.4307080597253,-11.9105538196959,1.46461994035982));
#8100=CARTESIAN_POINT('',(17.4520433103257,-11.9318774300456,1.46799274867915));
#8101=CARTESIAN_POINT('',(17.4466062088205,-11.9315124307786,1.46726897741861));
#8102=CARTESIAN_POINT('',(17.4411651497527,-11.9311220006638,1.46645135031793));
#8103=CARTESIAN_POINT('',(17.4625870555661,-11.9490524084283,1.45027917115154));
#8104=CARTESIAN_POINT('',(17.4570474508197,-11.9483962641574,1.44985369510997));
#8105=CARTESIAN_POINT('',(17.4514909612534,-11.9476942592485,1.44935630003622));
#8106=CARTESIAN_POINT('',(17.4648951444352,-11.9490524084283,1.42642229030953));
#8107=CARTESIAN_POINT('',(17.4593806426646,-11.9483962641574,1.42639759849947));
#8108=CARTESIAN_POINT('',(17.4538471727133,-11.9476942592485,1.42633015988721));
#8109=CARTESIAN_POINT('',(17.4254467124675,-11.9105538196959,1.46376315065737));
#8110=CARTESIAN_POINT('',(17.4228160388386,-11.9105538196959,1.46333475580614));
#8111=CARTESIAN_POINT('',(17.4201883833702,-11.9105538196959,1.46288850649603));
#8112=CARTESIAN_POINT('',(17.4357254524623,-11.9307145465204,1.46556297116175));
#8113=CARTESIAN_POINT('',(17.433005265412,-11.930511011789,1.46511872767751));
#8114=CARTESIAN_POINT('',(17.4302854156323,-11.9303028338832,1.46465626253753));
#8115=CARTESIAN_POINT('',(17.4459254948657,-11.9469614917092,1.44880293167191));
#8116=CARTESIAN_POINT('',(17.4431421332067,-11.9465954089269,1.44852622345919));
#8117=CARTESIAN_POINT('',(17.4403563388495,-11.9462209355774,1.44823531852017));
#8118=CARTESIAN_POINT('',(17.4483017411295,-11.9469614917092,1.42622639053922));
#8119=CARTESIAN_POINT('',(17.4455283988311,-11.9465954089269,1.42617453120979));
#8120=CARTESIAN_POINT('',(17.4427518643129,-11.9462209355774,1.42611383482102));
#8121=CARTESIAN_POINT('',(17.4175642191199,-11.9105538196959,1.46242645359015));
#8122=CARTESIAN_POINT('',(17.4162521369948,-11.9105538196959,1.4621954271372));
#8123=CARTESIAN_POINT('',(17.4149413878211,-11.9105538196959,1.46195932405228));
#8124=CARTESIAN_POINT('',(17.4275662576198,-11.9300898045454,1.46417759234143));
#8125=CARTESIAN_POINT('',(17.426206590698,-11.9299833405018,1.46393824173767));
#8126=CARTESIAN_POINT('',(17.4248474080069,-11.9298753826569,1.46369369369317));
#8127=CARTESIAN_POINT('',(17.4375683817283,-11.9458376953666,1.44793240425251));
#8128=CARTESIAN_POINT('',(17.4361742394426,-11.9456461541715,1.44778093918903));
#8129=CARTESIAN_POINT('',(17.4347796465136,-11.945451914261,1.44762555578719));
#8130=CARTESIAN_POINT('',(17.4399724212219,-11.9458376953666,1.42604673407236));
#8131=CARTESIAN_POINT('',(17.4385825363791,-11.9456461541715,1.42601318928525));
#8132=CARTESIAN_POINT('',(17.4371918885188,-11.945451914261,1.42597743444291));
#8133=CARTESIAN_POINT('',(17.4136298576156,-11.9105538196959,1.46172380065642));
#8134=CARTESIAN_POINT('',(17.4123183274102,-11.9105538196959,1.46148827726056));
#8135=CARTESIAN_POINT('',(17.4110063356879,-11.9105538196959,1.46125237851335));
#8136=CARTESIAN_POINT('',(17.4234872852787,-11.9297672567415,1.46344969337265));
#8137=CARTESIAN_POINT('',(17.4221271034918,-11.9296591658062,1.46320568236578));
#8138=CARTESIAN_POINT('',(17.4207661779268,-11.929550670696,1.46296124775991));
#8139=CARTESIAN_POINT('',(17.4333842126159,-11.9452573656182,1.44747091684017));
#8140=CARTESIAN_POINT('',(17.4319886686164,-11.9450628715659,1.44731627240182));
#8141=CARTESIAN_POINT('',(17.4305923106243,-11.944867643106,1.44716159667451));
#8142=CARTESIAN_POINT('',(17.435800683556,-11.9452573656182,1.42594269310706));
#8143=CARTESIAN_POINT('',(17.434409368778,-11.9450628715659,1.42590795557783));
#8144=CARTESIAN_POINT('',(17.4330174365273,-11.944867643106,1.4258737159226));
#8145=CARTESIAN_POINT('',(17.4096946028828,-11.9105538196959,1.46101380681773));
#8146=CARTESIAN_POINT('',(17.4044476716625,-11.9105538196959,1.46005952003528));
#8147=CARTESIAN_POINT('',(17.3992048831188,-11.9105538196959,1.4590624660785));
#8148=CARTESIAN_POINT('',(17.4194048876794,-11.9294411155864,1.46271404459418));
#8149=CARTESIAN_POINT('',(17.4139591359184,-11.9290032631208,1.46172512320225));
#8150=CARTESIAN_POINT('',(17.4085069023275,-11.9285473117187,1.46069177802506));
#8151=CARTESIAN_POINT('',(17.4291950999224,-11.9446704983993,1.44700508907035));
#8152=CARTESIAN_POINT('',(17.4236051545957,-11.9438824960339,1.44637900422299));
#8153=CARTESIAN_POINT('',(17.4180005729259,-11.943061771764,1.44572451500455));
#8154=CARTESIAN_POINT('',(17.4316246690821,-11.9446704983993,1.4258388995436));
#8155=CARTESIAN_POINT('',(17.4260524998377,-11.9438824960339,1.42569967516818));
#8156=CARTESIAN_POINT('',(17.4204661941435,-11.943061771764,1.42555352876278));
#8157=CARTESIAN_POINT('',(17.3940123450416,-11.9105538196959,1.45787559873721));
#8158=CARTESIAN_POINT('',(17.3914160760031,-11.9105538196959,1.45728216506656));
#8159=CARTESIAN_POINT('',(17.388834932247,-11.9105538196959,1.45663446755807));
#8160=CARTESIAN_POINT('',(17.4030764878681,-11.9280394794956,1.45946456198783));
#8161=CARTESIAN_POINT('',(17.4003608720272,-11.9277858108154,1.45885085373978));
#8162=CARTESIAN_POINT('',(17.3976522845012,-11.9275173868076,1.45818170425577));
#8163=CARTESIAN_POINT('',(17.4123847301928,-11.9421473817245,1.44491992460317));
#8164=CARTESIAN_POINT('',(17.4095760391702,-11.9416905653308,1.44451756271271));
#8165=CARTESIAN_POINT('',(17.4067647685072,-11.941207101223,1.44407216490523));
#8166=CARTESIAN_POINT('',(17.4148559606154,-11.9421473817245,1.42531572076264));
#8167=CARTESIAN_POINT('',(17.4120500747055,-11.9416905653308,1.42519682705951));
#8168=CARTESIAN_POINT('',(17.4092377777404,-11.941207101223,1.42505147941126));
#8169=CARTESIAN_POINT('',(17.3862602175794,-11.9105538196959,1.45594975892885));
#8170=CARTESIAN_POINT('',(17.3836855029119,-11.9105538196959,1.45526505029963));
#8171=CARTESIAN_POINT('',(17.3811188552609,-11.9105538196959,1.45454176628112));
#8172=CARTESIAN_POINT('',(17.3949445995933,-11.9272391237452,1.45747471777808));
#8173=CARTESIAN_POINT('',(17.3922366165816,-11.9269610352884,1.45676764381413));
#8174=CARTESIAN_POINT('',(17.3895309256193,-11.9266726938919,1.45602111901382));
#8175=CARTESIAN_POINT('',(17.4039486916989,-11.9407058532355,1.44359735880592));
#8176=CARTESIAN_POINT('',(17.4011320495892,-11.9402048674296,1.44312248619647));
#8177=CARTESIAN_POINT('',(17.398311422906,-11.9396853426467,1.44261690687496));
#8178=CARTESIAN_POINT('',(17.4064191206735,-11.9407058532355,1.42488799370829));
#8179=CARTESIAN_POINT('',(17.4035998976358,-11.9402048674296,1.42472450310643));
#8180=CARTESIAN_POINT('',(17.4007746863199,-11.9396853426467,1.42454201127568));
#8181=CARTESIAN_POINT('',(17.3785623223405,-11.9105538196959,1.45378254449711));
#8182=CARTESIAN_POINT('',(17.37600578942,-11.9105538196959,1.45302332271309));
#8183=CARTESIAN_POINT('',(17.3734593712301,-11.9105538196959,1.45222816316357));
#8184=CARTESIAN_POINT('',(17.3868301200352,-11.9263751978842,1.45523785559552));
#8185=CARTESIAN_POINT('',(17.3841289974589,-11.9260778854714,1.45445448643473));
#8186=CARTESIAN_POINT('',(17.3814329759726,-11.9257718719408,1.45363440147819));
#8187=CARTESIAN_POINT('',(17.3954892979026,-11.9391492488977,1.44208232780759));
#8188=CARTESIAN_POINT('',(17.3926665683072,-11.938613427214,1.44154766231857));
#8189=CARTESIAN_POINT('',(17.3898426063517,-11.9380618470606,1.44098361884498));
#8190=CARTESIAN_POINT('',(17.3979453063257,-11.9391492488977,1.42434089495909));
#8191=CARTESIAN_POINT('',(17.3951153200553,-11.938613427214,1.42413976263134));
#8192=CARTESIAN_POINT('',(17.392281285288,-11.9380618470606,1.42391909898767));
#8193=CARTESIAN_POINT('',(17.3709251154848,-11.9105538196959,1.4513997034723));
#8194=CARTESIAN_POINT('',(17.3696579876122,-11.9105538196959,1.45098547362667));
#8195=CARTESIAN_POINT('',(17.3683939003507,-11.9105538196959,1.4505629187456));
#8196=CARTESIAN_POINT('',(17.3787437345749,-11.9254564998963,1.45278015218443));
#8197=CARTESIAN_POINT('',(17.3773989879892,-11.9252988841378,1.45235298084229));
#8198=CARTESIAN_POINT('',(17.3760559323892,-11.9251389286941,1.45191726472467));
#8199=CARTESIAN_POINT('',(17.3870185812654,-11.9374933178012,1.44039326591064));
#8200=CARTESIAN_POINT('',(17.385606327242,-11.9372091555504,1.44009804913899));
#8201=CARTESIAN_POINT('',(17.3841940490393,-11.9369207547392,1.43979625090597));
#8202=CARTESIAN_POINT('',(17.3894441108872,-11.9374933178012,1.42368269661058));
#8203=CARTESIAN_POINT('',(17.3880252810526,-11.9372091555504,1.42356448477185));
#8204=CARTESIAN_POINT('',(17.3866056576283,-11.9369207547392,1.42344233588552));
#8205=CARTESIAN_POINT('',(17.3671331096646,-11.9105538196959,1.45013236853206));
#8206=CARTESIAN_POINT('',(17.3658723189785,-11.9105538196959,1.44970181831853));
#8207=CARTESIAN_POINT('',(17.3646158134714,-11.9105538196959,1.44926205379909));
#8208=CARTESIAN_POINT('',(17.3747147774437,-11.9249765512332,1.45147332269821));
#8209=CARTESIAN_POINT('',(17.3733735363715,-11.9248142214123,1.45102934713745));
#8210=CARTESIAN_POINT('',(17.3720350070708,-11.924649144701,1.45057589854686));
#8211=CARTESIAN_POINT('',(17.3827818923471,-11.9366279661686,1.43948825484658));
#8212=CARTESIAN_POINT('',(17.3813695699067,-11.9363352464941,1.43918022934047));
#8213=CARTESIAN_POINT('',(17.3799578169723,-11.9360375509747,1.43886500573384));
#8214=CARTESIAN_POINT('',(17.3851853537297,-11.9366279661686,1.42331672422114));
#8215=CARTESIAN_POINT('',(17.3837648831133,-11.9363352464941,1.42319110407048));
#8216=CARTESIAN_POINT('',(17.3823439086048,-11.9360375509747,1.42306135503511));
#8217=CARTESIAN_POINT('',(17.3633588070069,-11.9105538196959,1.44881991456905));
#8218=CARTESIAN_POINT('',(17.3608447940777,-11.9105538196959,1.44793563610896));
#8219=CARTESIAN_POINT('',(17.3583331834308,-11.9105538196959,1.44703430263571));
#8220=CARTESIAN_POINT('',(17.3706952854622,-11.9244829656635,1.4501199419205));
#8221=CARTESIAN_POINT('',(17.3680155809355,-11.9241507574482,1.44920792297819));
#8222=CARTESIAN_POINT('',(17.3653344658799,-11.9238122042282,1.44827815564643));
#8223=CARTESIAN_POINT('',(17.3785445318809,-11.9357378516677,1.43854829383604));
#8224=CARTESIAN_POINT('',(17.3757174573282,-11.9351386701358,1.43791477696214));
#8225=CARTESIAN_POINT('',(17.3728857903386,-11.9345279726494,1.43726912912206));
#8226=CARTESIAN_POINT('',(17.3809216791231,-11.9357378516677,1.42293149949097));
#8227=CARTESIAN_POINT('',(17.3780767125348,-11.9351386701358,1.4226717612123));
#8228=CARTESIAN_POINT('',(17.3752270538467,-11.9345279726494,1.4224074881683));
#8229=CARTESIAN_POINT('',(17.3558501866589,-11.9105538196959,1.44606692520669));
#8230=CARTESIAN_POINT('',(17.3546086882729,-11.9105538196959,1.44558323649217));
#8231=CARTESIAN_POINT('',(17.3533748145643,-11.9105538196959,1.44508242530268));
#8232=CARTESIAN_POINT('',(17.3626707385263,-11.9234534823031,1.44728051288779));
#8233=CARTESIAN_POINT('',(17.3613387350177,-11.923274199916,1.44678162823589));
#8234=CARTESIAN_POINT('',(17.3600119392247,-11.9230906295324,1.44626522776744));
#8235=CARTESIAN_POINT('',(17.3700567882681,-11.933880783821,1.43657225557099));
#8236=CARTESIAN_POINT('',(17.3686420151077,-11.9335573007626,1.4362237614426));
#8237=CARTESIAN_POINT('',(17.3672287644835,-11.9332260508254,1.43586121988912));
#8238=CARTESIAN_POINT('',(17.372373073088,-11.933880783821,1.42211442575978));
#8239=CARTESIAN_POINT('',(17.3709458081635,-11.9335573007626,1.42196787555436));
#8240=CARTESIAN_POINT('',(17.3695179304951,-11.9332260508254,1.42181195779898));
#8241=CARTESIAN_POINT('',(17.35215038358,-11.9105538196959,1.44456026017749));
#8242=CARTESIAN_POINT('',(17.3509259525957,-11.9105538196959,1.44403809505229));
#8243=CARTESIAN_POINT('',(17.3497074398489,-11.9105538196959,1.44349925628713));
#8244=CARTESIAN_POINT('',(17.3586913033536,-11.9229011541918,1.44572693711771));
#8245=CARTESIAN_POINT('',(17.3573705675779,-11.9227117280801,1.44518859739332));
#8246=CARTESIAN_POINT('',(17.3560531325769,-11.9225176409023,1.44463314274154));
#8247=CARTESIAN_POINT('',(17.3658170160041,-11.9328841138268,1.43548159586117));
#8248=CARTESIAN_POINT('',(17.3644050719462,-11.9325422436028,1.43510192544729));
#8249=CARTESIAN_POINT('',(17.3629930879436,-11.9321919332295,1.43470899860075));
#8250=CARTESIAN_POINT('',(17.368089079224,-11.9328841138268,1.42164544161053));
#8251=CARTESIAN_POINT('',(17.3666600300644,-11.9325422436028,1.42147890749719));
#8252=CARTESIAN_POINT('',(17.365229432004,-11.9321919332295,1.42130432412532));
#8253=CARTESIAN_POINT('',(17.348495424778,-11.9105538196959,1.4429448891413));
#8254=CARTESIAN_POINT('',(17.3472834097071,-11.9105538196959,1.44239052199547));
#8255=CARTESIAN_POINT('',(17.3460778923122,-11.9105538196959,1.44182062646899));
#8256=CARTESIAN_POINT('',(17.3547394193768,-11.9223186046244,1.44406168273825));
#8257=CARTESIAN_POINT('',(17.3534256013692,-11.922119617696,1.44349016750148));
#8258=CARTESIAN_POINT('',(17.3521154296118,-11.9219155490496,1.44290262796169));
#8259=CARTESIAN_POINT('',(17.3615813557611,-11.9318326615316,1.43430416646362));
#8260=CARTESIAN_POINT('',(17.3601694172202,-11.9314734548933,1.43389928114165));
#8261=CARTESIAN_POINT('',(17.3587576222604,-11.9311050456632,1.43348258859635));
#8262=CARTESIAN_POINT('',(17.3637975756953,-11.9318326615316,1.42112337627082));
#8263=CARTESIAN_POINT('',(17.3623655101842,-11.9314734548933,1.42094240660623));
#8264=CARTESIAN_POINT('',(17.3609321146914,-11.9311050456632,1.42075533200077));
#8265=CARTESIAN_POINT('',(17.3448794520317,-11.9105538196959,1.44123634782116));
#8266=CARTESIAN_POINT('',(17.3436810117512,-11.9105538196959,1.44065206917333));
#8267=CARTESIAN_POINT('',(17.3424896485852,-11.9105538196959,1.44005340740416));
#8268=CARTESIAN_POINT('',(17.3508092162556,-11.9217059066532,1.44230015403368));
#8269=CARTESIAN_POINT('',(17.3495028932766,-11.9214963146818,1.44169761839935));
#8270=CARTESIAN_POINT('',(17.3482005130085,-11.9212811300281,1.44108013976853));
#8271=CARTESIAN_POINT('',(17.3573461126316,-11.9307265443317,1.4330556033313));
#8272=CARTESIAN_POINT('',(17.3559343857479,-11.9303481076817,1.4326285582502));
#8273=CARTESIAN_POINT('',(17.354522910463,-11.9299595422011,1.43219122780258));
#8274=CARTESIAN_POINT('',(17.3594975873182,-11.9307265443317,1.42056424681628));
#8275=CARTESIAN_POINT('',(17.3580628392732,-11.9303481076817,1.42037313660149));
#8276=CARTESIAN_POINT('',(17.3566269212161,-11.9299595422011,1.42017804847632));
#8277=CARTESIAN_POINT('',(17.3413059419721,-11.9105538196959,1.43944150777296));
#8278=CARTESIAN_POINT('',(17.3407140886656,-11.9105538196959,1.43913555795736));
#8279=CARTESIAN_POINT('',(17.3401247357922,-11.9105538196959,1.43882554966255));
#8280=CARTESIAN_POINT('',(17.3469037184897,-11.9210623603209,1.44044904737188));
#8281=CARTESIAN_POINT('',(17.3462552783055,-11.9209529938885,1.44013347567785));
#8282=CARTESIAN_POINT('',(17.3456086163138,-11.9208423514938,1.43981371612194));
#8283=CARTESIAN_POINT('',(17.3531135804886,-11.9295644676215,1.43174311817526));
#8284=CARTESIAN_POINT('',(17.3524088299358,-11.929366952992,1.4315190383725));
#8285=CARTESIAN_POINT('',(17.351704751855,-11.929167124872,1.43129179049703));
#8286=CARTESIAN_POINT('',(17.3551909829709,-11.9295644676215,1.41997604279614));
#8287=CARTESIAN_POINT('',(17.3544729267415,-11.929366952992,1.41987502915449));
#8288=CARTESIAN_POINT('',(17.3537549020382,-11.929167124872,1.41977223367785));
#8289=CARTESIAN_POINT('',(17.3395360748185,-11.9105538196959,1.43851402978856));
#8290=CARTESIAN_POINT('',(17.3389474138449,-11.9105538196959,1.43820250991457));
#8291=CARTESIAN_POINT('',(17.3383577779435,-11.9105538196959,1.43789156195805));
#8292=CARTESIAN_POINT('',(17.3449622142341,-11.9207309688813,1.43949235937898));
#8293=CARTESIAN_POINT('',(17.3443157831354,-11.9206195986258,1.43917098498042));
#8294=CARTESIAN_POINT('',(17.3436682502673,-11.9205080524123,1.43885014516635));
#8295=CARTESIAN_POINT('',(17.3510005073997,-11.9289659526146,1.431063579362));
#8296=CARTESIAN_POINT('',(17.3502962049281,-11.9287647953838,1.43083535089084));
#8297=CARTESIAN_POINT('',(17.34959099143,-11.9285633145299,1.43060787010604));
#8298=CARTESIAN_POINT('',(17.353036619774,-11.9289659526146,1.41966933828649));
#8299=CARTESIAN_POINT('',(17.3523182783905,-11.9287647953838,1.41956643536314));
#8300=CARTESIAN_POINT('',(17.351599392751,-11.9285633145299,1.41946457296487));
#8301=CARTESIAN_POINT('',(17.3377704377931,-11.9105538196959,1.43757638302424));
#8302=CARTESIAN_POINT('',(17.3371830976428,-11.9105538196959,1.43726120409043));
#8303=CARTESIAN_POINT('',(17.3365980532434,-11.9105538196959,1.43694179417933));
#8304=CARTESIAN_POINT('',(17.3430221207242,-11.9203949123232,1.43852491322084));
#8305=CARTESIAN_POINT('',(17.3423759621558,-11.9202817854687,1.43819966318538));
#8306=CARTESIAN_POINT('',(17.3417312061187,-11.9201670646201,1.43787001994372));
#8307=CARTESIAN_POINT('',(17.3488860697157,-11.9283589461521,1.4303773124335));
#8308=CARTESIAN_POINT('',(17.348181089794,-11.9281545941473,1.43014673711076));
#8309=CARTESIAN_POINT('',(17.3474763998477,-11.9279473540299,1.42991308379675));
#8310=CARTESIAN_POINT('',(17.3508803201428,-11.9283589461521,1.41936141698759));
#8311=CARTESIAN_POINT('',(17.3501611881978,-11.9281545941473,1.41925825348296));
#8312=CARTESIAN_POINT('',(17.3494418673687,-11.9279473540299,1.41915379585988));
#8313=CARTESIAN_POINT('',(17.3360185752738,-11.9105538196959,1.4366133503962));
#8314=CARTESIAN_POINT('',(17.3354390973041,-11.9105538196959,1.43628490661306));
#8315=CARTESIAN_POINT('',(17.334866545646,-11.9105538196959,1.43594595643695));
#8316=CARTESIAN_POINT('',(17.3410903556055,-11.9200493293095,1.43753105489436));
#8317=CARTESIAN_POINT('',(17.3404494747046,-11.9199316064743,1.43719207005034));
#8318=CARTESIAN_POINT('',(17.3398136359444,-11.919810460027,1.43684225273388));
#8319=CARTESIAN_POINT('',(17.3467731982924,-11.9277346568915,1.42967252561693));
#8320=CARTESIAN_POINT('',(17.3460699354819,-11.9275219742422,1.42943194793007));
#8321=CARTESIAN_POINT('',(17.3453688137818,-11.9273030935497,1.42918325103473));
#8322=CARTESIAN_POINT('',(17.348722710303,-11.9277346568915,1.41904570845357));
#8323=CARTESIAN_POINT('',(17.3480034906594,-11.9275219742422,1.41893761248501));
#8324=CARTESIAN_POINT('',(17.3472847134258,-11.9273030935497,1.41882507705244));
#8325=CARTESIAN_POINT('',(17.3342994552563,-11.9105538196959,1.43559680236566));
#8326=CARTESIAN_POINT('',(17.3331652744769,-11.9105538196959,1.43489849422309));
#8327=CARTESIAN_POINT('',(17.3320472428518,-11.9105538196959,1.43416666465348));
#8328=CARTESIAN_POINT('',(17.3391813718463,-11.9196858803239,1.43648190177569));
#8329=CARTESIAN_POINT('',(17.337916745798,-11.9194367531767,1.43576113212121));
#8330=CARTESIAN_POINT('',(17.3366615457036,-11.9191754215237,1.43500563752195));
#8331=CARTESIAN_POINT('',(17.3446687329714,-11.9270779984391,1.42892680669127));
#8332=CARTESIAN_POINT('',(17.3432683726779,-11.9266278400462,1.42841385009601));
#8333=CARTESIAN_POINT('',(17.3418693746625,-11.9261555862715,1.42787624354054));
#8334=CARTESIAN_POINT('',(17.3465657340546,-11.9270779984391,1.41870856668813));
#8335=CARTESIAN_POINT('',(17.3451275716781,-11.9266278400462,1.41847551471424));
#8336=CARTESIAN_POINT('',(17.3436875398759,-11.9261555862715,1.41823145429368));
#8337=CARTESIAN_POINT('',(17.3309546428288,-11.9105538196959,1.43340365865999));
#8338=CARTESIAN_POINT('',(17.3304083428174,-11.9105538196959,1.43302215566325));
#8339=CARTESIAN_POINT('',(17.3298695583966,-11.9105538196959,1.43263269975005));
#8340=CARTESIAN_POINT('',(17.3354254451106,-11.9189026693446,1.43421781970431));
#8341=CARTESIAN_POINT('',(17.3348073407777,-11.918766305683,1.43382386962402));
#8342=CARTESIAN_POINT('',(17.3341951552685,-11.9186270681066,1.43342167495537));
#8343=CARTESIAN_POINT('',(17.340479395445,-11.9256626395018,1.42731527562563));
#8344=CARTESIAN_POINT('',(17.3397842946666,-11.925416173172,1.42703474983046));
#8345=CARTESIAN_POINT('',(17.3390923100204,-11.9251644976577,1.42674818253271));
#8346=CARTESIAN_POINT('',(17.3422504255552,-11.9256626395018,1.417976235308));
#8347=CARTESIAN_POINT('',(17.3415317538468,-11.925416173172,1.41784860587161));
#8348=CARTESIAN_POINT('',(17.3408143396153,-11.9251644976577,1.41771794310348));
#8349=CARTESIAN_POINT('',(17.3293355887463,-11.9105538196959,1.43223611582312));
#8350=CARTESIAN_POINT('',(17.3288016190961,-11.9105538196959,1.43183953189619));
#8351=CARTESIAN_POINT('',(17.3282705693058,-11.9105538196959,1.43143602733712));
#8352=CARTESIAN_POINT('',(17.333586455132,-11.9184854454046,1.43301210483119));
#8353=CARTESIAN_POINT('',(17.3329777173687,-11.9183438291268,1.43260250483268));
#8354=CARTESIAN_POINT('',(17.3323705080838,-11.9181997059892,1.43218572227082));
#8355=CARTESIAN_POINT('',(17.3384017998335,-11.924908497954,1.42645612843889));
#8356=CARTESIAN_POINT('',(17.3377112117143,-11.9246524990119,1.42616404372398));
#8357=CARTESIAN_POINT('',(17.3370206251823,-11.9243919572294,1.42586686897666));
#8358=CARTESIAN_POINT('',(17.3400972519051,-11.924908497954,1.41758436690996));
#8359=CARTESIAN_POINT('',(17.3393800836279,-11.9246524990119,1.41745077579777));
#8360=CARTESIAN_POINT('',(17.3386624277663,-11.9243919572294,1.4173149334085));
#8361=CARTESIAN_POINT('',(17.3277439503423,-11.9105538196959,1.43102516730966));
#8362=CARTESIAN_POINT('',(17.3266907124152,-11.9105538196959,1.43020344725472));
#8363=CARTESIAN_POINT('',(17.3256551977951,-11.9105538196959,1.42935230532615));
#8364=CARTESIAN_POINT('',(17.3317667969677,-11.9180539383473,1.43176140621019));
#8365=CARTESIAN_POINT('',(17.3305592586389,-11.9177624197881,1.430912678155));
#8366=CARTESIAN_POINT('',(17.3293662580924,-11.9174653410353,1.4300339050575));
#8367=CARTESIAN_POINT('',(17.3363316393012,-11.9241284279624,1.42556337262823));
#8368=CARTESIAN_POINT('',(17.3349534257877,-11.9236013655565,1.42495628074833));
#8369=CARTESIAN_POINT('',(17.3335821069824,-11.9230641899105,1.42432301234253));
#8370=CARTESIAN_POINT('',(17.3379449712284,-11.9241284279624,1.41717443452091));
#8371=CARTESIAN_POINT('',(17.3365098076923,-11.9236013655565,1.41689338740839));
#8372=CARTESIAN_POINT('',(17.3350753292753,-11.9230641899105,1.41659152082194));
#8373=CARTESIAN_POINT('',(17.3246494942161,-11.9105538196959,1.42846826283373));
#8374=CARTESIAN_POINT('',(17.3241466424266,-11.9105538196959,1.42802624158753));
#8375=CARTESIAN_POINT('',(17.3236512433974,-11.9105538196959,1.42757599520036));
#8376=CARTESIAN_POINT('',(17.32819275929,-11.9171494825656,1.42912029663942));
#8377=CARTESIAN_POINT('',(17.3276059478174,-11.9169915582147,1.42866343604437));
#8378=CARTESIAN_POINT('',(17.3270236799902,-11.9168283252688,1.42819780033969));
#8379=CARTESIAN_POINT('',(17.3322188953824,-11.9224930071434,1.42367051701474));
#8380=CARTESIAN_POINT('',(17.331537158206,-11.9222074050414,1.42334421089958));
#8381=CARTESIAN_POINT('',(17.3308571545999,-11.9219121901846,1.42301361744184));
#8382=CARTESIAN_POINT('',(17.3336452143046,-11.9224930071434,1.41629161069396));
#8383=CARTESIAN_POINT('',(17.3329300199059,-11.9222074050414,1.41614162635752));
#8384=CARTESIAN_POINT('',(17.3322160029145,-11.9219121901846,1.4159934378397));
#8385=CARTESIAN_POINT('',(17.3231648080952,-11.9105538196959,1.42711708883596));
#8386=CARTESIAN_POINT('',(17.322678372793,-11.9105538196959,1.42665818247155));
#8387=CARTESIAN_POINT('',(17.3222009012179,-11.9105538196959,1.42619061612991));
#8388=CARTESIAN_POINT('',(17.326448727509,-11.9166621355812,1.42772318573154));
#8389=CARTESIAN_POINT('',(17.3258737322579,-11.9164959480038,1.42724852991304));
#8390=CARTESIAN_POINT('',(17.325305751593,-11.9163262444184,1.42676483652066));
#8391=CARTESIAN_POINT('',(17.3301807588214,-11.921611608148,1.42267614413784));
#8392=CARTESIAN_POINT('',(17.3295042713628,-11.9213110157094,1.42233862839358));
#8393=CARTESIAN_POINT('',(17.3288312358229,-11.9210040453487,1.42199472924698));
#8394=CARTESIAN_POINT('',(17.3315026784587,-11.921611608148,1.41584126801668));
#8395=CARTESIAN_POINT('',(17.3307892580371,-11.9213110157094,1.41568907725935));
#8396=CARTESIAN_POINT('',(17.3300768531595,-11.9210040453487,1.41553414494394));
#8397=CARTESIAN_POINT('',(17.3217339043367,-11.9105538196959,1.42571395497476));
#8398=CARTESIAN_POINT('',(17.3212669074554,-11.9105538196959,1.42523729381961));
#8399=CARTESIAN_POINT('',(17.3208103852679,-11.9105538196959,1.42475153785095));
#8400=CARTESIAN_POINT('',(17.324745893854,-11.9161522809604,1.42627159474948));
#8401=CARTESIAN_POINT('',(17.3241859936775,-11.9159783206325,1.42577830825553));
#8402=CARTESIAN_POINT('',(17.3236342173633,-11.9158001025077,1.42527546966679));
#8403=CARTESIAN_POINT('',(17.3281625893078,-11.9206893516144,1.42164460666395));
#8404=CARTESIAN_POINT('',(17.3274938499739,-11.9203746483534,1.42129443829898));
#8405=CARTESIAN_POINT('',(17.3268294994837,-11.9200522243116,1.42093804317021));
#8406=CARTESIAN_POINT('',(17.329366591693,-11.9206893516144,1.41537753479922));
#8407=CARTESIAN_POINT('',(17.3286562323542,-11.9203746483534,1.41522090237624));
#8408=CARTESIAN_POINT('',(17.3279480154535,-11.9200522243116,1.41506259104993));
#8409=CARTESIAN_POINT('',(17.3203658487411,-11.9105538196959,1.42425625223249));
#8410=CARTESIAN_POINT('',(17.3201435804777,-11.9105538196959,1.42400860942327));
#8411=CARTESIAN_POINT('',(17.3199243086294,-11.9105538196959,1.42375858420159));
#8412=CARTESIAN_POINT('',(17.3230916735479,-11.9156168832561,1.42476256740528));
#8413=CARTESIAN_POINT('',(17.3228203863796,-11.9155252760956,1.42450609803961));
#8414=CARTESIAN_POINT('',(17.3225514077089,-11.9154324193612,1.42424711196931));
#8415=CARTESIAN_POINT('',(17.3261704751193,-11.9197207344355,1.42057558089653));
#8416=CARTESIAN_POINT('',(17.3258409285499,-11.9195549877481,1.42039433136873));
#8417=CARTESIAN_POINT('',(17.325512713778,-11.9193869755865,1.42021156442183));
#8418=CARTESIAN_POINT('',(17.3272430689986,-11.9197207344355,1.41490366491367));
#8419=CARTESIAN_POINT('',(17.3268905591819,-11.9195549877481,1.41482419321693));
#8420=CARTESIAN_POINT('',(17.3265388670851,-11.9193869755865,1.4147445677108));
#8421=CARTESIAN_POINT('',(17.3197082220671,-11.9105538196959,1.42350612221294));
#8422=CARTESIAN_POINT('',(17.3194921355049,-11.9105538196959,1.42325366022428));
#8423=CARTESIAN_POINT('',(17.3192798021322,-11.9105538196959,1.42299854077118));
#8424=CARTESIAN_POINT('',(17.3222848761103,-11.9153382201106,1.42398554516242));
#8425=CARTESIAN_POINT('',(17.3220183347464,-11.9152440232544,1.4237239656797));
#8426=CARTESIAN_POINT('',(17.321754766519,-11.9151484075056,1.42345957675725));
#8427=CARTESIAN_POINT('',(17.3251859479182,-11.9192165297146,1.42002729996097));
#8428=CARTESIAN_POINT('',(17.3248591595876,-11.9190460838228,1.41984302285632));
#8429=CARTESIAN_POINT('',(17.3245341851347,-11.9188730655472,1.41965706269258));
#8430=CARTESIAN_POINT('',(17.3261881336593,-11.9192165297146,1.41466492143164));
#8431=CARTESIAN_POINT('',(17.3258373761872,-11.9190460838228,1.41458526938794));
#8432=CARTESIAN_POINT('',(17.3254877858015,-11.9188730655472,1.41450547208329));
#8433=CARTESIAN_POINT('',(17.3190667702635,-11.9105538196959,1.42274256638281));
#8434=CARTESIAN_POINT('',(17.3186407065259,-11.9105538196959,1.42223061760606));
#8435=CARTESIAN_POINT('',(17.3182169662563,-11.9105538196959,1.42171309426544));
#8436=CARTESIAN_POINT('',(17.3214900207275,-11.9150519213812,1.42319423329905));
#8437=CARTESIAN_POINT('',(17.3209604990686,-11.9148589554683,1.42266350677911));
#8438=CARTESIAN_POINT('',(17.3204309773179,-11.9146617660109,1.42212673298928));
#8439=CARTESIAN_POINT('',(17.3242081740076,-11.9186984693078,1.41947099583025));
#8440=CARTESIAN_POINT('',(17.3235560823297,-11.9183492744623,1.41909882285545));
#8441=CARTESIAN_POINT('',(17.3229030798196,-11.9179924211279,1.41872441564173));
#8442=CARTESIAN_POINT('',(17.3251378141512,-11.9186984693078,1.41442670858727));
#8443=CARTESIAN_POINT('',(17.3244377965884,-11.9183492744623,1.41426916402051));
#8444=CARTESIAN_POINT('',(17.3237380802245,-11.9179924211279,1.41411454154085));
#8445=CARTESIAN_POINT('',(17.3178122046993,-11.9105538196959,1.42118252210739));
#8446=CARTESIAN_POINT('',(17.3176098239207,-11.9105538196959,1.42091723602836));
#8447=CARTESIAN_POINT('',(17.3174121878204,-11.9105538196959,1.42064868774498));
#8448=CARTESIAN_POINT('',(17.31991643761,-11.9144572840886,1.42157613346974));
#8449=CARTESIAN_POINT('',(17.3196591524995,-11.9143550460951,1.42130081191349));
#8450=CARTESIAN_POINT('',(17.3194056139444,-11.9142509865845,1.42102203276014));
#8451=CARTESIAN_POINT('',(17.3222595623222,-11.9176223483961,1.4183420510401));
#8452=CARTESIAN_POINT('',(17.3219377676049,-11.9174373095563,1.41815084750558));
#8453=CARTESIAN_POINT('',(17.3216183453832,-11.9172489682621,1.41795765380463));
#8454=CARTESIAN_POINT('',(17.3230450794307,-11.9176223483961,1.4139599598515));
#8455=CARTESIAN_POINT('',(17.322698540419,-11.9174373095563,1.4138826599573));
#8456=CARTESIAN_POINT('',(17.3223536813011,-11.9172489682621,1.41380537030004));
#8457=CARTESIAN_POINT('',(17.3172213783037,-11.9105538196959,1.42037594297554));
#8458=CARTESIAN_POINT('',(17.3171259735454,-11.9105538196959,1.42023957059082));
#8459=CARTESIAN_POINT('',(17.3170327433734,-11.9105538196959,1.42010199600082));
#8460=CARTESIAN_POINT('',(17.3191576968153,-11.9141447251731,1.42073882352424));
#8461=CARTESIAN_POINT('',(17.3190337351133,-11.9140915963069,1.42059721318962));
#8462=CARTESIAN_POINT('',(17.318911616761,-11.9140378621407,1.4204543366385));
#8463=CARTESIAN_POINT('',(17.3213025986164,-11.9170566352042,1.41776175464597));
#8464=CARTESIAN_POINT('',(17.3211447172719,-11.9169604699135,1.41766379963777));
#8465=CARTESIAN_POINT('',(17.3209880637566,-11.9168632072251,1.41756503930904));
#8466=CARTESIAN_POINT('',(17.3220113071573,-11.9170566352042,1.41372773109354));
#8467=CARTESIAN_POINT('',(17.3218401113843,-11.9169604699135,1.41368890934923));
#8468=CARTESIAN_POINT('',(17.3216697168101,-11.9168632072251,1.41364991351235));
#8469=CARTESIAN_POINT('',(17.3169410424994,-11.9105538196959,1.41996339617766));
#8470=CARTESIAN_POINT('',(17.3168493416254,-11.9105538196959,1.4198247963545));
#8471=CARTESIAN_POINT('',(17.3167591700494,-11.9105538196959,1.41968517129817));
#8472=CARTESIAN_POINT('',(17.3187907294567,-11.9139835826339,1.42031037662362));
#8473=CARTESIAN_POINT('',(17.3186698405733,-11.9139293052115,1.42016641273386));
#8474=CARTESIAN_POINT('',(17.3185500922498,-11.9138743146105,1.42002134824555));
#8475=CARTESIAN_POINT('',(17.3208322044635,-11.9167649558656,1.41746563174203));
#8476=CARTESIAN_POINT('',(17.3206763407098,-11.9166667068396,1.41736622058345));
#8477=CARTESIAN_POINT('',(17.3205212818555,-11.9165671656056,1.41726631912427));
#8478=CARTESIAN_POINT('',(17.321499877135,-11.9167649558656,1.4136108653049));
#8479=CARTESIAN_POINT('',(17.32133003247,-11.9166667068396,1.41357181579234));
#8480=CARTESIAN_POINT('',(17.3211609683235,-11.9165671656056,1.41353310268685));
#8481=CARTESIAN_POINT('',(17.3166698824831,-11.9105538196959,1.4195446979808));
#8482=CARTESIAN_POINT('',(17.3163127322177,-11.9105538196959,1.41898280471132));
#8483=CARTESIAN_POINT('',(17.3159688905075,-11.9105538196959,1.41840801115266));
#8484=CARTESIAN_POINT('',(17.3184312067252,-11.9138192911314,1.41987542874847));
#8485=CARTESIAN_POINT('',(17.317955657546,-11.9135992335485,1.41929171246743));
#8486=CARTESIAN_POINT('',(17.3174936920466,-11.9133797838956,1.41869510040016));
#8487=CARTESIAN_POINT('',(17.3203665563156,-11.9164675625994,1.41716550678885));
#8488=CARTESIAN_POINT('',(17.3197476246954,-11.9160692017502,1.41676222330376));
#8489=CARTESIAN_POINT('',(17.3191336908822,-11.9156719063915,1.416344217867));
#8490=CARTESIAN_POINT('',(17.3209916078098,-11.9164675625994,1.41349341470769));
#8491=CARTESIAN_POINT('',(17.3203141306761,-11.9160692017502,1.41333465213106));
#8492=CARTESIAN_POINT('',(17.3196308232375,-11.9156719063915,1.4131588806715));
#8493=CARTESIAN_POINT('',(17.3156597512215,-11.9105538196959,1.41781709754599));
#8494=CARTESIAN_POINT('',(17.3155824664,-11.9105538196959,1.41766936914432));
#8495=CARTESIAN_POINT('',(17.315507791046,-11.9105538196959,1.41752060499162));
#8496=CARTESIAN_POINT('',(17.3170570135226,-11.9131430084536,1.41808054828441));
#8497=CARTESIAN_POINT('',(17.3169478516787,-11.913083840532,1.41792690102275));
#8498=CARTESIAN_POINT('',(17.3168406960579,-11.9130235627033,1.41777210093512));
#8499=CARTESIAN_POINT('',(17.3185410693877,-11.9152432300444,1.41592383283054));
#8500=CARTESIAN_POINT('',(17.3183929232458,-11.9151361037464,1.41581873006412));
#8501=CARTESIAN_POINT('',(17.3182464240989,-11.9150269666325,1.41571345132152));
#8502=CARTESIAN_POINT('',(17.3189733515639,-11.9152432300444,1.41300171394637));
#8503=CARTESIAN_POINT('',(17.3188089912019,-11.9151361037464,1.4129624225676));
#8504=CARTESIAN_POINT('',(17.3186464390769,-11.9150269666325,1.41292427500574));
#8505=CARTESIAN_POINT('',(17.3154353433866,-11.9105538196959,1.41737080053867));
#8506=CARTESIAN_POINT('',(17.3153628957272,-11.9105538196959,1.41722099608572));
#8507=CARTESIAN_POINT('',(17.3152926757625,-11.9105538196959,1.41707015133252));
#8508=CARTESIAN_POINT('',(17.3167350289369,-11.9129619224987,1.41761611757053));
#8509=CARTESIAN_POINT('',(17.3166293642546,-11.912900291306,1.41746013010937));
#8510=CARTESIAN_POINT('',(17.3165250854594,-11.9128371075482,1.41730293969027));
#8511=CARTESIAN_POINT('',(17.3181012990078,-11.9149153619093,1.41560823006508));
#8512=CARTESIAN_POINT('',(17.3179561762811,-11.9148037716246,1.41550300582506));
#8513=CARTESIAN_POINT('',(17.3178125801256,-11.9146893695069,1.41539802354719));
#8514=CARTESIAN_POINT('',(17.3184858595899,-11.9149153619093,1.41288785596519));
#8515=CARTESIAN_POINT('',(17.3183252818024,-11.9148037716246,1.41285143690392));
#8516=CARTESIAN_POINT('',(17.3181672460411,-11.9146893695069,1.41281720205284));
#8517=CARTESIAN_POINT('',(17.3152243017196,-11.9105538196959,1.41691826172986));
#8518=CARTESIAN_POINT('',(17.3150875536338,-11.9105538196959,1.41661448252454));
#8519=CARTESIAN_POINT('',(17.3149543905987,-11.9105538196959,1.41630682201474));
#8520=CARTESIAN_POINT('',(17.3164220727207,-11.9127728560358,1.41714459097037));
#8521=CARTESIAN_POINT('',(17.3162160515015,-11.9126443741589,1.41682787978866));
#8522=CARTESIAN_POINT('',(17.3160114755433,-11.9125119497783,1.41650686540523));
#8523=CARTESIAN_POINT('',(17.3176695818956,-11.914573031996,1.4152927717399));
#8524=CARTESIAN_POINT('',(17.3173835866469,-11.9143403889333,1.41508225770511));
#8525=CARTESIAN_POINT('',(17.3170974755073,-11.9141005991502,1.41487084964289));
#8526=CARTESIAN_POINT('',(17.3180095659159,-11.914573031996,1.41278390477652));
#8527=CARTESIAN_POINT('',(17.3176942049032,-11.9143403889333,1.41271730948333));
#8528=CARTESIAN_POINT('',(17.3173789493417,-11.9141005991502,1.41265443545811));
#8529=CARTESIAN_POINT('',(17.3148385096521,-11.9105538196959,1.41599506371147));
#8530=CARTESIAN_POINT('',(17.3147805691788,-11.9105538196959,1.41583918455983));
#8531=CARTESIAN_POINT('',(17.3147281033864,-11.9105538196959,1.41568261450571));
#8532=CARTESIAN_POINT('',(17.315821855659,-11.9123752505799,1.41618129605389));
#8533=CARTESIAN_POINT('',(17.3157270501338,-11.9123069151374,1.41601850414672));
#8534=CARTESIAN_POINT('',(17.3156371646781,-11.9122375610792,1.41585491163312));
#8535=CARTESIAN_POINT('',(17.3168242301873,-11.9138530596222,1.41465853264108));
#8536=CARTESIAN_POINT('',(17.316687611912,-11.913729311837,1.41455236924035));
#8537=CARTESIAN_POINT('',(17.3165551543417,-11.9136037168628,1.41444624636426));
#8538=CARTESIAN_POINT('',(17.3170763158498,-11.9138530596222,1.41259559416919));
#8539=CARTESIAN_POINT('',(17.316925002438,-11.913729311837,1.41256617411454));
#8540=CARTESIAN_POINT('',(17.3167774704367,-11.9136037168628,1.4125379383881));
#8541=CARTESIAN_POINT('',(17.314676703031,-11.9105538196959,1.41552340114814));
#8542=CARTESIAN_POINT('',(17.3146253026757,-11.9105538196959,1.41536418779056));
#8543=CARTESIAN_POINT('',(17.3145757078321,-11.9105538196959,1.41520274010946));
#8544=CARTESIAN_POINT('',(17.3155476120131,-11.9121668545914,1.41568853262495));
#8545=CARTESIAN_POINT('',(17.3154580619255,-11.9120961565328,1.41552214836612));
#8546=CARTESIAN_POINT('',(17.3153696214658,-11.912024174665,1.41535339302408));
#8547=CARTESIAN_POINT('',(17.3164234490823,-11.9134756710978,1.4143386148716));
#8548=CARTESIAN_POINT('',(17.3162917459783,-11.9133476379145,1.41423097972277));
#8549=CARTESIAN_POINT('',(17.3161614360746,-11.9132172777279,1.41412216555702));
#8550=CARTESIAN_POINT('',(17.3166319415886,-11.9134756710978,1.41250990950747));
#8551=CARTESIAN_POINT('',(17.3164864142148,-11.9133476379145,1.41248188089539));
#8552=CARTESIAN_POINT('',(17.3163433268523,-11.9132172777279,1.41245427628053));
#8553=CARTESIAN_POINT('',(17.3145288239437,-11.9105538196959,1.41503966289182));
#8554=CARTESIAN_POINT('',(17.3144350561668,-11.9105538196959,1.41471350845653));
#8555=CARTESIAN_POINT('',(17.3143521322104,-11.9105538196959,1.41438083587505));
#8556=CARTESIAN_POINT('',(17.3152832636615,-11.9119510346895,1.41518288374144));
#8557=CARTESIAN_POINT('',(17.3151105452318,-11.9118047598608,1.41484184626817));
#8558=CARTESIAN_POINT('',(17.3149455086572,-11.9116526494417,1.41449366747512));
#8559=CARTESIAN_POINT('',(17.3160336805841,-11.9130848180101,1.41401269156679));
#8560=CARTESIAN_POINT('',(17.315778156839,-11.9128198987856,1.41379372814279));
#8561=CARTESIAN_POINT('',(17.3155293457424,-11.9125443990552,1.41357274550567));
#8562=CARTESIAN_POINT('',(17.3162040051335,-11.9130848180101,1.4124274815536));
#8563=CARTESIAN_POINT('',(17.315925347165,-11.9128198987856,1.41237388928743));
#8564=CARTESIAN_POINT('',(17.3156553774104,-11.9125443990552,1.4123252001531));
#8565=CARTESIAN_POINT('',(17.3142872956205,-11.9105538196959,1.41404648344311));
#8566=CARTESIAN_POINT('',(17.3142224590307,-11.9105538196959,1.41371213101117));
#8567=CARTESIAN_POINT('',(17.3141757098075,-11.9105538196959,1.41337609872878));
#8568=CARTESIAN_POINT('',(17.3147975716851,-11.9114987312112,1.41414359598449));
#8569=CARTESIAN_POINT('',(17.314649623794,-11.9113448027982,1.41379349549677));
#8570=CARTESIAN_POINT('',(17.3145178737527,-11.91118739147,1.41344132890978));
#8571=CARTESIAN_POINT('',(17.3152986378829,-11.9122656122804,1.41335158645221));
#8572=CARTESIAN_POINT('',(17.3150678995127,-11.9119867930522,1.41313040266163));
#8573=CARTESIAN_POINT('',(17.314853724376,-11.9117016511879,1.41291028733777));
#8574=CARTESIAN_POINT('',(17.3154057451963,-11.9122656122804,1.41227864735655));
#8575=CARTESIAN_POINT('',(17.3151560804456,-11.9119867930522,1.41223208851513));
#8576=CARTESIAN_POINT('',(17.3149253287737,-11.9117016511879,1.4121908311924));
#8577=CARTESIAN_POINT('',(17.3141542914971,-11.9105538196959,1.41304322489168));
#8578=CARTESIAN_POINT('',(17.3141328731867,-11.9105538196959,1.41271035105458));
#8579=CARTESIAN_POINT('',(17.3141367857891,-11.9105538196959,1.41238063566278));
#8580=CARTESIAN_POINT('',(17.3141732728505,-11.9105538196959,1.41205891701201));
#8581=CARTESIAN_POINT('',(17.3144107376521,-11.9110286660316,1.41309215621747));
#8582=CARTESIAN_POINT('',(17.3143035933063,-11.910869928745,1.41274295360804));
#8583=CARTESIAN_POINT('',(17.3142213455914,-11.9107103927545,1.4123967981642));
#8584=CARTESIAN_POINT('',(17.3146631944913,-11.9114141136627,1.41269423738423));
#8585=CARTESIAN_POINT('',(17.3144726385227,-11.9111265394811,1.41247816280267));
#8586=CARTESIAN_POINT('',(17.3143063412872,-11.9108375030158,1.4122657848891));
#8587=CARTESIAN_POINT('',(17.3147177575108,-11.9114141136627,1.41215510769245));
#8588=CARTESIAN_POINT('',(17.3145101582834,-11.9111265394811,1.41211937946382));
#8589=CARTESIAN_POINT('',(17.3143264781481,-11.9108375030158,1.41208824273595));
#8590=GEOMETRIC_SET('OTGQOZDGCY, Wing, 1',(#4500,#5013,#5526,#6039,#6552,#7571));
#8591=GEOMETRICALLY_BOUNDED_SURFACE_SHAPE_REPRESENTATION('',(#8590),#12);
#8592=SHAPE_REPRESENTATION_RELATIONSHIP('','',#26,#8591);
#8593=B_SPLINE_SURFACE_WITH_KNOTS('Surf_LZMFONIUSU, HT, 0, 1, lower',1,3,((#8594, #8595, #8596, #8600, #8601, #8602, #8606, #8607, #8608, #8612, #8613, #8614, #8618, #8619, #8620, #8624, #8625, #8626, #8630, #8631, #8632, #8636, #8637, #8638, #8642, #8643, #8644, #8648, #8649, #8650, #8654, #8655, #8656, #8660, #8661, #8662, #8666, #8667, #8668, #8672, #8673, #8674, #8678, #8679, #8680, #8684, #8685, #8686, #8690, #8691, #8692, #8696, #8697, #8698, #8702, #8703, #8704, #8708, #8709, #8710, #8714, #8715, #8716, #8720, #8721, #8722, #8726, #8727, #8728, #8732, #8733, #8734, #8738, #8739, #8740, #8744, #8745, #8746, #8750, #8751, #8752, #8756, #8757, #8758, #8762, #8763, #8764, #8768, #8769, #8770, #8774, #8775, #8776, #8780, #8781, #8782, #8783),(#8597, #8598, #8599, #8603, #8604, #8605, #8609, #8610, #8611, #8615, #8616, #8617, #8621, #8622, #8623, #8627, #8628, #8629, #8633, #8634, #8635, #8639, #8640, #8641, #8645, #8646, #8647, #8651, #8652, #8653, #8657, #8658, #8659, #8663, #8664, #8665, #8669, #8670, #8671, #8675, #8676, #8677, #8681, #8682, #8683, #8687, #8688, #8689, #8693, #8694, #8695, #8699, #8700, #8701, #8705, #8706, #8707, #8711, #8712, #8713, #8717, #8718, #8719, #8723, #8724, #8725, #8729, #8730, #8731, #8735, #8736, #8737, #8741, #8742, #8743, #8747, #8748, #8749, #8753, #8754, #8755, #8759, #8760, #8761, #8765, #8766, #8767, #8771, #8772, #8773, #8777, #8778, #8779, #8784, #8785, #8786, #8787)),.UNSPECIFIED.,.F.,.F.,.F.,(2,2),(4,3,3,3,3,3,3,3,3,3,3,3,3,3,3,3,3,3,3,3,3,3,3,3,3,3,3,3,3,3,3,3,4),(0.,1.),(0.,1.,2.,3.,4.,5.,6.,7.,8.,9.,10.,11.,12.,13.,14.,15.,16.,17.,18.,19.,20.,21.,22.,23.,24.,25.,26.,27.,28.,29.,30.,31.,32.),.PIECEWISE_BEZIER_KNOTS.);
#8594=CARTESIAN_POINT('',(29.534,0.,1.57213114754098));
#8595=CARTESIAN_POINT('',(29.3856066214124,0.,1.55478026258427));
#8596=CARTESIAN_POINT('',(29.237083503688,0.,1.5385431086745));
#8597=CARTESIAN_POINT('',(30.8158053751424,5.,1.57213114754098));
#8598=CARTESIAN_POINT('',(30.76894430822,5.,1.56665192071255));
#8599=CARTESIAN_POINT('',(30.7220422710439,5.,1.56152439842525));
#8600=CARTESIAN_POINT('',(29.0884598941337,0.,1.52328918603113));
#8601=CARTESIAN_POINT('',(28.9398362845793,0.,1.50803526338776));
#8602=CARTESIAN_POINT('',(28.791111816775,0.,1.49376346819082));
#8603=CARTESIAN_POINT('',(30.6751084996057,5.,1.55670737022208));
#8604=CARTESIAN_POINT('',(30.6281747281675,5.,1.55189034201891));
#8605=CARTESIAN_POINT('',(30.5812091067556,5.,1.54738345932514));
#8606=CARTESIAN_POINT('',(28.6422957206662,0.,1.4805178394466));
#8607=CARTESIAN_POINT('',(28.4934796245573,0.,1.46727221070239));
#8608=CARTESIAN_POINT('',(28.3445713115015,0.,1.4550536061284));
#8609=CARTESIAN_POINT('',(30.5342145500896,5.,1.54320062919539));
#8610=CARTESIAN_POINT('',(30.4872199934237,5.,1.53901779906564));
#8611=CARTESIAN_POINT('',(30.4401963156166,5.,1.53515929235806));
#8612=CARTESIAN_POINT('',(28.1955682142307,0.,1.44410982965199));
#8613=CARTESIAN_POINT('',(28.0465651169599,0.,1.43316605317558));
#8614=CARTESIAN_POINT('',(27.8974660481986,0.,1.42350036290017));
#8615=CARTESIAN_POINT('',(30.3931427059521,5.,1.53170336294446));
#8616=CARTESIAN_POINT('',(30.3460890962877,5.,1.52824743353086));
#8617=CARTESIAN_POINT('',(30.2990051798367,5.,1.52519511028599));
#8618=CARTESIAN_POINT('',(27.7482694790065,0.,1.41561285085267));
#8619=CARTESIAN_POINT('',(27.6736711944105,0.,1.41166909482892));
#8620=CARTESIAN_POINT('',(27.5990487656256,0.,1.40818575856938));
#8621=CARTESIAN_POINT('',(30.2518904737761,5.,1.52270431700783));
#8622=CARTESIAN_POINT('',(30.2283331207458,5.,1.52145892036875));
#8623=CARTESIAN_POINT('',(30.2047681432347,5.,1.52035891944469));
#8624=CARTESIAN_POINT('',(27.5244041034025,0.,1.40524764323536));
#8625=CARTESIAN_POINT('',(27.487081772291,0.,1.40377858556835));
#8626=CARTESIAN_POINT('',(27.4497539878887,0.,1.40245074247817));
#8627=CARTESIAN_POINT('',(30.181196144638,5.,1.51943109354973));
#8628=CARTESIAN_POINT('',(30.1694101453396,5.,1.51896718060226));
#8629=CARTESIAN_POINT('',(30.1576224239494,5.,1.51854786173167));
#8630=CARTESIAN_POINT('',(27.4124213064864,0.,1.40127562316309));
#8631=CARTESIAN_POINT('',(27.375088625084,0.,1.40010050384802));
#8632=CARTESIAN_POINT('',(27.3377509019348,0.,1.39907845429227));
#8633=CARTESIAN_POINT('',(30.1458331561381,5.,1.51817677142165));
#8634=CARTESIAN_POINT('',(30.1340438883269,5.,1.51780568111163));
#8635=CARTESIAN_POINT('',(30.122253028385,5.,1.51748292862034));
#8636=CARTESIAN_POINT('',(27.3004094803097,0.,1.39823259636166));
#8637=CARTESIAN_POINT('',(27.2257266370594,0.,1.39654088050044));
#8638=CARTESIAN_POINT('',(27.1510271103156,0.,1.39553208506472));
#8639=CARTESIAN_POINT('',(30.1104610005034,5.,1.51721581558962));
#8640=CARTESIAN_POINT('',(30.0868769447402,5.,1.51668158952818));
#8641=CARTESIAN_POINT('',(30.0632876205053,5.,1.51636302254848));
#8642=CARTESIAN_POINT('',(27.0763245119903,0.,1.39539641711481));
#8643=CARTESIAN_POINT('',(27.0389732128276,0.,1.39532858313985));
#8644=CARTESIAN_POINT('',(27.0016218256687,0.,1.39548466273944));
#8645=CARTESIAN_POINT('',(30.0396973262973,5.,1.51632018003798));
#8646=CARTESIAN_POINT('',(30.0279021791933,5.,1.51629875878273));
#8647=CARTESIAN_POINT('',(30.016107004301,5.,1.51634804707734));
#8648=CARTESIAN_POINT('',(26.9642724776572,0.,1.39588726299535));
#8649=CARTESIAN_POINT('',(26.9455978036514,0.,1.3960885631233));
#8650=CARTESIAN_POINT('',(26.9269244294851,0.,1.39635849645637));
#8651=CARTESIAN_POINT('',(30.00431247335,5.,1.51647518400026));
#8652=CARTESIAN_POINT('',(29.9984152078745,5.,1.51653875246172));
#8653=CARTESIAN_POINT('',(29.9925183528746,5.,1.51662399456689));
#8654=CARTESIAN_POINT('',(26.908251708596,0.,1.3966917111744));
#8655=CARTESIAN_POINT('',(26.8895789877068,0.,1.39702492589243));
#8656=CARTESIAN_POINT('',(26.8709070660437,0.,1.39742244733507));
#8657=CARTESIAN_POINT('',(29.9866217041727,5.,1.51672922026733));
#8658=CARTESIAN_POINT('',(29.9807250554709,5.,1.51683444596776));
#8659=CARTESIAN_POINT('',(29.9748286591562,5.,1.51695997905491));
#8660=CARTESIAN_POINT('',(26.8522378308789,0.,1.39789998771455));
#8661=CARTESIAN_POINT('',(26.7775608902196,0.,1.39981014923245));
#8662=CARTESIAN_POINT('',(26.7029059066764,0.,1.40284698788296));
#8663=CARTESIAN_POINT('',(29.9689331112095,5.,1.51711078128001));
#8664=CARTESIAN_POINT('',(29.9453509194223,5.,1.5177139901804));
#8665=CARTESIAN_POINT('',(29.9217756614613,5.,1.5186729918595));
#8666=CARTESIAN_POINT('',(26.628350592626,0.,1.40753654070203));
#8667=CARTESIAN_POINT('',(26.5910729356008,0.,1.40988131711157));
#8668=CARTESIAN_POINT('',(26.5538203182449,0.,1.41263776808336));
#8669=CARTESIAN_POINT('',(29.898231878077,5.,1.52015390327605));
#8670=CARTESIAN_POINT('',(29.8864599863848,5.,1.52089435898433));
#8671=CARTESIAN_POINT('',(29.8746960019566,5.,1.52176481718595));
#8672=CARTESIAN_POINT('',(26.5166135163215,0.,1.41591873497116));
#8673=CARTESIAN_POINT('',(26.479406714398,0.,1.41919970185895));
#8674=CARTESIAN_POINT('',(26.4422444291202,0.,1.42299821817742));
#8675=CARTESIAN_POINT('',(29.8629464855597,5.,1.52280091199262));
#8676=CARTESIAN_POINT('',(29.8511969691628,5.,1.52383700679929));
#8677=CARTESIAN_POINT('',(29.8394615106541,5.,1.52503653826828));
#8678=CARTESIAN_POINT('',(26.4051619036532,0.,1.42747736587055));
#8679=CARTESIAN_POINT('',(26.3958912722865,0.,1.42859715279384));
#8680=CARTESIAN_POINT('',(26.3866267865962,0.,1.42976400104519));
#8681=CARTESIAN_POINT('',(29.827751239454,5.,1.52645100596085));
#8682=CARTESIAN_POINT('',(29.824823671654,5.,1.52680462288399));
#8683=CARTESIAN_POINT('',(29.8218980445939,5.,1.52717310127915));
#8684=CARTESIAN_POINT('',(26.3773680226243,0.,1.43097649133512));
#8685=CARTESIAN_POINT('',(26.3681092586525,0.,1.43218898162504));
#8686=CARTESIAN_POINT('',(26.3588556270738,0.,1.4334446272704));
#8687=CARTESIAN_POINT('',(29.8189742243922,5.,1.52755599294966));
#8688=CARTESIAN_POINT('',(29.8160504041906,5.,1.52793888462016));
#8689=CARTESIAN_POINT('',(29.8131282047447,5.,1.52833540429764));
#8690=CARTESIAN_POINT('',(26.349610584434,0.,1.43475691234258));
#8691=CARTESIAN_POINT('',(26.3311204991543,0.,1.43738148248696));
#8692=CARTESIAN_POINT('',(26.3126593791304,0.,1.44021227977605));
#8693=CARTESIAN_POINT('',(29.8102087175953,5.,1.52874981010991));
#8694=CARTESIAN_POINT('',(29.8043697432964,5.,1.52957862173445));
#8695=CARTESIAN_POINT('',(29.7985399159205,5.,1.53047255772048));
#8696=CARTESIAN_POINT('',(26.2942387804348,0.,1.44329132655166));
#8697=CARTESIAN_POINT('',(26.2758181817393,0.,1.44637037332727));
#8698=CARTESIAN_POINT('',(26.2574423418054,0.,1.44971197826096));
#8699=CARTESIAN_POINT('',(29.7927228847534,5.,1.5314448882812));
#8700=CARTESIAN_POINT('',(29.7869058535864,5.,1.53241721884192));
#8701=CARTESIAN_POINT('',(29.7811029567652,5.,1.53347246250519));
#8702=CARTESIAN_POINT('',(26.2391279265263,0.,1.45337001341394));
#8703=CARTESIAN_POINT('',(26.2208135112471,0.,1.45702804856692));
#8704=CARTESIAN_POINT('',(26.20256479446,0.,1.46101616343374));
#8705=CARTESIAN_POINT('',(29.7753194572034,5.,1.53462763150087));
#8706=CARTESIAN_POINT('',(29.7695359576415,5.,1.53578280049654));
#8707=CARTESIAN_POINT('',(29.7637732049719,5.,1.53704220519133));
#8708=CARTESIAN_POINT('',(26.1844204997351,0.,1.46544171687483));
#8709=CARTESIAN_POINT('',(26.1753483523727,0.,1.46765449359538));
#8710=CARTESIAN_POINT('',(26.1663031325977,0.,1.4699791547876));
#8711=CARTESIAN_POINT('',(29.7580434276904,5.,1.53843974838325));
#8712=CARTESIAN_POINT('',(29.7551785390496,5.,1.53913851997921));
#8713=CARTESIAN_POINT('',(29.7523221538575,5.,1.5398726235136));
#8714=CARTESIAN_POINT('',(26.1572974382754,0.,1.4724455791787));
#8715=CARTESIAN_POINT('',(26.148291743953,0.,1.4749120035698));
#8716=CARTESIAN_POINT('',(26.1393198349231,0.,1.47750721415618));
#8717=CARTESIAN_POINT('',(29.7494782503873,5.,1.54065149437395));
#8718=CARTESIAN_POINT('',(29.7466343469171,5.,1.54143036523429));
#8719=CARTESIAN_POINT('',(29.7438011124866,5.,1.54224990541947));
#8720=CARTESIAN_POINT('',(26.1304008749462,0.,1.48027382725351));
#8721=CARTESIAN_POINT('',(26.1214819149692,0.,1.48304044035083));
#8722=CARTESIAN_POINT('',(26.1126177130179,0.,1.48598229056808));
#8723=CARTESIAN_POINT('',(29.7409845988096,5.,1.54312357271336));
#8724=CARTESIAN_POINT('',(29.7381680851327,5.,1.54399724000725));
#8725=CARTESIAN_POINT('',(29.7353688634639,5.,1.54492624533902));
#8726=CARTESIAN_POINT('',(26.1038292967885,0.,1.48913963872687));
#8727=CARTESIAN_POINT('',(26.0994350886738,0.,1.49071831280626));
#8728=CARTESIAN_POINT('',(26.0950621471186,0.,1.49235517226303));
#8729=CARTESIAN_POINT('',(29.7325935741283,5.,1.54592330265232));
#8730=CARTESIAN_POINT('',(29.7312059294605,5.,1.54642183130897));
#8731=CARTESIAN_POINT('',(29.7298250005483,5.,1.54693873429531));
#8732=CARTESIAN_POINT('',(26.090713584214,0.,1.49405525791534));
#8733=CARTESIAN_POINT('',(26.0863650213094,0.,1.49575534356765));
#8734=CARTESIAN_POINT('',(26.08204109249,0.,1.49751965903342));
#8735=CARTESIAN_POINT('',(29.7284517701574,5.,1.54747560344867));
#8736=CARTESIAN_POINT('',(29.7270785397665,5.,1.54801247260204));
#8737=CARTESIAN_POINT('',(29.7257130885603,5.,1.54856962485439));
#8738=CARTESIAN_POINT('',(26.0777526511459,0.,1.4993647206223));
#8739=CARTESIAN_POINT('',(26.0691757684577,0.,1.50305484380005));
#8740=CARTESIAN_POINT('',(26.0607186537685,0.,1.50703864656421));
#8741=CARTESIAN_POINT('',(29.7243588439254,5.,1.54915227588245));
#8742=CARTESIAN_POINT('',(29.7216503546554,5.,1.55031757793859));
#8743=CARTESIAN_POINT('',(29.7189796868588,5.,1.55157562091674));
#8744=CARTESIAN_POINT('',(26.052504683072,0.,1.51148095247168));
#8745=CARTESIAN_POINT('',(26.0483976977237,0.,1.51370210542542));
#8746=CARTESIAN_POINT('',(26.04435315278,0.,1.51603902147367));
#8747=CARTESIAN_POINT('',(29.7163858013757,5.,1.5529784543612));
#8748=CARTESIAN_POINT('',(29.7150888586341,5.,1.55367987108344));
#8749=CARTESIAN_POINT('',(29.7138116339151,5.,1.55441784457236));
#8750=CARTESIAN_POINT('',(26.040397686175,0.,1.51852044129847));
#8751=CARTESIAN_POINT('',(26.0364422195699,0.,1.52100186112327));
#8752=CARTESIAN_POINT('',(26.0325758453075,0.,1.52362864903724));
#8753=CARTESIAN_POINT('',(29.7125625391977,5.,1.55520145083282));
#8754=CARTESIAN_POINT('',(29.7113134444803,5.,1.55598505709328));
#8755=CARTESIAN_POINT('',(29.7100924841869,5.,1.55681456906612));
#8756=CARTESIAN_POINT('',(26.0288542568518,0.,1.52644709508293));
#8757=CARTESIAN_POINT('',(26.0251326683962,0.,1.52926554112861));
#8758=CARTESIAN_POINT('',(26.0215477150433,0.,1.53227111451462));
#8759=CARTESIAN_POINT('',(29.7089172457272,5.,1.55770460465949));
#8760=CARTESIAN_POINT('',(29.7077420072675,5.,1.55859464025287));
#8761=CARTESIAN_POINT('',(29.7066099167351,5.,1.55954376869055));
#8762=CARTESIAN_POINT('',(26.0181974077965,0.,1.53552399095782));
#8763=CARTESIAN_POINT('',(26.0148471005497,0.,1.53877686740102));
#8764=CARTESIAN_POINT('',(26.0117317513187,0.,1.54228074420804));
#8765=CARTESIAN_POINT('',(29.7055519249729,5.,1.56057099283051));
#8766=CARTESIAN_POINT('',(29.7044939332108,5.,1.56159821697047));
#8767=CARTESIAN_POINT('',(29.7035101387168,5.,1.56270470438321));
#8768=CARTESIAN_POINT('',(26.0090286017798,0.,1.5460880319295));
#8769=CARTESIAN_POINT('',(26.0063254522408,0.,1.54989531965097));
#8770=CARTESIAN_POINT('',(26.0040392334446,0.,1.55401731284425));
#8771=CARTESIAN_POINT('',(29.7026565125466,5.,1.56390700576894));
#8772=CARTESIAN_POINT('',(29.7018028863764,5.,1.56510930715467));
#8773=CARTESIAN_POINT('',(29.701080922546,5.,1.5664109892157));
#8774=CARTESIAN_POINT('',(26.002452186533,0.,1.55840757046574));
#8775=CARTESIAN_POINT('',(26.0016586630771,0.,1.56060269927648));
#8776=CARTESIAN_POINT('',(26.0010403578021,0.,1.56286188782919));
#8777=CARTESIAN_POINT('',(29.7005797498371,5.,1.56779738635933));
#8778=CARTESIAN_POINT('',(29.7003291634826,5.,1.56849058493114));
#8779=CARTESIAN_POINT('',(29.7001339091852,5.,1.56920401289515));
#8780=CARTESIAN_POINT('',(26.000625321903,0.,1.56516060881014));
#8781=CARTESIAN_POINT('',(26.0002102860039,0.,1.56745932979109));
#8782=CARTESIAN_POINT('',(26.,0.,1.56980230500843));
#8783=CARTESIAN_POINT('',(26.,0.,1.57213114754098));
#8784=CARTESIAN_POINT('',(29.7000028452171,5.,1.56992992478388));
#8785=CARTESIAN_POINT('',(29.6998717812489,5.,1.5706558366726));
#8786=CARTESIAN_POINT('',(29.6998053751424,5.,1.57139572358334));
#8787=CARTESIAN_POINT('',(29.6998053751424,5.,1.57213114754098));
#8788=B_SPLINE_SURFACE_WITH_KNOTS('Surf_LZMFONIUSU, HT, 0, 4, upper',1,3,((#8789, #8790, #8791, #8795, #8796, #8797, #8801, #8802, #8803, #8807, #8808, #8809, #8813, #8814, #8815, #8819, #8820, #8821, #8825, #8826, #8827, #8831, #8832, #8833, #8837, #8838, #8839, #8843, #8844, #8845, #8849, #8850, #8851, #8855, #8856, #8857, #8861, #8862, #8863, #8867, #8868, #8869, #8873, #8874, #8875, #8879, #8880, #8881, #8885, #8886, #8887, #8891, #8892, #8893, #8897, #8898, #8899, #8903, #8904, #8905, #8909, #8910, #8911, #8915, #8916, #8917, #8921, #8922, #8923, #8927, #8928, #8929, #8933, #8934, #8935, #8939, #8940, #8941, #8945, #8946, #8947, #8951, #8952, #8953, #8957, #8958, #8959, #8963, #8964, #8965, #8969, #8970, #8971, #8975, #8976, #8977, #8978),(#8792, #8793, #8794, #8798, #8799, #8800, #8804, #8805, #8806, #8810, #8811, #8812, #8816, #8817, #8818, #8822, #8823, #8824, #8828, #8829, #8830, #8834, #8835, #8836, #8840, #8841, #8842, #8846, #8847, #8848, #8852, #8853, #8854, #8858, #8859, #8860, #8864, #8865, #8866, #8870, #8871, #8872, #8876, #8877, #8878, #8882, #8883, #8884, #8888, #8889, #8890, #8894, #8895, #8896, #8900, #8901, #8902, #8906, #8907, #8908, #8912, #8913, #8914, #8918, #8919, #8920, #8924, #8925, #8926, #8930, #8931, #8932, #8936, #8937, #8938, #8942, #8943, #8944, #8948, #8949, #8950, #8954, #8955, #8956, #8960, #8961, #8962, #8966, #8967, #8968, #8972, #8973, #8974, #8979, #8980, #8981, #8982)),.UNSPECIFIED.,.F.,.F.,.F.,(2,2),(4,3,3,3,3,3,3,3,3,3,3,3,3,3,3,3,3,3,3,3,3,3,3,3,3,3,3,3,3,3,3,3,4),(0.,1.),(0.,1.,2.,3.,4.,5.,6.,7.,8.,9.,10.,11.,12.,13.,14.,15.,16.,17.,18.,19.,20.,21.,22.,23.,24.,25.,26.,27.,28.,29.,30.,31.,32.),.PIECEWISE_BEZIER_KNOTS.);
#8789=CARTESIAN_POINT('',(26.,0.,1.57213114754098));
#8790=CARTESIAN_POINT('',(26.,0.,1.57445999007354));
#8791=CARTESIAN_POINT('',(26.0002102860039,0.,1.57680296529088));
#8792=CARTESIAN_POINT('',(29.6998053751424,5.,1.57213114754098));
#8793=CARTESIAN_POINT('',(29.6998053751424,5.,1.57286657149863));
#8794=CARTESIAN_POINT('',(29.6998717812489,5.,1.57360645840937));
#8795=CARTESIAN_POINT('',(26.000625321903,0.,1.57910168627183));
#8796=CARTESIAN_POINT('',(26.0010403578021,0.,1.58140040725278));
#8797=CARTESIAN_POINT('',(26.0016586630771,0.,1.58365959580549));
#8798=CARTESIAN_POINT('',(29.7000028452171,5.,1.57433237029809));
#8799=CARTESIAN_POINT('',(29.7001339091852,5.,1.57505828218681));
#8800=CARTESIAN_POINT('',(29.7003291634826,5.,1.57577171015083));
#8801=CARTESIAN_POINT('',(26.002452186533,0.,1.58585472461623));
#8802=CARTESIAN_POINT('',(26.0040392334446,0.,1.59024498223772));
#8803=CARTESIAN_POINT('',(26.0063254522408,0.,1.59436697543099));
#8804=CARTESIAN_POINT('',(29.7005797498371,5.,1.57646490872264));
#8805=CARTESIAN_POINT('',(29.701080922546,5.,1.57785130586627));
#8806=CARTESIAN_POINT('',(29.7018028863764,5.,1.5791529879273));
#8807=CARTESIAN_POINT('',(26.0090286017798,0.,1.59817426315246));
#8808=CARTESIAN_POINT('',(26.0117317513187,0.,1.60198155087393));
#8809=CARTESIAN_POINT('',(26.0148471005497,0.,1.60548542768095));
#8810=CARTESIAN_POINT('',(29.7026565125466,5.,1.58035528931303));
#8811=CARTESIAN_POINT('',(29.7035101387168,5.,1.58155759069876));
#8812=CARTESIAN_POINT('',(29.7044939332108,5.,1.5826640781115));
#8813=CARTESIAN_POINT('',(26.0181974077965,0.,1.60873830412415));
#8814=CARTESIAN_POINT('',(26.0215477150433,0.,1.61199118056735));
#8815=CARTESIAN_POINT('',(26.0251326683962,0.,1.61499675395336));
#8816=CARTESIAN_POINT('',(29.7055519249729,5.,1.58369130225146));
#8817=CARTESIAN_POINT('',(29.7066099167351,5.,1.58471852639142));
#8818=CARTESIAN_POINT('',(29.7077420072675,5.,1.5856676548291));
#8819=CARTESIAN_POINT('',(26.0288542568518,0.,1.61781519999904));
#8820=CARTESIAN_POINT('',(26.0325758453075,0.,1.62063364604473));
#8821=CARTESIAN_POINT('',(26.0364422195699,0.,1.6232604339587));
#8822=CARTESIAN_POINT('',(29.7089172457272,5.,1.58655769042248));
#8823=CARTESIAN_POINT('',(29.7100924841869,5.,1.58744772601585));
#8824=CARTESIAN_POINT('',(29.7113134444803,5.,1.58827723798868));
#8825=CARTESIAN_POINT('',(26.040397686175,0.,1.6257418537835));
#8826=CARTESIAN_POINT('',(26.04435315278,0.,1.6282232736083));
#8827=CARTESIAN_POINT('',(26.0483976977237,0.,1.63056018965655));
#8828=CARTESIAN_POINT('',(29.7125625391977,5.,1.58906084424915));
#8829=CARTESIAN_POINT('',(29.7138116339151,5.,1.58984445050961));
#8830=CARTESIAN_POINT('',(29.7150888586341,5.,1.59058242399853));
#8831=CARTESIAN_POINT('',(26.0525046830719,0.,1.63278134261029));
#8832=CARTESIAN_POINT('',(26.0607186537685,0.,1.63722364851776));
#8833=CARTESIAN_POINT('',(26.0691757684577,0.,1.64120745128192));
#8834=CARTESIAN_POINT('',(29.7163858013757,5.,1.59128384072076));
#8835=CARTESIAN_POINT('',(29.7189796868588,5.,1.59268667416523));
#8836=CARTESIAN_POINT('',(29.7216503546554,5.,1.59394471714338));
#8837=CARTESIAN_POINT('',(26.0777526511459,0.,1.64489757445967));
#8838=CARTESIAN_POINT('',(26.08204109249,0.,1.64674263604855));
#8839=CARTESIAN_POINT('',(26.0863650213094,0.,1.64850695151432));
#8840=CARTESIAN_POINT('',(29.7243588439254,5.,1.59511001919952));
#8841=CARTESIAN_POINT('',(29.7257130885603,5.,1.59569267022758));
#8842=CARTESIAN_POINT('',(29.7270785397665,5.,1.59624982247993));
#8843=CARTESIAN_POINT('',(26.090713584214,0.,1.65020703716663));
#8844=CARTESIAN_POINT('',(26.0950621471186,0.,1.65190712281894));
#8845=CARTESIAN_POINT('',(26.0994350886738,0.,1.65354398227571));
#8846=CARTESIAN_POINT('',(29.7284517701574,5.,1.59678669163329));
#8847=CARTESIAN_POINT('',(29.7298250005483,5.,1.59732356078666));
#8848=CARTESIAN_POINT('',(29.7312059294605,5.,1.597840463773));
#8849=CARTESIAN_POINT('',(26.1038292967885,0.,1.6551226563551));
#8850=CARTESIAN_POINT('',(26.1126177130179,0.,1.65828000451389));
#8851=CARTESIAN_POINT('',(26.1214819149692,0.,1.66122185473114));
#8852=CARTESIAN_POINT('',(29.7325935741283,5.,1.59833899242965));
#8853=CARTESIAN_POINT('',(29.7353688634639,5.,1.59933604974295));
#8854=CARTESIAN_POINT('',(29.7381680851327,5.,1.60026505507472));
#8855=CARTESIAN_POINT('',(26.1304008749462,0.,1.66398846782846));
#8856=CARTESIAN_POINT('',(26.1393198349231,0.,1.66675508092579));
#8857=CARTESIAN_POINT('',(26.148291743953,0.,1.66935029151217));
#8858=CARTESIAN_POINT('',(29.7409845988096,5.,1.60113872236861));
#8859=CARTESIAN_POINT('',(29.7438011124866,5.,1.6020123896625));
#8860=CARTESIAN_POINT('',(29.7466343469171,5.,1.60283192984768));
#8861=CARTESIAN_POINT('',(26.1572974382754,0.,1.67181671590327));
#8862=CARTESIAN_POINT('',(26.1663031325977,0.,1.67428314029437));
#8863=CARTESIAN_POINT('',(26.1753483523727,0.,1.67660780148659));
#8864=CARTESIAN_POINT('',(29.7494782503873,5.,1.60361080070802));
#8865=CARTESIAN_POINT('',(29.7523221538575,5.,1.60438967156837));
#8866=CARTESIAN_POINT('',(29.7551785390496,5.,1.60512377510275));
#8867=CARTESIAN_POINT('',(26.1844204997351,0.,1.67882057820714));
#8868=CARTESIAN_POINT('',(26.20256479446,0.,1.68324613164823));
#8869=CARTESIAN_POINT('',(26.2208135112471,0.,1.68723424651505));
#8870=CARTESIAN_POINT('',(29.7580434276904,5.,1.60582254669872));
#8871=CARTESIAN_POINT('',(29.7637732049719,5.,1.60722008989064));
#8872=CARTESIAN_POINT('',(29.7695359576415,5.,1.60847949458543));
#8873=CARTESIAN_POINT('',(26.2391279265263,0.,1.69089228166803));
#8874=CARTESIAN_POINT('',(26.2574423418054,0.,1.69455031682101));
#8875=CARTESIAN_POINT('',(26.2758181817393,0.,1.6978919217547));
#8876=CARTESIAN_POINT('',(29.7753194572034,5.,1.6096346635811));
#8877=CARTESIAN_POINT('',(29.7811029567652,5.,1.61078983257678));
#8878=CARTESIAN_POINT('',(29.7869058535864,5.,1.61184507624005));
#8879=CARTESIAN_POINT('',(26.2942387804348,0.,1.70097096853031));
#8880=CARTESIAN_POINT('',(26.3126593791304,0.,1.70405001530592));
#8881=CARTESIAN_POINT('',(26.3311204991543,0.,1.70688081259501));
#8882=CARTESIAN_POINT('',(29.7927228847534,5.,1.61281740680077));
#8883=CARTESIAN_POINT('',(29.7985399159205,5.,1.61378973736149));
#8884=CARTESIAN_POINT('',(29.8043697432964,5.,1.61468367334752));
#8885=CARTESIAN_POINT('',(26.349610584434,0.,1.70950538273938));
#8886=CARTESIAN_POINT('',(26.3588556270738,0.,1.71081766781157));
#8887=CARTESIAN_POINT('',(26.3681092586525,0.,1.71207331345693));
#8888=CARTESIAN_POINT('',(29.8102087175953,5.,1.61551248497206));
#8889=CARTESIAN_POINT('',(29.8131282047447,5.,1.61592689078433));
#8890=CARTESIAN_POINT('',(29.8160504041906,5.,1.61632341046181));
#8891=CARTESIAN_POINT('',(26.3773680226243,0.,1.71328580374685));
#8892=CARTESIAN_POINT('',(26.3866267865962,0.,1.71449829403678));
#8893=CARTESIAN_POINT('',(26.3958912722865,0.,1.71566514228813));
#8894=CARTESIAN_POINT('',(29.8189742243922,5.,1.61670630213231));
#8895=CARTESIAN_POINT('',(29.8218980445939,5.,1.61708919380281));
#8896=CARTESIAN_POINT('',(29.824823671654,5.,1.61745767219798));
#8897=CARTESIAN_POINT('',(26.4051619036532,0.,1.71678492921142));
#8898=CARTESIAN_POINT('',(26.4422444291202,0.,1.72126407690455));
#8899=CARTESIAN_POINT('',(26.479406714398,0.,1.72506259322302));
#8900=CARTESIAN_POINT('',(29.827751239454,5.,1.61781128912112));
#8901=CARTESIAN_POINT('',(29.8394615106541,5.,1.61922575681369));
#8902=CARTESIAN_POINT('',(29.8511969691628,5.,1.62042528828268));
#8903=CARTESIAN_POINT('',(26.5166135163215,0.,1.72834356011081));
#8904=CARTESIAN_POINT('',(26.5538203182449,0.,1.73162452699861));
#8905=CARTESIAN_POINT('',(26.5910729356008,0.,1.7343809779704));
#8906=CARTESIAN_POINT('',(29.8629464855597,5.,1.62146138308935));
#8907=CARTESIAN_POINT('',(29.8746960019566,5.,1.62249747789602));
#8908=CARTESIAN_POINT('',(29.8864599863848,5.,1.62336793609764));
#8909=CARTESIAN_POINT('',(26.628350592626,0.,1.73672575437994));
#8910=CARTESIAN_POINT('',(26.7029059066764,0.,1.74141530719901));
#8911=CARTESIAN_POINT('',(26.7775608902196,0.,1.74445214584952));
#8912=CARTESIAN_POINT('',(29.898231878077,5.,1.62410839180592));
#8913=CARTESIAN_POINT('',(29.9217756614613,5.,1.62558930322247));
#8914=CARTESIAN_POINT('',(29.9453509194223,5.,1.62654830490157));
#8915=CARTESIAN_POINT('',(26.8522378308789,0.,1.74636230736742));
#8916=CARTESIAN_POINT('',(26.8709070660437,0.,1.7468398477469));
#8917=CARTESIAN_POINT('',(26.8895789877068,0.,1.74723736918954));
#8918=CARTESIAN_POINT('',(29.9689331112095,5.,1.62715151380196));
#8919=CARTESIAN_POINT('',(29.9748286591562,5.,1.62730231602706));
#8920=CARTESIAN_POINT('',(29.9807250554709,5.,1.62742784911421));
#8921=CARTESIAN_POINT('',(26.908251708596,0.,1.74757058390757));
#8922=CARTESIAN_POINT('',(26.9269244294851,0.,1.7479037986256));
#8923=CARTESIAN_POINT('',(26.9455978036514,0.,1.74817373195867));
#8924=CARTESIAN_POINT('',(29.9866217041727,5.,1.62753307481464));
#8925=CARTESIAN_POINT('',(29.9925183528746,5.,1.62763830051507));
#8926=CARTESIAN_POINT('',(29.9984152078745,5.,1.62772354262025));
#8927=CARTESIAN_POINT('',(26.9642724776572,0.,1.74837503208662));
#8928=CARTESIAN_POINT('',(27.0016218256687,0.,1.74877763234253));
#8929=CARTESIAN_POINT('',(27.0389732128276,0.,1.74893371194211));
#8930=CARTESIAN_POINT('',(30.00431247335,5.,1.62778711108171));
#8931=CARTESIAN_POINT('',(30.016107004301,5.,1.62791424800463));
#8932=CARTESIAN_POINT('',(30.0279021791933,5.,1.62796353629924));
#8933=CARTESIAN_POINT('',(27.0763245119903,0.,1.74886587796716));
#8934=CARTESIAN_POINT('',(27.1510271103156,0.,1.74873021001725));
#8935=CARTESIAN_POINT('',(27.2257266370594,0.,1.74772141458153));
#8936=CARTESIAN_POINT('',(30.0396973262973,5.,1.62794211504399));
#8937=CARTESIAN_POINT('',(30.0632876205053,5.,1.62789927253349));
#8938=CARTESIAN_POINT('',(30.0868769447402,5.,1.62758070555379));
#8939=CARTESIAN_POINT('',(27.3004094803097,0.,1.74602969872031));
#8940=CARTESIAN_POINT('',(27.3377509019348,0.,1.7451838407897));
#8941=CARTESIAN_POINT('',(27.375088625084,0.,1.74416179123395));
#8942=CARTESIAN_POINT('',(30.1104610005034,5.,1.62704647949235));
#8943=CARTESIAN_POINT('',(30.122253028385,5.,1.62677936646163));
#8944=CARTESIAN_POINT('',(30.1340438883269,5.,1.62645661397034));
#8945=CARTESIAN_POINT('',(27.4124213064864,0.,1.74298667191888));
#8946=CARTESIAN_POINT('',(27.4497539878887,0.,1.7418115526038));
#8947=CARTESIAN_POINT('',(27.487081772291,0.,1.74048370951362));
#8948=CARTESIAN_POINT('',(30.1458331561381,5.,1.62608552366032));
#8949=CARTESIAN_POINT('',(30.1576224239494,5.,1.6257144333503));
#8950=CARTESIAN_POINT('',(30.1694101453396,5.,1.62529511447971));
#8951=CARTESIAN_POINT('',(27.5244041034025,0.,1.73901465184661));
#8952=CARTESIAN_POINT('',(27.5990487656256,0.,1.73607653651259));
#8953=CARTESIAN_POINT('',(27.6736711944105,0.,1.73259320025305));
#8954=CARTESIAN_POINT('',(30.181196144638,5.,1.62483120153224));
#8955=CARTESIAN_POINT('',(30.2047681432347,5.,1.62390337563728));
#8956=CARTESIAN_POINT('',(30.2283331207458,5.,1.62280337471321));
#8957=CARTESIAN_POINT('',(27.7482694790065,0.,1.7286494442293));
#8958=CARTESIAN_POINT('',(27.8974660481986,0.,1.7207619321818));
#8959=CARTESIAN_POINT('',(28.0465651169599,0.,1.71109624190639));
#8960=CARTESIAN_POINT('',(30.2518904737761,5.,1.62155797807414));
#8961=CARTESIAN_POINT('',(30.2990051798367,5.,1.61906718479598));
#8962=CARTESIAN_POINT('',(30.3460890962877,5.,1.61601486155111));
#8963=CARTESIAN_POINT('',(28.1955682142307,0.,1.70015246542998));
#8964=CARTESIAN_POINT('',(28.3445713115015,0.,1.68920868895357));
#8965=CARTESIAN_POINT('',(28.4934796245573,0.,1.67699008437958));
#8966=CARTESIAN_POINT('',(30.3931427059521,5.,1.61255893213751));
#8967=CARTESIAN_POINT('',(30.4401963156166,5.,1.60910300272391));
#8968=CARTESIAN_POINT('',(30.4872199934237,5.,1.60524449601633));
#8969=CARTESIAN_POINT('',(28.6422957206662,0.,1.66374445563537));
#8970=CARTESIAN_POINT('',(28.791111816775,0.,1.65049882689115));
#8971=CARTESIAN_POINT('',(28.9398362845793,0.,1.63622703169421));
#8972=CARTESIAN_POINT('',(30.5342145500896,5.,1.60106166588658));
#8973=CARTESIAN_POINT('',(30.5812091067556,5.,1.59687883575683));
#8974=CARTESIAN_POINT('',(30.6281747281675,5.,1.59237195306305));
#8975=CARTESIAN_POINT('',(29.0884598941337,0.,1.62097310905084));
#8976=CARTESIAN_POINT('',(29.237083503688,0.,1.60571918640747));
#8977=CARTESIAN_POINT('',(29.3856066214124,0.,1.5894820324977));
#8978=CARTESIAN_POINT('',(29.534,0.,1.57213114754098));
#8979=CARTESIAN_POINT('',(30.6751084996057,5.,1.58755492485989));
#8980=CARTESIAN_POINT('',(30.7220422710439,5.,1.58273789665672));
#8981=CARTESIAN_POINT('',(30.76894430822,5.,1.57761037436942));
#8982=CARTESIAN_POINT('',(30.8158053751424,5.,1.57213114754098));
#8983=B_SPLINE_SURFACE_WITH_KNOTS('Surf_LZMFONIUSU, HT, 0, 7, lower',3,3,((#8984, #8985, #8986, #8993, #8994, #8995, #9005, #9006, #9007, #9017, #9018, #9019, #9029, #9030, #9031, #9041, #9042, #9043, #9053, #9054, #9055, #9065, #9066, #9067, #9077, #9078, #9079, #9089, #9090, #9091, #9101, #9102, #9103, #9113, #9114, #9115, #9125, #9126, #9127, #9137, #9138, #9139, #9149, #9150, #9151, #9161, #9162, #9163, #9173, #9174, #9175, #9185, #9186, #9187, #9197, #9198, #9199, #9209, #9210, #9211, #9221, #9222, #9223, #9233, #9234, #9235, #9245, #9246, #9247, #9257, #9258, #9259, #9269, #9270, #9271, #9281, #9282, #9283, #9293, #9294, #9295, #9305, #9306, #9307, #9317, #9318, #9319, #9329, #9330, #9331, #9341, #9342, #9343, #9353, #9354, #9355, #9356),(#8984, #8987, #8988, #8996, #8997, #8998, #9008, #9009, #9010, #9020, #9021, #9022, #9032, #9033, #9034, #9044, #9045, #9046, #9056, #9057, #9058, #9068, #9069, #9070, #9080, #9081, #9082, #9092, #9093, #9094, #9104, #9105, #9106, #9116, #9117, #9118, #9128, #9129, #9130, #9140, #9141, #9142, #9152, #9153, #9154, #9164, #9165, #9166, #9176, #9177, #9178, #9188, #9189, #9190, #9200, #9201, #9202, #9212, #9213, #9214, #9224, #9225, #9226, #9236, #9237, #9238, #9248, #9249, #9250, #9260, #9261, #9262, #9272, #9273, #9274, #9284, #9285, #9286, #9296, #9297, #9298, #9308, #9309, #9310, #9320, #9321, #9322, #9332, #9333, #9334, #9344, #9345, #9346, #9357, #9358, #9359, #9356),(#8984, #8989, #8990, #8999, #9000, #9001, #9011, #9012, #9013, #9023, #9024, #9025, #9035, #9036, #9037, #9047, #9048, #9049, #9059, #9060, #9061, #9071, #9072, #9073, #9083, #9084, #9085, #9095, #9096, #9097, #9107, #9108, #9109, #9119, #9120, #9121, #9131, #9132, #9133, #9143, #9144, #9145, #9155, #9156, #9157, #9167, #9168, #9169, #9179, #9180, #9181, #9191, #9192, #9193, #9203, #9204, #9205, #9215, #9216, #9217, #9227, #9228, #9229, #9239, #9240, #9241, #9251, #9252, #9253, #9263, #9264, #9265, #9275, #9276, #9277, #9287, #9288, #9289, #9299, #9300, #9301, #9311, #9312, #9313, #9323, #9324, #9325, #9335, #9336, #9337, #9347, #9348, #9349, #9360, #9361, #9362, #9356),(#8984, #8991, #8992, #9002, #9003, #9004, #9014, #9015, #9016, #9026, #9027, #9028, #9038, #9039, #9040, #9050, #9051, #9052, #9062, #9063, #9064, #9074, #9075, #9076, #9086, #9087, #9088, #9098, #9099, #9100, #9110, #9111, #9112, #9122, #9123, #9124, #9134, #9135, #9136, #9146, #9147, #9148, #9158, #9159, #9160, #9170, #9171, #9172, #9182, #9183, #9184, #9194, #9195, #9196, #9206, #9207, #9208, #9218, #9219, #9220, #9230, #9231, #9232, #9242, #9243, #9244, #9254, #9255, #9256, #9266, #9267, #9268, #9278, #9279, #9280, #9290, #9291, #9292, #9302, #9303, #9304, #9314, #9315, #9316, #9326, #9327, #9328, #9338, #9339, #9340, #9350, #9351, #9352, #9363, #9364, #9365, #9356)),.UNSPECIFIED.,.F.,.F.,.F.,(4,4),(4,3,3,3,3,3,3,3,3,3,3,3,3,3,3,3,3,3,3,3,3,3,3,3,3,3,3,3,3,3,3,3,4),(0.,1.),(0.,1.,2.,3.,4.,5.,6.,7.,8.,9.,10.,11.,12.,13.,14.,15.,16.,17.,18.,19.,20.,21.,22.,23.,24.,25.,26.,27.,28.,29.,30.,31.,32.),.PIECEWISE_BEZIER_KNOTS.);
#8984=CARTESIAN_POINT('',(30.8158053751424,5.,1.57213114754098));
#8985=CARTESIAN_POINT('',(30.76894430822,5.,1.56665192071255));
#8986=CARTESIAN_POINT('',(30.7220422710439,5.,1.56152439842525));
#8987=CARTESIAN_POINT('',(30.7697493723567,5.00290986121608,1.56665882968806));
#8988=CARTESIAN_POINT('',(30.7237037283086,5.00559428753567,1.56155011121381));
#8989=CARTESIAN_POINT('',(30.770402006299,5.00526877165591,1.56911196415884));
#8990=CARTESIAN_POINT('',(30.7250487487767,5.010123101728,1.56629529675284));
#8991=CARTESIAN_POINT('',(30.770402006299,5.00526877165591,1.57213114754098));
#8992=CARTESIAN_POINT('',(30.7250487487767,5.010123101728,1.57213114754098));
#8993=CARTESIAN_POINT('',(30.6751084996057,5.,1.55670737022208));
#8994=CARTESIAN_POINT('',(30.6281747281675,5.,1.55189034201891));
#8995=CARTESIAN_POINT('',(30.5812091067556,5.,1.54738345932514));
#8996=CARTESIAN_POINT('',(30.6776716857028,5.00807735905824,1.55676135635664));
#8997=CARTESIAN_POINT('',(30.6317276520654,5.01052195402946,1.55198263024318));
#8998=CARTESIAN_POINT('',(30.5857801610939,5.01276761426283,1.54752037919786));
#8999=CARTESIAN_POINT('',(30.679744043421,5.01460797242489,1.56365668196332));
#9000=CARTESIAN_POINT('',(30.6345966045425,5.01901833248969,1.56102514457237));
#9001=CARTESIAN_POINT('',(30.5894669705655,5.02306540503713,1.5585692428525));
#9002=CARTESIAN_POINT('',(30.679744043421,5.01460797242489,1.57213114754098));
#9003=CARTESIAN_POINT('',(30.6345966045425,5.01901833248969,1.57213114754098));
#9004=CARTESIAN_POINT('',(30.5894669705655,5.02306540503713,1.57213114754098));
#9005=CARTESIAN_POINT('',(30.5342145500896,5.,1.54320062919539));
#9006=CARTESIAN_POINT('',(30.4872199934237,5.,1.53901779906564));
#9007=CARTESIAN_POINT('',(30.4401963156166,5.,1.53515929235806));
#9008=CARTESIAN_POINT('',(30.5398184906153,5.01481020337261,1.54338629816822));
#9009=CARTESIAN_POINT('',(30.4939254074907,5.01681616666777,1.53925909621996));
#9010=CARTESIAN_POINT('',(30.4480016406884,5.01862290499617,1.53545765247492));
#9011=CARTESIAN_POINT('',(30.5443336152939,5.0267428629782,1.55629508911976));
#9012=CARTESIAN_POINT('',(30.4993223967676,5.03035100139644,1.55402578194056));
#9013=CARTESIAN_POINT('',(30.4542780469306,5.03359792731605,1.55193647723585));
#9014=CARTESIAN_POINT('',(30.5443336152939,5.0267428629782,1.57213114754098));
#9015=CARTESIAN_POINT('',(30.4993223967676,5.03035100139644,1.57213114754098));
#9016=CARTESIAN_POINT('',(30.4542780469306,5.03359792731605,1.57213114754098));
#9017=CARTESIAN_POINT('',(30.3931427059521,5.,1.53170336294446));
#9018=CARTESIAN_POINT('',(30.3460890962877,5.,1.52824743353086));
#9019=CARTESIAN_POINT('',(30.2990051798367,5.,1.52519511028599));
#9020=CARTESIAN_POINT('',(30.4020189524985,5.02019555327896,1.53205716291816));
#9021=CARTESIAN_POINT('',(30.3560856765559,5.021736194878,1.52866077501339));
#9022=CARTESIAN_POINT('',(30.310075683602,5.02304876822416,1.52566389801841));
#9023=CARTESIAN_POINT('',(30.4091506978285,5.03642195506162,1.55006820804015));
#9024=CARTESIAN_POINT('',(30.3641111617872,5.03918651351659,1.54820282465752));
#9025=CARTESIAN_POINT('',(30.3189572940754,5.04154026469066,1.54655730285142));
#9026=CARTESIAN_POINT('',(30.4091506978285,5.03642195506162,1.57213114754098));
#9027=CARTESIAN_POINT('',(30.3641111617872,5.03918651351659,1.57213114754098));
#9028=CARTESIAN_POINT('',(30.3189572940754,5.04154026469066,1.57213114754098));
#9029=CARTESIAN_POINT('',(30.2518904737761,5.,1.52270431700783));
#9030=CARTESIAN_POINT('',(30.2283331207458,5.,1.52145892036875));
#9031=CARTESIAN_POINT('',(30.2047681432347,5.,1.52035891944469));
#9032=CARTESIAN_POINT('',(30.2639392707807,5.02406274158457,1.52321969986303));
#9033=CARTESIAN_POINT('',(30.2408820173182,5.02456077738336,1.52199822506156));
#9034=CARTESIAN_POINT('',(30.2177882185022,5.02498364823815,1.5209194184033));
#9035=CARTESIAN_POINT('',(30.2736006610734,5.04335757557284,1.54521545209556));
#9036=CARTESIAN_POINT('',(30.2509418152571,5.0442498756456,1.54454496548522));
#9037=CARTESIAN_POINT('',(30.228223445676,5.04500734546256,1.54395280127401));
#9038=CARTESIAN_POINT('',(30.2736006610734,5.04335757557284,1.57213114754098));
#9039=CARTESIAN_POINT('',(30.2509418152571,5.0442498756456,1.57213114754098));
#9040=CARTESIAN_POINT('',(30.228223445676,5.04500734546256,1.57213114754098));
#9041=CARTESIAN_POINT('',(30.181196144638,5.,1.51943109354973));
#9042=CARTESIAN_POINT('',(30.1694101453396,5.,1.51896718060226));
#9043=CARTESIAN_POINT('',(30.1576224239494,5.,1.51854786173167));
#9044=CARTESIAN_POINT('',(30.1946499535911,5.02531965005973,1.52000931055065));
#9045=CARTESIAN_POINT('',(30.1830824816091,5.0254859479677,1.51955431871016));
#9046=CARTESIAN_POINT('',(30.1715030044379,5.02563008657228,1.51914297757513));
#9047=CARTESIAN_POINT('',(30.2054309258911,5.04560910465884,1.54345321195639));
#9048=CARTESIAN_POINT('',(30.1940376211843,5.0459068995656,1.54320346090623));
#9049=CARTESIAN_POINT('',(30.1826241702482,5.04616499451349,1.54297765692205));
#9050=CARTESIAN_POINT('',(30.2054309258911,5.04560910465884,1.57213114754098));
#9051=CARTESIAN_POINT('',(30.1940376211843,5.0459068995656,1.57213114754098));
#9052=CARTESIAN_POINT('',(30.1826241702482,5.04616499451349,1.57213114754098));
#9053=CARTESIAN_POINT('',(30.1458331561381,5.,1.51817677142165));
#9054=CARTESIAN_POINT('',(30.1340438883269,5.,1.51780568111163));
#9055=CARTESIAN_POINT('',(30.122253028385,5.,1.51748292862034));
#9056=CARTESIAN_POINT('',(30.1599105033921,5.02575050528114,1.51877882414877));
#9057=CARTESIAN_POINT('',(30.1483187221918,5.02586999879099,1.51841468767033));
#9058=CARTESIAN_POINT('',(30.1367134686108,5.02596593496628,1.51809782519636));
#9059=CARTESIAN_POINT('',(30.1711886142783,5.04638060331712,1.54277773725479));
#9060=CARTESIAN_POINT('',(30.1597543406126,5.04659454364522,1.54257782948184));
#9061=CARTESIAN_POINT('',(30.1482971999093,5.04676629850074,1.54240385018661));
#9062=CARTESIAN_POINT('',(30.1711886142783,5.04638060331712,1.57213114754098));
#9063=CARTESIAN_POINT('',(30.1597543406126,5.04659454364522,1.57213114754098));
#9064=CARTESIAN_POINT('',(30.1482971999093,5.04676629850074,1.57213114754098));
#9065=CARTESIAN_POINT('',(30.1104610005034,5.,1.51721581558962));
#9066=CARTESIAN_POINT('',(30.0868769447402,5.,1.51668158952818));
#9067=CARTESIAN_POINT('',(30.0632876205053,5.,1.51636302254848));
#9068=CARTESIAN_POINT('',(30.1250929746109,5.02603506377431,1.51783536272975));
#9069=CARTESIAN_POINT('',(30.1018529195035,5.0261712478424,1.51731043598257));
#9070=CARTESIAN_POINT('',(30.0785506907708,5.02620485051404,1.51699629387933));
#9071=CARTESIAN_POINT('',(30.1368136947362,5.04689005529511,1.54225970548217));
#9072=CARTESIAN_POINT('',(30.1138483478376,5.04713384512704,1.54197141475697));
#9073=CARTESIAN_POINT('',(30.090775863005,5.04719399655968,1.54179871379473));
#9074=CARTESIAN_POINT('',(30.1368136947362,5.04689005529511,1.57213114754098));
#9075=CARTESIAN_POINT('',(30.1138483478376,5.04713384512704,1.57213114754098));
#9076=CARTESIAN_POINT('',(30.090775863005,5.04719399655968,1.57213114754098));
#9077=CARTESIAN_POINT('',(30.0396973262973,5.,1.51632018003798));
#9078=CARTESIAN_POINT('',(30.0279021791933,5.,1.51629875878273));
#9079=CARTESIAN_POINT('',(30.016107004301,5.,1.51634804707734));
#9080=CARTESIAN_POINT('',(30.0551718155148,5.02610958895018,1.51695163398683));
#9081=CARTESIAN_POINT('',(30.043481505612,5.02606172076021,1.51692929697032));
#9082=CARTESIAN_POINT('',(30.031771026379,5.02598125575309,1.51697608357727));
#9083=CARTESIAN_POINT('',(30.0675669398789,5.04702346840579,1.54177378952385));
#9084=CARTESIAN_POINT('',(30.0559609151507,5.04693777649652,1.54176132240073));
#9085=CARTESIAN_POINT('',(30.0443188033878,5.04679372664827,1.541786763085));
#9086=CARTESIAN_POINT('',(30.0675669398789,5.04702346840579,1.57213114754098));
#9087=CARTESIAN_POINT('',(30.0559609151507,5.04693777649652,1.57213114754098));
#9088=CARTESIAN_POINT('',(30.0443188033878,5.04679372664827,1.57213114754098));
#9089=CARTESIAN_POINT('',(30.00431247335,5.,1.51647518400026));
#9090=CARTESIAN_POINT('',(29.9984152078745,5.,1.51653875246172));
#9091=CARTESIAN_POINT('',(29.9925183528746,5.,1.51662399456689));
#9092=CARTESIAN_POINT('',(30.0200386882665,5.02586514476582,1.51709898880702));
#9093=CARTESIAN_POINT('',(30.0141721095935,5.02580714735388,1.51716044761873));
#9094=CARTESIAN_POINT('',(30.0082995942361,5.02573928862701,1.51724310424044));
#9095=CARTESIAN_POINT('',(30.0326370447814,5.04658585326442,1.54185395015098));
#9096=CARTESIAN_POINT('',(30.0267954295798,5.04648201635977,1.54188754803304));
#9097=CARTESIAN_POINT('',(30.0209428588546,5.04636052049027,1.54193277250653));
#9098=CARTESIAN_POINT('',(30.0326370447814,5.04658585326442,1.57213114754098));
#9099=CARTESIAN_POINT('',(30.0267954295798,5.04648201635977,1.57213114754098));
#9100=CARTESIAN_POINT('',(30.0209428588546,5.04636052049027,1.57213114754098));
#9101=CARTESIAN_POINT('',(29.9866217041727,5.,1.51672922026733));
#9102=CARTESIAN_POINT('',(29.9807250554709,5.,1.51683444596776));
#9103=CARTESIAN_POINT('',(29.9748286591562,5.,1.51695997905491));
#9104=CARTESIAN_POINT('',(30.0024213588999,5.02566237123839,1.5173453096915));
#9105=CARTESIAN_POINT('',(29.9965427809746,5.02558553552137,1.51744752411409));
#9106=CARTESIAN_POINT('',(29.9906583698977,5.02549953384229,1.51756960932201));
#9107=CARTESIAN_POINT('',(30.0150798810076,5.04622280115078,1.54198871974806));
#9108=CARTESIAN_POINT('',(30.0092162867251,5.04608522313348,1.54204467329027));
#9109=CARTESIAN_POINT('',(30.0033420447395,5.04593122720391,1.54211152700049));
#9110=CARTESIAN_POINT('',(30.0150798810076,5.04622280115078,1.57213114754098));
#9111=CARTESIAN_POINT('',(30.0092162867251,5.04608522313348,1.57213114754098));
#9112=CARTESIAN_POINT('',(30.0033420447395,5.04593122720391,1.57213114754098));
#9113=CARTESIAN_POINT('',(29.9689331112095,5.,1.51711078128001));
#9114=CARTESIAN_POINT('',(29.9453509194223,5.,1.5177139901804));
#9115=CARTESIAN_POINT('',(29.9217756614613,5.,1.5186729918595));
#9116=CARTESIAN_POINT('',(29.9847672579408,5.02540214122189,1.51771642316267));
#9117=CARTESIAN_POINT('',(29.9611986465285,5.02501385344376,1.51830383605998));
#9118=CARTESIAN_POINT('',(29.9375269610001,5.02446712780997,1.51923977778811));
#9119=CARTESIAN_POINT('',(29.9974551285956,5.04575682705673,1.54219194609112));
#9120=CARTESIAN_POINT('',(29.9738999586699,5.04506144502068,1.54251373312479));
#9121=CARTESIAN_POINT('',(29.9501545725001,5.04408210521188,1.54302676596846));
#9122=CARTESIAN_POINT('',(29.9974551285956,5.04575682705673,1.57213114754098));
#9123=CARTESIAN_POINT('',(29.9738999586699,5.04506144502068,1.57213114754098));
#9124=CARTESIAN_POINT('',(29.9501545725001,5.04408210521188,1.57213114754098));
#9125=CARTESIAN_POINT('',(29.898231878077,5.,1.52015390327605));
#9126=CARTESIAN_POINT('',(29.8864599863848,5.,1.52089435898433));
#9127=CARTESIAN_POINT('',(29.8746960019566,5.,1.52176481718595));
#9128=CARTESIAN_POINT('',(29.9137241678652,5.02368937651824,1.52068747029695));
#9129=CARTESIAN_POINT('',(29.9018181400022,5.02330250343992,1.52141173534235));
#9130=CARTESIAN_POINT('',(29.8898782337608,5.02285877769923,1.52226371937723));
#9131=CARTESIAN_POINT('',(29.9261491468925,5.04268850514499,1.54382068487309));
#9132=CARTESIAN_POINT('',(29.9141380121519,5.04199510609921,1.54421793870722));
#9133=CARTESIAN_POINT('',(29.902059789035,5.04119965588087,1.54468533212489));
#9134=CARTESIAN_POINT('',(29.9261491468925,5.04268850514499,1.57213114754098));
#9135=CARTESIAN_POINT('',(29.9141380121519,5.04199510609921,1.57213114754098));
#9136=CARTESIAN_POINT('',(29.902059789035,5.04119965588087,1.57213114754098));
#9137=CARTESIAN_POINT('',(29.8629464855597,5.,1.52280091199262));
#9138=CARTESIAN_POINT('',(29.8511969691628,5.,1.52383700679929));
#9139=CARTESIAN_POINT('',(29.8394615106541,5.,1.52503653826828));
#9140=CARTESIAN_POINT('',(29.8778996552315,5.02234262072726,1.52327851758136));
#9141=CARTESIAN_POINT('',(29.8659170643056,5.02182830785798,1.52429381786042));
#9142=CARTESIAN_POINT('',(29.8538949792601,5.02124307670016,1.52547005984029));
#9143=CARTESIAN_POINT('',(29.8899006320958,5.04027415499874,1.54524215181237));
#9144=CARTESIAN_POINT('',(29.8777341321081,5.03935174038141,1.54579932456386));
#9145=CARTESIAN_POINT('',(29.8654854620535,5.03830186705011,1.54644493986754));
#9146=CARTESIAN_POINT('',(29.8899006320958,5.04027415499874,1.57213114754098));
#9147=CARTESIAN_POINT('',(29.8777341321081,5.03935174038141,1.57213114754098));
#9148=CARTESIAN_POINT('',(29.8654854620535,5.03830186705011,1.57213114754098));
#9149=CARTESIAN_POINT('',(29.827751239454,5.,1.52645100596085));
#9150=CARTESIAN_POINT('',(29.824823671654,5.,1.52680462288399));
#9151=CARTESIAN_POINT('',(29.8218980445939,5.,1.52717310127915));
#9152=CARTESIAN_POINT('',(29.8418279612985,5.02056443304094,1.52685807331974));
#9153=CARTESIAN_POINT('',(29.8388103908124,5.02039515150701,1.52720521413031));
#9154=CARTESIAN_POINT('',(29.8357898848971,5.02021942265966,1.52756701243286));
#9155=CARTESIAN_POINT('',(29.8531359411703,5.03708406008686,1.5472069482957));
#9156=CARTESIAN_POINT('',(29.8500470557396,5.0367802294532,1.54739754709223));
#9157=CARTESIAN_POINT('',(29.8469513417143,5.03646480181458,1.54759620418061));
#9158=CARTESIAN_POINT('',(29.8531359411703,5.03708406008686,1.57213114754098));
#9159=CARTESIAN_POINT('',(29.8500470557396,5.0367802294532,1.57213114754098));
#9160=CARTESIAN_POINT('',(29.8469513417143,5.03646480181458,1.57213114754098));
#9161=CARTESIAN_POINT('',(29.8189742243922,5.,1.52755599294966));
#9162=CARTESIAN_POINT('',(29.8160504041906,5.,1.52793888462016));
#9163=CARTESIAN_POINT('',(29.8131282047447,5.,1.52833540429764));
#9164=CARTESIAN_POINT('',(29.832766428795,5.02003745285518,1.52794303439173));
#9165=CARTESIAN_POINT('',(29.8297426235655,5.01985564543731,1.52831911984507));
#9166=CARTESIAN_POINT('',(29.8267159002587,5.0196679549869,1.52870866580389));
#9167=CARTESIAN_POINT('',(29.8438488770404,5.0361381447932,1.54780268231422));
#9168=CARTESIAN_POINT('',(29.8407457666775,5.03581175177376,1.54800920512398));
#9169=CARTESIAN_POINT('',(29.8376361086102,5.03547476829699,1.54822313116779));
#9170=CARTESIAN_POINT('',(29.8438488770404,5.0361381447932,1.57213114754098));
#9171=CARTESIAN_POINT('',(29.8407457666775,5.03581175177376,1.57213114754098));
#9172=CARTESIAN_POINT('',(29.8376361086102,5.03547476829699,1.57213114754098));
#9173=CARTESIAN_POINT('',(29.8102087175953,5.,1.52874981010991));
#9174=CARTESIAN_POINT('',(29.8043697432964,5.,1.52957862173445));
#9175=CARTESIAN_POINT('',(29.7985399159205,5.,1.53047255772048));
#9176=CARTESIAN_POINT('',(29.8236860186369,5.01947250232916,1.52911586549405));
#9177=CARTESIAN_POINT('',(29.8176251328022,5.01908211673565,1.52993048504921));
#9178=CARTESIAN_POINT('',(29.8115517260221,5.01866359154357,1.53080947391251));
#9179=CARTESIAN_POINT('',(29.8345186008734,5.0351238172459,1.54844676477785));
#9180=CARTESIAN_POINT('',(29.8282815036323,5.03442275324214,1.54889418694252));
#9181=CARTESIAN_POINT('',(29.8220145428591,5.03367101467029,1.54937701903762));
#9182=CARTESIAN_POINT('',(29.8345186008734,5.0351238172459,1.57213114754098));
#9183=CARTESIAN_POINT('',(29.8282815036323,5.03442275324214,1.57213114754098));
#9184=CARTESIAN_POINT('',(29.8220145428591,5.03367101467029,1.57213114754098));
#9185=CARTESIAN_POINT('',(29.7927228847534,5.,1.5314448882812));
#9186=CARTESIAN_POINT('',(29.7869058535864,5.,1.53241721884192));
#9187=CARTESIAN_POINT('',(29.7811029567652,5.,1.53347246250519));
#9188=CARTESIAN_POINT('',(29.8054651489405,5.01821112202764,1.53176596333516));
#9189=CARTESIAN_POINT('',(29.7993768410456,5.01775943614168,1.53272284753354));
#9190=CARTESIAN_POINT('',(29.7932750218525,5.0172719033094,1.53376180310219));
#9191=CARTESIAN_POINT('',(29.8157136227657,5.03285814273658,1.54990248695808));
#9192=CARTESIAN_POINT('',(29.8094094739555,5.03204650876358,1.55042823277879));
#9193=CARTESIAN_POINT('',(29.8030696480194,5.03117027099733,1.55099914502345));
#9194=CARTESIAN_POINT('',(29.8157136227657,5.03285814273658,1.57213114754098));
#9195=CARTESIAN_POINT('',(29.8094094739555,5.03204650876358,1.57213114754098));
#9196=CARTESIAN_POINT('',(29.8030696480194,5.03117027099733,1.57213114754098));
#9197=CARTESIAN_POINT('',(29.7753194572034,5.,1.53462763150087));
#9198=CARTESIAN_POINT('',(29.7695359576415,5.,1.53578280049654));
#9199=CARTESIAN_POINT('',(29.7637732049719,5.,1.53704220519133));
#9200=CARTESIAN_POINT('',(29.787159394434,5.01674108589417,1.53489969965366));
#9201=CARTESIAN_POINT('',(29.7810417338181,5.016211152535,1.53603814155582));
#9202=CARTESIAN_POINT('',(29.7749099108392,5.01563613327764,1.53727995585563));
#9203=CARTESIAN_POINT('',(29.7966893793787,5.03021601345678,1.5516245122338));
#9204=CARTESIAN_POINT('',(29.7903052896792,5.0292631113752,1.55225026348129));
#9205=CARTESIAN_POINT('',(29.7838789853744,5.02822887358008,1.55293293390461));
#9206=CARTESIAN_POINT('',(29.7966893793787,5.03021601345678,1.57213114754098));
#9207=CARTESIAN_POINT('',(29.7903052896792,5.0292631113752,1.57213114754098));
#9208=CARTESIAN_POINT('',(29.7838789853744,5.02822887358008,1.57213114754098));
#9209=CARTESIAN_POINT('',(29.7580434276904,5.,1.53843974838325));
#9210=CARTESIAN_POINT('',(29.7551785390496,5.,1.53913851997921));
#9211=CARTESIAN_POINT('',(29.7523221538575,5.,1.5398726235136));
#9212=CARTESIAN_POINT('',(29.7687651295002,5.01500116552017,1.53865875949391));
#9213=CARTESIAN_POINT('',(29.7656918220034,5.01468405260246,1.53934845501994));
#9214=CARTESIAN_POINT('',(29.762615190707,5.01435162054145,1.54007324042189));
#9215=CARTESIAN_POINT('',(29.7774028094208,5.02708649194485,1.55369103304763));
#9216=CARTESIAN_POINT('',(29.7741629820348,5.02651584292443,1.55407028953202));
#9217=CARTESIAN_POINT('',(29.7709103100341,5.02591753706048,1.55446887512504));
#9218=CARTESIAN_POINT('',(29.7774028094208,5.02708649194485,1.57213114754098));
#9219=CARTESIAN_POINT('',(29.7741629820348,5.02651584292443,1.57213114754098));
#9220=CARTESIAN_POINT('',(29.7709103100341,5.02591753706048,1.57213114754098));
#9221=CARTESIAN_POINT('',(29.7494782503873,5.,1.54065149437395));
#9222=CARTESIAN_POINT('',(29.7466343469171,5.,1.54143036523429));
#9223=CARTESIAN_POINT('',(29.7438011124866,5.,1.54224990541947));
#9224=CARTESIAN_POINT('',(29.7595361598261,5.01399972602278,1.54084246719912));
#9225=CARTESIAN_POINT('',(29.7564564490125,5.01364809188443,1.54161193497669));
#9226=CARTESIAN_POINT('',(29.7533737567306,5.01327880977444,1.54242184659578));
#9227=CARTESIAN_POINT('',(29.7676432641644,5.02528410278769,1.55489193811563));
#9228=CARTESIAN_POINT('',(29.7643749202937,5.02465103428728,1.55531517093451));
#9229=CARTESIAN_POINT('',(29.7610925893937,5.02398608228979,1.55576069028967));
#9230=CARTESIAN_POINT('',(29.7676432641644,5.02528410278769,1.57213114754098));
#9231=CARTESIAN_POINT('',(29.7643749202937,5.02465103428728,1.57213114754098));
#9232=CARTESIAN_POINT('',(29.7610925893937,5.02398608228979,1.57213114754098));
#9233=CARTESIAN_POINT('',(29.7409845988096,5.,1.54312357271336));
#9234=CARTESIAN_POINT('',(29.7381680851327,5.,1.54399724000725));
#9235=CARTESIAN_POINT('',(29.7353688634639,5.,1.54492624533902));
#9236=CARTESIAN_POINT('',(29.7502897716872,5.01288596746285,1.54328554866837));
#9237=CARTESIAN_POINT('',(29.7472050237865,5.01249339620381,1.54414955149714));
#9238=CARTESIAN_POINT('',(29.7441190687645,5.01207674076591,1.54506861551131));
#9239=CARTESIAN_POINT('',(29.7577944525005,5.02327858177021,1.55623584521784));
#9240=CARTESIAN_POINT('',(29.7544948489117,5.02257144110773,1.55671121214141));
#9241=CARTESIAN_POINT('',(29.7511791125899,5.02182077717941,1.55721692514769));
#9242=CARTESIAN_POINT('',(29.7577944525005,5.02327858177021,1.57213114754098));
#9243=CARTESIAN_POINT('',(29.7544948489117,5.02257144110773,1.57213114754098));
#9244=CARTESIAN_POINT('',(29.7511791125899,5.02182077717941,1.57213114754098));
#9245=CARTESIAN_POINT('',(29.7325935741283,5.,1.54592330265232));
#9246=CARTESIAN_POINT('',(29.7312059294605,5.,1.54642183130897));
#9247=CARTESIAN_POINT('',(29.7298250005483,5.,1.54693873429531));
#9248=CARTESIAN_POINT('',(29.7410343813614,5.01163041546373,1.54605538617292));
#9249=CARTESIAN_POINT('',(29.7394917104424,5.01140735655572,1.54654891728836));
#9250=CARTESIAN_POINT('',(29.7379496274349,5.01117628193948,1.54706074255102));
#9251=CARTESIAN_POINT('',(29.7478463579176,5.02101649848762,1.55775995285642));
#9252=CARTESIAN_POINT('',(29.7461793458002,5.02061448394758,1.55803156950064));
#9253=CARTESIAN_POINT('',(29.74450797344,5.02019797918565,1.55831327049522));
#9254=CARTESIAN_POINT('',(29.7478463579176,5.02101649848762,1.57213114754098));
#9255=CARTESIAN_POINT('',(29.7461793458002,5.02061448394758,1.57213114754098));
#9256=CARTESIAN_POINT('',(29.74450797344,5.02019797918565,1.57213114754098));
#9257=CARTESIAN_POINT('',(29.7284517701574,5.,1.54747560344867));
#9258=CARTESIAN_POINT('',(29.7270785397665,5.,1.54801247260204));
#9259=CARTESIAN_POINT('',(29.7257130885603,5.,1.54856962485439));
#9260=CARTESIAN_POINT('',(29.7364085888929,5.01093649175501,1.54759244968237));
#9261=CARTESIAN_POINT('',(29.7348673151166,5.01069677044166,1.54812426910468));
#9262=CARTESIAN_POINT('',(29.733327046297,5.01044819312063,1.54867630083473));
#9263=CARTESIAN_POINT('',(29.7428322715078,5.01976571789302,1.55860593148581));
#9264=CARTESIAN_POINT('',(29.7411561106913,5.01933353290976,1.55889867166552));
#9265=CARTESIAN_POINT('',(29.739475479066,5.018885331227,1.55920255629267));
#9266=CARTESIAN_POINT('',(29.7428322715078,5.01976571789302,1.57213114754098));
#9267=CARTESIAN_POINT('',(29.7411561106913,5.01933353290976,1.57213114754098));
#9268=CARTESIAN_POINT('',(29.739475479066,5.018885331227,1.57213114754098));
#9269=CARTESIAN_POINT('',(29.7243588439254,5.,1.54915227588245));
#9270=CARTESIAN_POINT('',(29.7216503546554,5.,1.55031757793859));
#9271=CARTESIAN_POINT('',(29.7189796868588,5.,1.55157562091674));
#9272=CARTESIAN_POINT('',(29.731789508969,5.01018846655056,1.54925372765073));
#9273=CARTESIAN_POINT('',(29.7287136671779,5.0096692151524,1.5504089766476));
#9274=CARTESIAN_POINT('',(29.7256446111955,5.00910941602632,1.55165676208233));
#9275=CARTESIAN_POINT('',(29.7377907325696,5.01841697174606,1.55952044073668));
#9276=CARTESIAN_POINT('',(29.7344197332304,5.01748044821891,1.56015648849873));
#9277=CARTESIAN_POINT('',(29.7310303946981,5.01647054123571,1.56084357647176));
#9278=CARTESIAN_POINT('',(29.7377907325696,5.01841697174606,1.57213114754098));
#9279=CARTESIAN_POINT('',(29.7344197332304,5.01748044821891,1.57213114754098));
#9280=CARTESIAN_POINT('',(29.7310303946981,5.01647054123571,1.57213114754098));
#9281=CARTESIAN_POINT('',(29.7163858013757,5.,1.5529784543612));
#9282=CARTESIAN_POINT('',(29.7150888586341,5.,1.55367987108344));
#9283=CARTESIAN_POINT('',(29.7138116339151,5.,1.55441784457236));
#9284=CARTESIAN_POINT('',(29.7226042600248,5.00848616323555,1.55304888527618));
#9285=CARTESIAN_POINT('',(29.7210836208136,5.00817462109073,1.5537452317007));
#9286=CARTESIAN_POINT('',(29.7195705141305,5.0078470437056,1.5544780766328));
#9287=CARTESIAN_POINT('',(29.7276308780054,5.01534585357247,1.56161025618403));
#9288=CARTESIAN_POINT('',(29.7259301941161,5.01478354053587,1.5619937970205));
#9289=CARTESIAN_POINT('',(29.7242271700216,5.01419219778622,1.56239747279016));
#9290=CARTESIAN_POINT('',(29.7276308780054,5.01534585357247,1.57213114754098));
#9291=CARTESIAN_POINT('',(29.7259301941161,5.01478354053587,1.57213114754098));
#9292=CARTESIAN_POINT('',(29.7242271700216,5.01419219778622,1.57213114754098));
#9293=CARTESIAN_POINT('',(29.7125625391977,5.,1.55520145083282));
#9294=CARTESIAN_POINT('',(29.7113134444803,5.,1.55598505709328));
#9295=CARTESIAN_POINT('',(29.7100924841869,5.,1.55681456906612));
#9296=CARTESIAN_POINT('',(29.7180703690386,5.00749943161775,1.55525646817736));
#9297=CARTESIAN_POINT('',(29.7165698788283,5.007151861965,1.55603509609102));
#9298=CARTESIAN_POINT('',(29.7150822261626,5.00678411883028,1.55685959651111));
#9299=CARTESIAN_POINT('',(29.7225248218204,5.01356459067263,1.5628262729554));
#9300=CARTESIAN_POINT('',(29.7208217765763,5.01293695957499,1.56325523995235));
#9301=CARTESIAN_POINT('',(29.7191191622713,5.01227279026958,1.56370951938734));
#9302=CARTESIAN_POINT('',(29.7225248218204,5.01356459067263,1.57213114754098));
#9303=CARTESIAN_POINT('',(29.7208217765763,5.01293695957499,1.57213114754098));
#9304=CARTESIAN_POINT('',(29.7191191622713,5.01227279026958,1.57213114754098));
#9305=CARTESIAN_POINT('',(29.7089172457272,5.,1.55770460465949));
#9306=CARTESIAN_POINT('',(29.7077420072675,5.,1.55859464025287));
#9307=CARTESIAN_POINT('',(29.7066099167351,5.,1.55954376869055));
#9308=CARTESIAN_POINT('',(29.7136201881603,5.00638975806572,1.55774455024428));
#9309=CARTESIAN_POINT('',(29.7121577604032,5.00599541348175,1.55862980826813));
#9310=CARTESIAN_POINT('',(29.7107187937559,5.00557504432212,1.55957417794172));
#9311=CARTESIAN_POINT('',(29.7174258623671,5.01156042256018,1.56419715287768));
#9312=CARTESIAN_POINT('',(29.7157317630298,5.01084795457115,1.56468500119798));
#9313=CARTESIAN_POINT('',(29.7140451377598,5.01008832499664,1.5652054768667));
#9314=CARTESIAN_POINT('',(29.7174258623671,5.01156042256018,1.57213114754098));
#9315=CARTESIAN_POINT('',(29.7157317630298,5.01084795457115,1.57213114754098));
#9316=CARTESIAN_POINT('',(29.7140451377598,5.01008832499664,1.57213114754098));
#9317=CARTESIAN_POINT('',(29.7055519249729,5.,1.56057099283051));
#9318=CARTESIAN_POINT('',(29.7044939332108,5.,1.56159821697047));
#9319=CARTESIAN_POINT('',(29.7035101387168,5.,1.56270470438321));
#9320=CARTESIAN_POINT('',(29.7093279685503,5.00512026109747,1.56059664226837));
#9321=CARTESIAN_POINT('',(29.7079367017968,5.00466544461046,1.56161951131894));
#9322=CARTESIAN_POINT('',(29.7065932394456,5.0041756308279,1.56272176096676));
#9323=CARTESIAN_POINT('',(29.7123855823013,5.0092663416232,1.56576905380557));
#9324=CARTESIAN_POINT('',(29.7107251016468,5.0084441258454,1.56633291656946));
#9325=CARTESIAN_POINT('',(29.7090909627239,5.00755844937248,1.56694060866317));
#9326=CARTESIAN_POINT('',(29.7123855823013,5.0092663416232,1.57213114754098));
#9327=CARTESIAN_POINT('',(29.7107251016468,5.0084441258454,1.57213114754098));
#9328=CARTESIAN_POINT('',(29.7090909627239,5.00755844937248,1.57213114754098));
#9329=CARTESIAN_POINT('',(29.7026565125466,5.,1.56390700576894));
#9330=CARTESIAN_POINT('',(29.7018028863764,5.,1.56510930715467));
#9331=CARTESIAN_POINT('',(29.701080922546,5.,1.5664109892157));
#9332=CARTESIAN_POINT('',(29.7053480489811,5.00364348615994,1.56391999040585));
#9333=CARTESIAN_POINT('',(29.7041023696211,5.00311121267238,1.56511877394481));
#9334=CARTESIAN_POINT('',(29.702955251171,5.00253490328562,1.56641727256989));
#9335=CARTESIAN_POINT('',(29.7075291495217,5.00659600410875,1.56760129893677));
#9336=CARTESIAN_POINT('',(29.705966277684,5.0056330898805,1.56826238066954));
#9337=CARTESIAN_POINT('',(29.7044749887015,5.00459024598712,1.56897854830506));
#9338=CARTESIAN_POINT('',(29.7075291495217,5.00659600410875,1.57213114754098));
#9339=CARTESIAN_POINT('',(29.705966277684,5.0056330898805,1.57213114754098));
#9340=CARTESIAN_POINT('',(29.7044749887015,5.00459024598712,1.57213114754098));
#9341=CARTESIAN_POINT('',(29.7005797498371,5.,1.56779738635933));
#9342=CARTESIAN_POINT('',(29.7003291634826,5.,1.56849058493114));
#9343=CARTESIAN_POINT('',(29.7001339091852,5.,1.56920401289515));
#9344=CARTESIAN_POINT('',(29.702000552085,5.00192097517411,1.56780099387997));
#9345=CARTESIAN_POINT('',(29.7015230213077,5.00161390129916,1.56849313098492));
#9346=CARTESIAN_POINT('',(29.7010940507925,5.00129780660315,1.56920565906551));
#9347=CARTESIAN_POINT('',(29.7031529261048,5.00347902583632,1.56974183013604));
#9348=CARTESIAN_POINT('',(29.7024914796173,5.00292309917106,1.5701236664346));
#9349=CARTESIAN_POINT('',(29.701873044785,5.00235075914637,1.57051678184661));
#9350=CARTESIAN_POINT('',(29.7031529261048,5.00347902583632,1.57213114754098));
#9351=CARTESIAN_POINT('',(29.7024914796173,5.00292309917106,1.57213114754098));
#9352=CARTESIAN_POINT('',(29.701873044785,5.00235075914637,1.57213114754098));
#9353=CARTESIAN_POINT('',(29.7000028452171,5.,1.56992992478388));
#9354=CARTESIAN_POINT('',(29.6998717812489,5.,1.5706558366726));
#9355=CARTESIAN_POINT('',(29.6998053751424,5.,1.57139572358334));
#9356=CARTESIAN_POINT('',(29.6998053751424,5.,1.57213114754098));
#9357=CARTESIAN_POINT('',(29.700725042463,5.00097610644138,1.56993085585588));
#9358=CARTESIAN_POINT('',(29.7003559253032,5.00065430858323,1.57065625497297));
#9359=CARTESIAN_POINT('',(29.7000467649413,5.00032621959053,1.57139582754421));
#9360=CARTESIAN_POINT('',(29.701311081283,5.00176818404942,1.57091691794415));
#9361=CARTESIAN_POINT('',(29.7007488568613,5.00118534575865,1.57131719707422));
#9362=CARTESIAN_POINT('',(29.7002427100213,5.00059102416816,1.57172532951887));
#9363=CARTESIAN_POINT('',(29.701311081283,5.00176818404942,1.57213114754098));
#9364=CARTESIAN_POINT('',(29.7007488568613,5.00118534575865,1.57213114754098));
#9365=CARTESIAN_POINT('',(29.7002427100213,5.00059102416816,1.57213114754098));
#9366=B_SPLINE_SURFACE_WITH_KNOTS('Surf_LZMFONIUSU, HT, 0, 10, upper',3,3,((#9367, #9368, #9369, #9376, #9377, #9378, #9388, #9389, #9390, #9400, #9401, #9402, #9412, #9413, #9414, #9424, #9425, #9426, #9436, #9437, #9438, #9448, #9449, #9450, #9460, #9461, #9462, #9472, #9473, #9474, #9484, #9485, #9486, #9496, #9497, #9498, #9508, #9509, #9510, #9520, #9521, #9522, #9532, #9533, #9534, #9544, #9545, #9546, #9556, #9557, #9558, #9568, #9569, #9570, #9580, #9581, #9582, #9592, #9593, #9594, #9604, #9605, #9606, #9616, #9617, #9618, #9628, #9629, #9630, #9640, #9641, #9642, #9652, #9653, #9654, #9664, #9665, #9666, #9676, #9677, #9678, #9688, #9689, #9690, #9700, #9701, #9702, #9712, #9713, #9714, #9724, #9725, #9726, #9736, #9737, #9738, #9739),(#9367, #9370, #9371, #9379, #9380, #9381, #9391, #9392, #9393, #9403, #9404, #9405, #9415, #9416, #9417, #9427, #9428, #9429, #9439, #9440, #9441, #9451, #9452, #9453, #9463, #9464, #9465, #9475, #9476, #9477, #9487, #9488, #9489, #9499, #9500, #9501, #9511, #9512, #9513, #9523, #9524, #9525, #9535, #9536, #9537, #9547, #9548, #9549, #9559, #9560, #9561, #9571, #9572, #9573, #9583, #9584, #9585, #9595, #9596, #9597, #9607, #9608, #9609, #9619, #9620, #9621, #9631, #9632, #9633, #9643, #9644, #9645, #9655, #9656, #9657, #9667, #9668, #9669, #9679, #9680, #9681, #9691, #9692, #9693, #9703, #9704, #9705, #9715, #9716, #9717, #9727, #9728, #9729, #9740, #9741, #9742, #9739),(#9367, #9372, #9373, #9382, #9383, #9384, #9394, #9395, #9396, #9406, #9407, #9408, #9418, #9419, #9420, #9430, #9431, #9432, #9442, #9443, #9444, #9454, #9455, #9456, #9466, #9467, #9468, #9478, #9479, #9480, #9490, #9491, #9492, #9502, #9503, #9504, #9514, #9515, #9516, #9526, #9527, #9528, #9538, #9539, #9540, #9550, #9551, #9552, #9562, #9563, #9564, #9574, #9575, #9576, #9586, #9587, #9588, #9598, #9599, #9600, #9610, #9611, #9612, #9622, #9623, #9624, #9634, #9635, #9636, #9646, #9647, #9648, #9658, #9659, #9660, #9670, #9671, #9672, #9682, #9683, #9684, #9694, #9695, #9696, #9706, #9707, #9708, #9718, #9719, #9720, #9730, #9731, #9732, #9743, #9744, #9745, #9739),(#9367, #9374, #9375, #9385, #9386, #9387, #9397, #9398, #9399, #9409, #9410, #9411, #9421, #9422, #9423, #9433, #9434, #9435, #9445, #9446, #9447, #9457, #9458, #9459, #9469, #9470, #9471, #9481, #9482, #9483, #9493, #9494, #9495, #9505, #9506, #9507, #9517, #9518, #9519, #9529, #9530, #9531, #9541, #9542, #9543, #9553, #9554, #9555, #9565, #9566, #9567, #9577, #9578, #9579, #9589, #9590, #9591, #9601, #9602, #9603, #9613, #9614, #9615, #9625, #9626, #9627, #9637, #9638, #9639, #9649, #9650, #9651, #9661, #9662, #9663, #9673, #9674, #9675, #9685, #9686, #9687, #9697, #9698, #9699, #9709, #9710, #9711, #9721, #9722, #9723, #9733, #9734, #9735, #9746, #9747, #9748, #9739)),.UNSPECIFIED.,.F.,.F.,.F.,(4,4),(4,3,3,3,3,3,3,3,3,3,3,3,3,3,3,3,3,3,3,3,3,3,3,3,3,3,3,3,3,3,3,3,4),(0.,1.),(0.,1.,2.,3.,4.,5.,6.,7.,8.,9.,10.,11.,12.,13.,14.,15.,16.,17.,18.,19.,20.,21.,22.,23.,24.,25.,26.,27.,28.,29.,30.,31.,32.),.PIECEWISE_BEZIER_KNOTS.);
#9367=CARTESIAN_POINT('',(29.6998053751424,5.,1.57213114754098));
#9368=CARTESIAN_POINT('',(29.6998053751424,5.,1.57286657149863));
#9369=CARTESIAN_POINT('',(29.6998717812489,5.,1.57360645840937));
#9370=CARTESIAN_POINT('',(29.7000467649413,5.00032621959053,1.57286646753776));
#9371=CARTESIAN_POINT('',(29.7003559253032,5.00065430858323,1.573606040109));
#9372=CARTESIAN_POINT('',(29.7002427100213,5.00059102416816,1.5725369655631));
#9373=CARTESIAN_POINT('',(29.7007488568613,5.00118534575865,1.57294509800775));
#9374=CARTESIAN_POINT('',(29.7002427100213,5.00059102416816,1.57213114754098));
#9375=CARTESIAN_POINT('',(29.7007488568613,5.00118534575865,1.57213114754098));
#9376=CARTESIAN_POINT('',(29.7000028452171,5.,1.57433237029809));
#9377=CARTESIAN_POINT('',(29.7001339091852,5.,1.57505828218681));
#9378=CARTESIAN_POINT('',(29.7003291634826,5.,1.57577171015083));
#9379=CARTESIAN_POINT('',(29.700725042463,5.00097610644138,1.57433143922608));
#9380=CARTESIAN_POINT('',(29.7010940507925,5.00129780660315,1.57505663601646));
#9381=CARTESIAN_POINT('',(29.7015230213077,5.00161390129916,1.57576916409705));
#9382=CARTESIAN_POINT('',(29.701311081283,5.00176818404942,1.57334537713782));
#9383=CARTESIAN_POINT('',(29.701873044785,5.00235075914637,1.57374551323536));
#9384=CARTESIAN_POINT('',(29.7024914796173,5.00292309917106,1.57413862864737));
#9385=CARTESIAN_POINT('',(29.701311081283,5.00176818404942,1.57213114754098));
#9386=CARTESIAN_POINT('',(29.701873044785,5.00235075914637,1.57213114754098));
#9387=CARTESIAN_POINT('',(29.7024914796173,5.00292309917106,1.57213114754098));
#9388=CARTESIAN_POINT('',(29.7005797498371,5.,1.57646490872264));
#9389=CARTESIAN_POINT('',(29.701080922546,5.,1.57785130586627));
#9390=CARTESIAN_POINT('',(29.7018028863764,5.,1.5791529879273));
#9391=CARTESIAN_POINT('',(29.702000552085,5.00192097517411,1.576461301202));
#9392=CARTESIAN_POINT('',(29.702955251171,5.00253490328562,1.57784502251208));
#9393=CARTESIAN_POINT('',(29.7041023696211,5.00311121267238,1.57914352113716));
#9394=CARTESIAN_POINT('',(29.7031529261048,5.00347902583632,1.57452046494593));
#9395=CARTESIAN_POINT('',(29.7044749887015,5.00459024598712,1.57528374677691));
#9396=CARTESIAN_POINT('',(29.705966277684,5.0056330898805,1.57599991441243));
#9397=CARTESIAN_POINT('',(29.7031529261048,5.00347902583632,1.57213114754098));
#9398=CARTESIAN_POINT('',(29.7044749887015,5.00459024598712,1.57213114754098));
#9399=CARTESIAN_POINT('',(29.705966277684,5.0056330898805,1.57213114754098));
#9400=CARTESIAN_POINT('',(29.7026565125466,5.,1.58035528931303));
#9401=CARTESIAN_POINT('',(29.7035101387168,5.,1.58155759069876));
#9402=CARTESIAN_POINT('',(29.7044939332108,5.,1.5826640781115));
#9403=CARTESIAN_POINT('',(29.7053480489811,5.00364348615994,1.58034230467612));
#9404=CARTESIAN_POINT('',(29.7065932394456,5.0041756308279,1.58154053411521));
#9405=CARTESIAN_POINT('',(29.7079367017968,5.00466544461046,1.58264278376303));
#9406=CARTESIAN_POINT('',(29.7075291495217,5.00659600410875,1.5766609961452));
#9407=CARTESIAN_POINT('',(29.7090909627239,5.00755844937248,1.5773216864188));
#9408=CARTESIAN_POINT('',(29.7107251016468,5.0084441258454,1.57792937851251));
#9409=CARTESIAN_POINT('',(29.7075291495217,5.00659600410875,1.57213114754098));
#9410=CARTESIAN_POINT('',(29.7090909627239,5.00755844937248,1.57213114754098));
#9411=CARTESIAN_POINT('',(29.7107251016468,5.0084441258454,1.57213114754098));
#9412=CARTESIAN_POINT('',(29.7055519249729,5.,1.58369130225146));
#9413=CARTESIAN_POINT('',(29.7066099167351,5.,1.58471852639142));
#9414=CARTESIAN_POINT('',(29.7077420072675,5.,1.5856676548291));
#9415=CARTESIAN_POINT('',(29.7093279685503,5.00512026109747,1.5836656528136));
#9416=CARTESIAN_POINT('',(29.7107187937559,5.00557504432212,1.58468811714025));
#9417=CARTESIAN_POINT('',(29.7121577604032,5.00599541348175,1.58563248681384));
#9418=CARTESIAN_POINT('',(29.7123855823013,5.0092663416232,1.5784932412764));
#9419=CARTESIAN_POINT('',(29.7140451377598,5.01008832499664,1.57905681821527));
#9420=CARTESIAN_POINT('',(29.7157317630298,5.01084795457115,1.57957729388399));
#9421=CARTESIAN_POINT('',(29.7123855823013,5.0092663416232,1.57213114754098));
#9422=CARTESIAN_POINT('',(29.7140451377598,5.01008832499664,1.57213114754098));
#9423=CARTESIAN_POINT('',(29.7157317630298,5.01084795457115,1.57213114754098));
#9424=CARTESIAN_POINT('',(29.7089172457272,5.,1.58655769042248));
#9425=CARTESIAN_POINT('',(29.7100924841869,5.,1.58744772601585));
#9426=CARTESIAN_POINT('',(29.7113134444803,5.,1.58827723798868));
#9427=CARTESIAN_POINT('',(29.7136201881603,5.00638975806572,1.58651774483769));
#9428=CARTESIAN_POINT('',(29.7150822261626,5.00678411883028,1.58740269857086));
#9429=CARTESIAN_POINT('',(29.7165698788283,5.007151861965,1.58822719899095));
#9430=CARTESIAN_POINT('',(29.7174258623671,5.01156042256018,1.58006514220429));
#9431=CARTESIAN_POINT('',(29.7191191622713,5.01227279026958,1.58055277569463));
#9432=CARTESIAN_POINT('',(29.7208217765763,5.01293695957499,1.58100705512962));
#9433=CARTESIAN_POINT('',(29.7174258623671,5.01156042256018,1.57213114754098));
#9434=CARTESIAN_POINT('',(29.7191191622713,5.01227279026958,1.57213114754098));
#9435=CARTESIAN_POINT('',(29.7208217765763,5.01293695957499,1.57213114754098));
#9436=CARTESIAN_POINT('',(29.7125625391977,5.,1.58906084424915));
#9437=CARTESIAN_POINT('',(29.7138116339151,5.,1.58984445050961));
#9438=CARTESIAN_POINT('',(29.7150888586341,5.,1.59058242399853));
#9439=CARTESIAN_POINT('',(29.7180703690386,5.00749943161775,1.58900582690461));
#9440=CARTESIAN_POINT('',(29.7195705141305,5.0078470437056,1.58978421844916));
#9441=CARTESIAN_POINT('',(29.7210836208136,5.00817462109073,1.59051706338127));
#9442=CARTESIAN_POINT('',(29.7225248218204,5.01356459067263,1.58143602212657));
#9443=CARTESIAN_POINT('',(29.7242271700216,5.01419219778622,1.58186482229181));
#9444=CARTESIAN_POINT('',(29.7259301941161,5.01478354053587,1.58226849806147));
#9445=CARTESIAN_POINT('',(29.7225248218204,5.01356459067263,1.57213114754098));
#9446=CARTESIAN_POINT('',(29.7242271700216,5.01419219778622,1.57213114754098));
#9447=CARTESIAN_POINT('',(29.7259301941161,5.01478354053587,1.57213114754098));
#9448=CARTESIAN_POINT('',(29.7163858013757,5.,1.59128384072076));
#9449=CARTESIAN_POINT('',(29.7189796868588,5.,1.59268667416523));
#9450=CARTESIAN_POINT('',(29.7216503546554,5.,1.59394471714338));
#9451=CARTESIAN_POINT('',(29.7226042600248,5.00848616323555,1.59121340980578));
#9452=CARTESIAN_POINT('',(29.7256446111955,5.00910941602632,1.59260553299964));
#9453=CARTESIAN_POINT('',(29.7287136671779,5.0096692151524,1.59385331843437));
#9454=CARTESIAN_POINT('',(29.7276308780054,5.01534585357247,1.58265203889794));
#9455=CARTESIAN_POINT('',(29.7310303946981,5.01647054123571,1.58341871861021));
#9456=CARTESIAN_POINT('',(29.7344197332304,5.01748044821891,1.58410580658324));
#9457=CARTESIAN_POINT('',(29.7276308780054,5.01534585357247,1.57213114754098));
#9458=CARTESIAN_POINT('',(29.7310303946981,5.01647054123571,1.57213114754098));
#9459=CARTESIAN_POINT('',(29.7344197332304,5.01748044821891,1.57213114754098));
#9460=CARTESIAN_POINT('',(29.7243588439254,5.,1.59511001919952));
#9461=CARTESIAN_POINT('',(29.7257130885603,5.,1.59569267022758));
#9462=CARTESIAN_POINT('',(29.7270785397665,5.,1.59624982247993));
#9463=CARTESIAN_POINT('',(29.731789508969,5.01018846655056,1.59500856743124));
#9464=CARTESIAN_POINT('',(29.733327046297,5.01044819312063,1.59558599424724));
#9465=CARTESIAN_POINT('',(29.7348673151166,5.01069677044166,1.59613802597729));
#9466=CARTESIAN_POINT('',(29.7377907325696,5.01841697174606,1.58474185434528));
#9467=CARTESIAN_POINT('',(29.739475479066,5.018885331227,1.5850597387893));
#9468=CARTESIAN_POINT('',(29.7411561106913,5.01933353290976,1.58536362341644));
#9469=CARTESIAN_POINT('',(29.7377907325696,5.01841697174606,1.57213114754098));
#9470=CARTESIAN_POINT('',(29.739475479066,5.018885331227,1.57213114754098));
#9471=CARTESIAN_POINT('',(29.7411561106913,5.01933353290976,1.57213114754098));
#9472=CARTESIAN_POINT('',(29.7284517701574,5.,1.59678669163329));
#9473=CARTESIAN_POINT('',(29.7298250005483,5.,1.59732356078666));
#9474=CARTESIAN_POINT('',(29.7312059294605,5.,1.597840463773));
#9475=CARTESIAN_POINT('',(29.7364085888929,5.01093649175501,1.5966698453996));
#9476=CARTESIAN_POINT('',(29.7379496274349,5.01117628193948,1.59720155253095));
#9477=CARTESIAN_POINT('',(29.7394917104424,5.01140735655572,1.59771337779361));
#9478=CARTESIAN_POINT('',(29.7428322715078,5.01976571789302,1.58565636359616));
#9479=CARTESIAN_POINT('',(29.74450797344,5.02019797918565,1.58594902458675));
#9480=CARTESIAN_POINT('',(29.7461793458002,5.02061448394758,1.58623072558133));
#9481=CARTESIAN_POINT('',(29.7428322715078,5.01976571789302,1.57213114754098));
#9482=CARTESIAN_POINT('',(29.74450797344,5.02019797918565,1.57213114754098));
#9483=CARTESIAN_POINT('',(29.7461793458002,5.02061448394758,1.57213114754098));
#9484=CARTESIAN_POINT('',(29.7325935741283,5.,1.59833899242965));
#9485=CARTESIAN_POINT('',(29.7353688634639,5.,1.59933604974295));
#9486=CARTESIAN_POINT('',(29.7381680851327,5.,1.60026505507472));
#9487=CARTESIAN_POINT('',(29.7410343813614,5.01163041546373,1.59820690890905));
#9488=CARTESIAN_POINT('',(29.7441190687645,5.01207674076591,1.59919367957066));
#9489=CARTESIAN_POINT('',(29.7472050237865,5.01249339620381,1.60011274358483));
#9490=CARTESIAN_POINT('',(29.7478463579176,5.02101649848762,1.58650234222555));
#9491=CARTESIAN_POINT('',(29.7511791125899,5.02182077717941,1.58704536993428));
#9492=CARTESIAN_POINT('',(29.7544948489117,5.02257144110773,1.58755108294056));
#9493=CARTESIAN_POINT('',(29.7478463579176,5.02101649848762,1.57213114754098));
#9494=CARTESIAN_POINT('',(29.7511791125899,5.02182077717941,1.57213114754098));
#9495=CARTESIAN_POINT('',(29.7544948489117,5.02257144110773,1.57213114754098));
#9496=CARTESIAN_POINT('',(29.7409845988096,5.,1.60113872236861));
#9497=CARTESIAN_POINT('',(29.7438011124866,5.,1.6020123896625));
#9498=CARTESIAN_POINT('',(29.7466343469171,5.,1.60283192984768));
#9499=CARTESIAN_POINT('',(29.7502897716872,5.01288596746285,1.6009767464136));
#9500=CARTESIAN_POINT('',(29.7533737567306,5.01327880977444,1.60184044848619));
#9501=CARTESIAN_POINT('',(29.7564564490125,5.01364809188443,1.60265036010528));
#9502=CARTESIAN_POINT('',(29.7577944525005,5.02327858177021,1.58802644986413));
#9503=CARTESIAN_POINT('',(29.7610925893937,5.02398608228979,1.5885016047923));
#9504=CARTESIAN_POINT('',(29.7643749202937,5.02465103428728,1.58894712414746));
#9505=CARTESIAN_POINT('',(29.7577944525005,5.02327858177021,1.57213114754098));
#9506=CARTESIAN_POINT('',(29.7610925893937,5.02398608228979,1.57213114754098));
#9507=CARTESIAN_POINT('',(29.7643749202937,5.02465103428728,1.57213114754098));
#9508=CARTESIAN_POINT('',(29.7494782503873,5.,1.60361080070802));
#9509=CARTESIAN_POINT('',(29.7523221538575,5.,1.60438967156837));
#9510=CARTESIAN_POINT('',(29.7551785390496,5.,1.60512377510275));
#9511=CARTESIAN_POINT('',(29.7595361598261,5.01399972602278,1.60341982788285));
#9512=CARTESIAN_POINT('',(29.762615190707,5.01435162054145,1.60418905466007));
#9513=CARTESIAN_POINT('',(29.7656918220034,5.01468405260246,1.60491384006202));
#9514=CARTESIAN_POINT('',(29.7676432641644,5.02528410278769,1.58937035696634));
#9515=CARTESIAN_POINT('',(29.7709103100341,5.02591753706048,1.58979341995693));
#9516=CARTESIAN_POINT('',(29.7741629820348,5.02651584292443,1.59019200554994));
#9517=CARTESIAN_POINT('',(29.7676432641644,5.02528410278769,1.57213114754098));
#9518=CARTESIAN_POINT('',(29.7709103100341,5.02591753706048,1.57213114754098));
#9519=CARTESIAN_POINT('',(29.7741629820348,5.02651584292443,1.57213114754098));
#9520=CARTESIAN_POINT('',(29.7580434276904,5.,1.60582254669872));
#9521=CARTESIAN_POINT('',(29.7637732049719,5.,1.60722008989064));
#9522=CARTESIAN_POINT('',(29.7695359576415,5.,1.60847949458543));
#9523=CARTESIAN_POINT('',(29.7687651295002,5.01500116552017,1.60560353558806));
#9524=CARTESIAN_POINT('',(29.7749099108392,5.01563613327764,1.60698233922634));
#9525=CARTESIAN_POINT('',(29.7810417338181,5.016211152535,1.60822415352615));
#9526=CARTESIAN_POINT('',(29.7774028094208,5.02708649194485,1.59057126203433));
#9527=CARTESIAN_POINT('',(29.7838789853744,5.02822887358008,1.59132936117736));
#9528=CARTESIAN_POINT('',(29.7903052896792,5.0292631113752,1.59201203160068));
#9529=CARTESIAN_POINT('',(29.7774028094208,5.02708649194485,1.57213114754098));
#9530=CARTESIAN_POINT('',(29.7838789853744,5.02822887358008,1.57213114754098));
#9531=CARTESIAN_POINT('',(29.7903052896792,5.0292631113752,1.57213114754098));
#9532=CARTESIAN_POINT('',(29.7753194572034,5.,1.6096346635811));
#9533=CARTESIAN_POINT('',(29.7811029567652,5.,1.61078983257678));
#9534=CARTESIAN_POINT('',(29.7869058535864,5.,1.61184507624005));
#9535=CARTESIAN_POINT('',(29.787159394434,5.01674108589417,1.60936259542831));
#9536=CARTESIAN_POINT('',(29.7932750218525,5.0172719033094,1.61050049197978));
#9537=CARTESIAN_POINT('',(29.7993768410456,5.01775943614168,1.61153944754843));
#9538=CARTESIAN_POINT('',(29.7966893793787,5.03021601345678,1.59263778284817));
#9539=CARTESIAN_POINT('',(29.8030696480194,5.03117027099733,1.59326315005852));
#9540=CARTESIAN_POINT('',(29.8094094739555,5.03204650876358,1.59383406230318));
#9541=CARTESIAN_POINT('',(29.7966893793787,5.03021601345678,1.57213114754098));
#9542=CARTESIAN_POINT('',(29.8030696480194,5.03117027099733,1.57213114754098));
#9543=CARTESIAN_POINT('',(29.8094094739555,5.03204650876358,1.57213114754098));
#9544=CARTESIAN_POINT('',(29.7927228847534,5.,1.61281740680077));
#9545=CARTESIAN_POINT('',(29.7985399159205,5.,1.61378973736149));
#9546=CARTESIAN_POINT('',(29.8043697432964,5.,1.61468367334752));
#9547=CARTESIAN_POINT('',(29.8054651489405,5.01821112202764,1.61249633174681));
#9548=CARTESIAN_POINT('',(29.8115517260221,5.01866359154357,1.61345282116946));
#9549=CARTESIAN_POINT('',(29.8176251328022,5.01908211673565,1.61433181003276));
#9550=CARTESIAN_POINT('',(29.8157136227657,5.03285814273658,1.59435980812389));
#9551=CARTESIAN_POINT('',(29.8220145428591,5.03367101467029,1.59488527604435));
#9552=CARTESIAN_POINT('',(29.8282815036323,5.03442275324214,1.59536810813945));
#9553=CARTESIAN_POINT('',(29.8157136227657,5.03285814273658,1.57213114754098));
#9554=CARTESIAN_POINT('',(29.8220145428591,5.03367101467029,1.57213114754098));
#9555=CARTESIAN_POINT('',(29.8282815036323,5.03442275324214,1.57213114754098));
#9556=CARTESIAN_POINT('',(29.8102087175953,5.,1.61551248497206));
#9557=CARTESIAN_POINT('',(29.8131282047447,5.,1.61592689078433));
#9558=CARTESIAN_POINT('',(29.8160504041906,5.,1.61632341046181));
#9559=CARTESIAN_POINT('',(29.8236860186369,5.01947250232916,1.61514642958792));
#9560=CARTESIAN_POINT('',(29.8267159002587,5.0196679549869,1.61555362927808));
#9561=CARTESIAN_POINT('',(29.8297426235655,5.01985564543731,1.6159431752369));
#9562=CARTESIAN_POINT('',(29.8345186008734,5.0351238172459,1.59581553030412));
#9563=CARTESIAN_POINT('',(29.8376361086102,5.03547476829699,1.59603916391417));
#9564=CARTESIAN_POINT('',(29.8407457666775,5.03581175177376,1.59625308995799));
#9565=CARTESIAN_POINT('',(29.8345186008734,5.0351238172459,1.57213114754098));
#9566=CARTESIAN_POINT('',(29.8376361086102,5.03547476829699,1.57213114754098));
#9567=CARTESIAN_POINT('',(29.8407457666775,5.03581175177376,1.57213114754098));
#9568=CARTESIAN_POINT('',(29.8189742243922,5.,1.61670630213231));
#9569=CARTESIAN_POINT('',(29.8218980445939,5.,1.61708919380281));
#9570=CARTESIAN_POINT('',(29.824823671654,5.,1.61745767219798));
#9571=CARTESIAN_POINT('',(29.832766428795,5.02003745285518,1.61631926069024));
#9572=CARTESIAN_POINT('',(29.8357898848971,5.02021942265966,1.61669528264911));
#9573=CARTESIAN_POINT('',(29.8388103908124,5.02039515150701,1.61705708095166));
#9574=CARTESIAN_POINT('',(29.8438488770404,5.0361381447932,1.59645961276775));
#9575=CARTESIAN_POINT('',(29.8469513417143,5.03646480181458,1.59666609090136));
#9576=CARTESIAN_POINT('',(29.8500470557396,5.0367802294532,1.59686474798974));
#9577=CARTESIAN_POINT('',(29.8438488770404,5.0361381447932,1.57213114754098));
#9578=CARTESIAN_POINT('',(29.8469513417143,5.03646480181458,1.57213114754098));
#9579=CARTESIAN_POINT('',(29.8500470557396,5.0367802294532,1.57213114754098));
#9580=CARTESIAN_POINT('',(29.827751239454,5.,1.61781128912112));
#9581=CARTESIAN_POINT('',(29.8394615106541,5.,1.61922575681369));
#9582=CARTESIAN_POINT('',(29.8511969691628,5.,1.62042528828268));
#9583=CARTESIAN_POINT('',(29.8418279612985,5.02056443304094,1.61740422176223));
#9584=CARTESIAN_POINT('',(29.8538949792601,5.02124307670016,1.61879223524168));
#9585=CARTESIAN_POINT('',(29.8659170643056,5.02182830785798,1.61996847722155));
#9586=CARTESIAN_POINT('',(29.8531359411703,5.03708406008686,1.59705534678627));
#9587=CARTESIAN_POINT('',(29.8654854620535,5.03830186705011,1.59781735521443));
#9588=CARTESIAN_POINT('',(29.8777341321081,5.03935174038141,1.59846297051811));
#9589=CARTESIAN_POINT('',(29.8531359411703,5.03708406008686,1.57213114754098));
#9590=CARTESIAN_POINT('',(29.8654854620535,5.03830186705011,1.57213114754098));
#9591=CARTESIAN_POINT('',(29.8777341321081,5.03935174038141,1.57213114754098));
#9592=CARTESIAN_POINT('',(29.8629464855597,5.,1.62146138308935));
#9593=CARTESIAN_POINT('',(29.8746960019566,5.,1.62249747789602));
#9594=CARTESIAN_POINT('',(29.8864599863848,5.,1.62336793609764));
#9595=CARTESIAN_POINT('',(29.8778996552315,5.02234262072726,1.62098377750061));
#9596=CARTESIAN_POINT('',(29.8898782337608,5.02285877769923,1.62199857570474));
#9597=CARTESIAN_POINT('',(29.9018181400022,5.02330250343992,1.62285055973962));
#9598=CARTESIAN_POINT('',(29.8899006320958,5.04027415499874,1.5990201432696));
#9599=CARTESIAN_POINT('',(29.902059789035,5.04119965588087,1.59957696295708));
#9600=CARTESIAN_POINT('',(29.9141380121519,5.04199510609921,1.60004435637475));
#9601=CARTESIAN_POINT('',(29.8899006320958,5.04027415499874,1.57213114754098));
#9602=CARTESIAN_POINT('',(29.902059789035,5.04119965588087,1.57213114754098));
#9603=CARTESIAN_POINT('',(29.9141380121519,5.04199510609921,1.57213114754098));
#9604=CARTESIAN_POINT('',(29.898231878077,5.,1.62410839180592));
#9605=CARTESIAN_POINT('',(29.9217756614613,5.,1.62558930322247));
#9606=CARTESIAN_POINT('',(29.9453509194223,5.,1.62654830490157));
#9607=CARTESIAN_POINT('',(29.9137241678652,5.02368937651824,1.62357482478502));
#9608=CARTESIAN_POINT('',(29.9375269610001,5.02446712780997,1.62502251729386));
#9609=CARTESIAN_POINT('',(29.9611986465285,5.02501385344376,1.62595845902199));
#9610=CARTESIAN_POINT('',(29.9261491468925,5.04268850514499,1.60044161020888));
#9611=CARTESIAN_POINT('',(29.9501545725001,5.04408210521188,1.60123552911351));
#9612=CARTESIAN_POINT('',(29.9738999586699,5.04506144502068,1.60174856195718));
#9613=CARTESIAN_POINT('',(29.9261491468925,5.04268850514499,1.57213114754098));
#9614=CARTESIAN_POINT('',(29.9501545725001,5.04408210521188,1.57213114754098));
#9615=CARTESIAN_POINT('',(29.9738999586699,5.04506144502068,1.57213114754098));
#9616=CARTESIAN_POINT('',(29.9689331112095,5.,1.62715151380196));
#9617=CARTESIAN_POINT('',(29.9748286591562,5.,1.62730231602706));
#9618=CARTESIAN_POINT('',(29.9807250554709,5.,1.62742784911421));
#9619=CARTESIAN_POINT('',(29.9847672579408,5.02540214122189,1.6265458719193));
#9620=CARTESIAN_POINT('',(29.9906583698977,5.02549953384229,1.62669268575996));
#9621=CARTESIAN_POINT('',(29.9965427809746,5.02558553552137,1.62681477096788));
#9622=CARTESIAN_POINT('',(29.9974551285956,5.04575682705673,1.60207034899085));
#9623=CARTESIAN_POINT('',(30.0033420447395,5.04593122720391,1.60215076808148));
#9624=CARTESIAN_POINT('',(30.0092162867251,5.04608522313348,1.6022176217917));
#9625=CARTESIAN_POINT('',(29.9974551285956,5.04575682705673,1.57213114754098));
#9626=CARTESIAN_POINT('',(30.0033420447395,5.04593122720391,1.57213114754098));
#9627=CARTESIAN_POINT('',(30.0092162867251,5.04608522313348,1.57213114754098));
#9628=CARTESIAN_POINT('',(29.9866217041727,5.,1.62753307481464));
#9629=CARTESIAN_POINT('',(29.9925183528746,5.,1.62763830051507));
#9630=CARTESIAN_POINT('',(29.9984152078745,5.,1.62772354262025));
#9631=CARTESIAN_POINT('',(30.0024213588999,5.02566237123839,1.62691698539047));
#9632=CARTESIAN_POINT('',(30.0082995942361,5.02573928862701,1.62701919084153));
#9633=CARTESIAN_POINT('',(30.0141721095935,5.02580714735388,1.62710184746324));
#9634=CARTESIAN_POINT('',(30.0150798810076,5.04622280115078,1.60227357533391));
#9635=CARTESIAN_POINT('',(30.0209428588546,5.04636052049027,1.60232952257544));
#9636=CARTESIAN_POINT('',(30.0267954295798,5.04648201635977,1.60237474704893));
#9637=CARTESIAN_POINT('',(30.0150798810076,5.04622280115078,1.57213114754098));
#9638=CARTESIAN_POINT('',(30.0209428588546,5.04636052049027,1.57213114754098));
#9639=CARTESIAN_POINT('',(30.0267954295798,5.04648201635977,1.57213114754098));
#9640=CARTESIAN_POINT('',(30.00431247335,5.,1.62778711108171));
#9641=CARTESIAN_POINT('',(30.016107004301,5.,1.62791424800463));
#9642=CARTESIAN_POINT('',(30.0279021791933,5.,1.62796353629924));
#9643=CARTESIAN_POINT('',(30.0200386882665,5.02586514476582,1.62716330627495));
#9644=CARTESIAN_POINT('',(30.031771026379,5.02598125575309,1.6272862115047));
#9645=CARTESIAN_POINT('',(30.043481505612,5.02606172076021,1.62733299811165));
#9646=CARTESIAN_POINT('',(30.0326370447814,5.04658585326442,1.60240834493099));
#9647=CARTESIAN_POINT('',(30.0443188033878,5.04679372664827,1.60247553199697));
#9648=CARTESIAN_POINT('',(30.0559609151507,5.04693777649652,1.60250097268124));
#9649=CARTESIAN_POINT('',(30.0326370447814,5.04658585326442,1.57213114754098));
#9650=CARTESIAN_POINT('',(30.0443188033878,5.04679372664827,1.57213114754098));
#9651=CARTESIAN_POINT('',(30.0559609151507,5.04693777649652,1.57213114754098));
#9652=CARTESIAN_POINT('',(30.0396973262973,5.,1.62794211504399));
#9653=CARTESIAN_POINT('',(30.0632876205053,5.,1.62789927253349));
#9654=CARTESIAN_POINT('',(30.0868769447402,5.,1.62758070555379));
#9655=CARTESIAN_POINT('',(30.0551718155148,5.02610958895018,1.62731066109514));
#9656=CARTESIAN_POINT('',(30.0785506907708,5.02620485051404,1.62726600120264));
#9657=CARTESIAN_POINT('',(30.1018529195035,5.0261712478424,1.6269518590994));
#9658=CARTESIAN_POINT('',(30.0675669398789,5.04702346840579,1.60248850555812));
#9659=CARTESIAN_POINT('',(30.090775863005,5.04719399655968,1.60246358128724));
#9660=CARTESIAN_POINT('',(30.1138483478376,5.04713384512704,1.602290880325));
#9661=CARTESIAN_POINT('',(30.0675669398789,5.04702346840579,1.57213114754098));
#9662=CARTESIAN_POINT('',(30.090775863005,5.04719399655968,1.57213114754098));
#9663=CARTESIAN_POINT('',(30.1138483478376,5.04713384512704,1.57213114754098));
#9664=CARTESIAN_POINT('',(30.1104610005034,5.,1.62704647949235));
#9665=CARTESIAN_POINT('',(30.122253028385,5.,1.62677936646163));
#9666=CARTESIAN_POINT('',(30.1340438883269,5.,1.62645661397034));
#9667=CARTESIAN_POINT('',(30.1250929746109,5.02603506377431,1.62642693235222));
#9668=CARTESIAN_POINT('',(30.1367134686108,5.02596593496628,1.62616446988561));
#9669=CARTESIAN_POINT('',(30.1483187221918,5.02586999879099,1.62584760741164));
#9670=CARTESIAN_POINT('',(30.1368136947362,5.04689005529511,1.6020025895998));
#9671=CARTESIAN_POINT('',(30.1482971999093,5.04676629850074,1.60185844489536));
#9672=CARTESIAN_POINT('',(30.1597543406126,5.04659454364522,1.60168446560013));
#9673=CARTESIAN_POINT('',(30.1368136947362,5.04689005529511,1.57213114754098));
#9674=CARTESIAN_POINT('',(30.1482971999093,5.04676629850074,1.57213114754098));
#9675=CARTESIAN_POINT('',(30.1597543406126,5.04659454364522,1.57213114754098));
#9676=CARTESIAN_POINT('',(30.1458331561381,5.,1.62608552366032));
#9677=CARTESIAN_POINT('',(30.1576224239494,5.,1.6257144333503));
#9678=CARTESIAN_POINT('',(30.1694101453396,5.,1.62529511447971));
#9679=CARTESIAN_POINT('',(30.1599105033921,5.02575050528114,1.6254834709332));
#9680=CARTESIAN_POINT('',(30.1715030044379,5.02563008657228,1.62511931750684));
#9681=CARTESIAN_POINT('',(30.1830824816091,5.0254859479677,1.62470797637181));
#9682=CARTESIAN_POINT('',(30.1711886142783,5.04638060331712,1.60148455782718));
#9683=CARTESIAN_POINT('',(30.1826241702482,5.04616499451349,1.60128463815992));
#9684=CARTESIAN_POINT('',(30.1940376211843,5.0459068995656,1.60105883417574));
#9685=CARTESIAN_POINT('',(30.1711886142783,5.04638060331712,1.57213114754098));
#9686=CARTESIAN_POINT('',(30.1826241702482,5.04616499451349,1.57213114754098));
#9687=CARTESIAN_POINT('',(30.1940376211843,5.0459068995656,1.57213114754098));
#9688=CARTESIAN_POINT('',(30.181196144638,5.,1.62483120153224));
#9689=CARTESIAN_POINT('',(30.2047681432347,5.,1.62390337563728));
#9690=CARTESIAN_POINT('',(30.2283331207458,5.,1.62280337471321));
#9691=CARTESIAN_POINT('',(30.1946499535911,5.02531965005973,1.62425298453132));
#9692=CARTESIAN_POINT('',(30.2177882185022,5.02498364823815,1.62334287667867));
#9693=CARTESIAN_POINT('',(30.2408820173182,5.02456077738336,1.62226407002041));
#9694=CARTESIAN_POINT('',(30.2054309258911,5.04560910465884,1.60080908312558));
#9695=CARTESIAN_POINT('',(30.228223445676,5.04500734546256,1.60030949380796));
#9696=CARTESIAN_POINT('',(30.2509418152571,5.0442498756456,1.59971732959675));
#9697=CARTESIAN_POINT('',(30.2054309258911,5.04560910465884,1.57213114754098));
#9698=CARTESIAN_POINT('',(30.228223445676,5.04500734546256,1.57213114754098));
#9699=CARTESIAN_POINT('',(30.2509418152571,5.0442498756456,1.57213114754098));
#9700=CARTESIAN_POINT('',(30.2518904737761,5.,1.62155797807414));
#9701=CARTESIAN_POINT('',(30.2990051798367,5.,1.61906718479598));
#9702=CARTESIAN_POINT('',(30.3460890962877,5.,1.61601486155111));
#9703=CARTESIAN_POINT('',(30.2639392707807,5.02406274158457,1.62104259521894));
#9704=CARTESIAN_POINT('',(30.310075683602,5.02304876822416,1.61859839706356));
#9705=CARTESIAN_POINT('',(30.3560856765559,5.021736194878,1.61560152006858));
#9706=CARTESIAN_POINT('',(30.2736006610734,5.04335757557284,1.59904684298641));
#9707=CARTESIAN_POINT('',(30.3189572940754,5.04154026469066,1.59770499223055));
#9708=CARTESIAN_POINT('',(30.3641111617872,5.03918651351659,1.59605947042445));
#9709=CARTESIAN_POINT('',(30.2736006610734,5.04335757557284,1.57213114754098));
#9710=CARTESIAN_POINT('',(30.3189572940754,5.04154026469066,1.57213114754098));
#9711=CARTESIAN_POINT('',(30.3641111617872,5.03918651351659,1.57213114754098));
#9712=CARTESIAN_POINT('',(30.3931427059521,5.,1.61255893213751));
#9713=CARTESIAN_POINT('',(30.4401963156166,5.,1.60910300272391));
#9714=CARTESIAN_POINT('',(30.4872199934237,5.,1.60524449601633));
#9715=CARTESIAN_POINT('',(30.4020189524985,5.02019555327896,1.61220513216381));
#9716=CARTESIAN_POINT('',(30.4480016406884,5.01862290499617,1.60880464260705));
#9717=CARTESIAN_POINT('',(30.4939254074907,5.01681616666777,1.60500319886201));
#9718=CARTESIAN_POINT('',(30.4091506978285,5.03642195506162,1.59419408704182));
#9719=CARTESIAN_POINT('',(30.4542780469306,5.03359792731605,1.59232581784611));
#9720=CARTESIAN_POINT('',(30.4993223967676,5.03035100139644,1.59023651314141));
#9721=CARTESIAN_POINT('',(30.4091506978285,5.03642195506162,1.57213114754098));
#9722=CARTESIAN_POINT('',(30.4542780469306,5.03359792731605,1.57213114754098));
#9723=CARTESIAN_POINT('',(30.4993223967676,5.03035100139644,1.57213114754098));
#9724=CARTESIAN_POINT('',(30.5342145500896,5.,1.60106166588658));
#9725=CARTESIAN_POINT('',(30.5812091067556,5.,1.59687883575683));
#9726=CARTESIAN_POINT('',(30.6281747281675,5.,1.59237195306305));
#9727=CARTESIAN_POINT('',(30.5398184906153,5.01481020337261,1.60087599691375));
#9728=CARTESIAN_POINT('',(30.5857801610939,5.01276761426283,1.59674191588411));
#9729=CARTESIAN_POINT('',(30.6317276520654,5.01052195402946,1.59227966483879));
#9730=CARTESIAN_POINT('',(30.5443336152939,5.0267428629782,1.58796720596221));
#9731=CARTESIAN_POINT('',(30.5894669705655,5.02306540503713,1.58569305222946));
#9732=CARTESIAN_POINT('',(30.6345966045425,5.01901833248969,1.5832371505096));
#9733=CARTESIAN_POINT('',(30.5443336152939,5.0267428629782,1.57213114754098));
#9734=CARTESIAN_POINT('',(30.5894669705655,5.02306540503713,1.57213114754098));
#9735=CARTESIAN_POINT('',(30.6345966045425,5.01901833248969,1.57213114754098));
#9736=CARTESIAN_POINT('',(30.6751084996057,5.,1.58755492485989));
#9737=CARTESIAN_POINT('',(30.7220422710439,5.,1.58273789665672));
#9738=CARTESIAN_POINT('',(30.76894430822,5.,1.57761037436942));
#9739=CARTESIAN_POINT('',(30.8158053751424,5.,1.57213114754098));
#9740=CARTESIAN_POINT('',(30.6776716857028,5.00807735905824,1.58750093872533));
#9741=CARTESIAN_POINT('',(30.7237037283086,5.00559428753567,1.58271218386815));
#9742=CARTESIAN_POINT('',(30.7697493723567,5.00290986121608,1.57760346539391));
#9743=CARTESIAN_POINT('',(30.679744043421,5.01460797242489,1.58060561311865));
#9744=CARTESIAN_POINT('',(30.7250487487767,5.010123101728,1.57796699832913));
#9745=CARTESIAN_POINT('',(30.770402006299,5.00526877165591,1.57515033092312));
#9746=CARTESIAN_POINT('',(30.679744043421,5.01460797242489,1.57213114754098));
#9747=CARTESIAN_POINT('',(30.7250487487767,5.010123101728,1.57213114754098));
#9748=CARTESIAN_POINT('',(30.770402006299,5.00526877165591,1.57213114754098));
#9749=GEOMETRIC_SET('LZMFONIUSU, HT, 0',(#8593,#8788,#8983,#9366));
#9750=GEOMETRICALLY_BOUNDED_SURFACE_SHAPE_REPRESENTATION('',(#9749),#12);
#9751=SHAPE_REPRESENTATION_RELATIONSHIP('','',#26,#9750);
#9752=B_SPLINE_SURFACE_WITH_KNOTS('Surf_LZMFONIUSU, HT, 1, 1, lower',1,3,((#9753, #9754, #9755, #9759, #9760, #9761, #9765, #9766, #9767, #9771, #9772, #9773, #9777, #9778, #9779, #9783, #9784, #9785, #9789, #9790, #9791, #9795, #9796, #9797, #9801, #9802, #9803, #9807, #9808, #9809, #9813, #9814, #9815, #9819, #9820, #9821, #9825, #9826, #9827, #9831, #9832, #9833, #9837, #9838, #9839, #9843, #9844, #9845, #9849, #9850, #9851, #9855, #9856, #9857, #9861, #9862, #9863, #9867, #9868, #9869, #9873, #9874, #9875, #9879, #9880, #9881, #9885, #9886, #9887, #9891, #9892, #9893, #9897, #9898, #9899, #9903, #9904, #9905, #9909, #9910, #9911, #9915, #9916, #9917, #9921, #9922, #9923, #9927, #9928, #9929, #9933, #9934, #9935, #9939, #9940, #9941, #9942),(#9756, #9757, #9758, #9762, #9763, #9764, #9768, #9769, #9770, #9774, #9775, #9776, #9780, #9781, #9782, #9786, #9787, #9788, #9792, #9793, #9794, #9798, #9799, #9800, #9804, #9805, #9806, #9810, #9811, #9812, #9816, #9817, #9818, #9822, #9823, #9824, #9828, #9829, #9830, #9834, #9835, #9836, #9840, #9841, #9842, #9846, #9847, #9848, #9852, #9853, #9854, #9858, #9859, #9860, #9864, #9865, #9866, #9870, #9871, #9872, #9876, #9877, #9878, #9882, #9883, #9884, #9888, #9889, #9890, #9894, #9895, #9896, #9900, #9901, #9902, #9906, #9907, #9908, #9912, #9913, #9914, #9918, #9919, #9920, #9924, #9925, #9926, #9930, #9931, #9932, #9936, #9937, #9938, #9943, #9944, #9945, #9946)),.UNSPECIFIED.,.F.,.F.,.F.,(2,2),(4,3,3,3,3,3,3,3,3,3,3,3,3,3,3,3,3,3,3,3,3,3,3,3,3,3,3,3,3,3,3,3,4),(0.,1.),(0.,1.,2.,3.,4.,5.,6.,7.,8.,9.,10.,11.,12.,13.,14.,15.,16.,17.,18.,19.,20.,21.,22.,23.,24.,25.,26.,27.,28.,29.,30.,31.,32.),.PIECEWISE_BEZIER_KNOTS.);
#9753=CARTESIAN_POINT('',(26.,0.,1.57213114754098));
#9754=CARTESIAN_POINT('',(26.,0.,1.56980230500843));
#9755=CARTESIAN_POINT('',(26.0002102860039,0.,1.56745932979109));
#9756=CARTESIAN_POINT('',(29.6998053751424,-5.,1.57213114754098));
#9757=CARTESIAN_POINT('',(29.6998053751424,-5.,1.57139572358334));
#9758=CARTESIAN_POINT('',(29.6998717812489,-5.,1.5706558366726));
#9759=CARTESIAN_POINT('',(26.000625321903,0.,1.56516060881014));
#9760=CARTESIAN_POINT('',(26.0010403578021,0.,1.56286188782919));
#9761=CARTESIAN_POINT('',(26.0016586630771,0.,1.56060269927648));
#9762=CARTESIAN_POINT('',(29.7000028452171,-5.,1.56992992478388));
#9763=CARTESIAN_POINT('',(29.7001339091852,-5.,1.56920401289515));
#9764=CARTESIAN_POINT('',(29.7003291634826,-5.,1.56849058493114));
#9765=CARTESIAN_POINT('',(26.002452186533,0.,1.55840757046574));
#9766=CARTESIAN_POINT('',(26.0040392334446,0.,1.55401731284425));
#9767=CARTESIAN_POINT('',(26.0063254522408,0.,1.54989531965097));
#9768=CARTESIAN_POINT('',(29.7005797498371,-5.,1.56779738635933));
#9769=CARTESIAN_POINT('',(29.701080922546,-5.,1.5664109892157));
#9770=CARTESIAN_POINT('',(29.7018028863764,-5.,1.56510930715467));
#9771=CARTESIAN_POINT('',(26.0090286017798,0.,1.5460880319295));
#9772=CARTESIAN_POINT('',(26.0117317513187,0.,1.54228074420804));
#9773=CARTESIAN_POINT('',(26.0148471005497,0.,1.53877686740102));
#9774=CARTESIAN_POINT('',(29.7026565125466,-5.,1.56390700576894));
#9775=CARTESIAN_POINT('',(29.7035101387168,-5.,1.56270470438321));
#9776=CARTESIAN_POINT('',(29.7044939332108,-5.,1.56159821697047));
#9777=CARTESIAN_POINT('',(26.0181974077965,0.,1.53552399095782));
#9778=CARTESIAN_POINT('',(26.0215477150433,0.,1.53227111451462));
#9779=CARTESIAN_POINT('',(26.0251326683962,0.,1.52926554112861));
#9780=CARTESIAN_POINT('',(29.7055519249729,-5.,1.56057099283051));
#9781=CARTESIAN_POINT('',(29.7066099167351,-5.,1.55954376869055));
#9782=CARTESIAN_POINT('',(29.7077420072675,-5.,1.55859464025287));
#9783=CARTESIAN_POINT('',(26.0288542568518,0.,1.52644709508293));
#9784=CARTESIAN_POINT('',(26.0325758453075,0.,1.52362864903724));
#9785=CARTESIAN_POINT('',(26.0364422195699,0.,1.52100186112327));
#9786=CARTESIAN_POINT('',(29.7089172457272,-5.,1.55770460465949));
#9787=CARTESIAN_POINT('',(29.7100924841869,-5.,1.55681456906612));
#9788=CARTESIAN_POINT('',(29.7113134444803,-5.,1.55598505709328));
#9789=CARTESIAN_POINT('',(26.040397686175,0.,1.51852044129847));
#9790=CARTESIAN_POINT('',(26.04435315278,0.,1.51603902147367));
#9791=CARTESIAN_POINT('',(26.0483976977237,0.,1.51370210542542));
#9792=CARTESIAN_POINT('',(29.7125625391977,-5.,1.55520145083282));
#9793=CARTESIAN_POINT('',(29.7138116339151,-5.,1.55441784457236));
#9794=CARTESIAN_POINT('',(29.7150888586341,-5.,1.55367987108344));
#9795=CARTESIAN_POINT('',(26.052504683072,0.,1.51148095247168));
#9796=CARTESIAN_POINT('',(26.0607186537685,0.,1.50703864656421));
#9797=CARTESIAN_POINT('',(26.0691757684577,0.,1.50305484380005));
#9798=CARTESIAN_POINT('',(29.7163858013757,-5.,1.5529784543612));
#9799=CARTESIAN_POINT('',(29.7189796868588,-5.,1.55157562091674));
#9800=CARTESIAN_POINT('',(29.7216503546554,-5.,1.55031757793859));
#9801=CARTESIAN_POINT('',(26.0777526511459,0.,1.4993647206223));
#9802=CARTESIAN_POINT('',(26.08204109249,0.,1.49751965903342));
#9803=CARTESIAN_POINT('',(26.0863650213094,0.,1.49575534356765));
#9804=CARTESIAN_POINT('',(29.7243588439254,-5.,1.54915227588245));
#9805=CARTESIAN_POINT('',(29.7257130885603,-5.,1.54856962485439));
#9806=CARTESIAN_POINT('',(29.7270785397665,-5.,1.54801247260204));
#9807=CARTESIAN_POINT('',(26.090713584214,0.,1.49405525791534));
#9808=CARTESIAN_POINT('',(26.0950621471186,0.,1.49235517226303));
#9809=CARTESIAN_POINT('',(26.0994350886738,0.,1.49071831280626));
#9810=CARTESIAN_POINT('',(29.7284517701574,-5.,1.54747560344867));
#9811=CARTESIAN_POINT('',(29.7298250005483,-5.,1.54693873429531));
#9812=CARTESIAN_POINT('',(29.7312059294605,-5.,1.54642183130897));
#9813=CARTESIAN_POINT('',(26.1038292967885,0.,1.48913963872687));
#9814=CARTESIAN_POINT('',(26.1126177130179,0.,1.48598229056808));
#9815=CARTESIAN_POINT('',(26.1214819149692,0.,1.48304044035083));
#9816=CARTESIAN_POINT('',(29.7325935741283,-5.,1.54592330265232));
#9817=CARTESIAN_POINT('',(29.7353688634639,-5.,1.54492624533902));
#9818=CARTESIAN_POINT('',(29.7381680851327,-5.,1.54399724000725));
#9819=CARTESIAN_POINT('',(26.1304008749462,0.,1.48027382725351));
#9820=CARTESIAN_POINT('',(26.1393198349231,0.,1.47750721415618));
#9821=CARTESIAN_POINT('',(26.148291743953,0.,1.4749120035698));
#9822=CARTESIAN_POINT('',(29.7409845988096,-5.,1.54312357271336));
#9823=CARTESIAN_POINT('',(29.7438011124866,-5.,1.54224990541947));
#9824=CARTESIAN_POINT('',(29.7466343469171,-5.,1.54143036523429));
#9825=CARTESIAN_POINT('',(26.1572974382754,0.,1.4724455791787));
#9826=CARTESIAN_POINT('',(26.1663031325977,0.,1.4699791547876));
#9827=CARTESIAN_POINT('',(26.1753483523727,0.,1.46765449359538));
#9828=CARTESIAN_POINT('',(29.7494782503873,-5.,1.54065149437395));
#9829=CARTESIAN_POINT('',(29.7523221538575,-5.,1.5398726235136));
#9830=CARTESIAN_POINT('',(29.7551785390496,-5.,1.53913851997921));
#9831=CARTESIAN_POINT('',(26.1844204997351,0.,1.46544171687483));
#9832=CARTESIAN_POINT('',(26.20256479446,0.,1.46101616343374));
#9833=CARTESIAN_POINT('',(26.2208135112471,0.,1.45702804856692));
#9834=CARTESIAN_POINT('',(29.7580434276904,-5.,1.53843974838325));
#9835=CARTESIAN_POINT('',(29.7637732049719,-5.,1.53704220519133));
#9836=CARTESIAN_POINT('',(29.7695359576415,-5.,1.53578280049654));
#9837=CARTESIAN_POINT('',(26.2391279265263,0.,1.45337001341394));
#9838=CARTESIAN_POINT('',(26.2574423418054,0.,1.44971197826096));
#9839=CARTESIAN_POINT('',(26.2758181817393,0.,1.44637037332727));
#9840=CARTESIAN_POINT('',(29.7753194572034,-5.,1.53462763150087));
#9841=CARTESIAN_POINT('',(29.7811029567652,-5.,1.53347246250519));
#9842=CARTESIAN_POINT('',(29.7869058535864,-5.,1.53241721884192));
#9843=CARTESIAN_POINT('',(26.2942387804348,0.,1.44329132655166));
#9844=CARTESIAN_POINT('',(26.3126593791304,0.,1.44021227977605));
#9845=CARTESIAN_POINT('',(26.3311204991543,0.,1.43738148248696));
#9846=CARTESIAN_POINT('',(29.7927228847534,-5.,1.5314448882812));
#9847=CARTESIAN_POINT('',(29.7985399159205,-5.,1.53047255772048));
#9848=CARTESIAN_POINT('',(29.8043697432964,-5.,1.52957862173445));
#9849=CARTESIAN_POINT('',(26.349610584434,0.,1.43475691234258));
#9850=CARTESIAN_POINT('',(26.3588556270738,0.,1.4334446272704));
#9851=CARTESIAN_POINT('',(26.3681092586525,0.,1.43218898162504));
#9852=CARTESIAN_POINT('',(29.8102087175953,-5.,1.52874981010991));
#9853=CARTESIAN_POINT('',(29.8131282047447,-5.,1.52833540429764));
#9854=CARTESIAN_POINT('',(29.8160504041906,-5.,1.52793888462016));
#9855=CARTESIAN_POINT('',(26.3773680226243,0.,1.43097649133512));
#9856=CARTESIAN_POINT('',(26.3866267865962,0.,1.42976400104519));
#9857=CARTESIAN_POINT('',(26.3958912722865,0.,1.42859715279384));
#9858=CARTESIAN_POINT('',(29.8189742243922,-5.,1.52755599294966));
#9859=CARTESIAN_POINT('',(29.8218980445939,-5.,1.52717310127915));
#9860=CARTESIAN_POINT('',(29.824823671654,-5.,1.52680462288399));
#9861=CARTESIAN_POINT('',(26.4051619036532,0.,1.42747736587055));
#9862=CARTESIAN_POINT('',(26.4422444291202,0.,1.42299821817742));
#9863=CARTESIAN_POINT('',(26.479406714398,0.,1.41919970185895));
#9864=CARTESIAN_POINT('',(29.827751239454,-5.,1.52645100596085));
#9865=CARTESIAN_POINT('',(29.8394615106541,-5.,1.52503653826828));
#9866=CARTESIAN_POINT('',(29.8511969691628,-5.,1.52383700679929));
#9867=CARTESIAN_POINT('',(26.5166135163215,0.,1.41591873497116));
#9868=CARTESIAN_POINT('',(26.5538203182449,0.,1.41263776808336));
#9869=CARTESIAN_POINT('',(26.5910729356008,0.,1.40988131711157));
#9870=CARTESIAN_POINT('',(29.8629464855597,-5.,1.52280091199262));
#9871=CARTESIAN_POINT('',(29.8746960019566,-5.,1.52176481718595));
#9872=CARTESIAN_POINT('',(29.8864599863848,-5.,1.52089435898433));
#9873=CARTESIAN_POINT('',(26.628350592626,0.,1.40753654070203));
#9874=CARTESIAN_POINT('',(26.7029059066764,0.,1.40284698788296));
#9875=CARTESIAN_POINT('',(26.7775608902196,0.,1.39981014923245));
#9876=CARTESIAN_POINT('',(29.898231878077,-5.,1.52015390327605));
#9877=CARTESIAN_POINT('',(29.9217756614613,-5.,1.5186729918595));
#9878=CARTESIAN_POINT('',(29.9453509194223,-5.,1.5177139901804));
#9879=CARTESIAN_POINT('',(26.8522378308789,0.,1.39789998771455));
#9880=CARTESIAN_POINT('',(26.8709070660437,0.,1.39742244733507));
#9881=CARTESIAN_POINT('',(26.8895789877068,0.,1.39702492589243));
#9882=CARTESIAN_POINT('',(29.9689331112095,-5.,1.51711078128001));
#9883=CARTESIAN_POINT('',(29.9748286591562,-5.,1.51695997905491));
#9884=CARTESIAN_POINT('',(29.9807250554709,-5.,1.51683444596776));
#9885=CARTESIAN_POINT('',(26.908251708596,0.,1.3966917111744));
#9886=CARTESIAN_POINT('',(26.9269244294851,0.,1.39635849645637));
#9887=CARTESIAN_POINT('',(26.9455978036514,0.,1.3960885631233));
#9888=CARTESIAN_POINT('',(29.9866217041727,-5.,1.51672922026733));
#9889=CARTESIAN_POINT('',(29.9925183528746,-5.,1.51662399456689));
#9890=CARTESIAN_POINT('',(29.9984152078745,-5.,1.51653875246172));
#9891=CARTESIAN_POINT('',(26.9642724776572,0.,1.39588726299535));
#9892=CARTESIAN_POINT('',(27.0016218256687,0.,1.39548466273944));
#9893=CARTESIAN_POINT('',(27.0389732128276,0.,1.39532858313985));
#9894=CARTESIAN_POINT('',(30.00431247335,-5.,1.51647518400026));
#9895=CARTESIAN_POINT('',(30.016107004301,-5.,1.51634804707734));
#9896=CARTESIAN_POINT('',(30.0279021791933,-5.,1.51629875878273));
#9897=CARTESIAN_POINT('',(27.0763245119903,0.,1.39539641711481));
#9898=CARTESIAN_POINT('',(27.1510271103156,0.,1.39553208506472));
#9899=CARTESIAN_POINT('',(27.2257266370594,0.,1.39654088050044));
#9900=CARTESIAN_POINT('',(30.0396973262973,-5.,1.51632018003798));
#9901=CARTESIAN_POINT('',(30.0632876205053,-5.,1.51636302254848));
#9902=CARTESIAN_POINT('',(30.0868769447402,-5.,1.51668158952818));
#9903=CARTESIAN_POINT('',(27.3004094803097,0.,1.39823259636166));
#9904=CARTESIAN_POINT('',(27.3377509019348,0.,1.39907845429227));
#9905=CARTESIAN_POINT('',(27.375088625084,0.,1.40010050384802));
#9906=CARTESIAN_POINT('',(30.1104610005034,-5.,1.51721581558962));
#9907=CARTESIAN_POINT('',(30.122253028385,-5.,1.51748292862034));
#9908=CARTESIAN_POINT('',(30.1340438883269,-5.,1.51780568111163));
#9909=CARTESIAN_POINT('',(27.4124213064864,0.,1.40127562316309));
#9910=CARTESIAN_POINT('',(27.4497539878887,0.,1.40245074247817));
#9911=CARTESIAN_POINT('',(27.487081772291,0.,1.40377858556835));
#9912=CARTESIAN_POINT('',(30.1458331561381,-5.,1.51817677142165));
#9913=CARTESIAN_POINT('',(30.1576224239494,-5.,1.51854786173167));
#9914=CARTESIAN_POINT('',(30.1694101453396,-5.,1.51896718060226));
#9915=CARTESIAN_POINT('',(27.5244041034025,0.,1.40524764323536));
#9916=CARTESIAN_POINT('',(27.5990487656256,0.,1.40818575856938));
#9917=CARTESIAN_POINT('',(27.6736711944105,0.,1.41166909482892));
#9918=CARTESIAN_POINT('',(30.181196144638,-5.,1.51943109354973));
#9919=CARTESIAN_POINT('',(30.2047681432347,-5.,1.52035891944469));
#9920=CARTESIAN_POINT('',(30.2283331207458,-5.,1.52145892036875));
#9921=CARTESIAN_POINT('',(27.7482694790065,0.,1.41561285085267));
#9922=CARTESIAN_POINT('',(27.8974660481986,0.,1.42350036290017));
#9923=CARTESIAN_POINT('',(28.0465651169599,0.,1.43316605317558));
#9924=CARTESIAN_POINT('',(30.2518904737761,-5.,1.52270431700783));
#9925=CARTESIAN_POINT('',(30.2990051798367,-5.,1.52519511028599));
#9926=CARTESIAN_POINT('',(30.3460890962877,-5.,1.52824743353086));
#9927=CARTESIAN_POINT('',(28.1955682142307,0.,1.44410982965199));
#9928=CARTESIAN_POINT('',(28.3445713115015,0.,1.4550536061284));
#9929=CARTESIAN_POINT('',(28.4934796245573,0.,1.46727221070239));
#9930=CARTESIAN_POINT('',(30.3931427059521,-5.,1.53170336294446));
#9931=CARTESIAN_POINT('',(30.4401963156166,-5.,1.53515929235806));
#9932=CARTESIAN_POINT('',(30.4872199934237,-5.,1.53901779906564));
#9933=CARTESIAN_POINT('',(28.6422957206662,0.,1.4805178394466));
#9934=CARTESIAN_POINT('',(28.791111816775,0.,1.49376346819082));
#9935=CARTESIAN_POINT('',(28.9398362845793,0.,1.50803526338776));
#9936=CARTESIAN_POINT('',(30.5342145500896,-5.,1.54320062919539));
#9937=CARTESIAN_POINT('',(30.5812091067556,-5.,1.54738345932514));
#9938=CARTESIAN_POINT('',(30.6281747281675,-5.,1.55189034201891));
#9939=CARTESIAN_POINT('',(29.0884598941337,0.,1.52328918603113));
#9940=CARTESIAN_POINT('',(29.237083503688,0.,1.5385431086745));
#9941=CARTESIAN_POINT('',(29.3856066214124,0.,1.55478026258427));
#9942=CARTESIAN_POINT('',(29.534,0.,1.57213114754098));
#9943=CARTESIAN_POINT('',(30.6751084996057,-5.,1.55670737022208));
#9944=CARTESIAN_POINT('',(30.7220422710439,-5.,1.56152439842525));
#9945=CARTESIAN_POINT('',(30.76894430822,-5.,1.56665192071255));
#9946=CARTESIAN_POINT('',(30.8158053751424,-5.,1.57213114754098));
#9947=B_SPLINE_SURFACE_WITH_KNOTS('Surf_LZMFONIUSU, HT, 1, 4, upper',1,3,((#9948, #9949, #9950, #9954, #9955, #9956, #9960, #9961, #9962, #9966, #9967, #9968, #9972, #9973, #9974, #9978, #9979, #9980, #9984, #9985, #9986, #9990, #9991, #9992, #9996, #9997, #9998, #10002, #10003, #10004, #10008, #10009, #10010, #10014, #10015, #10016, #10020, #10021, #10022, #10026, #10027, #10028, #10032, #10033, #10034, #10038, #10039, #10040, #10044, #10045, #10046, #10050, #10051, #10052, #10056, #10057, #10058, #10062, #10063, #10064, #10068, #10069, #10070, #10074, #10075, #10076, #10080, #10081, #10082, #10086, #10087, #10088, #10092, #10093, #10094, #10098, #10099, #10100, #10104, #10105, #10106, #10110, #10111, #10112, #10116, #10117, #10118, #10122, #10123, #10124, #10128, #10129, #10130, #10134, #10135, #10136, #10137),(#9951, #9952, #9953, #9957, #9958, #9959, #9963, #9964, #9965, #9969, #9970, #9971, #9975, #9976, #9977, #9981, #9982, #9983, #9987, #9988, #9989, #9993, #9994, #9995, #9999, #10000, #10001, #10005, #10006, #10007, #10011, #10012, #10013, #10017, #10018, #10019, #10023, #10024, #10025, #10029, #10030, #10031, #10035, #10036, #10037, #10041, #10042, #10043, #10047, #10048, #10049, #10053, #10054, #10055, #10059, #10060, #10061, #10065, #10066, #10067, #10071, #10072, #10073, #10077, #10078, #10079, #10083, #10084, #10085, #10089, #10090, #10091, #10095, #10096, #10097, #10101, #10102, #10103, #10107, #10108, #10109, #10113, #10114, #10115, #10119, #10120, #10121, #10125, #10126, #10127, #10131, #10132, #10133, #10138, #10139, #10140, #10141)),.UNSPECIFIED.,.F.,.F.,.F.,(2,2),(4,3,3,3,3,3,3,3,3,3,3,3,3,3,3,3,3,3,3,3,3,3,3,3,3,3,3,3,3,3,3,3,4),(0.,1.),(0.,1.,2.,3.,4.,5.,6.,7.,8.,9.,10.,11.,12.,13.,14.,15.,16.,17.,18.,19.,20.,21.,22.,23.,24.,25.,26.,27.,28.,29.,30.,31.,32.),.PIECEWISE_BEZIER_KNOTS.);
#9948=CARTESIAN_POINT('',(29.534,0.,1.57213114754098));
#9949=CARTESIAN_POINT('',(29.3856066214124,0.,1.5894820324977));
#9950=CARTESIAN_POINT('',(29.237083503688,0.,1.60571918640747));
#9951=CARTESIAN_POINT('',(30.8158053751424,-5.,1.57213114754098));
#9952=CARTESIAN_POINT('',(30.76894430822,-5.,1.57761037436942));
#9953=CARTESIAN_POINT('',(30.7220422710439,-5.,1.58273789665672));
#9954=CARTESIAN_POINT('',(29.0884598941337,0.,1.62097310905084));
#9955=CARTESIAN_POINT('',(28.9398362845793,0.,1.63622703169421));
#9956=CARTESIAN_POINT('',(28.791111816775,0.,1.65049882689115));
#9957=CARTESIAN_POINT('',(30.6751084996057,-5.,1.58755492485989));
#9958=CARTESIAN_POINT('',(30.6281747281675,-5.,1.59237195306305));
#9959=CARTESIAN_POINT('',(30.5812091067556,-5.,1.59687883575683));
#9960=CARTESIAN_POINT('',(28.6422957206662,0.,1.66374445563537));
#9961=CARTESIAN_POINT('',(28.4934796245573,0.,1.67699008437958));
#9962=CARTESIAN_POINT('',(28.3445713115015,0.,1.68920868895357));
#9963=CARTESIAN_POINT('',(30.5342145500896,-5.,1.60106166588658));
#9964=CARTESIAN_POINT('',(30.4872199934237,-5.,1.60524449601633));
#9965=CARTESIAN_POINT('',(30.4401963156166,-5.,1.60910300272391));
#9966=CARTESIAN_POINT('',(28.1955682142307,0.,1.70015246542998));
#9967=CARTESIAN_POINT('',(28.0465651169599,0.,1.71109624190639));
#9968=CARTESIAN_POINT('',(27.8974660481986,0.,1.7207619321818));
#9969=CARTESIAN_POINT('',(30.3931427059521,-5.,1.61255893213751));
#9970=CARTESIAN_POINT('',(30.3460890962877,-5.,1.61601486155111));
#9971=CARTESIAN_POINT('',(30.2990051798367,-5.,1.61906718479598));
#9972=CARTESIAN_POINT('',(27.7482694790065,0.,1.7286494442293));
#9973=CARTESIAN_POINT('',(27.6736711944105,0.,1.73259320025305));
#9974=CARTESIAN_POINT('',(27.5990487656256,0.,1.73607653651259));
#9975=CARTESIAN_POINT('',(30.2518904737761,-5.,1.62155797807414));
#9976=CARTESIAN_POINT('',(30.2283331207458,-5.,1.62280337471321));
#9977=CARTESIAN_POINT('',(30.2047681432347,-5.,1.62390337563728));
#9978=CARTESIAN_POINT('',(27.5244041034025,0.,1.73901465184661));
#9979=CARTESIAN_POINT('',(27.487081772291,0.,1.74048370951362));
#9980=CARTESIAN_POINT('',(27.4497539878887,0.,1.7418115526038));
#9981=CARTESIAN_POINT('',(30.181196144638,-5.,1.62483120153224));
#9982=CARTESIAN_POINT('',(30.1694101453396,-5.,1.62529511447971));
#9983=CARTESIAN_POINT('',(30.1576224239494,-5.,1.6257144333503));
#9984=CARTESIAN_POINT('',(27.4124213064864,0.,1.74298667191888));
#9985=CARTESIAN_POINT('',(27.375088625084,0.,1.74416179123395));
#9986=CARTESIAN_POINT('',(27.3377509019348,0.,1.7451838407897));
#9987=CARTESIAN_POINT('',(30.1458331561381,-5.,1.62608552366032));
#9988=CARTESIAN_POINT('',(30.1340438883269,-5.,1.62645661397034));
#9989=CARTESIAN_POINT('',(30.122253028385,-5.,1.62677936646163));
#9990=CARTESIAN_POINT('',(27.3004094803097,0.,1.74602969872031));
#9991=CARTESIAN_POINT('',(27.2257266370594,0.,1.74772141458153));
#9992=CARTESIAN_POINT('',(27.1510271103156,0.,1.74873021001725));
#9993=CARTESIAN_POINT('',(30.1104610005034,-5.,1.62704647949235));
#9994=CARTESIAN_POINT('',(30.0868769447402,-5.,1.62758070555379));
#9995=CARTESIAN_POINT('',(30.0632876205053,-5.,1.62789927253349));
#9996=CARTESIAN_POINT('',(27.0763245119903,0.,1.74886587796716));
#9997=CARTESIAN_POINT('',(27.0389732128276,0.,1.74893371194211));
#9998=CARTESIAN_POINT('',(27.0016218256687,0.,1.74877763234253));
#9999=CARTESIAN_POINT('',(30.0396973262973,-5.,1.62794211504399));
#10000=CARTESIAN_POINT('',(30.0279021791933,-5.,1.62796353629924));
#10001=CARTESIAN_POINT('',(30.016107004301,-5.,1.62791424800463));
#10002=CARTESIAN_POINT('',(26.9642724776572,0.,1.74837503208662));
#10003=CARTESIAN_POINT('',(26.9455978036514,0.,1.74817373195867));
#10004=CARTESIAN_POINT('',(26.9269244294851,0.,1.7479037986256));
#10005=CARTESIAN_POINT('',(30.00431247335,-5.,1.62778711108171));
#10006=CARTESIAN_POINT('',(29.9984152078745,-5.,1.62772354262025));
#10007=CARTESIAN_POINT('',(29.9925183528746,-5.,1.62763830051507));
#10008=CARTESIAN_POINT('',(26.908251708596,0.,1.74757058390757));
#10009=CARTESIAN_POINT('',(26.8895789877068,0.,1.74723736918954));
#10010=CARTESIAN_POINT('',(26.8709070660437,0.,1.7468398477469));
#10011=CARTESIAN_POINT('',(29.9866217041727,-5.,1.62753307481464));
#10012=CARTESIAN_POINT('',(29.9807250554709,-5.,1.62742784911421));
#10013=CARTESIAN_POINT('',(29.9748286591562,-5.,1.62730231602706));
#10014=CARTESIAN_POINT('',(26.8522378308789,0.,1.74636230736742));
#10015=CARTESIAN_POINT('',(26.7775608902196,0.,1.74445214584952));
#10016=CARTESIAN_POINT('',(26.7029059066764,0.,1.74141530719901));
#10017=CARTESIAN_POINT('',(29.9689331112095,-5.,1.62715151380196));
#10018=CARTESIAN_POINT('',(29.9453509194223,-5.,1.62654830490157));
#10019=CARTESIAN_POINT('',(29.9217756614613,-5.,1.62558930322247));
#10020=CARTESIAN_POINT('',(26.628350592626,0.,1.73672575437994));
#10021=CARTESIAN_POINT('',(26.5910729356008,0.,1.7343809779704));
#10022=CARTESIAN_POINT('',(26.5538203182449,0.,1.73162452699861));
#10023=CARTESIAN_POINT('',(29.898231878077,-5.,1.62410839180592));
#10024=CARTESIAN_POINT('',(29.8864599863848,-5.,1.62336793609764));
#10025=CARTESIAN_POINT('',(29.8746960019566,-5.,1.62249747789602));
#10026=CARTESIAN_POINT('',(26.5166135163215,0.,1.72834356011081));
#10027=CARTESIAN_POINT('',(26.479406714398,0.,1.72506259322302));
#10028=CARTESIAN_POINT('',(26.4422444291202,0.,1.72126407690455));
#10029=CARTESIAN_POINT('',(29.8629464855597,-5.,1.62146138308935));
#10030=CARTESIAN_POINT('',(29.8511969691628,-5.,1.62042528828268));
#10031=CARTESIAN_POINT('',(29.8394615106541,-5.,1.61922575681369));
#10032=CARTESIAN_POINT('',(26.4051619036532,0.,1.71678492921142));
#10033=CARTESIAN_POINT('',(26.3958912722865,0.,1.71566514228813));
#10034=CARTESIAN_POINT('',(26.3866267865962,0.,1.71449829403678));
#10035=CARTESIAN_POINT('',(29.827751239454,-5.,1.61781128912112));
#10036=CARTESIAN_POINT('',(29.824823671654,-5.,1.61745767219798));
#10037=CARTESIAN_POINT('',(29.8218980445939,-5.,1.61708919380281));
#10038=CARTESIAN_POINT('',(26.3773680226243,0.,1.71328580374685));
#10039=CARTESIAN_POINT('',(26.3681092586525,0.,1.71207331345693));
#10040=CARTESIAN_POINT('',(26.3588556270738,0.,1.71081766781157));
#10041=CARTESIAN_POINT('',(29.8189742243922,-5.,1.61670630213231));
#10042=CARTESIAN_POINT('',(29.8160504041906,-5.,1.61632341046181));
#10043=CARTESIAN_POINT('',(29.8131282047447,-5.,1.61592689078433));
#10044=CARTESIAN_POINT('',(26.349610584434,0.,1.70950538273938));
#10045=CARTESIAN_POINT('',(26.3311204991543,0.,1.70688081259501));
#10046=CARTESIAN_POINT('',(26.3126593791304,0.,1.70405001530592));
#10047=CARTESIAN_POINT('',(29.8102087175953,-5.,1.61551248497206));
#10048=CARTESIAN_POINT('',(29.8043697432964,-5.,1.61468367334752));
#10049=CARTESIAN_POINT('',(29.7985399159205,-5.,1.61378973736149));
#10050=CARTESIAN_POINT('',(26.2942387804348,0.,1.70097096853031));
#10051=CARTESIAN_POINT('',(26.2758181817393,0.,1.6978919217547));
#10052=CARTESIAN_POINT('',(26.2574423418054,0.,1.69455031682101));
#10053=CARTESIAN_POINT('',(29.7927228847534,-5.,1.61281740680077));
#10054=CARTESIAN_POINT('',(29.7869058535864,-5.,1.61184507624005));
#10055=CARTESIAN_POINT('',(29.7811029567652,-5.,1.61078983257678));
#10056=CARTESIAN_POINT('',(26.2391279265263,0.,1.69089228166803));
#10057=CARTESIAN_POINT('',(26.2208135112471,0.,1.68723424651505));
#10058=CARTESIAN_POINT('',(26.20256479446,0.,1.68324613164823));
#10059=CARTESIAN_POINT('',(29.7753194572034,-5.,1.6096346635811));
#10060=CARTESIAN_POINT('',(29.7695359576415,-5.,1.60847949458543));
#10061=CARTESIAN_POINT('',(29.7637732049719,-5.,1.60722008989064));
#10062=CARTESIAN_POINT('',(26.1844204997351,0.,1.67882057820714));
#10063=CARTESIAN_POINT('',(26.1753483523727,0.,1.67660780148659));
#10064=CARTESIAN_POINT('',(26.1663031325977,0.,1.67428314029437));
#10065=CARTESIAN_POINT('',(29.7580434276904,-5.,1.60582254669872));
#10066=CARTESIAN_POINT('',(29.7551785390496,-5.,1.60512377510275));
#10067=CARTESIAN_POINT('',(29.7523221538575,-5.,1.60438967156837));
#10068=CARTESIAN_POINT('',(26.1572974382754,0.,1.67181671590327));
#10069=CARTESIAN_POINT('',(26.148291743953,0.,1.66935029151217));
#10070=CARTESIAN_POINT('',(26.1393198349231,0.,1.66675508092579));
#10071=CARTESIAN_POINT('',(29.7494782503873,-5.,1.60361080070802));
#10072=CARTESIAN_POINT('',(29.7466343469171,-5.,1.60283192984768));
#10073=CARTESIAN_POINT('',(29.7438011124866,-5.,1.6020123896625));
#10074=CARTESIAN_POINT('',(26.1304008749462,0.,1.66398846782846));
#10075=CARTESIAN_POINT('',(26.1214819149692,0.,1.66122185473114));
#10076=CARTESIAN_POINT('',(26.1126177130179,0.,1.65828000451389));
#10077=CARTESIAN_POINT('',(29.7409845988096,-5.,1.60113872236861));
#10078=CARTESIAN_POINT('',(29.7381680851327,-5.,1.60026505507472));
#10079=CARTESIAN_POINT('',(29.7353688634639,-5.,1.59933604974295));
#10080=CARTESIAN_POINT('',(26.1038292967885,0.,1.6551226563551));
#10081=CARTESIAN_POINT('',(26.0994350886738,0.,1.65354398227571));
#10082=CARTESIAN_POINT('',(26.0950621471186,0.,1.65190712281894));
#10083=CARTESIAN_POINT('',(29.7325935741283,-5.,1.59833899242965));
#10084=CARTESIAN_POINT('',(29.7312059294605,-5.,1.597840463773));
#10085=CARTESIAN_POINT('',(29.7298250005483,-5.,1.59732356078666));
#10086=CARTESIAN_POINT('',(26.090713584214,0.,1.65020703716663));
#10087=CARTESIAN_POINT('',(26.0863650213094,0.,1.64850695151432));
#10088=CARTESIAN_POINT('',(26.08204109249,0.,1.64674263604855));
#10089=CARTESIAN_POINT('',(29.7284517701574,-5.,1.59678669163329));
#10090=CARTESIAN_POINT('',(29.7270785397665,-5.,1.59624982247993));
#10091=CARTESIAN_POINT('',(29.7257130885603,-5.,1.59569267022758));
#10092=CARTESIAN_POINT('',(26.0777526511459,0.,1.64489757445967));
#10093=CARTESIAN_POINT('',(26.0691757684577,0.,1.64120745128192));
#10094=CARTESIAN_POINT('',(26.0607186537685,0.,1.63722364851776));
#10095=CARTESIAN_POINT('',(29.7243588439254,-5.,1.59511001919952));
#10096=CARTESIAN_POINT('',(29.7216503546554,-5.,1.59394471714338));
#10097=CARTESIAN_POINT('',(29.7189796868588,-5.,1.59268667416523));
#10098=CARTESIAN_POINT('',(26.0525046830719,0.,1.63278134261029));
#10099=CARTESIAN_POINT('',(26.0483976977237,0.,1.63056018965655));
#10100=CARTESIAN_POINT('',(26.04435315278,0.,1.6282232736083));
#10101=CARTESIAN_POINT('',(29.7163858013757,-5.,1.59128384072076));
#10102=CARTESIAN_POINT('',(29.7150888586341,-5.,1.59058242399853));
#10103=CARTESIAN_POINT('',(29.7138116339151,-5.,1.58984445050961));
#10104=CARTESIAN_POINT('',(26.040397686175,0.,1.6257418537835));
#10105=CARTESIAN_POINT('',(26.0364422195699,0.,1.6232604339587));
#10106=CARTESIAN_POINT('',(26.0325758453075,0.,1.62063364604473));
#10107=CARTESIAN_POINT('',(29.7125625391977,-5.,1.58906084424915));
#10108=CARTESIAN_POINT('',(29.7113134444803,-5.,1.58827723798868));
#10109=CARTESIAN_POINT('',(29.7100924841869,-5.,1.58744772601585));
#10110=CARTESIAN_POINT('',(26.0288542568518,0.,1.61781519999904));
#10111=CARTESIAN_POINT('',(26.0251326683962,0.,1.61499675395336));
#10112=CARTESIAN_POINT('',(26.0215477150433,0.,1.61199118056735));
#10113=CARTESIAN_POINT('',(29.7089172457272,-5.,1.58655769042248));
#10114=CARTESIAN_POINT('',(29.7077420072675,-5.,1.5856676548291));
#10115=CARTESIAN_POINT('',(29.7066099167351,-5.,1.58471852639142));
#10116=CARTESIAN_POINT('',(26.0181974077965,0.,1.60873830412415));
#10117=CARTESIAN_POINT('',(26.0148471005497,0.,1.60548542768095));
#10118=CARTESIAN_POINT('',(26.0117317513187,0.,1.60198155087393));
#10119=CARTESIAN_POINT('',(29.7055519249729,-5.,1.58369130225146));
#10120=CARTESIAN_POINT('',(29.7044939332108,-5.,1.5826640781115));
#10121=CARTESIAN_POINT('',(29.7035101387168,-5.,1.58155759069876));
#10122=CARTESIAN_POINT('',(26.0090286017798,0.,1.59817426315246));
#10123=CARTESIAN_POINT('',(26.0063254522408,0.,1.59436697543099));
#10124=CARTESIAN_POINT('',(26.0040392334446,0.,1.59024498223772));
#10125=CARTESIAN_POINT('',(29.7026565125466,-5.,1.58035528931303));
#10126=CARTESIAN_POINT('',(29.7018028863764,-5.,1.5791529879273));
#10127=CARTESIAN_POINT('',(29.701080922546,-5.,1.57785130586627));
#10128=CARTESIAN_POINT('',(26.002452186533,0.,1.58585472461623));
#10129=CARTESIAN_POINT('',(26.0016586630771,0.,1.58365959580549));
#10130=CARTESIAN_POINT('',(26.0010403578021,0.,1.58140040725278));
#10131=CARTESIAN_POINT('',(29.7005797498371,-5.,1.57646490872264));
#10132=CARTESIAN_POINT('',(29.7003291634826,-5.,1.57577171015083));
#10133=CARTESIAN_POINT('',(29.7001339091852,-5.,1.57505828218681));
#10134=CARTESIAN_POINT('',(26.000625321903,0.,1.57910168627183));
#10135=CARTESIAN_POINT('',(26.0002102860039,0.,1.57680296529088));
#10136=CARTESIAN_POINT('',(26.,0.,1.57445999007354));
#10137=CARTESIAN_POINT('',(26.,0.,1.57213114754098));
#10138=CARTESIAN_POINT('',(29.7000028452171,-5.,1.57433237029809));
#10139=CARTESIAN_POINT('',(29.6998717812489,-5.,1.57360645840937));
#10140=CARTESIAN_POINT('',(29.6998053751424,-5.,1.57286657149863));
#10141=CARTESIAN_POINT('',(29.6998053751424,-5.,1.57213114754098));
#10142=B_SPLINE_SURFACE_WITH_KNOTS('Surf_LZMFONIUSU, HT, 1, 7, lower',3,3,((#10143, #10144, #10145, #10152, #10153, #10154, #10164, #10165, #10166, #10176, #10177, #10178, #10188, #10189, #10190, #10200, #10201, #10202, #10212, #10213, #10214, #10224, #10225, #10226, #10236, #10237, #10238, #10248, #10249, #10250, #10260, #10261, #10262, #10272, #10273, #10274, #10284, #10285, #10286, #10296, #10297, #10298, #10308, #10309, #10310, #10320, #10321, #10322, #10332, #10333, #10334, #10344, #10345, #10346, #10356, #10357, #10358, #10368, #10369, #10370, #10380, #10381, #10382, #10392, #10393, #10394, #10404, #10405, #10406, #10416, #10417, #10418, #10428, #10429, #10430, #10440, #10441, #10442, #10452, #10453, #10454, #10464, #10465, #10466, #10476, #10477, #10478, #10488, #10489, #10490, #10500, #10501, #10502, #10512, #10513, #10514, #10515),(#10143, #10146, #10147, #10155, #10156, #10157, #10167, #10168, #10169, #10179, #10180, #10181, #10191, #10192, #10193, #10203, #10204, #10205, #10215, #10216, #10217, #10227, #10228, #10229, #10239, #10240, #10241, #10251, #10252, #10253, #10263, #10264, #10265, #10275, #10276, #10277, #10287, #10288, #10289, #10299, #10300, #10301, #10311, #10312, #10313, #10323, #10324, #10325, #10335, #10336, #10337, #10347, #10348, #10349, #10359, #10360, #10361, #10371, #10372, #10373, #10383, #10384, #10385, #10395, #10396, #10397, #10407, #10408, #10409, #10419, #10420, #10421, #10431, #10432, #10433, #10443, #10444, #10445, #10455, #10456, #10457, #10467, #10468, #10469, #10479, #10480, #10481, #10491, #10492, #10493, #10503, #10504, #10505, #10516, #10517, #10518, #10515),(#10143, #10148, #10149, #10158, #10159, #10160, #10170, #10171, #10172, #10182, #10183, #10184, #10194, #10195, #10196, #10206, #10207, #10208, #10218, #10219, #10220, #10230, #10231, #10232, #10242, #10243, #10244, #10254, #10255, #10256, #10266, #10267, #10268, #10278, #10279, #10280, #10290, #10291, #10292, #10302, #10303, #10304, #10314, #10315, #10316, #10326, #10327, #10328, #10338, #10339, #10340, #10350, #10351, #10352, #10362, #10363, #10364, #10374, #10375, #10376, #10386, #10387, #10388, #10398, #10399, #10400, #10410, #10411, #10412, #10422, #10423, #10424, #10434, #10435, #10436, #10446, #10447, #10448, #10458, #10459, #10460, #10470, #10471, #10472, #10482, #10483, #10484, #10494, #10495, #10496, #10506, #10507, #10508, #10519, #10520, #10521, #10515),(#10143, #10150, #10151, #10161, #10162, #10163, #10173, #10174, #10175, #10185, #10186, #10187, #10197, #10198, #10199, #10209, #10210, #10211, #10221, #10222, #10223, #10233, #10234, #10235, #10245, #10246, #10247, #10257, #10258, #10259, #10269, #10270, #10271, #10281, #10282, #10283, #10293, #10294, #10295, #10305, #10306, #10307, #10317, #10318, #10319, #10329, #10330, #10331, #10341, #10342, #10343, #10353, #10354, #10355, #10365, #10366, #10367, #10377, #10378, #10379, #10389, #10390, #10391, #10401, #10402, #10403, #10413, #10414, #10415, #10425, #10426, #10427, #10437, #10438, #10439, #10449, #10450, #10451, #10461, #10462, #10463, #10473, #10474, #10475, #10485, #10486, #10487, #10497, #10498, #10499, #10509, #10510, #10511, #10522, #10523, #10524, #10515)),.UNSPECIFIED.,.F.,.F.,.F.,(4,4),(4,3,3,3,3,3,3,3,3,3,3,3,3,3,3,3,3,3,3,3,3,3,3,3,3,3,3,3,3,3,3,3,4),(0.,1.),(0.,1.,2.,3.,4.,5.,6.,7.,8.,9.,10.,11.,12.,13.,14.,15.,16.,17.,18.,19.,20.,21.,22.,23.,24.,25.,26.,27.,28.,29.,30.,31.,32.),.PIECEWISE_BEZIER_KNOTS.);
#10143=CARTESIAN_POINT('',(29.6998053751424,-5.,1.57213114754098));
#10144=CARTESIAN_POINT('',(29.6998053751424,-5.,1.57139572358334));
#10145=CARTESIAN_POINT('',(29.6998717812489,-5.,1.5706558366726));
#10146=CARTESIAN_POINT('',(29.7000467649413,-5.00032621959053,1.57139582754421));
#10147=CARTESIAN_POINT('',(29.7003559253032,-5.00065430858323,1.57065625497297));
#10148=CARTESIAN_POINT('',(29.7002427100213,-5.00059102416816,1.57172532951887));
#10149=CARTESIAN_POINT('',(29.7007488568613,-5.00118534575865,1.57131719707422));
#10150=CARTESIAN_POINT('',(29.7002427100213,-5.00059102416816,1.57213114754098));
#10151=CARTESIAN_POINT('',(29.7007488568613,-5.00118534575865,1.57213114754098));
#10152=CARTESIAN_POINT('',(29.7000028452171,-5.,1.56992992478388));
#10153=CARTESIAN_POINT('',(29.7001339091852,-5.,1.56920401289515));
#10154=CARTESIAN_POINT('',(29.7003291634826,-5.,1.56849058493114));
#10155=CARTESIAN_POINT('',(29.700725042463,-5.00097610644138,1.56993085585588));
#10156=CARTESIAN_POINT('',(29.7010940507925,-5.00129780660315,1.56920565906551));
#10157=CARTESIAN_POINT('',(29.7015230213077,-5.00161390129916,1.56849313098492));
#10158=CARTESIAN_POINT('',(29.701311081283,-5.00176818404942,1.57091691794415));
#10159=CARTESIAN_POINT('',(29.701873044785,-5.00235075914637,1.57051678184661));
#10160=CARTESIAN_POINT('',(29.7024914796173,-5.00292309917106,1.5701236664346));
#10161=CARTESIAN_POINT('',(29.701311081283,-5.00176818404942,1.57213114754098));
#10162=CARTESIAN_POINT('',(29.701873044785,-5.00235075914637,1.57213114754098));
#10163=CARTESIAN_POINT('',(29.7024914796173,-5.00292309917106,1.57213114754098));
#10164=CARTESIAN_POINT('',(29.7005797498371,-5.,1.56779738635933));
#10165=CARTESIAN_POINT('',(29.701080922546,-5.,1.5664109892157));
#10166=CARTESIAN_POINT('',(29.7018028863764,-5.,1.56510930715467));
#10167=CARTESIAN_POINT('',(29.702000552085,-5.00192097517411,1.56780099387997));
#10168=CARTESIAN_POINT('',(29.702955251171,-5.00253490328562,1.56641727256989));
#10169=CARTESIAN_POINT('',(29.7041023696211,-5.00311121267238,1.56511877394481));
#10170=CARTESIAN_POINT('',(29.7031529261048,-5.00347902583632,1.56974183013604));
#10171=CARTESIAN_POINT('',(29.7044749887015,-5.00459024598712,1.56897854830506));
#10172=CARTESIAN_POINT('',(29.705966277684,-5.0056330898805,1.56826238066954));
#10173=CARTESIAN_POINT('',(29.7031529261048,-5.00347902583632,1.57213114754098));
#10174=CARTESIAN_POINT('',(29.7044749887015,-5.00459024598712,1.57213114754098));
#10175=CARTESIAN_POINT('',(29.705966277684,-5.0056330898805,1.57213114754098));
#10176=CARTESIAN_POINT('',(29.7026565125466,-5.,1.56390700576894));
#10177=CARTESIAN_POINT('',(29.7035101387168,-5.,1.56270470438321));
#10178=CARTESIAN_POINT('',(29.7044939332108,-5.,1.56159821697047));
#10179=CARTESIAN_POINT('',(29.7053480489811,-5.00364348615994,1.56391999040585));
#10180=CARTESIAN_POINT('',(29.7065932394456,-5.0041756308279,1.56272176096676));
#10181=CARTESIAN_POINT('',(29.7079367017968,-5.00466544461046,1.56161951131894));
#10182=CARTESIAN_POINT('',(29.7075291495217,-5.00659600410875,1.56760129893677));
#10183=CARTESIAN_POINT('',(29.7090909627239,-5.00755844937248,1.56694060866317));
#10184=CARTESIAN_POINT('',(29.7107251016468,-5.0084441258454,1.56633291656946));
#10185=CARTESIAN_POINT('',(29.7075291495217,-5.00659600410875,1.57213114754098));
#10186=CARTESIAN_POINT('',(29.7090909627239,-5.00755844937248,1.57213114754098));
#10187=CARTESIAN_POINT('',(29.7107251016468,-5.0084441258454,1.57213114754098));
#10188=CARTESIAN_POINT('',(29.7055519249729,-5.,1.56057099283051));
#10189=CARTESIAN_POINT('',(29.7066099167351,-5.,1.55954376869055));
#10190=CARTESIAN_POINT('',(29.7077420072675,-5.,1.55859464025287));
#10191=CARTESIAN_POINT('',(29.7093279685503,-5.00512026109747,1.56059664226837));
#10192=CARTESIAN_POINT('',(29.7107187937559,-5.00557504432212,1.55957417794172));
#10193=CARTESIAN_POINT('',(29.7121577604032,-5.00599541348175,1.55862980826813));
#10194=CARTESIAN_POINT('',(29.7123855823013,-5.0092663416232,1.56576905380557));
#10195=CARTESIAN_POINT('',(29.7140451377598,-5.01008832499664,1.5652054768667));
#10196=CARTESIAN_POINT('',(29.7157317630298,-5.01084795457115,1.56468500119798));
#10197=CARTESIAN_POINT('',(29.7123855823013,-5.0092663416232,1.57213114754098));
#10198=CARTESIAN_POINT('',(29.7140451377598,-5.01008832499664,1.57213114754098));
#10199=CARTESIAN_POINT('',(29.7157317630298,-5.01084795457115,1.57213114754098));
#10200=CARTESIAN_POINT('',(29.7089172457272,-5.,1.55770460465949));
#10201=CARTESIAN_POINT('',(29.7100924841869,-5.,1.55681456906612));
#10202=CARTESIAN_POINT('',(29.7113134444803,-5.,1.55598505709328));
#10203=CARTESIAN_POINT('',(29.7136201881603,-5.00638975806572,1.55774455024428));
#10204=CARTESIAN_POINT('',(29.7150822261626,-5.00678411883028,1.55685959651111));
#10205=CARTESIAN_POINT('',(29.7165698788283,-5.007151861965,1.55603509609102));
#10206=CARTESIAN_POINT('',(29.7174258623671,-5.01156042256018,1.56419715287768));
#10207=CARTESIAN_POINT('',(29.7191191622713,-5.01227279026958,1.56370951938734));
#10208=CARTESIAN_POINT('',(29.7208217765763,-5.01293695957499,1.56325523995235));
#10209=CARTESIAN_POINT('',(29.7174258623671,-5.01156042256018,1.57213114754098));
#10210=CARTESIAN_POINT('',(29.7191191622713,-5.01227279026958,1.57213114754098));
#10211=CARTESIAN_POINT('',(29.7208217765763,-5.01293695957499,1.57213114754098));
#10212=CARTESIAN_POINT('',(29.7125625391977,-5.,1.55520145083282));
#10213=CARTESIAN_POINT('',(29.7138116339151,-5.,1.55441784457236));
#10214=CARTESIAN_POINT('',(29.7150888586341,-5.,1.55367987108344));
#10215=CARTESIAN_POINT('',(29.7180703690386,-5.00749943161775,1.55525646817736));
#10216=CARTESIAN_POINT('',(29.7195705141305,-5.0078470437056,1.5544780766328));
#10217=CARTESIAN_POINT('',(29.7210836208136,-5.00817462109073,1.5537452317007));
#10218=CARTESIAN_POINT('',(29.7225248218204,-5.01356459067263,1.5628262729554));
#10219=CARTESIAN_POINT('',(29.7242271700216,-5.01419219778622,1.56239747279016));
#10220=CARTESIAN_POINT('',(29.7259301941161,-5.01478354053587,1.5619937970205));
#10221=CARTESIAN_POINT('',(29.7225248218204,-5.01356459067263,1.57213114754098));
#10222=CARTESIAN_POINT('',(29.7242271700216,-5.01419219778622,1.57213114754098));
#10223=CARTESIAN_POINT('',(29.7259301941161,-5.01478354053587,1.57213114754098));
#10224=CARTESIAN_POINT('',(29.7163858013757,-5.,1.5529784543612));
#10225=CARTESIAN_POINT('',(29.7189796868588,-5.,1.55157562091674));
#10226=CARTESIAN_POINT('',(29.7216503546554,-5.,1.55031757793859));
#10227=CARTESIAN_POINT('',(29.7226042600248,-5.00848616323555,1.55304888527618));
#10228=CARTESIAN_POINT('',(29.7256446111955,-5.00910941602632,1.55165676208233));
#10229=CARTESIAN_POINT('',(29.7287136671779,-5.0096692151524,1.5504089766476));
#10230=CARTESIAN_POINT('',(29.7276308780054,-5.01534585357247,1.56161025618403));
#10231=CARTESIAN_POINT('',(29.7310303946981,-5.01647054123571,1.56084357647176));
#10232=CARTESIAN_POINT('',(29.7344197332304,-5.01748044821891,1.56015648849873));
#10233=CARTESIAN_POINT('',(29.7276308780054,-5.01534585357247,1.57213114754098));
#10234=CARTESIAN_POINT('',(29.7310303946981,-5.01647054123571,1.57213114754098));
#10235=CARTESIAN_POINT('',(29.7344197332304,-5.01748044821891,1.57213114754098));
#10236=CARTESIAN_POINT('',(29.7243588439254,-5.,1.54915227588245));
#10237=CARTESIAN_POINT('',(29.7257130885603,-5.,1.54856962485439));
#10238=CARTESIAN_POINT('',(29.7270785397665,-5.,1.54801247260204));
#10239=CARTESIAN_POINT('',(29.731789508969,-5.01018846655056,1.54925372765073));
#10240=CARTESIAN_POINT('',(29.733327046297,-5.01044819312063,1.54867630083473));
#10241=CARTESIAN_POINT('',(29.7348673151166,-5.01069677044166,1.54812426910468));
#10242=CARTESIAN_POINT('',(29.7377907325696,-5.01841697174606,1.55952044073668));
#10243=CARTESIAN_POINT('',(29.739475479066,-5.018885331227,1.55920255629267));
#10244=CARTESIAN_POINT('',(29.7411561106913,-5.01933353290976,1.55889867166552));
#10245=CARTESIAN_POINT('',(29.7377907325696,-5.01841697174606,1.57213114754098));
#10246=CARTESIAN_POINT('',(29.739475479066,-5.018885331227,1.57213114754098));
#10247=CARTESIAN_POINT('',(29.7411561106913,-5.01933353290976,1.57213114754098));
#10248=CARTESIAN_POINT('',(29.7284517701574,-5.,1.54747560344867));
#10249=CARTESIAN_POINT('',(29.7298250005483,-5.,1.54693873429531));
#10250=CARTESIAN_POINT('',(29.7312059294605,-5.,1.54642183130897));
#10251=CARTESIAN_POINT('',(29.7364085888929,-5.01093649175501,1.54759244968237));
#10252=CARTESIAN_POINT('',(29.7379496274349,-5.01117628193948,1.54706074255102));
#10253=CARTESIAN_POINT('',(29.7394917104424,-5.01140735655572,1.54654891728836));
#10254=CARTESIAN_POINT('',(29.7428322715078,-5.01976571789302,1.55860593148581));
#10255=CARTESIAN_POINT('',(29.74450797344,-5.02019797918565,1.55831327049522));
#10256=CARTESIAN_POINT('',(29.7461793458002,-5.02061448394758,1.55803156950064));
#10257=CARTESIAN_POINT('',(29.7428322715078,-5.01976571789302,1.57213114754098));
#10258=CARTESIAN_POINT('',(29.74450797344,-5.02019797918565,1.57213114754098));
#10259=CARTESIAN_POINT('',(29.7461793458002,-5.02061448394758,1.57213114754098));
#10260=CARTESIAN_POINT('',(29.7325935741283,-5.,1.54592330265232));
#10261=CARTESIAN_POINT('',(29.7353688634639,-5.,1.54492624533902));
#10262=CARTESIAN_POINT('',(29.7381680851327,-5.,1.54399724000725));
#10263=CARTESIAN_POINT('',(29.7410343813614,-5.01163041546373,1.54605538617292));
#10264=CARTESIAN_POINT('',(29.7441190687645,-5.01207674076591,1.54506861551131));
#10265=CARTESIAN_POINT('',(29.7472050237865,-5.01249339620381,1.54414955149714));
#10266=CARTESIAN_POINT('',(29.7478463579176,-5.02101649848762,1.55775995285642));
#10267=CARTESIAN_POINT('',(29.7511791125899,-5.02182077717941,1.55721692514769));
#10268=CARTESIAN_POINT('',(29.7544948489117,-5.02257144110773,1.55671121214141));
#10269=CARTESIAN_POINT('',(29.7478463579176,-5.02101649848762,1.57213114754098));
#10270=CARTESIAN_POINT('',(29.7511791125899,-5.02182077717941,1.57213114754098));
#10271=CARTESIAN_POINT('',(29.7544948489117,-5.02257144110773,1.57213114754098));
#10272=CARTESIAN_POINT('',(29.7409845988096,-5.,1.54312357271336));
#10273=CARTESIAN_POINT('',(29.7438011124866,-5.,1.54224990541947));
#10274=CARTESIAN_POINT('',(29.7466343469171,-5.,1.54143036523429));
#10275=CARTESIAN_POINT('',(29.7502897716872,-5.01288596746285,1.54328554866837));
#10276=CARTESIAN_POINT('',(29.7533737567306,-5.01327880977444,1.54242184659578));
#10277=CARTESIAN_POINT('',(29.7564564490125,-5.01364809188443,1.54161193497669));
#10278=CARTESIAN_POINT('',(29.7577944525005,-5.02327858177021,1.55623584521784));
#10279=CARTESIAN_POINT('',(29.7610925893937,-5.02398608228979,1.55576069028967));
#10280=CARTESIAN_POINT('',(29.7643749202937,-5.02465103428728,1.55531517093451));
#10281=CARTESIAN_POINT('',(29.7577944525005,-5.02327858177021,1.57213114754098));
#10282=CARTESIAN_POINT('',(29.7610925893937,-5.02398608228979,1.57213114754098));
#10283=CARTESIAN_POINT('',(29.7643749202937,-5.02465103428728,1.57213114754098));
#10284=CARTESIAN_POINT('',(29.7494782503873,-5.,1.54065149437395));
#10285=CARTESIAN_POINT('',(29.7523221538575,-5.,1.5398726235136));
#10286=CARTESIAN_POINT('',(29.7551785390496,-5.,1.53913851997921));
#10287=CARTESIAN_POINT('',(29.7595361598261,-5.01399972602278,1.54084246719912));
#10288=CARTESIAN_POINT('',(29.762615190707,-5.01435162054145,1.54007324042189));
#10289=CARTESIAN_POINT('',(29.7656918220034,-5.01468405260246,1.53934845501994));
#10290=CARTESIAN_POINT('',(29.7676432641644,-5.02528410278769,1.55489193811563));
#10291=CARTESIAN_POINT('',(29.7709103100341,-5.02591753706048,1.55446887512504));
#10292=CARTESIAN_POINT('',(29.7741629820348,-5.02651584292443,1.55407028953202));
#10293=CARTESIAN_POINT('',(29.7676432641644,-5.02528410278769,1.57213114754098));
#10294=CARTESIAN_POINT('',(29.7709103100341,-5.02591753706048,1.57213114754098));
#10295=CARTESIAN_POINT('',(29.7741629820348,-5.02651584292443,1.57213114754098));
#10296=CARTESIAN_POINT('',(29.7580434276904,-5.,1.53843974838325));
#10297=CARTESIAN_POINT('',(29.7637732049719,-5.,1.53704220519133));
#10298=CARTESIAN_POINT('',(29.7695359576415,-5.,1.53578280049654));
#10299=CARTESIAN_POINT('',(29.7687651295002,-5.01500116552017,1.53865875949391));
#10300=CARTESIAN_POINT('',(29.7749099108392,-5.01563613327764,1.53727995585563));
#10301=CARTESIAN_POINT('',(29.7810417338181,-5.016211152535,1.53603814155582));
#10302=CARTESIAN_POINT('',(29.7774028094208,-5.02708649194485,1.55369103304763));
#10303=CARTESIAN_POINT('',(29.7838789853744,-5.02822887358008,1.55293293390461));
#10304=CARTESIAN_POINT('',(29.7903052896792,-5.0292631113752,1.55225026348129));
#10305=CARTESIAN_POINT('',(29.7774028094208,-5.02708649194485,1.57213114754098));
#10306=CARTESIAN_POINT('',(29.7838789853744,-5.02822887358008,1.57213114754098));
#10307=CARTESIAN_POINT('',(29.7903052896792,-5.0292631113752,1.57213114754098));
#10308=CARTESIAN_POINT('',(29.7753194572034,-5.,1.53462763150087));
#10309=CARTESIAN_POINT('',(29.7811029567652,-5.,1.53347246250519));
#10310=CARTESIAN_POINT('',(29.7869058535864,-5.,1.53241721884192));
#10311=CARTESIAN_POINT('',(29.787159394434,-5.01674108589417,1.53489969965366));
#10312=CARTESIAN_POINT('',(29.7932750218525,-5.0172719033094,1.53376180310219));
#10313=CARTESIAN_POINT('',(29.7993768410456,-5.01775943614168,1.53272284753354));
#10314=CARTESIAN_POINT('',(29.7966893793787,-5.03021601345678,1.5516245122338));
#10315=CARTESIAN_POINT('',(29.8030696480194,-5.03117027099733,1.55099914502345));
#10316=CARTESIAN_POINT('',(29.8094094739555,-5.03204650876358,1.55042823277879));
#10317=CARTESIAN_POINT('',(29.7966893793787,-5.03021601345678,1.57213114754098));
#10318=CARTESIAN_POINT('',(29.8030696480194,-5.03117027099733,1.57213114754098));
#10319=CARTESIAN_POINT('',(29.8094094739555,-5.03204650876358,1.57213114754098));
#10320=CARTESIAN_POINT('',(29.7927228847534,-5.,1.5314448882812));
#10321=CARTESIAN_POINT('',(29.7985399159205,-5.,1.53047255772048));
#10322=CARTESIAN_POINT('',(29.8043697432964,-5.,1.52957862173445));
#10323=CARTESIAN_POINT('',(29.8054651489405,-5.01821112202764,1.53176596333516));
#10324=CARTESIAN_POINT('',(29.8115517260221,-5.01866359154357,1.53080947391251));
#10325=CARTESIAN_POINT('',(29.8176251328022,-5.01908211673565,1.52993048504921));
#10326=CARTESIAN_POINT('',(29.8157136227657,-5.03285814273658,1.54990248695808));
#10327=CARTESIAN_POINT('',(29.8220145428591,-5.03367101467029,1.54937701903762));
#10328=CARTESIAN_POINT('',(29.8282815036323,-5.03442275324214,1.54889418694252));
#10329=CARTESIAN_POINT('',(29.8157136227657,-5.03285814273658,1.57213114754098));
#10330=CARTESIAN_POINT('',(29.8220145428591,-5.03367101467029,1.57213114754098));
#10331=CARTESIAN_POINT('',(29.8282815036323,-5.03442275324214,1.57213114754098));
#10332=CARTESIAN_POINT('',(29.8102087175953,-5.,1.52874981010991));
#10333=CARTESIAN_POINT('',(29.8131282047447,-5.,1.52833540429764));
#10334=CARTESIAN_POINT('',(29.8160504041906,-5.,1.52793888462016));
#10335=CARTESIAN_POINT('',(29.8236860186369,-5.01947250232916,1.52911586549405));
#10336=CARTESIAN_POINT('',(29.8267159002587,-5.0196679549869,1.52870866580389));
#10337=CARTESIAN_POINT('',(29.8297426235655,-5.01985564543731,1.52831911984507));
#10338=CARTESIAN_POINT('',(29.8345186008734,-5.0351238172459,1.54844676477785));
#10339=CARTESIAN_POINT('',(29.8376361086102,-5.03547476829699,1.54822313116779));
#10340=CARTESIAN_POINT('',(29.8407457666775,-5.03581175177376,1.54800920512398));
#10341=CARTESIAN_POINT('',(29.8345186008734,-5.0351238172459,1.57213114754098));
#10342=CARTESIAN_POINT('',(29.8376361086102,-5.03547476829699,1.57213114754098));
#10343=CARTESIAN_POINT('',(29.8407457666775,-5.03581175177376,1.57213114754098));
#10344=CARTESIAN_POINT('',(29.8189742243922,-5.,1.52755599294966));
#10345=CARTESIAN_POINT('',(29.8218980445939,-5.,1.52717310127915));
#10346=CARTESIAN_POINT('',(29.824823671654,-5.,1.52680462288399));
#10347=CARTESIAN_POINT('',(29.832766428795,-5.02003745285518,1.52794303439173));
#10348=CARTESIAN_POINT('',(29.8357898848971,-5.02021942265966,1.52756701243286));
#10349=CARTESIAN_POINT('',(29.8388103908124,-5.02039515150701,1.52720521413031));
#10350=CARTESIAN_POINT('',(29.8438488770404,-5.0361381447932,1.54780268231422));
#10351=CARTESIAN_POINT('',(29.8469513417143,-5.03646480181458,1.54759620418061));
#10352=CARTESIAN_POINT('',(29.8500470557396,-5.0367802294532,1.54739754709223));
#10353=CARTESIAN_POINT('',(29.8438488770404,-5.0361381447932,1.57213114754098));
#10354=CARTESIAN_POINT('',(29.8469513417143,-5.03646480181458,1.57213114754098));
#10355=CARTESIAN_POINT('',(29.8500470557396,-5.0367802294532,1.57213114754098));
#10356=CARTESIAN_POINT('',(29.827751239454,-5.,1.52645100596085));
#10357=CARTESIAN_POINT('',(29.8394615106541,-5.,1.52503653826828));
#10358=CARTESIAN_POINT('',(29.8511969691628,-5.,1.52383700679929));
#10359=CARTESIAN_POINT('',(29.8418279612985,-5.02056443304094,1.52685807331974));
#10360=CARTESIAN_POINT('',(29.8538949792601,-5.02124307670016,1.52547005984029));
#10361=CARTESIAN_POINT('',(29.8659170643056,-5.02182830785798,1.52429381786042));
#10362=CARTESIAN_POINT('',(29.8531359411703,-5.03708406008686,1.5472069482957));
#10363=CARTESIAN_POINT('',(29.8654854620535,-5.03830186705011,1.54644493986754));
#10364=CARTESIAN_POINT('',(29.8777341321081,-5.03935174038141,1.54579932456386));
#10365=CARTESIAN_POINT('',(29.8531359411703,-5.03708406008686,1.57213114754098));
#10366=CARTESIAN_POINT('',(29.8654854620535,-5.03830186705011,1.57213114754098));
#10367=CARTESIAN_POINT('',(29.8777341321081,-5.03935174038141,1.57213114754098));
#10368=CARTESIAN_POINT('',(29.8629464855597,-5.,1.52280091199262));
#10369=CARTESIAN_POINT('',(29.8746960019566,-5.,1.52176481718595));
#10370=CARTESIAN_POINT('',(29.8864599863848,-5.,1.52089435898433));
#10371=CARTESIAN_POINT('',(29.8778996552315,-5.02234262072726,1.52327851758136));
#10372=CARTESIAN_POINT('',(29.8898782337608,-5.02285877769923,1.52226371937723));
#10373=CARTESIAN_POINT('',(29.9018181400022,-5.02330250343992,1.52141173534235));
#10374=CARTESIAN_POINT('',(29.8899006320958,-5.04027415499874,1.54524215181237));
#10375=CARTESIAN_POINT('',(29.902059789035,-5.04119965588087,1.54468533212489));
#10376=CARTESIAN_POINT('',(29.9141380121519,-5.04199510609921,1.54421793870722));
#10377=CARTESIAN_POINT('',(29.8899006320958,-5.04027415499874,1.57213114754098));
#10378=CARTESIAN_POINT('',(29.902059789035,-5.04119965588087,1.57213114754098));
#10379=CARTESIAN_POINT('',(29.9141380121519,-5.04199510609921,1.57213114754098));
#10380=CARTESIAN_POINT('',(29.898231878077,-5.,1.52015390327605));
#10381=CARTESIAN_POINT('',(29.9217756614613,-5.,1.5186729918595));
#10382=CARTESIAN_POINT('',(29.9453509194223,-5.,1.5177139901804));
#10383=CARTESIAN_POINT('',(29.9137241678652,-5.02368937651824,1.52068747029695));
#10384=CARTESIAN_POINT('',(29.9375269610001,-5.02446712780997,1.51923977778811));
#10385=CARTESIAN_POINT('',(29.9611986465285,-5.02501385344376,1.51830383605998));
#10386=CARTESIAN_POINT('',(29.9261491468925,-5.04268850514499,1.54382068487309));
#10387=CARTESIAN_POINT('',(29.9501545725001,-5.04408210521188,1.54302676596846));
#10388=CARTESIAN_POINT('',(29.9738999586699,-5.04506144502068,1.54251373312479));
#10389=CARTESIAN_POINT('',(29.9261491468925,-5.04268850514499,1.57213114754098));
#10390=CARTESIAN_POINT('',(29.9501545725001,-5.04408210521188,1.57213114754098));
#10391=CARTESIAN_POINT('',(29.9738999586699,-5.04506144502068,1.57213114754098));
#10392=CARTESIAN_POINT('',(29.9689331112095,-5.,1.51711078128001));
#10393=CARTESIAN_POINT('',(29.9748286591562,-5.,1.51695997905491));
#10394=CARTESIAN_POINT('',(29.9807250554709,-5.,1.51683444596776));
#10395=CARTESIAN_POINT('',(29.9847672579408,-5.02540214122189,1.51771642316267));
#10396=CARTESIAN_POINT('',(29.9906583698977,-5.02549953384229,1.51756960932201));
#10397=CARTESIAN_POINT('',(29.9965427809746,-5.02558553552137,1.51744752411409));
#10398=CARTESIAN_POINT('',(29.9974551285956,-5.04575682705673,1.54219194609112));
#10399=CARTESIAN_POINT('',(30.0033420447395,-5.04593122720391,1.54211152700049));
#10400=CARTESIAN_POINT('',(30.0092162867251,-5.04608522313348,1.54204467329027));
#10401=CARTESIAN_POINT('',(29.9974551285956,-5.04575682705673,1.57213114754098));
#10402=CARTESIAN_POINT('',(30.0033420447395,-5.04593122720391,1.57213114754098));
#10403=CARTESIAN_POINT('',(30.0092162867251,-5.04608522313348,1.57213114754098));
#10404=CARTESIAN_POINT('',(29.9866217041727,-5.,1.51672922026733));
#10405=CARTESIAN_POINT('',(29.9925183528746,-5.,1.51662399456689));
#10406=CARTESIAN_POINT('',(29.9984152078745,-5.,1.51653875246172));
#10407=CARTESIAN_POINT('',(30.0024213588999,-5.02566237123839,1.5173453096915));
#10408=CARTESIAN_POINT('',(30.0082995942361,-5.02573928862701,1.51724310424044));
#10409=CARTESIAN_POINT('',(30.0141721095935,-5.02580714735388,1.51716044761873));
#10410=CARTESIAN_POINT('',(30.0150798810076,-5.04622280115078,1.54198871974806));
#10411=CARTESIAN_POINT('',(30.0209428588546,-5.04636052049027,1.54193277250653));
#10412=CARTESIAN_POINT('',(30.0267954295798,-5.04648201635977,1.54188754803304));
#10413=CARTESIAN_POINT('',(30.0150798810076,-5.04622280115078,1.57213114754098));
#10414=CARTESIAN_POINT('',(30.0209428588546,-5.04636052049027,1.57213114754098));
#10415=CARTESIAN_POINT('',(30.0267954295798,-5.04648201635977,1.57213114754098));
#10416=CARTESIAN_POINT('',(30.00431247335,-5.,1.51647518400026));
#10417=CARTESIAN_POINT('',(30.016107004301,-5.,1.51634804707734));
#10418=CARTESIAN_POINT('',(30.0279021791933,-5.,1.51629875878273));
#10419=CARTESIAN_POINT('',(30.0200386882665,-5.02586514476582,1.51709898880702));
#10420=CARTESIAN_POINT('',(30.031771026379,-5.02598125575309,1.51697608357727));
#10421=CARTESIAN_POINT('',(30.043481505612,-5.02606172076021,1.51692929697032));
#10422=CARTESIAN_POINT('',(30.0326370447814,-5.04658585326442,1.54185395015098));
#10423=CARTESIAN_POINT('',(30.0443188033878,-5.04679372664827,1.541786763085));
#10424=CARTESIAN_POINT('',(30.0559609151507,-5.04693777649652,1.54176132240073));
#10425=CARTESIAN_POINT('',(30.0326370447814,-5.04658585326442,1.57213114754098));
#10426=CARTESIAN_POINT('',(30.0443188033878,-5.04679372664827,1.57213114754098));
#10427=CARTESIAN_POINT('',(30.0559609151507,-5.04693777649652,1.57213114754098));
#10428=CARTESIAN_POINT('',(30.0396973262973,-5.,1.51632018003798));
#10429=CARTESIAN_POINT('',(30.0632876205053,-5.,1.51636302254848));
#10430=CARTESIAN_POINT('',(30.0868769447402,-5.,1.51668158952818));
#10431=CARTESIAN_POINT('',(30.0551718155148,-5.02610958895018,1.51695163398683));
#10432=CARTESIAN_POINT('',(30.0785506907708,-5.02620485051404,1.51699629387933));
#10433=CARTESIAN_POINT('',(30.1018529195035,-5.0261712478424,1.51731043598257));
#10434=CARTESIAN_POINT('',(30.0675669398789,-5.04702346840579,1.54177378952385));
#10435=CARTESIAN_POINT('',(30.090775863005,-5.04719399655968,1.54179871379473));
#10436=CARTESIAN_POINT('',(30.1138483478376,-5.04713384512704,1.54197141475697));
#10437=CARTESIAN_POINT('',(30.0675669398789,-5.04702346840579,1.57213114754098));
#10438=CARTESIAN_POINT('',(30.090775863005,-5.04719399655968,1.57213114754098));
#10439=CARTESIAN_POINT('',(30.1138483478376,-5.04713384512704,1.57213114754098));
#10440=CARTESIAN_POINT('',(30.1104610005034,-5.,1.51721581558962));
#10441=CARTESIAN_POINT('',(30.122253028385,-5.,1.51748292862034));
#10442=CARTESIAN_POINT('',(30.1340438883269,-5.,1.51780568111163));
#10443=CARTESIAN_POINT('',(30.1250929746109,-5.02603506377431,1.51783536272975));
#10444=CARTESIAN_POINT('',(30.1367134686108,-5.02596593496628,1.51809782519636));
#10445=CARTESIAN_POINT('',(30.1483187221918,-5.02586999879099,1.51841468767033));
#10446=CARTESIAN_POINT('',(30.1368136947362,-5.04689005529511,1.54225970548217));
#10447=CARTESIAN_POINT('',(30.1482971999093,-5.04676629850074,1.54240385018661));
#10448=CARTESIAN_POINT('',(30.1597543406126,-5.04659454364522,1.54257782948184));
#10449=CARTESIAN_POINT('',(30.1368136947362,-5.04689005529511,1.57213114754098));
#10450=CARTESIAN_POINT('',(30.1482971999093,-5.04676629850074,1.57213114754098));
#10451=CARTESIAN_POINT('',(30.1597543406126,-5.04659454364522,1.57213114754098));
#10452=CARTESIAN_POINT('',(30.1458331561381,-5.,1.51817677142165));
#10453=CARTESIAN_POINT('',(30.1576224239494,-5.,1.51854786173167));
#10454=CARTESIAN_POINT('',(30.1694101453396,-5.,1.51896718060226));
#10455=CARTESIAN_POINT('',(30.1599105033921,-5.02575050528114,1.51877882414877));
#10456=CARTESIAN_POINT('',(30.1715030044379,-5.02563008657228,1.51914297757513));
#10457=CARTESIAN_POINT('',(30.1830824816091,-5.0254859479677,1.51955431871016));
#10458=CARTESIAN_POINT('',(30.1711886142783,-5.04638060331712,1.54277773725479));
#10459=CARTESIAN_POINT('',(30.1826241702482,-5.04616499451349,1.54297765692205));
#10460=CARTESIAN_POINT('',(30.1940376211843,-5.0459068995656,1.54320346090623));
#10461=CARTESIAN_POINT('',(30.1711886142783,-5.04638060331712,1.57213114754098));
#10462=CARTESIAN_POINT('',(30.1826241702482,-5.04616499451349,1.57213114754098));
#10463=CARTESIAN_POINT('',(30.1940376211843,-5.0459068995656,1.57213114754098));
#10464=CARTESIAN_POINT('',(30.181196144638,-5.,1.51943109354973));
#10465=CARTESIAN_POINT('',(30.2047681432347,-5.,1.52035891944469));
#10466=CARTESIAN_POINT('',(30.2283331207458,-5.,1.52145892036875));
#10467=CARTESIAN_POINT('',(30.1946499535911,-5.02531965005973,1.52000931055065));
#10468=CARTESIAN_POINT('',(30.2177882185022,-5.02498364823815,1.5209194184033));
#10469=CARTESIAN_POINT('',(30.2408820173182,-5.02456077738336,1.52199822506156));
#10470=CARTESIAN_POINT('',(30.2054309258911,-5.04560910465884,1.54345321195639));
#10471=CARTESIAN_POINT('',(30.228223445676,-5.04500734546256,1.54395280127401));
#10472=CARTESIAN_POINT('',(30.2509418152571,-5.0442498756456,1.54454496548522));
#10473=CARTESIAN_POINT('',(30.2054309258911,-5.04560910465884,1.57213114754098));
#10474=CARTESIAN_POINT('',(30.228223445676,-5.04500734546256,1.57213114754098));
#10475=CARTESIAN_POINT('',(30.2509418152571,-5.0442498756456,1.57213114754098));
#10476=CARTESIAN_POINT('',(30.2518904737761,-5.,1.52270431700783));
#10477=CARTESIAN_POINT('',(30.2990051798367,-5.,1.52519511028599));
#10478=CARTESIAN_POINT('',(30.3460890962877,-5.,1.52824743353086));
#10479=CARTESIAN_POINT('',(30.2639392707807,-5.02406274158457,1.52321969986303));
#10480=CARTESIAN_POINT('',(30.310075683602,-5.02304876822416,1.52566389801841));
#10481=CARTESIAN_POINT('',(30.3560856765559,-5.021736194878,1.52866077501339));
#10482=CARTESIAN_POINT('',(30.2736006610734,-5.04335757557284,1.54521545209556));
#10483=CARTESIAN_POINT('',(30.3189572940754,-5.04154026469066,1.54655730285142));
#10484=CARTESIAN_POINT('',(30.3641111617872,-5.03918651351659,1.54820282465752));
#10485=CARTESIAN_POINT('',(30.2736006610734,-5.04335757557284,1.57213114754098));
#10486=CARTESIAN_POINT('',(30.3189572940754,-5.04154026469066,1.57213114754098));
#10487=CARTESIAN_POINT('',(30.3641111617872,-5.03918651351659,1.57213114754098));
#10488=CARTESIAN_POINT('',(30.3931427059521,-5.,1.53170336294446));
#10489=CARTESIAN_POINT('',(30.4401963156166,-5.,1.53515929235806));
#10490=CARTESIAN_POINT('',(30.4872199934237,-5.,1.53901779906564));
#10491=CARTESIAN_POINT('',(30.4020189524985,-5.02019555327896,1.53205716291816));
#10492=CARTESIAN_POINT('',(30.4480016406884,-5.01862290499617,1.53545765247492));
#10493=CARTESIAN_POINT('',(30.4939254074907,-5.01681616666777,1.53925909621996));
#10494=CARTESIAN_POINT('',(30.4091506978285,-5.03642195506162,1.55006820804015));
#10495=CARTESIAN_POINT('',(30.4542780469306,-5.03359792731605,1.55193647723585));
#10496=CARTESIAN_POINT('',(30.4993223967676,-5.03035100139644,1.55402578194056));
#10497=CARTESIAN_POINT('',(30.4091506978285,-5.03642195506162,1.57213114754098));
#10498=CARTESIAN_POINT('',(30.4542780469306,-5.03359792731605,1.57213114754098));
#10499=CARTESIAN_POINT('',(30.4993223967676,-5.03035100139644,1.57213114754098));
#10500=CARTESIAN_POINT('',(30.5342145500896,-5.,1.54320062919539));
#10501=CARTESIAN_POINT('',(30.5812091067556,-5.,1.54738345932514));
#10502=CARTESIAN_POINT('',(30.6281747281675,-5.,1.55189034201891));
#10503=CARTESIAN_POINT('',(30.5398184906153,-5.01481020337261,1.54338629816822));
#10504=CARTESIAN_POINT('',(30.5857801610939,-5.01276761426283,1.54752037919786));
#10505=CARTESIAN_POINT('',(30.6317276520654,-5.01052195402946,1.55198263024318));
#10506=CARTESIAN_POINT('',(30.5443336152939,-5.0267428629782,1.55629508911976));
#10507=CARTESIAN_POINT('',(30.5894669705655,-5.02306540503713,1.5585692428525));
#10508=CARTESIAN_POINT('',(30.6345966045425,-5.01901833248969,1.56102514457237));
#10509=CARTESIAN_POINT('',(30.5443336152939,-5.0267428629782,1.57213114754098));
#10510=CARTESIAN_POINT('',(30.5894669705655,-5.02306540503713,1.57213114754098));
#10511=CARTESIAN_POINT('',(30.6345966045425,-5.01901833248969,1.57213114754098));
#10512=CARTESIAN_POINT('',(30.6751084996057,-5.,1.55670737022208));
#10513=CARTESIAN_POINT('',(30.7220422710439,-5.,1.56152439842525));
#10514=CARTESIAN_POINT('',(30.76894430822,-5.,1.56665192071255));
#10515=CARTESIAN_POINT('',(30.8158053751424,-5.,1.57213114754098));
#10516=CARTESIAN_POINT('',(30.6776716857028,-5.00807735905824,1.55676135635664));
#10517=CARTESIAN_POINT('',(30.7237037283086,-5.00559428753567,1.56155011121381));
#10518=CARTESIAN_POINT('',(30.7697493723567,-5.00290986121608,1.56665882968806));
#10519=CARTESIAN_POINT('',(30.679744043421,-5.01460797242489,1.56365668196332));
#10520=CARTESIAN_POINT('',(30.7250487487767,-5.010123101728,1.56629529675284));
#10521=CARTESIAN_POINT('',(30.770402006299,-5.00526877165591,1.56911196415884));
#10522=CARTESIAN_POINT('',(30.679744043421,-5.01460797242489,1.57213114754098));
#10523=CARTESIAN_POINT('',(30.7250487487767,-5.010123101728,1.57213114754098));
#10524=CARTESIAN_POINT('',(30.770402006299,-5.00526877165591,1.57213114754098));
#10525=B_SPLINE_SURFACE_WITH_KNOTS('Surf_LZMFONIUSU, HT, 1, 10, upper',3,3,((#10526, #10527, #10528, #10535, #10536, #10537, #10547, #10548, #10549, #10559, #10560, #10561, #10571, #10572, #10573, #10583, #10584, #10585, #10595, #10596, #10597, #10607, #10608, #10609, #10619, #10620, #10621, #10631, #10632, #10633, #10643, #10644, #10645, #10655, #10656, #10657, #10667, #10668, #10669, #10679, #10680, #10681, #10691, #10692, #10693, #10703, #10704, #10705, #10715, #10716, #10717, #10727, #10728, #10729, #10739, #10740, #10741, #10751, #10752, #10753, #10763, #10764, #10765, #10775, #10776, #10777, #10787, #10788, #10789, #10799, #10800, #10801, #10811, #10812, #10813, #10823, #10824, #10825, #10835, #10836, #10837, #10847, #10848, #10849, #10859, #10860, #10861, #10871, #10872, #10873, #10883, #10884, #10885, #10895, #10896, #10897, #10898),(#10526, #10529, #10530, #10538, #10539, #10540, #10550, #10551, #10552, #10562, #10563, #10564, #10574, #10575, #10576, #10586, #10587, #10588, #10598, #10599, #10600, #10610, #10611, #10612, #10622, #10623, #10624, #10634, #10635, #10636, #10646, #10647, #10648, #10658, #10659, #10660, #10670, #10671, #10672, #10682, #10683, #10684, #10694, #10695, #10696, #10706, #10707, #10708, #10718, #10719, #10720, #10730, #10731, #10732, #10742, #10743, #10744, #10754, #10755, #10756, #10766, #10767, #10768, #10778, #10779, #10780, #10790, #10791, #10792, #10802, #10803, #10804, #10814, #10815, #10816, #10826, #10827, #10828, #10838, #10839, #10840, #10850, #10851, #10852, #10862, #10863, #10864, #10874, #10875, #10876, #10886, #10887, #10888, #10899, #10900, #10901, #10898),(#10526, #10531, #10532, #10541, #10542, #10543, #10553, #10554, #10555, #10565, #10566, #10567, #10577, #10578, #10579, #10589, #10590, #10591, #10601, #10602, #10603, #10613, #10614, #10615, #10625, #10626, #10627, #10637, #10638, #10639, #10649, #10650, #10651, #10661, #10662, #10663, #10673, #10674, #10675, #10685, #10686, #10687, #10697, #10698, #10699, #10709, #10710, #10711, #10721, #10722, #10723, #10733, #10734, #10735, #10745, #10746, #10747, #10757, #10758, #10759, #10769, #10770, #10771, #10781, #10782, #10783, #10793, #10794, #10795, #10805, #10806, #10807, #10817, #10818, #10819, #10829, #10830, #10831, #10841, #10842, #10843, #10853, #10854, #10855, #10865, #10866, #10867, #10877, #10878, #10879, #10889, #10890, #10891, #10902, #10903, #10904, #10898),(#10526, #10533, #10534, #10544, #10545, #10546, #10556, #10557, #10558, #10568, #10569, #10570, #10580, #10581, #10582, #10592, #10593, #10594, #10604, #10605, #10606, #10616, #10617, #10618, #10628, #10629, #10630, #10640, #10641, #10642, #10652, #10653, #10654, #10664, #10665, #10666, #10676, #10677, #10678, #10688, #10689, #10690, #10700, #10701, #10702, #10712, #10713, #10714, #10724, #10725, #10726, #10736, #10737, #10738, #10748, #10749, #10750, #10760, #10761, #10762, #10772, #10773, #10774, #10784, #10785, #10786, #10796, #10797, #10798, #10808, #10809, #10810, #10820, #10821, #10822, #10832, #10833, #10834, #10844, #10845, #10846, #10856, #10857, #10858, #10868, #10869, #10870, #10880, #10881, #10882, #10892, #10893, #10894, #10905, #10906, #10907, #10898)),.UNSPECIFIED.,.F.,.F.,.F.,(4,4),(4,3,3,3,3,3,3,3,3,3,3,3,3,3,3,3,3,3,3,3,3,3,3,3,3,3,3,3,3,3,3,3,4),(0.,1.),(0.,1.,2.,3.,4.,5.,6.,7.,8.,9.,10.,11.,12.,13.,14.,15.,16.,17.,18.,19.,20.,21.,22.,23.,24.,25.,26.,27.,28.,29.,30.,31.,32.),.PIECEWISE_BEZIER_KNOTS.);
#10526=CARTESIAN_POINT('',(30.8158053751424,-5.,1.57213114754098));
#10527=CARTESIAN_POINT('',(30.76894430822,-5.,1.57761037436942));
#10528=CARTESIAN_POINT('',(30.7220422710439,-5.,1.58273789665672));
#10529=CARTESIAN_POINT('',(30.7697493723567,-5.00290986121608,1.57760346539391));
#10530=CARTESIAN_POINT('',(30.7237037283086,-5.00559428753567,1.58271218386815));
#10531=CARTESIAN_POINT('',(30.770402006299,-5.00526877165591,1.57515033092312));
#10532=CARTESIAN_POINT('',(30.7250487487767,-5.010123101728,1.57796699832913));
#10533=CARTESIAN_POINT('',(30.770402006299,-5.00526877165591,1.57213114754098));
#10534=CARTESIAN_POINT('',(30.7250487487767,-5.010123101728,1.57213114754098));
#10535=CARTESIAN_POINT('',(30.6751084996057,-5.,1.58755492485989));
#10536=CARTESIAN_POINT('',(30.6281747281675,-5.,1.59237195306305));
#10537=CARTESIAN_POINT('',(30.5812091067556,-5.,1.59687883575683));
#10538=CARTESIAN_POINT('',(30.6776716857028,-5.00807735905824,1.58750093872533));
#10539=CARTESIAN_POINT('',(30.6317276520654,-5.01052195402946,1.59227966483879));
#10540=CARTESIAN_POINT('',(30.5857801610939,-5.01276761426283,1.59674191588411));
#10541=CARTESIAN_POINT('',(30.679744043421,-5.01460797242489,1.58060561311865));
#10542=CARTESIAN_POINT('',(30.6345966045425,-5.01901833248969,1.5832371505096));
#10543=CARTESIAN_POINT('',(30.5894669705655,-5.02306540503713,1.58569305222946));
#10544=CARTESIAN_POINT('',(30.679744043421,-5.01460797242489,1.57213114754098));
#10545=CARTESIAN_POINT('',(30.6345966045425,-5.01901833248969,1.57213114754098));
#10546=CARTESIAN_POINT('',(30.5894669705655,-5.02306540503713,1.57213114754098));
#10547=CARTESIAN_POINT('',(30.5342145500896,-5.,1.60106166588658));
#10548=CARTESIAN_POINT('',(30.4872199934237,-5.,1.60524449601633));
#10549=CARTESIAN_POINT('',(30.4401963156166,-5.,1.60910300272391));
#10550=CARTESIAN_POINT('',(30.5398184906153,-5.01481020337261,1.60087599691375));
#10551=CARTESIAN_POINT('',(30.4939254074907,-5.01681616666777,1.60500319886201));
#10552=CARTESIAN_POINT('',(30.4480016406884,-5.01862290499617,1.60880464260705));
#10553=CARTESIAN_POINT('',(30.5443336152939,-5.0267428629782,1.58796720596221));
#10554=CARTESIAN_POINT('',(30.4993223967676,-5.03035100139644,1.59023651314141));
#10555=CARTESIAN_POINT('',(30.4542780469306,-5.03359792731605,1.59232581784611));
#10556=CARTESIAN_POINT('',(30.5443336152939,-5.0267428629782,1.57213114754098));
#10557=CARTESIAN_POINT('',(30.4993223967676,-5.03035100139644,1.57213114754098));
#10558=CARTESIAN_POINT('',(30.4542780469306,-5.03359792731605,1.57213114754098));
#10559=CARTESIAN_POINT('',(30.3931427059521,-5.,1.61255893213751));
#10560=CARTESIAN_POINT('',(30.3460890962877,-5.,1.61601486155111));
#10561=CARTESIAN_POINT('',(30.2990051798367,-5.,1.61906718479598));
#10562=CARTESIAN_POINT('',(30.4020189524985,-5.02019555327896,1.61220513216381));
#10563=CARTESIAN_POINT('',(30.3560856765559,-5.021736194878,1.61560152006858));
#10564=CARTESIAN_POINT('',(30.310075683602,-5.02304876822416,1.61859839706356));
#10565=CARTESIAN_POINT('',(30.4091506978285,-5.03642195506162,1.59419408704182));
#10566=CARTESIAN_POINT('',(30.3641111617872,-5.03918651351659,1.59605947042445));
#10567=CARTESIAN_POINT('',(30.3189572940754,-5.04154026469066,1.59770499223055));
#10568=CARTESIAN_POINT('',(30.4091506978285,-5.03642195506162,1.57213114754098));
#10569=CARTESIAN_POINT('',(30.3641111617872,-5.03918651351659,1.57213114754098));
#10570=CARTESIAN_POINT('',(30.3189572940754,-5.04154026469066,1.57213114754098));
#10571=CARTESIAN_POINT('',(30.2518904737761,-5.,1.62155797807414));
#10572=CARTESIAN_POINT('',(30.2283331207458,-5.,1.62280337471321));
#10573=CARTESIAN_POINT('',(30.2047681432347,-5.,1.62390337563728));
#10574=CARTESIAN_POINT('',(30.2639392707807,-5.02406274158457,1.62104259521894));
#10575=CARTESIAN_POINT('',(30.2408820173182,-5.02456077738336,1.62226407002041));
#10576=CARTESIAN_POINT('',(30.2177882185022,-5.02498364823815,1.62334287667867));
#10577=CARTESIAN_POINT('',(30.2736006610734,-5.04335757557284,1.59904684298641));
#10578=CARTESIAN_POINT('',(30.2509418152571,-5.0442498756456,1.59971732959675));
#10579=CARTESIAN_POINT('',(30.228223445676,-5.04500734546256,1.60030949380796));
#10580=CARTESIAN_POINT('',(30.2736006610734,-5.04335757557284,1.57213114754098));
#10581=CARTESIAN_POINT('',(30.2509418152571,-5.0442498756456,1.57213114754098));
#10582=CARTESIAN_POINT('',(30.228223445676,-5.04500734546256,1.57213114754098));
#10583=CARTESIAN_POINT('',(30.181196144638,-5.,1.62483120153224));
#10584=CARTESIAN_POINT('',(30.1694101453396,-5.,1.62529511447971));
#10585=CARTESIAN_POINT('',(30.1576224239494,-5.,1.6257144333503));
#10586=CARTESIAN_POINT('',(30.1946499535911,-5.02531965005973,1.62425298453132));
#10587=CARTESIAN_POINT('',(30.1830824816091,-5.0254859479677,1.62470797637181));
#10588=CARTESIAN_POINT('',(30.1715030044379,-5.02563008657228,1.62511931750684));
#10589=CARTESIAN_POINT('',(30.2054309258911,-5.04560910465884,1.60080908312558));
#10590=CARTESIAN_POINT('',(30.1940376211843,-5.0459068995656,1.60105883417574));
#10591=CARTESIAN_POINT('',(30.1826241702482,-5.04616499451349,1.60128463815992));
#10592=CARTESIAN_POINT('',(30.2054309258911,-5.04560910465884,1.57213114754098));
#10593=CARTESIAN_POINT('',(30.1940376211843,-5.0459068995656,1.57213114754098));
#10594=CARTESIAN_POINT('',(30.1826241702482,-5.04616499451349,1.57213114754098));
#10595=CARTESIAN_POINT('',(30.1458331561381,-5.,1.62608552366032));
#10596=CARTESIAN_POINT('',(30.1340438883269,-5.,1.62645661397034));
#10597=CARTESIAN_POINT('',(30.122253028385,-5.,1.62677936646163));
#10598=CARTESIAN_POINT('',(30.1599105033921,-5.02575050528114,1.6254834709332));
#10599=CARTESIAN_POINT('',(30.1483187221918,-5.02586999879099,1.62584760741164));
#10600=CARTESIAN_POINT('',(30.1367134686108,-5.02596593496628,1.62616446988561));
#10601=CARTESIAN_POINT('',(30.1711886142783,-5.04638060331712,1.60148455782718));
#10602=CARTESIAN_POINT('',(30.1597543406126,-5.04659454364522,1.60168446560013));
#10603=CARTESIAN_POINT('',(30.1482971999093,-5.04676629850074,1.60185844489536));
#10604=CARTESIAN_POINT('',(30.1711886142783,-5.04638060331712,1.57213114754098));
#10605=CARTESIAN_POINT('',(30.1597543406126,-5.04659454364522,1.57213114754098));
#10606=CARTESIAN_POINT('',(30.1482971999093,-5.04676629850074,1.57213114754098));
#10607=CARTESIAN_POINT('',(30.1104610005034,-5.,1.62704647949235));
#10608=CARTESIAN_POINT('',(30.0868769447402,-5.,1.62758070555379));
#10609=CARTESIAN_POINT('',(30.0632876205053,-5.,1.62789927253349));
#10610=CARTESIAN_POINT('',(30.1250929746109,-5.02603506377431,1.62642693235222));
#10611=CARTESIAN_POINT('',(30.1018529195035,-5.0261712478424,1.6269518590994));
#10612=CARTESIAN_POINT('',(30.0785506907708,-5.02620485051404,1.62726600120264));
#10613=CARTESIAN_POINT('',(30.1368136947362,-5.04689005529511,1.6020025895998));
#10614=CARTESIAN_POINT('',(30.1138483478376,-5.04713384512704,1.602290880325));
#10615=CARTESIAN_POINT('',(30.090775863005,-5.04719399655968,1.60246358128724));
#10616=CARTESIAN_POINT('',(30.1368136947362,-5.04689005529511,1.57213114754098));
#10617=CARTESIAN_POINT('',(30.1138483478376,-5.04713384512704,1.57213114754098));
#10618=CARTESIAN_POINT('',(30.090775863005,-5.04719399655968,1.57213114754098));
#10619=CARTESIAN_POINT('',(30.0396973262973,-5.,1.62794211504399));
#10620=CARTESIAN_POINT('',(30.0279021791933,-5.,1.62796353629924));
#10621=CARTESIAN_POINT('',(30.016107004301,-5.,1.62791424800463));
#10622=CARTESIAN_POINT('',(30.0551718155148,-5.02610958895018,1.62731066109514));
#10623=CARTESIAN_POINT('',(30.043481505612,-5.02606172076021,1.62733299811165));
#10624=CARTESIAN_POINT('',(30.031771026379,-5.02598125575309,1.6272862115047));
#10625=CARTESIAN_POINT('',(30.0675669398789,-5.04702346840579,1.60248850555812));
#10626=CARTESIAN_POINT('',(30.0559609151507,-5.04693777649652,1.60250097268124));
#10627=CARTESIAN_POINT('',(30.0443188033878,-5.04679372664827,1.60247553199697));
#10628=CARTESIAN_POINT('',(30.0675669398789,-5.04702346840579,1.57213114754098));
#10629=CARTESIAN_POINT('',(30.0559609151507,-5.04693777649652,1.57213114754098));
#10630=CARTESIAN_POINT('',(30.0443188033878,-5.04679372664827,1.57213114754098));
#10631=CARTESIAN_POINT('',(30.00431247335,-5.,1.62778711108171));
#10632=CARTESIAN_POINT('',(29.9984152078745,-5.,1.62772354262025));
#10633=CARTESIAN_POINT('',(29.9925183528746,-5.,1.62763830051507));
#10634=CARTESIAN_POINT('',(30.0200386882665,-5.02586514476582,1.62716330627495));
#10635=CARTESIAN_POINT('',(30.0141721095935,-5.02580714735388,1.62710184746324));
#10636=CARTESIAN_POINT('',(30.0082995942361,-5.02573928862701,1.62701919084153));
#10637=CARTESIAN_POINT('',(30.0326370447814,-5.04658585326442,1.60240834493099));
#10638=CARTESIAN_POINT('',(30.0267954295798,-5.04648201635977,1.60237474704893));
#10639=CARTESIAN_POINT('',(30.0209428588546,-5.04636052049027,1.60232952257544));
#10640=CARTESIAN_POINT('',(30.0326370447814,-5.04658585326442,1.57213114754098));
#10641=CARTESIAN_POINT('',(30.0267954295798,-5.04648201635977,1.57213114754098));
#10642=CARTESIAN_POINT('',(30.0209428588546,-5.04636052049027,1.57213114754098));
#10643=CARTESIAN_POINT('',(29.9866217041727,-5.,1.62753307481464));
#10644=CARTESIAN_POINT('',(29.9807250554709,-5.,1.62742784911421));
#10645=CARTESIAN_POINT('',(29.9748286591562,-5.,1.62730231602706));
#10646=CARTESIAN_POINT('',(30.0024213588999,-5.02566237123839,1.62691698539047));
#10647=CARTESIAN_POINT('',(29.9965427809746,-5.02558553552137,1.62681477096788));
#10648=CARTESIAN_POINT('',(29.9906583698977,-5.02549953384229,1.62669268575996));
#10649=CARTESIAN_POINT('',(30.0150798810076,-5.04622280115078,1.60227357533391));
#10650=CARTESIAN_POINT('',(30.0092162867251,-5.04608522313348,1.6022176217917));
#10651=CARTESIAN_POINT('',(30.0033420447395,-5.04593122720391,1.60215076808148));
#10652=CARTESIAN_POINT('',(30.0150798810076,-5.04622280115078,1.57213114754098));
#10653=CARTESIAN_POINT('',(30.0092162867251,-5.04608522313348,1.57213114754098));
#10654=CARTESIAN_POINT('',(30.0033420447395,-5.04593122720391,1.57213114754098));
#10655=CARTESIAN_POINT('',(29.9689331112095,-5.,1.62715151380196));
#10656=CARTESIAN_POINT('',(29.9453509194223,-5.,1.62654830490157));
#10657=CARTESIAN_POINT('',(29.9217756614613,-5.,1.62558930322247));
#10658=CARTESIAN_POINT('',(29.9847672579408,-5.02540214122189,1.6265458719193));
#10659=CARTESIAN_POINT('',(29.9611986465285,-5.02501385344376,1.62595845902199));
#10660=CARTESIAN_POINT('',(29.9375269610001,-5.02446712780997,1.62502251729386));
#10661=CARTESIAN_POINT('',(29.9974551285956,-5.04575682705673,1.60207034899085));
#10662=CARTESIAN_POINT('',(29.9738999586699,-5.04506144502068,1.60174856195718));
#10663=CARTESIAN_POINT('',(29.9501545725001,-5.04408210521188,1.60123552911351));
#10664=CARTESIAN_POINT('',(29.9974551285956,-5.04575682705673,1.57213114754098));
#10665=CARTESIAN_POINT('',(29.9738999586699,-5.04506144502068,1.57213114754098));
#10666=CARTESIAN_POINT('',(29.9501545725001,-5.04408210521188,1.57213114754098));
#10667=CARTESIAN_POINT('',(29.898231878077,-5.,1.62410839180592));
#10668=CARTESIAN_POINT('',(29.8864599863848,-5.,1.62336793609764));
#10669=CARTESIAN_POINT('',(29.8746960019566,-5.,1.62249747789602));
#10670=CARTESIAN_POINT('',(29.9137241678652,-5.02368937651824,1.62357482478502));
#10671=CARTESIAN_POINT('',(29.9018181400022,-5.02330250343992,1.62285055973962));
#10672=CARTESIAN_POINT('',(29.8898782337608,-5.02285877769923,1.62199857570474));
#10673=CARTESIAN_POINT('',(29.9261491468925,-5.04268850514499,1.60044161020888));
#10674=CARTESIAN_POINT('',(29.9141380121519,-5.04199510609921,1.60004435637475));
#10675=CARTESIAN_POINT('',(29.902059789035,-5.04119965588087,1.59957696295708));
#10676=CARTESIAN_POINT('',(29.9261491468925,-5.04268850514499,1.57213114754098));
#10677=CARTESIAN_POINT('',(29.9141380121519,-5.04199510609921,1.57213114754098));
#10678=CARTESIAN_POINT('',(29.902059789035,-5.04119965588087,1.57213114754098));
#10679=CARTESIAN_POINT('',(29.8629464855597,-5.,1.62146138308935));
#10680=CARTESIAN_POINT('',(29.8511969691628,-5.,1.62042528828268));
#10681=CARTESIAN_POINT('',(29.8394615106541,-5.,1.61922575681369));
#10682=CARTESIAN_POINT('',(29.8778996552315,-5.02234262072726,1.62098377750061));
#10683=CARTESIAN_POINT('',(29.8659170643056,-5.02182830785798,1.61996847722155));
#10684=CARTESIAN_POINT('',(29.8538949792601,-5.02124307670016,1.61879223524168));
#10685=CARTESIAN_POINT('',(29.8899006320958,-5.04027415499874,1.5990201432696));
#10686=CARTESIAN_POINT('',(29.8777341321081,-5.03935174038141,1.59846297051811));
#10687=CARTESIAN_POINT('',(29.8654854620535,-5.03830186705011,1.59781735521443));
#10688=CARTESIAN_POINT('',(29.8899006320958,-5.04027415499874,1.57213114754098));
#10689=CARTESIAN_POINT('',(29.8777341321081,-5.03935174038141,1.57213114754098));
#10690=CARTESIAN_POINT('',(29.8654854620535,-5.03830186705011,1.57213114754098));
#10691=CARTESIAN_POINT('',(29.827751239454,-5.,1.61781128912112));
#10692=CARTESIAN_POINT('',(29.824823671654,-5.,1.61745767219798));
#10693=CARTESIAN_POINT('',(29.8218980445939,-5.,1.61708919380281));
#10694=CARTESIAN_POINT('',(29.8418279612985,-5.02056443304094,1.61740422176223));
#10695=CARTESIAN_POINT('',(29.8388103908124,-5.02039515150701,1.61705708095166));
#10696=CARTESIAN_POINT('',(29.8357898848971,-5.02021942265966,1.61669528264911));
#10697=CARTESIAN_POINT('',(29.8531359411703,-5.03708406008686,1.59705534678627));
#10698=CARTESIAN_POINT('',(29.8500470557396,-5.0367802294532,1.59686474798974));
#10699=CARTESIAN_POINT('',(29.8469513417143,-5.03646480181458,1.59666609090136));
#10700=CARTESIAN_POINT('',(29.8531359411703,-5.03708406008686,1.57213114754098));
#10701=CARTESIAN_POINT('',(29.8500470557396,-5.0367802294532,1.57213114754098));
#10702=CARTESIAN_POINT('',(29.8469513417143,-5.03646480181458,1.57213114754098));
#10703=CARTESIAN_POINT('',(29.8189742243922,-5.,1.61670630213231));
#10704=CARTESIAN_POINT('',(29.8160504041906,-5.,1.61632341046181));
#10705=CARTESIAN_POINT('',(29.8131282047447,-5.,1.61592689078433));
#10706=CARTESIAN_POINT('',(29.832766428795,-5.02003745285518,1.61631926069024));
#10707=CARTESIAN_POINT('',(29.8297426235655,-5.01985564543731,1.6159431752369));
#10708=CARTESIAN_POINT('',(29.8267159002587,-5.0196679549869,1.61555362927808));
#10709=CARTESIAN_POINT('',(29.8438488770404,-5.0361381447932,1.59645961276775));
#10710=CARTESIAN_POINT('',(29.8407457666775,-5.03581175177376,1.59625308995799));
#10711=CARTESIAN_POINT('',(29.8376361086102,-5.03547476829699,1.59603916391417));
#10712=CARTESIAN_POINT('',(29.8438488770404,-5.0361381447932,1.57213114754098));
#10713=CARTESIAN_POINT('',(29.8407457666775,-5.03581175177376,1.57213114754098));
#10714=CARTESIAN_POINT('',(29.8376361086102,-5.03547476829699,1.57213114754098));
#10715=CARTESIAN_POINT('',(29.8102087175953,-5.,1.61551248497206));
#10716=CARTESIAN_POINT('',(29.8043697432964,-5.,1.61468367334752));
#10717=CARTESIAN_POINT('',(29.7985399159205,-5.,1.61378973736149));
#10718=CARTESIAN_POINT('',(29.8236860186369,-5.01947250232916,1.61514642958792));
#10719=CARTESIAN_POINT('',(29.8176251328022,-5.01908211673565,1.61433181003276));
#10720=CARTESIAN_POINT('',(29.8115517260221,-5.01866359154357,1.61345282116946));
#10721=CARTESIAN_POINT('',(29.8345186008734,-5.0351238172459,1.59581553030412));
#10722=CARTESIAN_POINT('',(29.8282815036323,-5.03442275324214,1.59536810813945));
#10723=CARTESIAN_POINT('',(29.8220145428591,-5.03367101467029,1.59488527604435));
#10724=CARTESIAN_POINT('',(29.8345186008734,-5.0351238172459,1.57213114754098));
#10725=CARTESIAN_POINT('',(29.8282815036323,-5.03442275324214,1.57213114754098));
#10726=CARTESIAN_POINT('',(29.8220145428591,-5.03367101467029,1.57213114754098));
#10727=CARTESIAN_POINT('',(29.7927228847534,-5.,1.61281740680077));
#10728=CARTESIAN_POINT('',(29.7869058535864,-5.,1.61184507624005));
#10729=CARTESIAN_POINT('',(29.7811029567652,-5.,1.61078983257678));
#10730=CARTESIAN_POINT('',(29.8054651489405,-5.01821112202764,1.61249633174681));
#10731=CARTESIAN_POINT('',(29.7993768410456,-5.01775943614168,1.61153944754843));
#10732=CARTESIAN_POINT('',(29.7932750218525,-5.0172719033094,1.61050049197978));
#10733=CARTESIAN_POINT('',(29.8157136227657,-5.03285814273658,1.59435980812389));
#10734=CARTESIAN_POINT('',(29.8094094739555,-5.03204650876358,1.59383406230318));
#10735=CARTESIAN_POINT('',(29.8030696480194,-5.03117027099733,1.59326315005852));
#10736=CARTESIAN_POINT('',(29.8157136227657,-5.03285814273658,1.57213114754098));
#10737=CARTESIAN_POINT('',(29.8094094739555,-5.03204650876358,1.57213114754098));
#10738=CARTESIAN_POINT('',(29.8030696480194,-5.03117027099733,1.57213114754098));
#10739=CARTESIAN_POINT('',(29.7753194572034,-5.,1.6096346635811));
#10740=CARTESIAN_POINT('',(29.7695359576415,-5.,1.60847949458543));
#10741=CARTESIAN_POINT('',(29.7637732049719,-5.,1.60722008989064));
#10742=CARTESIAN_POINT('',(29.787159394434,-5.01674108589417,1.60936259542831));
#10743=CARTESIAN_POINT('',(29.7810417338181,-5.016211152535,1.60822415352615));
#10744=CARTESIAN_POINT('',(29.7749099108392,-5.01563613327764,1.60698233922634));
#10745=CARTESIAN_POINT('',(29.7966893793787,-5.03021601345678,1.59263778284817));
#10746=CARTESIAN_POINT('',(29.7903052896792,-5.0292631113752,1.59201203160068));
#10747=CARTESIAN_POINT('',(29.7838789853744,-5.02822887358008,1.59132936117736));
#10748=CARTESIAN_POINT('',(29.7966893793787,-5.03021601345678,1.57213114754098));
#10749=CARTESIAN_POINT('',(29.7903052896792,-5.0292631113752,1.57213114754098));
#10750=CARTESIAN_POINT('',(29.7838789853744,-5.02822887358008,1.57213114754098));
#10751=CARTESIAN_POINT('',(29.7580434276904,-5.,1.60582254669872));
#10752=CARTESIAN_POINT('',(29.7551785390496,-5.,1.60512377510275));
#10753=CARTESIAN_POINT('',(29.7523221538575,-5.,1.60438967156837));
#10754=CARTESIAN_POINT('',(29.7687651295002,-5.01500116552017,1.60560353558806));
#10755=CARTESIAN_POINT('',(29.7656918220034,-5.01468405260246,1.60491384006202));
#10756=CARTESIAN_POINT('',(29.762615190707,-5.01435162054145,1.60418905466007));
#10757=CARTESIAN_POINT('',(29.7774028094208,-5.02708649194485,1.59057126203433));
#10758=CARTESIAN_POINT('',(29.7741629820348,-5.02651584292443,1.59019200554994));
#10759=CARTESIAN_POINT('',(29.7709103100341,-5.02591753706048,1.58979341995693));
#10760=CARTESIAN_POINT('',(29.7774028094208,-5.02708649194485,1.57213114754098));
#10761=CARTESIAN_POINT('',(29.7741629820348,-5.02651584292443,1.57213114754098));
#10762=CARTESIAN_POINT('',(29.7709103100341,-5.02591753706048,1.57213114754098));
#10763=CARTESIAN_POINT('',(29.7494782503873,-5.,1.60361080070802));
#10764=CARTESIAN_POINT('',(29.7466343469171,-5.,1.60283192984768));
#10765=CARTESIAN_POINT('',(29.7438011124866,-5.,1.6020123896625));
#10766=CARTESIAN_POINT('',(29.7595361598261,-5.01399972602278,1.60341982788285));
#10767=CARTESIAN_POINT('',(29.7564564490125,-5.01364809188443,1.60265036010528));
#10768=CARTESIAN_POINT('',(29.7533737567306,-5.01327880977444,1.60184044848619));
#10769=CARTESIAN_POINT('',(29.7676432641644,-5.02528410278769,1.58937035696634));
#10770=CARTESIAN_POINT('',(29.7643749202937,-5.02465103428728,1.58894712414746));
#10771=CARTESIAN_POINT('',(29.7610925893937,-5.02398608228979,1.5885016047923));
#10772=CARTESIAN_POINT('',(29.7676432641644,-5.02528410278769,1.57213114754098));
#10773=CARTESIAN_POINT('',(29.7643749202937,-5.02465103428728,1.57213114754098));
#10774=CARTESIAN_POINT('',(29.7610925893937,-5.02398608228979,1.57213114754098));
#10775=CARTESIAN_POINT('',(29.7409845988096,-5.,1.60113872236861));
#10776=CARTESIAN_POINT('',(29.7381680851327,-5.,1.60026505507472));
#10777=CARTESIAN_POINT('',(29.7353688634639,-5.,1.59933604974295));
#10778=CARTESIAN_POINT('',(29.7502897716872,-5.01288596746285,1.6009767464136));
#10779=CARTESIAN_POINT('',(29.7472050237865,-5.01249339620381,1.60011274358483));
#10780=CARTESIAN_POINT('',(29.7441190687645,-5.01207674076591,1.59919367957066));
#10781=CARTESIAN_POINT('',(29.7577944525005,-5.02327858177021,1.58802644986413));
#10782=CARTESIAN_POINT('',(29.7544948489117,-5.02257144110773,1.58755108294056));
#10783=CARTESIAN_POINT('',(29.7511791125899,-5.02182077717941,1.58704536993428));
#10784=CARTESIAN_POINT('',(29.7577944525005,-5.02327858177021,1.57213114754098));
#10785=CARTESIAN_POINT('',(29.7544948489117,-5.02257144110773,1.57213114754098));
#10786=CARTESIAN_POINT('',(29.7511791125899,-5.02182077717941,1.57213114754098));
#10787=CARTESIAN_POINT('',(29.7325935741283,-5.,1.59833899242965));
#10788=CARTESIAN_POINT('',(29.7312059294605,-5.,1.597840463773));
#10789=CARTESIAN_POINT('',(29.7298250005483,-5.,1.59732356078666));
#10790=CARTESIAN_POINT('',(29.7410343813614,-5.01163041546373,1.59820690890905));
#10791=CARTESIAN_POINT('',(29.7394917104424,-5.01140735655572,1.59771337779361));
#10792=CARTESIAN_POINT('',(29.7379496274349,-5.01117628193948,1.59720155253095));
#10793=CARTESIAN_POINT('',(29.7478463579176,-5.02101649848762,1.58650234222555));
#10794=CARTESIAN_POINT('',(29.7461793458002,-5.02061448394758,1.58623072558133));
#10795=CARTESIAN_POINT('',(29.74450797344,-5.02019797918565,1.58594902458675));
#10796=CARTESIAN_POINT('',(29.7478463579176,-5.02101649848762,1.57213114754098));
#10797=CARTESIAN_POINT('',(29.7461793458002,-5.02061448394758,1.57213114754098));
#10798=CARTESIAN_POINT('',(29.74450797344,-5.02019797918565,1.57213114754098));
#10799=CARTESIAN_POINT('',(29.7284517701574,-5.,1.59678669163329));
#10800=CARTESIAN_POINT('',(29.7270785397665,-5.,1.59624982247993));
#10801=CARTESIAN_POINT('',(29.7257130885603,-5.,1.59569267022758));
#10802=CARTESIAN_POINT('',(29.7364085888929,-5.01093649175501,1.5966698453996));
#10803=CARTESIAN_POINT('',(29.7348673151166,-5.01069677044166,1.59613802597729));
#10804=CARTESIAN_POINT('',(29.733327046297,-5.01044819312063,1.59558599424724));
#10805=CARTESIAN_POINT('',(29.7428322715078,-5.01976571789302,1.58565636359616));
#10806=CARTESIAN_POINT('',(29.7411561106913,-5.01933353290976,1.58536362341644));
#10807=CARTESIAN_POINT('',(29.739475479066,-5.018885331227,1.5850597387893));
#10808=CARTESIAN_POINT('',(29.7428322715078,-5.01976571789302,1.57213114754098));
#10809=CARTESIAN_POINT('',(29.7411561106913,-5.01933353290976,1.57213114754098));
#10810=CARTESIAN_POINT('',(29.739475479066,-5.018885331227,1.57213114754098));
#10811=CARTESIAN_POINT('',(29.7243588439254,-5.,1.59511001919952));
#10812=CARTESIAN_POINT('',(29.7216503546554,-5.,1.59394471714338));
#10813=CARTESIAN_POINT('',(29.7189796868588,-5.,1.59268667416523));
#10814=CARTESIAN_POINT('',(29.731789508969,-5.01018846655056,1.59500856743124));
#10815=CARTESIAN_POINT('',(29.7287136671779,-5.0096692151524,1.59385331843437));
#10816=CARTESIAN_POINT('',(29.7256446111955,-5.00910941602632,1.59260553299964));
#10817=CARTESIAN_POINT('',(29.7377907325696,-5.01841697174606,1.58474185434528));
#10818=CARTESIAN_POINT('',(29.7344197332304,-5.01748044821891,1.58410580658324));
#10819=CARTESIAN_POINT('',(29.7310303946981,-5.01647054123571,1.58341871861021));
#10820=CARTESIAN_POINT('',(29.7377907325696,-5.01841697174606,1.57213114754098));
#10821=CARTESIAN_POINT('',(29.7344197332304,-5.01748044821891,1.57213114754098));
#10822=CARTESIAN_POINT('',(29.7310303946981,-5.01647054123571,1.57213114754098));
#10823=CARTESIAN_POINT('',(29.7163858013757,-5.,1.59128384072076));
#10824=CARTESIAN_POINT('',(29.7150888586341,-5.,1.59058242399853));
#10825=CARTESIAN_POINT('',(29.7138116339151,-5.,1.58984445050961));
#10826=CARTESIAN_POINT('',(29.7226042600248,-5.00848616323555,1.59121340980578));
#10827=CARTESIAN_POINT('',(29.7210836208136,-5.00817462109073,1.59051706338127));
#10828=CARTESIAN_POINT('',(29.7195705141305,-5.0078470437056,1.58978421844916));
#10829=CARTESIAN_POINT('',(29.7276308780054,-5.01534585357247,1.58265203889794));
#10830=CARTESIAN_POINT('',(29.7259301941161,-5.01478354053587,1.58226849806147));
#10831=CARTESIAN_POINT('',(29.7242271700216,-5.01419219778622,1.58186482229181));
#10832=CARTESIAN_POINT('',(29.7276308780054,-5.01534585357247,1.57213114754098));
#10833=CARTESIAN_POINT('',(29.7259301941161,-5.01478354053587,1.57213114754098));
#10834=CARTESIAN_POINT('',(29.7242271700216,-5.01419219778622,1.57213114754098));
#10835=CARTESIAN_POINT('',(29.7125625391977,-5.,1.58906084424915));
#10836=CARTESIAN_POINT('',(29.7113134444803,-5.,1.58827723798868));
#10837=CARTESIAN_POINT('',(29.7100924841869,-5.,1.58744772601585));
#10838=CARTESIAN_POINT('',(29.7180703690386,-5.00749943161775,1.58900582690461));
#10839=CARTESIAN_POINT('',(29.7165698788283,-5.007151861965,1.58822719899095));
#10840=CARTESIAN_POINT('',(29.7150822261626,-5.00678411883028,1.58740269857086));
#10841=CARTESIAN_POINT('',(29.7225248218204,-5.01356459067263,1.58143602212657));
#10842=CARTESIAN_POINT('',(29.7208217765763,-5.01293695957499,1.58100705512962));
#10843=CARTESIAN_POINT('',(29.7191191622713,-5.01227279026958,1.58055277569463));
#10844=CARTESIAN_POINT('',(29.7225248218204,-5.01356459067263,1.57213114754098));
#10845=CARTESIAN_POINT('',(29.7208217765763,-5.01293695957499,1.57213114754098));
#10846=CARTESIAN_POINT('',(29.7191191622713,-5.01227279026958,1.57213114754098));
#10847=CARTESIAN_POINT('',(29.7089172457272,-5.,1.58655769042248));
#10848=CARTESIAN_POINT('',(29.7077420072675,-5.,1.5856676548291));
#10849=CARTESIAN_POINT('',(29.7066099167351,-5.,1.58471852639142));
#10850=CARTESIAN_POINT('',(29.7136201881603,-5.00638975806572,1.58651774483769));
#10851=CARTESIAN_POINT('',(29.7121577604032,-5.00599541348175,1.58563248681384));
#10852=CARTESIAN_POINT('',(29.7107187937559,-5.00557504432212,1.58468811714025));
#10853=CARTESIAN_POINT('',(29.7174258623671,-5.01156042256018,1.58006514220429));
#10854=CARTESIAN_POINT('',(29.7157317630298,-5.01084795457115,1.57957729388399));
#10855=CARTESIAN_POINT('',(29.7140451377598,-5.01008832499664,1.57905681821527));
#10856=CARTESIAN_POINT('',(29.7174258623671,-5.01156042256018,1.57213114754098));
#10857=CARTESIAN_POINT('',(29.7157317630298,-5.01084795457115,1.57213114754098));
#10858=CARTESIAN_POINT('',(29.7140451377598,-5.01008832499664,1.57213114754098));
#10859=CARTESIAN_POINT('',(29.7055519249729,-5.,1.58369130225146));
#10860=CARTESIAN_POINT('',(29.7044939332108,-5.,1.5826640781115));
#10861=CARTESIAN_POINT('',(29.7035101387168,-5.,1.58155759069876));
#10862=CARTESIAN_POINT('',(29.7093279685503,-5.00512026109747,1.5836656528136));
#10863=CARTESIAN_POINT('',(29.7079367017968,-5.00466544461046,1.58264278376303));
#10864=CARTESIAN_POINT('',(29.7065932394456,-5.0041756308279,1.58154053411521));
#10865=CARTESIAN_POINT('',(29.7123855823013,-5.0092663416232,1.5784932412764));
#10866=CARTESIAN_POINT('',(29.7107251016468,-5.0084441258454,1.57792937851251));
#10867=CARTESIAN_POINT('',(29.7090909627239,-5.00755844937248,1.5773216864188));
#10868=CARTESIAN_POINT('',(29.7123855823013,-5.0092663416232,1.57213114754098));
#10869=CARTESIAN_POINT('',(29.7107251016468,-5.0084441258454,1.57213114754098));
#10870=CARTESIAN_POINT('',(29.7090909627239,-5.00755844937248,1.57213114754098));
#10871=CARTESIAN_POINT('',(29.7026565125466,-5.,1.58035528931303));
#10872=CARTESIAN_POINT('',(29.7018028863764,-5.,1.5791529879273));
#10873=CARTESIAN_POINT('',(29.701080922546,-5.,1.57785130586627));
#10874=CARTESIAN_POINT('',(29.7053480489811,-5.00364348615994,1.58034230467612));
#10875=CARTESIAN_POINT('',(29.7041023696211,-5.00311121267238,1.57914352113716));
#10876=CARTESIAN_POINT('',(29.702955251171,-5.00253490328562,1.57784502251208));
#10877=CARTESIAN_POINT('',(29.7075291495217,-5.00659600410875,1.5766609961452));
#10878=CARTESIAN_POINT('',(29.705966277684,-5.0056330898805,1.57599991441243));
#10879=CARTESIAN_POINT('',(29.7044749887015,-5.00459024598712,1.57528374677691));
#10880=CARTESIAN_POINT('',(29.7075291495217,-5.00659600410875,1.57213114754098));
#10881=CARTESIAN_POINT('',(29.705966277684,-5.0056330898805,1.57213114754098));
#10882=CARTESIAN_POINT('',(29.7044749887015,-5.00459024598712,1.57213114754098));
#10883=CARTESIAN_POINT('',(29.7005797498371,-5.,1.57646490872264));
#10884=CARTESIAN_POINT('',(29.7003291634826,-5.,1.57577171015083));
#10885=CARTESIAN_POINT('',(29.7001339091852,-5.,1.57505828218681));
#10886=CARTESIAN_POINT('',(29.702000552085,-5.00192097517411,1.576461301202));
#10887=CARTESIAN_POINT('',(29.7015230213077,-5.00161390129916,1.57576916409705));
#10888=CARTESIAN_POINT('',(29.7010940507925,-5.00129780660315,1.57505663601646));
#10889=CARTESIAN_POINT('',(29.7031529261048,-5.00347902583632,1.57452046494593));
#10890=CARTESIAN_POINT('',(29.7024914796173,-5.00292309917106,1.57413862864737));
#10891=CARTESIAN_POINT('',(29.701873044785,-5.00235075914637,1.57374551323536));
#10892=CARTESIAN_POINT('',(29.7031529261048,-5.00347902583632,1.57213114754098));
#10893=CARTESIAN_POINT('',(29.7024914796173,-5.00292309917106,1.57213114754098));
#10894=CARTESIAN_POINT('',(29.701873044785,-5.00235075914637,1.57213114754098));
#10895=CARTESIAN_POINT('',(29.7000028452171,-5.,1.57433237029809));
#10896=CARTESIAN_POINT('',(29.6998717812489,-5.,1.57360645840937));
#10897=CARTESIAN_POINT('',(29.6998053751424,-5.,1.57286657149863));
#10898=CARTESIAN_POINT('',(29.6998053751424,-5.,1.57213114754098));
#10899=CARTESIAN_POINT('',(29.700725042463,-5.00097610644138,1.57433143922608));
#10900=CARTESIAN_POINT('',(29.7003559253032,-5.00065430858323,1.573606040109));
#10901=CARTESIAN_POINT('',(29.7000467649413,-5.00032621959053,1.57286646753776));
#10902=CARTESIAN_POINT('',(29.701311081283,-5.00176818404942,1.57334537713782));
#10903=CARTESIAN_POINT('',(29.7007488568613,-5.00118534575865,1.57294509800775));
#10904=CARTESIAN_POINT('',(29.7002427100213,-5.00059102416816,1.5725369655631));
#10905=CARTESIAN_POINT('',(29.701311081283,-5.00176818404942,1.57213114754098));
#10906=CARTESIAN_POINT('',(29.7007488568613,-5.00118534575865,1.57213114754098));
#10907=CARTESIAN_POINT('',(29.7002427100213,-5.00059102416816,1.57213114754098));
#10908=GEOMETRIC_SET('LZMFONIUSU, HT, 1',(#9752,#9947,#10142,#10525));
#10909=GEOMETRICALLY_BOUNDED_SURFACE_SHAPE_REPRESENTATION('',(#10908),#12);
#10910=SHAPE_REPRESENTATION_RELATIONSHIP('','',#26,#10909);
ENDSEC;
END-ISO-10303-21;
